c[?7l[2J[0mSeaBIOS (version 1.15.0-1)


iPXE (https://ipxe.org) 00:03.0 CA00 PCI2.10 PnP PMM+BFF8B340+BFECB340 CA00
Press Ctrl-B to configure iPXE (PCI 00:03.0)...
                                                                               


Booting from ROM...
c[?7l[2J[    0.000000] Linux version 7.3.0-rc6-00010-g69f80fef3153-dirty (builder@buildhost.local) (gcc (Ubuntu 11.4.0-1ubuntu1~22.04.3) 11.4.0, GNU ld (GNU Binutils for Ubuntu) 2.38) #2 SMP PREEMPT_DYNAMIC Tue Oct  6 14:50:42 CDT 2026
[    0.000000] Command line: console=ttyS0 panic=-1 kasan.multi_shot=1 REPRO_SECS=90
[    0.000000] BIOS-provided physical RAM map:
[    0.000000] BIOS-e820: [mem 0x0000000000000000-0x000000000009fbff]  System RAM
[    0.000000] BIOS-e820: [mem 0x000000000009fc00-0x000000000009ffff]  device reserved
[    0.000000] BIOS-e820: [gap 0x00000000000a0000-0x00000000000effff]
[    0.000000] BIOS-e820: [mem 0x00000000000f0000-0x00000000000fffff]  device reserved
[    0.000000] BIOS-e820: [mem 0x0000000000100000-0x00000000bffdffff]  System RAM
[    0.000000] BIOS-e820: [mem 0x00000000bffe0000-0x00000000bfffffff]  device reserved
[    0.000000] BIOS-e820: [gap 0x00000000c0000000-0x00000000fffbffff]
[    0.000000] BIOS-e820: [mem 0x00000000fffc0000-0x00000000ffffffff]  device reserved
[    0.000000] BIOS-e820: [mem 0x0000000100000000-0x000000013fffffff]  System RAM
[    0.000000] NX (Execute Disable) protection: active
[    0.000000] APIC: Static calls initialized
[    0.000000] DMI: SMBIOS 2.8 present.
[    0.000000] DMI: QEMU Standard PC (i440FX + PIIX, 1996), BIOS 1.15.0-1 04/01/2014
[    0.000000] DMI: Memory slots populated: 1/1
[    0.000000] last_pfn = 0x140000 max_arch_pfn = 0x400000000
[    0.000000] MTRR map: 4 entries (3 fixed + 1 variable; max 19), built from 8 variable MTRRs
[    0.000000] x86/PAT: Configuration [0-7]: WB  WC  UC- UC  WB  WP  UC- WT  
[    0.000000] last_pfn = 0xbffe0 max_arch_pfn = 0x400000000
[    0.000000] found SMP MP-table at [mem 0x000f5ba0-0x000f5baf]
[    0.000000] RAMDISK: [mem 0xbfe71000-0xbffdffff]
[    0.000000] ACPI: Early table checksum verification disabled
[    0.000000] ACPI: RSDP 0x00000000000F59C0 000014 (v00 BOCHS )
[    0.000000] ACPI: RSDT 0x00000000BFFE1B95 000034 (v01 BOCHS  BXPC     00000001 BXPC 00000001)
[    0.000000] ACPI: FACP 0x00000000BFFE1A11 000074 (v01 BOCHS  BXPC     00000001 BXPC 00000001)
[    0.000000] ACPI: DSDT 0x00000000BFFE0040 0019D1 (v01 BOCHS  BXPC     00000001 BXPC 00000001)
[    0.000000] ACPI: FACS 0x00000000BFFE0000 000040
[    0.000000] ACPI: APIC 0x00000000BFFE1A85 0000B0 (v01 BOCHS  BXPC     00000001 BXPC 00000001)
[    0.000000] ACPI: HPET 0x00000000BFFE1B35 000038 (v01 BOCHS  BXPC     00000001 BXPC 00000001)
[    0.000000] ACPI: WAET 0x00000000BFFE1B6D 000028 (v01 BOCHS  BXPC     00000001 BXPC 00000001)
[    0.000000] ACPI: Reserving FACP table memory at [mem 0xbffe1a11-0xbffe1a84]
[    0.000000] ACPI: Reserving DSDT table memory at [mem 0xbffe0040-0xbffe1a10]
[    0.000000] ACPI: Reserving FACS table memory at [mem 0xbffe0000-0xbffe003f]
[    0.000000] ACPI: Reserving APIC table memory at [mem 0xbffe1a85-0xbffe1b34]
[    0.000000] ACPI: Reserving HPET table memory at [mem 0xbffe1b35-0xbffe1b6c]
[    0.000000] ACPI: Reserving WAET table memory at [mem 0xbffe1b6d-0xbffe1b94]
[    0.000000] No NUMA configuration found
[    0.000000] Faking a node at [mem 0x0000000000000000-0x000000013fffffff]
[    0.000000] NODE_DATA(0) allocated [mem 0x13fff9680-0x13fffcfff]
[    0.000000] KernelAddressSanitizer initialized (generic)
[    0.000000] ACPI: PM-Timer IO Port: 0x608
[    0.000000] ACPI: LAPIC_NMI (acpi_id[0xff] dfl dfl lint[0x1])
[    0.000000] IOAPIC[0]: apic_id 0, version 32, address 0xfec00000, GSI 0-23
[    0.000000] ACPI: INT_SRC_OVR (bus 0 bus_irq 0 global_irq 2 dfl dfl)
[    0.000000] ACPI: INT_SRC_OVR (bus 0 bus_irq 5 global_irq 5 high level)
[    0.000000] ACPI: INT_SRC_OVR (bus 0 bus_irq 9 global_irq 9 high level)
[    0.000000] ACPI: INT_SRC_OVR (bus 0 bus_irq 10 global_irq 10 high level)
[    0.000000] ACPI: INT_SRC_OVR (bus 0 bus_irq 11 global_irq 11 high level)
[    0.000000] ACPI: Using ACPI (MADT) for SMP configuration information
[    0.000000] ACPI: HPET id: 0x8086a201 base: 0xfed00000
[    0.000000] CPU topo: Max. logical packages:   1
[    0.000000] CPU topo: Max. logical nodes:      1
[    0.000000] CPU topo: Num. nodes per package:  1
[    0.000000] CPU topo: Max. logical dies:       1
[    0.000000] CPU topo: Max. dies per package:   1
[    0.000000] CPU topo: Max. threads per core:   1
[    0.000000] CPU topo: Num. cores per package:     8
[    0.000000] CPU topo: Num. threads per package:   8
[    0.000000] CPU topo: Allowing 8 present CPUs plus 0 hotplug CPUs
[    0.000000] PM: hibernation: Registered nosave memory: [mem 0x00000000-0x00000fff]
[    0.000000] PM: hibernation: Registered nosave memory: [mem 0x0009f000-0x000fffff]
[    0.000000] PM: hibernation: Registered nosave memory: [mem 0xbffe0000-0xffffffff]
[    0.000000] [gap 0xc0000000-0xfffbffff] available for PCI devices
[    0.000000] Booting paravirtualized kernel on bare hardware
[    0.000000] clocksource: refined-jiffies: mask: 0xffffffff max_cycles: 0xffffffff, max_idle_ns: 1910969940391419 ns
[    0.000000] Zone ranges:
[    0.000000]   DMA      [mem 0x0000000000001000-0x0000000000ffffff]
[    0.000000]   DMA32    [mem 0x0000000001000000-0x00000000ffffffff]
[    0.000000]   Normal   [mem 0x0000000100000000-0x000000013fffffff]
[    0.000000] Movable zone start for each node
[    0.000000] Early memory node ranges
[    0.000000]   node   0: [mem 0x0000000000001000-0x000000000009efff]
[    0.000000]   node   0: [mem 0x0000000000100000-0x00000000bffdffff]
[    0.000000]   node   0: [mem 0x0000000100000000-0x000000013fffffff]
[    0.000000] Initmem setup node 0 [mem 0x0000000000001000-0x000000013fffffff]
[    0.000000] On node 0, zone DMA: 1 pages in unavailable ranges
[    0.000000] On node 0, zone DMA: 97 pages in unavailable ranges
[    0.000000] On node 0, zone Normal: 32 pages in unavailable ranges
[    0.000000] setup_percpu: NR_CPUS:64 nr_cpumask_bits:8 nr_cpu_ids:8 nr_node_ids:1
[    0.000000] percpu: Embedded 65 pages/cpu s226136 r8192 d31912 u524288
[    0.000000] Kernel command line: console=ttyS0 panic=-1 kasan.multi_shot=1 REPRO_SECS=90
[    0.000000] Unknown kernel command line parameters "REPRO_SECS=90", will be passed to user space.
[    0.000000] printk: log buffer data + meta data: 262144 + 917504 = 1179648 bytes
[    0.000000] Dentry cache hash table entries: 524288 (order: 10, 4194304 bytes, linear)
[    0.000000] Inode-cache hash table entries: 262144 (order: 9, 2097152 bytes, linear)
[    0.000000] software IO TLB: area num 8.
[    0.000000] Fallback order for Node 0: 0 
[    0.000000] Built 1 zonelists, mobility grouping on.  Total pages: 1048446
[    0.000000] Policy zone: Normal
[    0.000000] mem auto-init: stack:off, heap alloc:off, heap free:off
[    0.000000] stackdepot: allocating hash table via alloc_large_system_hash
[    0.000000] stackdepot hash table entries: 1048576 (order: 12, 16777216 bytes, linear)
[    0.000000] stackdepot: allocating space for 8192 stack pools via memblock
[    0.000000] SLUB: HWalign=64, Order=0-3, MinObjects=0, CPUs=8, Nodes=1
[    0.000000] Dynamic Preempt: lazy
[    0.000000] rcu: Preemptible hierarchical RCU implementation.
[    0.000000] rcu: 	RCU event tracing is enabled.
[    0.000000] rcu: 	RCU restricting CPUs from NR_CPUS=64 to nr_cpu_ids=8.
[    0.000000] 	Trampoline variant of Tasks RCU enabled.
[    0.000000] 	Tracing variant of Tasks RCU enabled.
[    0.000000] rcu: RCU calculated value of scheduler-enlistment delay is 100 jiffies.
[    0.000000] rcu: Adjusting geometry for rcu_fanout_leaf=16, nr_cpu_ids=8
[    0.000000] RCU Tasks: Setting shift to 3 and lim to 1 rcu_task_cb_adjust=1 rcu_task_cpu_ids=8.
[    0.000000] NR_IRQS: 4352, nr_irqs: 488, preallocated irqs: 16
[    0.000000] rcu: srcu_init: Setting srcu_struct sizes based on contention.
[    0.000000] clocksource: jiffies: mask: 0xffffffff max_cycles: 0xffffffff, max_idle_ns: 1911260446275000 ns
[    0.000000] Console: colour VGA+ 80x25
[    0.000000] printk: console [ttyS0] enabled
[    0.000000] ACPI: Core revision 20260408
[    0.000000] clocksource: hpet: mask: 0xffffffff max_cycles: 0xffffffff, max_idle_ns: 19112604467 ns
[    0.007000] APIC: Switch to symmetric I/O mode setup
[    0.022000] ..TIMER: vector=0x30 apic1=0 pin1=2 apic2=-1 pin2=-1
[    0.032000] tsc: Unable to calibrate against PIT
[    0.032000] tsc: using HPET reference calibration
[    0.033000] tsc: Detected 2199.928 MHz processor
[    0.001619] clocksource: tsc-early: mask: 0xffffffffffffffff max_cycles: 0x1fb5eec03df, max_idle_ns: 440795233720 ns
[    0.004195] Calibrating delay loop (skipped), value calculated using timer frequency.. 4399.85 BogoMIPS (lpj=2199928)
[    0.018884] Last level iTLB entries: 4KB 512, 2MB 255, 4MB 127
[    0.019521] Last level dTLB entries: 4KB 512, 2MB 255, 4MB 127, 1GB 0
[    0.021000] mitigations: Enabled attack vectors: user_kernel, user_user, SMT mitigations: auto
[    0.023572] Spectre V2 : Mitigation: Retpolines
[    0.024746] Spectre V1 : Mitigation: usercopy/swapgs barriers and __user pointer sanitization
[    0.025765] Spectre V2 : Spectre v2 / SpectreRSB: Filling RSB on context switch and VMEXIT
[    0.033300] x86/fpu: x87 FPU will use FXSAVE
[    0.653868] pid_max: default: 32768 minimum: 301
[    0.700319] SELinux:  Initializing.
[    0.730920] Mount-cache hash table entries: 8192 (order: 4, 65536 bytes, linear)
[    0.731730] Mountpoint-cache hash table entries: 8192 (order: 4, 65536 bytes, linear)
[    0.783131] VFS: Finished mounting rootfs on nullfs
[    0.983557] smpboot: CPU0: AMD QEMU Virtual CPU version 2.5+ (family: 0xf, model: 0x6b, stepping: 0x1)
[    1.034189] Performance Events: PMU not available due to virtualization, using software events only.
[    1.042003] signal: max sigframe size: 1440
[    1.050293] rcu: Hierarchical SRCU implementation.
[    1.053111] rcu: 	Max phase no-delay instances is 400.
[    1.059880] Timer migration: 1 hierarchy levels; 8 children per group; 1 crossnode level
[    1.104630] smp: Bringing up secondary CPUs ...
[    1.139124] smpboot: x86: Booting SMP configuration:
[    1.139221] .... node  #0, CPUs:      #1 #2 #3 #4 #5 #6 #7
[    1.718036] smp: Brought up 1 node, 8 CPUs
[    1.722806] smpboot: Total of 8 processors activated (35190.26 BogoMIPS)
[    1.774610] Memory: 3396220K/4193784K available (55048K kernel code, 9288K rwdata, 12572K rodata, 6460K init, 836K bss, 790924K reserved, 0K cma-reserved)
[    1.851698] devtmpfs: initialized
[    2.052626] posixtimers hash table entries: 4096 (order: 4, 65536 bytes, linear)
[    2.054752] futex hash table entries: 2048 (131072 bytes on 1 NUMA nodes, total 128 KiB, linear).
[    2.076978] PM: RTC time: 19:52:01, date: 2026-10-06
[    2.113494] NET: Registered PF_NETLINK/PF_ROUTE protocol family
[    2.139681] audit: initializing netlink subsys (disabled)
[    2.163954] audit: type=2000 audit(1791316320.191:1): state=initialized audit_enabled=0 res=1
[    2.190835] thermal_sys: Registered thermal governor 'step_wise'
[    2.194547] cpuidle: using governor menu
[    2.216728] PCI: Using configuration type 1 for base access
[    2.218141] mtrr: your CPUs had inconsistent fixed MTRR settings
[    2.218197] mtrr: your CPUs had inconsistent variable MTRR settings
[    2.218241] mtrr: your CPUs had inconsistent MTRRdefType settings
[    2.218274] mtrr: probably your BIOS does not setup all CPUs.
[    2.218303] mtrr: corrected configuration.
[    2.232661] kprobes: kprobe jump-optimization is enabled. All kprobes are optimized if possible.
[    2.267594] HugeTLB: registered 2.00 MiB page size, pre-allocated 0 pages
[    2.267748] HugeTLB: 28 KiB vmemmap can be freed for a 2.00 MiB page
[    2.311827] ACPI: Added _OSI(Module Device)
[    2.311903] ACPI: Added _OSI(Processor Device)
[    2.311936] ACPI: Added _OSI(Processor Aggregator Device)
[    2.980073] ACPI: 1 ACPI AML tables successfully acquired and loaded
[    3.100882] ACPI: \_SB_: platform _OSC: OS support mask [002a7eee]
[    3.216698] ACPI: Interpreter enabled
[    3.224859] ACPI: PM: (supports S0 S3 S4 S5)
[    3.225046] ACPI: Using IOAPIC for interrupt routing
[    3.229605] PCI: Using host bridge windows from ACPI; if necessary, use "pci=nocrs" and report a bug
[    3.229726] PCI: Using E820 reservations for host bridge windows
[    3.279649] ACPI: Enabled 2 GPEs in block 00 to 0F
[    4.981684] ACPI: PCI Root Bridge [PCI0] (domain 0000 [bus 00-ff])
[    4.991270] acpi PNP0A03:00: fail to add MMCONFIG information, can't access extended configuration space under this bridge
[    5.024141] PCI host bridge to bus 0000:00
[    5.028668] pci_bus 0000:00: root bus resource [io  0x0000-0x0cf7 window]
[    5.029578] pci_bus 0000:00: root bus resource [io  0x0d00-0xffff window]
[    5.029761] pci_bus 0000:00: root bus resource [mem 0x000a0000-0x000bffff window]
[    5.030084] pci_bus 0000:00: root bus resource [mem 0xc0000000-0xfebfffff window]
[    5.030240] pci_bus 0000:00: root bus resource [mem 0x140000000-0x1bfffffff window]
[    5.031258] pci_bus 0000:00: root bus resource [bus 00-ff]
[    5.040111] pci 0000:00:00.0: [8086:1237] type 00 class 0x060000 conventional PCI endpoint
[    5.472563] pci 0000:00:01.0: [8086:7000] type 00 class 0x060100 conventional PCI endpoint
[    5.507990] pci 0000:00:01.1: [8086:7010] type 00 class 0x010180 conventional PCI endpoint
[    5.512161] pci 0000:00:01.1: BAR 4 [io  0xc040-0xc04f]
[    5.512410] pci 0000:00:01.1: BAR 0 [io  0x01f0-0x01f7]: legacy IDE quirk
[    5.512410] pci 0000:00:01.1: BAR 1 [io  0x03f6]: legacy IDE quirk
[    5.512410] pci 0000:00:01.1: BAR 2 [io  0x0170-0x0177]: legacy IDE quirk
[    5.512410] pci 0000:00:01.1: BAR 3 [io  0x0376]: legacy IDE quirk
[    5.524139] pci 0000:00:01.3: [8086:7113] type 00 class 0x068000 conventional PCI endpoint
[    5.527118] pci 0000:00:01.3: quirk: [io  0x0600-0x063f] claimed by PIIX4 ACPI
[    5.527269] pci 0000:00:01.3: quirk: [io  0x0700-0x070f] claimed by PIIX4 SMB
[    5.535247] pci 0000:00:02.0: [1234:1111] type 00 class 0x030000 conventional PCI endpoint
[    5.537550] pci 0000:00:02.0: BAR 0 [mem 0xfd000000-0xfdffffff pref]
[    5.537965] pci 0000:00:02.0: BAR 2 [mem 0xfebb0000-0xfebb0fff]
[    5.538033] pci 0000:00:02.0: ROM [mem 0xfeba0000-0xfebaffff pref]
[    5.539902] pci 0000:00:02.0: Video device with shadowed ROM at [mem 0x000c0000-0x000dffff]
[    5.796022] pci 0000:00:03.0: [8086:100e] type 00 class 0x020000 conventional PCI endpoint
[    5.798556] pci 0000:00:03.0: BAR 0 [mem 0xfeb80000-0xfeb9ffff]
[    5.798556] pci 0000:00:03.0: BAR 1 [io  0xc000-0xc03f]
[    5.798642] pci 0000:00:03.0: ROM [mem 0xfeb00000-0xfeb7ffff pref]
[    6.143756] ACPI: PCI: Interrupt link LNKA configured for IRQ 10
[    6.171831] ACPI: PCI: Interrupt link LNKB configured for IRQ 10
[    6.198710] ACPI: PCI: Interrupt link LNKC configured for IRQ 11
[    6.225746] ACPI: PCI: Interrupt link LNKD configured for IRQ 11
[    6.236197] ACPI: PCI: Interrupt link LNKS configured for IRQ 9
[    6.358000] iommu: Default domain type: Translated
[    6.358096] iommu: DMA domain TLB invalidation policy: lazy mode
[    6.414812] SCSI subsystem initialized
[    6.430740] ACPI: bus type USB registered
[    6.435052] usbcore: registered new interface driver usbfs
[    6.437600] usbcore: registered new interface driver hub
[    6.439184] usbcore: registered new device driver usb
[    6.444106] pps_core: LinuxPPS API ver. 1 registered
[    6.444157] pps_core: Software ver. 5.3.6 - Copyright 2005-2007 Rodolfo Giometti <giometti@linux.it>
[    6.444716] PTP clock support registered
[    6.460946] Advanced Linux Sound Architecture Driver Initialized.
[    6.530201] NetLabel: Initializing
[    6.530280] NetLabel:  domain hash size = 128
[    6.530319] NetLabel:  protocols = UNLABELED CIPSOv4 CALIPSO
[    6.535097] NetLabel:  unlabeled traffic allowed by default
[    6.583195] PCI: Using ACPI for IRQ routing
[    6.592091] e820: register RAM buffer resource [mem 0x0009fc00-0x0009ffff]
[    6.594116] e820: register RAM buffer resource [mem 0xbffe0000-0xbfffffff]
[    6.611458] pci 0000:00:02.0: vgaarb: setting as boot VGA device
[    6.611458] pci 0000:00:02.0: vgaarb: bridge control possible
[    6.611458] pci 0000:00:02.0: vgaarb: VGA device added: decodes=io+mem,owns=io+mem,locks=none
[    6.615567] vgaarb: loaded
[    6.629675] hpet: 3 channels of 0 reserved for per-cpu timers
[    6.631225] hpet0: at MMIO 0xfed00000, IRQs 2, 8, 0
[    6.631908] hpet0: 3 comparators, 64-bit 100.000000 MHz counter
[    6.647405] clocksource: Switched to clocksource tsc-early
[    6.703335] VFS: Disk quotas dquot_6.6.0
[    6.704901] VFS: Dquot-cache hash table entries: 512 (4096 bytes)
[    6.757286] pnp: PnP ACPI init
[    6.866941] pnp: PnP ACPI: found 5 devices
[    7.606294] clocksource: acpi_pm: mask: 0xffffff max_cycles: 0xffffff, max_idle_ns: 2085701024 ns
[    7.618323] NET: Registered PF_INET protocol family
[    7.626232] IP idents hash table entries: 65536 (order: 7, 524288 bytes, linear)
[    7.701864] tcp_listen_portaddr_hash hash table entries: 2048 (order: 3, 32768 bytes, linear)
[    7.702432] Table-perturb hash table entries: 65536 (order: 6, 262144 bytes, linear)
[    7.704216] TCP established hash table entries: 32768 (order: 6, 262144 bytes, linear)
[    7.706444] TCP bind hash table entries: 32768 (order: 8, 1048576 bytes, linear)
[    7.709060] TCP: Hash tables configured (established 32768 bind 32768)
[    7.718293] UDP hash table entries: 2048 (order: 5, 131072 bytes, linear)
[    7.735143] NET: Registered PF_UNIX/PF_LOCAL protocol family
[    7.799103] RPC: Registered named UNIX socket transport module.
[    7.799452] RPC: Registered udp transport module.
[    7.799766] RPC: Registered tcp transport module.
[    7.799837] RPC: Registered tcp-with-tls transport module.
[    7.799900] RPC: Registered tcp NFSv4.1 backchannel transport module.
[    7.836108] pci_bus 0000:00: resource 4 [io  0x0000-0x0cf7 window]
[    7.836213] pci_bus 0000:00: resource 5 [io  0x0d00-0xffff window]
[    7.836256] pci_bus 0000:00: resource 6 [mem 0x000a0000-0x000bffff window]
[    7.836299] pci_bus 0000:00: resource 7 [mem 0xc0000000-0xfebfffff window]
[    7.836341] pci_bus 0000:00: resource 8 [mem 0x140000000-0x1bfffffff window]
[    7.844044] pci 0000:00:01.0: PIIX3: Enabling Passive Release
[    7.844650] pci 0000:00:00.0: Limiting direct PCI/PCI transfers
[    7.845366] PCI: CLS 0 bytes, default 64
[    7.848827] PCI-DMA: Using software bounce buffering for IO (SWIOTLB)
[    7.848902] software IO TLB: mapped [mem 0x00000000bbe71000-0x00000000bfe71000] (64MB)
[    7.888798] Unpacking initramfs...
[    8.152277] Initialise system trusted keyrings
[    8.162373] workingset: timestamp_bits=56 (anon: 51) max_order=20 bucket_order=0 (anon: 0)
[    8.207409] NFS: Registering the id_resolver key type
[    8.209633] Key type id_resolver registered
[    8.209728] Key type id_legacy registered
[    8.210155] nfs4filelayout_init: NFSv4 File Layout Driver Registering...
[    8.211817] nfs4flexfilelayout_init: NFSv4 Flexfile Layout Driver Registering...
[    8.219259] 9p: Installing v9fs 9p2000 file system support
[    8.242617] Freeing initrd memory: 1468K
[    8.268070] Key type asymmetric registered
[    8.268378] Asymmetric key parser 'x509' registered
[    8.271136] Block layer SCSI generic (bsg) driver version 0.4 loaded (major 251)
[    8.273807] io scheduler mq-deadline registered
[    8.274007] io scheduler kyber registered
[    8.305183] input: Power Button as /devices/platform/LNXPWRBN:00/input/input0
[    8.314663] ACPI: button: Power Button [PWRF]
[    8.353206] Serial: 8250/16550 driver, 4 ports, IRQ sharing enabled
[    8.387752] 00:04: ttyS0 I/O:0x3f8 (irq = 4, base_baud = 115200) is a 16550A
[    8.542631] Non-volatile memory driver v1.3
[    8.559877] ACPI: bus type drm_connector registered
[    8.894662] tsc: Refined TSC clocksource calibration: 2199.956 MHz
[    8.895915] clocksource: tsc: mask: 0xffffffffffffffff max_cycles: 0x1fb60943e7b, max_idle_ns: 440795272336 ns
[    8.911044] clocksource: Switched to clocksource tsc
[    9.112052] loop: module loaded
[    9.214755] scsi host0: ata_piix
[    9.243163] scsi host1: ata_piix
[    9.252915] ata1: PATA max MWDMA2 cmd 0x1f0 ctl 0x3f6 bmdma 0xc040 irq 14 lpm-pol 0
[    9.253116] ata2: PATA max MWDMA2 cmd 0x170 ctl 0x376 bmdma 0xc048 irq 15 lpm-pol 0
[    9.285177] e100: Intel(R) PRO/100 Network Driver
[    9.285237] e100: Copyright(c) 1999-2006 Intel Corporation
[    9.287047] e1000: Intel(R) PRO/1000 Network Driver
[    9.287098] e1000: Copyright (c) 1999-2006 Intel Corporation.
[    9.459726] ata2: found unknown device (class 0)
[    9.506476] ata2.00: ATAPI: QEMU DVD-ROM, 2.5+, max UDMA/100
[    9.621056] scsi 1:0:0:0: CD-ROM            QEMU     QEMU DVD-ROM     2.5+ PQ: 0 ANSI: 5
[    9.749207] sr 1:0:0:0: [sr0] scsi3-mmc drive: 4x/4x cd/rw xa/form2 tray
[    9.781827] cdrom: Uniform CD-ROM driver Revision: 3.20
[    9.886177] sr 1:0:0:0: Attached scsi generic sg0 type 5
[   35.276432] ACPI: \_SB_.LNKC: Enabled at IRQ 11
[   35.620729] e1000 0000:00:03.0 eth0: (PCI:33MHz:32-bit) 52:54:00:12:34:56
[   35.622799] e1000 0000:00:03.0 eth0: Intel(R) PRO/1000 Network Connection
[   35.625321] e1000e: Intel(R) PRO/1000 Network Driver
[   35.625373] e1000e: Copyright(c) 1999 - 2015 Intel Corporation.
[   35.627264] sky2: driver version 1.30
[   35.655150] usbcore: registered new interface driver usblp
[   35.657408] usbcore: registered new interface driver usb-storage
[   35.668807] i8042: PNP: PS/2 Controller [PNP0303:KBD,PNP0f13:MOU] at 0x60,0x64 irq 1,12
[   35.682909] serio: i8042 KBD port at 0x60,0x64 irq 1
[   35.684068] serio: i8042 AUX port at 0x60,0x64 irq 12
[   35.749287] input: AT Translated Set 2 keyboard as /devices/platform/i8042/serio0/input/input1
[   35.750158] rtc_cmos PNP0B00:00: RTC can wake from S4
[   35.781882] rtc_cmos PNP0B00:00: registered as rtc0
[   35.791803] rtc_cmos PNP0B00:00: alarms up to one day, y3k, 242 bytes nvram, hpet irqs
[   35.809965] device-mapper: ioctl: 4.50.0-ioctl (2025-04-28) initialised: dm-devel@lists.linux.dev
[   35.813414] hid: raw HID events driver (C) Jiri Kosina
[   35.829680] usbcore: registered new interface driver usbhid
[   35.829757] usbhid: USB HID core driver
[   35.878842] nf_conntrack_irc: The irc conntrack helper is scheduled for removal.
[   35.878842] Please contact the netfilter-devel mailing list if you still need this.
[   35.900452] Initializing XFRM netlink socket
[   35.908356] NET: Registered PF_INET6 protocol family
[   35.969793] Segment Routing with IPv6
[   35.971409] In-situ OAM (IOAM) with IPv6
[   35.977774] NET: Registered PF_PACKET protocol family
[   35.987257] 9pnet: Installing 9P2000 support
[   35.989270] Key type dns_resolver registered
[   36.116051] IPI shorthand broadcast: enabled
[   36.241273] input: ImExPS/2 Generic Explorer Mouse as /devices/platform/i8042/serio1/input/input3
[   37.012798] sched_clock: Marking stable (37047081166, -34541058)->(37117023487, -104483379)
[   37.052310] registered taskstats version 1
[   37.052811] Loading compiled-in X.509 certificates
[   37.584000] Demotion targets for Node 0: null
[   37.598176] PM:   Magic number: 14:829:899
[   37.601251] netconsole: network logging started
[   37.611260] cfg80211: Loading compiled-in X.509 certificates for regulatory database
[   37.677975] kworker/u32:1 (98) used greatest stack depth: 29416 bytes left
[   37.778163] Loaded X.509 cert 'sforshee: 00b28ddf47aef9cea7'
[   37.784212] Loaded X.509 cert 'wens: 61c038651aabdcf94bd0ac7ff06c7248db18c600'
[   37.794370] ALSA device list:
[   37.794912]   No soundcards found.
[   37.799789] faux_driver regulatory: Direct firmware load for regulatory.db failed with error -2
[   37.801054] cfg80211: failed to load regulatory.db
[   38.248863] Freeing unused kernel image (initmem) memory: 6460K
[   38.249653] Write protecting the kernel read-only data: 69632k
[   38.263451] Freeing unused kernel image (text/rodata gap) memory: 244K
[   38.273727] Freeing unused kernel image (rodata/data gap) memory: 1764K
[   39.204780] x86/mm: Checked W+X mappings: passed, no W+X pages found.
[   39.205879] Run /init as init process
[   39.730251] busybox (101) used greatest stack depth: 27496 bytes left
[   40.336384] mount (110) used greatest stack depth: 27464 bytes left
=== repro starting (REPRO_SECS=90) ===
[   40.457273] file system registered
setup ok: instance /sys/kernel/config/usb_gadget/g1/functions/ffs.f0 created
[   40.484037] unloading
[   40.509253] file system registered
[   40.511227] unloading
[   40.517040] file system registered
[   40.518147] unloading
[   40.528753] ffs_data_put(): freeing
[   40.528918] ffs_data_put(): freeing
[   40.529751] file system registered
[   40.535225] ffs_data_put(): freeing
[   40.536060] unloading
[   40.546279] file system registered
[   40.550406] unloading
[   40.556485] ffs_data_put(): freeing
[   40.557058] file system registered
[   40.559290] unloading
[   40.567145] ffs_data_put(): freeing
[   40.567276] ffs_data_put(): freeing
[   40.568034] ffs_data_put(): freeing
[   40.568934] ffs_data_put(): freeing
[   40.571274] file system registered
[   40.574926] unloading
[   40.584088] ffs_data_put(): freeing
[   40.584959] file system registered
[   40.587381] ffs_data_put(): freeing
[   40.588251] unloading
[   40.598117] ffs_data_put(): freeing
[   40.598984] ffs_data_put(): freeing
[   40.600872] file system registered
[   40.603292] ffs_data_put(): freeing
[   40.603905] unloading
[   40.613203] ffs_data_put(): freeing
[   40.615894] file system registered
[   40.616491] ffs_data_put(): freeing
[   40.617942] unloading
[   40.629195] ffs_data_put(): freeing
[   40.631987] file system registered
[   40.635462] unloading
[   40.640189] ffs_data_put(): freeing
[   40.643177] file system registered
[   40.644931] unloading
[   40.654109] file system registered
[   40.656192] unloading
[   40.665185] ffs_data_put(): freeing
[   40.665302] ffs_data_put(): freeing
[   40.667258] file system registered
[   40.669044] unloading
[   40.679692] file system registered
[   40.681441] unloading
[   40.691217] ffs_data_put(): freeing
[   40.691374] ffs_data_put(): freeing
[   40.693385] file system registered
[   40.695271] unloading
[   40.704320] ffs_data_put(): freeing
[   40.706377] file system registered
[   40.707962] unloading
[   40.713205] ffs_data_put(): freeing
[   40.715907] file system registered
[   40.719155] unloading
[   40.726345] file system registered
[   40.726771] ffs_data_put(): freeing
[   40.728658] unloading
[   40.735904] file system registered
[   40.737731] unloading
[   40.747258] ffs_data_put(): freeing
[   40.747414] ffs_data_put(): freeing
[   40.748827] file system registered
[   40.750340] unloading
[   40.756304] ffs_data_put(): freeing
[   40.756431] ffs_data_put(): freeing
[   40.758650] file system registered
[   40.760185] unloading
[   40.766316] ffs_data_put(): freeing
[   40.769226] file system registered
[   40.771981] unloading
[   40.782401] ffs_data_put(): freeing
[   40.785231] file system registered
[   40.788195] unloading
[   40.800264] file system registered
[   40.803450] unloading
[   40.812255] ffs_data_put(): freeing
[   40.812347] ffs_data_put(): freeing
[   40.815057] file system registered
[   40.817308] unloading
[   40.825123] ffs_data_put(): freeing
[   40.825293] ffs_data_put(): freeing
[   40.825411] ffs_data_put(): freeing
[   40.827742] file system registered
[   40.829909] unloading
[   40.839826] file system registered
[   40.842046] unloading
[   40.848367] ffs_data_put(): freeing
[   40.850776] file system registered
[   40.852974] unloading
[   40.863283] ffs_data_put(): freeing
[   40.863472] ffs_data_put(): freeing
[   40.863766] ffs_data_put(): freeing
[   40.867167] file system registered
[   40.869378] ffs_data_put(): freeing
[   40.869742] unloading
[   40.878987] ffs_data_put(): freeing
[   40.881389] file system registered
[   40.884058] unloading
[   40.890349] ffs_data_put(): freeing
[   40.892203] file system registered
[   40.894110] unloading
[   40.904489] ffs_data_put(): freeing
[   40.905069] ffs_data_put(): freeing
[   40.906438] file system registered
[   40.908857] unloading
[   40.916311] ffs_data_put(): freeing
[   40.916452] ffs_data_put(): freeing
[   40.918424] file system registered
[   40.920941] unloading
[   40.928388] ffs_data_put(): freeing
[   40.929458] ffs_data_put(): freeing
[   40.930859] file system registered
[   40.933311] unloading
[   40.941425] ffs_data_put(): freeing
[   40.941757] ffs_data_put(): freeing
[   40.941895] ffs_data_put(): freeing
[   40.943824] file system registered
[   40.946254] unloading
[   40.953337] ffs_data_put(): freeing
[   40.953464] ffs_data_put(): freeing
[   40.955435] file system registered
[   40.957398] unloading
[   40.967467] ffs_data_put(): freeing
[   40.969840] file system registered
[   40.971850] unloading
[   40.978418] ffs_data_put(): freeing
[   40.982709] file system registered
[   40.985124] unloading
[   40.994865] file system registered
[   40.997366] unloading
[   41.003274] ffs_data_put(): freeing
[   41.003358] ffs_data_put(): freeing
[   41.005887] file system registered
[   41.008103] unloading
[   41.013791] ffs_data_put(): freeing
[   41.013903] ffs_data_put(): freeing
[   41.015337] file system registered
[   41.017243] unloading
[   41.022129] ffs_data_put(): freeing
[   41.022211] ffs_data_put(): freeing
[   41.024216] file system registered
[   41.026046] unloading
[   41.037324] file system registered
[   41.039171] unloading
[   41.049279] ffs_data_put(): freeing
[   41.049415] ffs_data_put(): freeing
[   41.052039] file system registered
[   41.054397] unloading
[   41.061256] ffs_data_put(): freeing
[   41.063158] ffs_data_put(): freeing
[   41.063347] file system registered
[   41.063715] ffs_data_put(): freeing
[   41.065404] unloading
[   41.078837] ffs_data_put(): freeing
[   41.078933] ffs_data_put(): freeing
[   41.081452] file system registered
[   41.082949] unloading
[   41.089330] ffs_data_put(): freeing
[   41.093447] file system registered
[   41.097219] unloading
[   41.106201] ffs_data_put(): freeing
[   41.108840] file system registered
[   41.112067] unloading
[   41.118274] ffs_data_put(): freeing
[   41.120902] file system registered
[   41.124384] unloading
[   41.131008] ffs_data_put(): freeing
[   41.133832] file system registered
[   41.136319] unloading
[   41.141297] ffs_data_put(): freeing
[   41.141416] ffs_data_put(): freeing
[   41.144017] file system registered
[   41.147059] unloading
[   41.155180] ffs_data_put(): freeing
[   41.157854] file system registered
[   41.159263] unloading
[   41.167273] ffs_data_put(): freeing
[   41.170351] file system registered
[   41.173913] unloading
[   41.185488] ffs_data_put(): freeing
[   41.187237] file system registered
[   41.188788] unloading
[   41.201157] file system registered
[   41.202210] unloading
[   41.210122] file system registered
[   41.211893] unloading
[   41.217342] ffs_data_put(): freeing
[   41.217420] ffs_data_put(): freeing
[   41.218911] file system registered
[   41.220315] unloading
[   41.228448] ffs_data_put(): freeing
[   41.228643] ffs_data_put(): freeing
[   41.228815] ffs_data_put(): freeing
[   41.230184] file system registered
[   41.232504] unloading
[   41.240334] ffs_data_put(): freeing
[   41.240677] ffs_data_put(): freeing
[   41.242093] file system registered
[   41.243368] unloading
[   41.248878] ffs_data_put(): freeing
[   41.249426] ffs_data_put(): freeing
[   41.252123] file system registered
[   41.254732] unloading
[   41.262968] file system registered
[   41.264278] unloading
[   41.274207] file system registered
[   41.276819] unloading
[   41.285149] ffs_data_put(): freeing
[   41.285391] ffs_data_put(): freeing
[   41.287050] file system registered
[   41.288256] unloading
[   41.296978] ffs_data_put(): freeing
[   41.300034] file system registered
[   41.302207] unloading
[   41.312373] ffs_data_put(): freeing
[   41.312798] ffs_data_put(): freeing
[   41.314984] file system registered
[   41.316898] unloading
[   41.325164] ffs_data_put(): freeing
[   41.327888] file system registered
[   41.330127] unloading
[   41.337294] ffs_data_put(): freeing
[   41.340391] file system registered
[   41.343783] unloading
[   41.351239] ffs_data_put(): freeing
[   41.351333] ffs_data_put(): freeing
[   41.354348] file system registered
[   41.357365] unloading
[   41.363335] ffs_data_put(): freeing
[   41.366229] file system registered
[   41.367945] unloading
[   41.376296] file system registered
[   41.377932] unloading
[   41.383111] ffs_data_put(): freeing
[   41.383254] ffs_data_put(): freeing
[   41.383362] ffs_data_put(): freeing
[   41.385115] file system registered
[   41.387019] unloading
[   41.395179] ffs_data_put(): freeing
[   41.395310] ffs_data_put(): freeing
[   41.395406] ffs_data_put(): freeing
[   41.397385] file system registered
[   41.399205] unloading
[   41.408413] ffs_data_put(): freeing
[   41.408667] ffs_data_put(): freeing
[   41.410404] file system registered
[   41.412270] unloading
[   41.425808] file system registered
[   41.428012] unloading
[   41.436670] ffs_data_put(): freeing
[   41.440387] file system registered
[   41.442164] unloading
[   41.453390] file system registered
[   41.455849] unloading
[   41.462195] ffs_data_put(): freeing
[   41.462318] ffs_data_put(): freeing
[   41.464273] file system registered
[   41.465825] unloading
[   41.473191] ffs_data_put(): freeing
[   41.474953] file system registered
[   41.476853] unloading
[   41.484261] ffs_data_put(): freeing
[   41.484424] ffs_data_put(): freeing
[   41.486990] file system registered
[   41.489305] unloading
[   41.498227] file system registered
[   41.499818] unloading
[   41.507041] ffs_data_put(): freeing
[   41.507194] ffs_data_put(): freeing
[   41.507337] ffs_data_put(): freeing
[   41.507469] ffs_data_put(): freeing
[   41.508166] file system registered
[   41.509858] unloading
[   41.514304] ffs_data_put(): freeing
[   41.514751] ffs_data_put(): freeing
[   41.514779] ffs_data_put(): freeing
[   41.516288] file system registered
[   41.518331] unloading
[   41.524338] ffs_data_put(): freeing
[   41.524787] ffs_data_put(): freeing
[   41.525249] ffs_data_put(): freeing
[   41.526424] file system registered
[   41.528482] unloading
[   41.538714] ffs_data_put(): freeing
[   41.538941] ffs_data_put(): freeing
[   41.539078] ffs_data_put(): freeing
[   41.541398] file system registered
[   41.544401] unloading
[   41.554381] ffs_data_put(): freeing
[   41.554787] file system registered
[   41.556419] unloading
[   41.561410] ffs_data_put(): freeing
[   41.564343] file system registered
[   41.566205] unloading
[   41.575202] ffs_data_put(): freeing
[   41.577752] file system registered
[   41.579385] unloading
[   41.587949] file system registered
[   41.589458] unloading
[   41.595213] ffs_data_put(): freeing
[   41.595333] ffs_data_put(): freeing
[   41.597372] file system registered
[   41.598844] unloading
[   41.610225] file system registered
[   41.612315] unloading
[   41.622290] file system registered
[   41.623963] unloading
[   41.634233] ffs_data_put(): freeing
[   41.634329] ffs_data_put(): freeing
[   41.636064] file system registered
[   41.637988] unloading
[   41.643862] ffs_data_put(): freeing
[   41.646065] file system registered
[   41.647452] unloading
[   41.655048] ffs_data_put(): freeing
[   41.656750] file system registered
[   41.658344] unloading
[   41.668244] ffs_data_put(): freeing
[   41.668430] ffs_data_put(): freeing
[   41.668678] ffs_data_put(): freeing
[   41.670985] file system registered
[   41.673077] unloading
[   41.679304] ffs_data_put(): freeing
[   41.680171] ffs_data_put(): freeing
[   41.680751] file system registered
[   41.682108] unloading
[   41.687983] ffs_data_put(): freeing
[   41.690904] file system registered
[   41.693212] unloading
[   41.704306] ffs_data_put(): freeing
[   41.704828] ffs_data_put(): freeing
[   41.705450] ffs_data_put(): freeing
[   41.708453] file system registered
[   41.710860] unloading
[   41.716434] ffs_data_put(): freeing
[   41.719869] file system registered
[   41.722992] unloading
[   41.726479] ffs_data_put(): freeing
[   41.728969] file system registered
[   41.731173] unloading
[   41.738767] file system registered
[   41.740125] unloading
[   41.750460] file system registered
[   41.752256] unloading
[   41.761964] ffs_data_put(): freeing
[   41.762130] ffs_data_put(): freeing
[   41.762432] ffs_data_put(): freeing
[   41.764070] file system registered
[   41.766015] unloading
[   41.774239] ffs_data_put(): freeing
[   41.774436] ffs_data_put(): freeing
[   41.776325] file system registered
[   41.778303] unloading
[   41.787258] ffs_data_put(): freeing
[   41.789187] file system registered
[   41.791056] unloading
[   41.805140] ffs_data_put(): freeing
[   41.808150] file system registered
[   41.810374] unloading
[   41.816240] ffs_data_put(): freeing
[   41.816368] ffs_data_put(): freeing
[   41.819412] file system registered
[   41.821388] unloading
[   41.829337] ffs_data_put(): freeing
[   41.832872] file system registered
[   41.835810] unloading
[   41.842320] ffs_data_put(): freeing
[   41.843057] ffs_data_put(): freeing
[   41.845069] file system registered
[   41.847171] unloading
[   41.855309] ffs_data_put(): freeing
[   41.857024] file system registered
[   41.858286] unloading
[   41.864369] ffs_data_put(): freeing
[   41.868100] file system registered
[   41.869919] unloading
[   41.877041] ffs_data_put(): freeing
[   41.879108] file system registered
[   41.880458] unloading
[   41.885112] ffs_data_put(): freeing
[   41.886888] file system registered
[   41.888167] unloading
[   41.894066] ffs_data_put(): freeing
[   41.896644] file system registered
[   41.898262] unloading
[   41.906138] ffs_data_put(): freeing
[   41.906264] ffs_data_put(): freeing
[   41.908455] file system registered
[   41.910063] unloading
[   41.920129] ffs_data_put(): freeing
[   41.921515] file system registered
[   41.923275] unloading
[   41.932030] ffs_data_put(): freeing
[   41.932153] ffs_data_put(): freeing
[   41.933798] file system registered
[   41.935328] unloading
[   41.940251] ffs_data_put(): freeing
[   41.940368] ffs_data_put(): freeing
[   41.942372] file system registered
[   41.946427] ffs_data_put(): freeing
[   41.947382] ffs_data_put(): freeing
[   41.949305] ffs_data_put(): freeing
[   41.950063] unloading
[   41.955284] ffs_data_put(): freeing
[   41.955452] ffs_data_put(): freeing
[   41.955675] ffs_data_put(): freeing
[   41.958386] file system registered
[   41.960918] unloading
[   41.973141] file system registered
[   41.975221] unloading
[   41.984229] file system registered
[   41.986005] unloading
[   41.991123] ffs_data_put(): freeing
[   41.991230] ffs_data_put(): freeing
[   41.994250] file system registered
[   41.996987] unloading
[   42.003185] ffs_data_put(): freeing
[   42.005425] file system registered
[   42.007231] unloading
[   42.020143] file system registered
[   42.022018] unloading
[   42.032998] ffs_data_put(): freeing
[   42.034940] file system registered
[   42.036192] unloading
[   42.042140] ffs_data_put(): freeing
[   42.044348] file system registered
[   42.045914] unloading
[   42.055420] ffs_data_put(): freeing
[   42.057151] file system registered
[   42.059436] unloading
[   42.066265] ffs_data_put(): freeing
[   42.066347] ffs_data_put(): freeing
[   42.068538] file system registered
[   42.070802] unloading
[   42.076220] ffs_data_put(): freeing
[   42.076338] ffs_data_put(): freeing
[   42.078671] file system registered
[   42.080718] unloading
[   42.087206] ffs_data_put(): freeing
[   42.089163] file system registered
[   42.091687] unloading
[   42.097260] ffs_data_put(): freeing
[   42.099794] file system registered
[   42.101128] unloading
[   42.111325] file system registered
[   42.112833] unloading
[   42.118084] ffs_data_put(): freeing
[   42.118207] ffs_data_put(): freeing
[   42.121021] file system registered
[   42.122806] unloading
[   42.129288] ffs_data_put(): freeing
[   42.131272] file system registered
[   42.132994] unloading
[   42.139421] file system registered
[   42.141153] unloading
[   42.151070] ffs_data_put(): freeing
[   42.153240] file system registered
[   42.154726] unloading
[   42.162384] file system registered
[   42.164718] unloading
[   42.175214] file system registered
[   42.178342] unloading
[   42.184223] ffs_data_put(): freeing
[   42.184335] ffs_data_put(): freeing
[   42.186430] file system registered
[   42.188046] unloading
[   42.196268] ffs_data_put(): freeing
[   42.198136] file system registered
[   42.199968] ffs_data_put(): freeing
[   42.200317] unloading
[   42.208055] ffs_data_put(): freeing
[   42.208219] ffs_data_put(): freeing
[   42.208318] ffs_data_put(): freeing
[   42.210452] file system registered
[   42.212291] unloading
[   42.220310] file system registered
[   42.223084] unloading
[   42.230381] ffs_data_put(): freeing
[   42.230460] ffs_data_put(): freeing
[   42.233382] file system registered
[   42.236749] unloading
[   42.243242] ffs_data_put(): freeing
[   42.243350] ffs_data_put(): freeing
[   42.245830] file system registered
[   42.247805] unloading
[   42.258473] ffs_data_put(): freeing
[   42.262680] file system registered
[   42.264756] unloading
[   42.273025] ffs_data_put(): freeing
[   42.275682] file system registered
[   42.278071] unloading
[   42.286772] file system registered
[   42.288010] unloading
[   42.295239] file system registered
[   42.297059] unloading
[   42.306096] ffs_data_put(): freeing
[   42.308176] file system registered
[   42.311242] unloading
[   42.316080] ffs_data_put(): freeing
[   42.316181] ffs_data_put(): freeing
[   42.316281] ffs_data_put(): freeing
[   42.317447] file system registered
[   42.319041] unloading
[   42.327254] ffs_data_put(): freeing
[   42.327409] ffs_data_put(): freeing
[   42.327588] ffs_data_put(): freeing
[   42.329320] file system registered
[   42.331361] unloading
[   42.344271] file system registered
[   42.346675] ffs_data_put(): freeing
[   42.347279] unloading
[   42.354045] ffs_data_put(): freeing
[   42.355373] file system registered
[   42.356943] unloading
[   42.366053] ffs_data_put(): freeing
[   42.367880] file system registered
[   42.369216] unloading
[   42.379464] file system registered
[   42.381300] unloading
[   42.388195] ffs_data_put(): freeing
[   42.388291] ffs_data_put(): freeing
[   42.390965] file system registered
[   42.393103] unloading
[   42.402316] file system registered
[   42.404218] unloading
[   42.412131] ffs_data_put(): freeing
[   42.414902] file system registered
[   42.416962] unloading
[   42.424068] ffs_data_put(): freeing
[   42.424185] ffs_data_put(): freeing
[   42.425759] file system registered
[   42.427165] unloading
[   42.434024] ffs_data_put(): freeing
[   42.437421] file system registered
[   42.440181] unloading
[   42.448101] ffs_data_put(): freeing
[   42.450187] file system registered
[   42.451991] unloading
[   42.460305] ffs_data_put(): freeing
[   42.462749] file system registered
[   42.464064] unloading
[   42.472098] ffs_data_put(): freeing
[   42.472224] ffs_data_put(): freeing
[   42.473972] file system registered
[   42.475380] unloading
[   42.483272] ffs_data_put(): freeing
[   42.484007] file system registered
[   42.485344] unloading
[   42.494474] ffs_data_put(): freeing
[   42.494896] ffs_data_put(): freeing
[   42.495151] ffs_data_put(): freeing
[   42.496409] file system registered
[   42.498150] unloading
[   42.506457] ffs_data_put(): freeing
[   42.509726] file system registered
[   42.511819] unloading
[   42.521311] ffs_data_put(): freeing
[   42.521579] ffs_data_put(): freeing
[   42.522099] ffs_data_put(): freeing
[   42.523461] file system registered
[   42.525319] unloading
[   42.534785] ffs_data_put(): freeing
[   42.535336] ffs_data_put(): freeing
[   42.539395] file system registered
[   42.542417] unloading
[   42.549174] ffs_data_put(): freeing
[   42.552251] file system registered
[   42.554350] unloading
[   42.567749] file system registered
[   42.569685] unloading
[   42.578039] ffs_data_put(): freeing
[   42.580350] file system registered
[   42.582157] unloading
[   42.592906] file system registered
[   42.594199] unloading
[   42.602731] file system registered
[   42.603837] unloading
[   42.610048] ffs_data_put(): freeing
[   42.611802] file system registered
[   42.613065] unloading
[   42.618355] ffs_data_put(): freeing
[   42.618448] ffs_data_put(): freeing
[   42.620260] file system registered
[   42.622895] ffs_data_put(): freeing
[   42.623141] unloading
[   42.630116] ffs_data_put(): freeing
[   42.631502] file system registered
[   42.633074] unloading
[   42.639317] file system registered
[   42.641126] unloading
[   42.653246] ffs_data_put(): freeing
[   42.653438] ffs_data_put(): freeing
[   42.653822] ffs_data_put(): freeing
[   42.656471] file system registered
[   42.659877] unloading
[   42.670239] file system registered
[   42.672284] unloading
[   42.683101] file system registered
[   42.685049] unloading
[   42.694162] ffs_data_put(): freeing
[   42.696390] file system registered
[   42.697977] unloading
[   42.709075] ffs_data_put(): freeing
[   42.711896] file system registered
[   42.713411] unloading
[   42.723251] ffs_data_put(): freeing
[   42.725750] file system registered
[   42.727169] unloading
[   42.735207] ffs_data_put(): freeing
[   42.739220] file system registered
[   42.742346] unloading
[   42.754102] ffs_data_put(): freeing
[   42.754164] ffs_data_put(): freeing
[   42.756241] file system registered
[   42.757802] unloading
[   42.763036] ffs_data_put(): freeing
[   42.765901] file system registered
[   42.767217] unloading
[   42.772818] ffs_data_put(): freeing
[   42.774016] file system registered
[   42.775313] unloading
[   42.780187] ffs_data_put(): freeing
[   42.780420] ffs_data_put(): freeing
[   42.784207] file system registered
[   42.786106] unloading
[   42.794340] ffs_data_put(): freeing
[   42.794456] ffs_data_put(): freeing
[   42.795842] file system registered
[   42.797166] unloading
[   42.805234] ffs_data_put(): freeing
[   42.805308] ffs_data_put(): freeing
[   42.807287] file system registered
[   42.809269] unloading
[   42.819913] ffs_data_put(): freeing
[   42.821462] ffs_data_put(): freeing
[   42.822499] file system registered
[   42.825038] unloading
[   42.833640] ffs_data_put(): freeing
[   42.835353] ffs_data_put(): freeing
[   42.836313] file system registered
[   42.838470] unloading
[   42.845225] ffs_data_put(): freeing
[   42.845467] ffs_data_put(): freeing
[   42.847698] file system registered
[   42.849916] unloading
[   42.859425] ffs_data_put(): freeing
[   42.859871] ffs_data_put(): freeing
[   42.864268] file system registered
[   42.867399] unloading
[   42.876452] ffs_data_put(): freeing
[   42.879988] file system registered
[   42.882442] ffs_data_put(): freeing
[   42.882749] unloading
[   42.892407] ffs_data_put(): freeing
[   42.894285] file system registered
[   42.896475] unloading
[   42.905117] ffs_data_put(): freeing
[   42.905288] ffs_data_put(): freeing
[   42.907837] file system registered
[   42.911000] unloading
[   42.918330] ffs_data_put(): freeing
[   42.918870] ffs_data_put(): freeing
[   42.921092] file system registered
[   42.924226] unloading
[   42.934067] file system registered
[   42.935970] unloading
[   42.942310] ffs_data_put(): freeing
[   42.944892] file system registered
[   42.945968] unloading
[   42.957773] ffs_data_put(): freeing
[   42.960181] file system registered
[   42.964044] ffs_data_put(): freeing
[   42.964277] unloading
[   42.971312] ffs_data_put(): freeing
[   42.971399] ffs_data_put(): freeing
[   42.973480] file system registered
[   42.975431] unloading
[   42.985291] ffs_data_put(): freeing
[   42.985382] ffs_data_put(): freeing
[   42.987694] file system registered
[   42.989956] unloading
[   42.998371] file system registered
[   43.000116] ffs_data_put(): freeing
[   43.000387] unloading
[   43.007070] ffs_data_put(): freeing
[   43.009950] file system registered
[   43.011893] unloading
[   43.018003] ffs_data_put(): freeing
[   43.018392] file system registered
[   43.020310] unloading
[   43.030053] ffs_data_put(): freeing
[   43.032857] file system registered
[   43.035076] unloading
[   43.042982] file system registered
[   43.045172] unloading
[   43.054144] file system registered
[   43.055394] unloading
[   43.064705] file system registered
[   43.066016] unloading
[   43.074283] ffs_data_put(): freeing
[   43.076062] file system registered
[   43.077408] unloading
[   43.083027] ffs_data_put(): freeing
[   43.083126] ffs_data_put(): freeing
[   43.084811] file system registered
[   43.086052] unloading
[   43.096098] ffs_data_put(): freeing
[   43.096253] ffs_data_put(): freeing
[   43.096389] ffs_data_put(): freeing
[   43.097941] file system registered
[   43.099404] unloading
[   43.104416] ffs_data_put(): freeing
[   43.105259] ffs_data_put(): freeing
[   43.105355] ffs_data_put(): freeing
[   43.106728] file system registered
[   43.108416] unloading
[   43.117267] ffs_data_put(): freeing
[   43.117753] ffs_data_put(): freeing
[   43.118250] ffs_data_put(): freeing
[   43.119712] file system registered
[   43.122443] unloading
[   43.132910] ffs_data_put(): freeing
[   43.137297] file system registered
[   43.139415] unloading
[   43.145240] ffs_data_put(): freeing
[   43.147134] file system registered
[   43.149092] unloading
[   43.157768] ffs_data_put(): freeing
[   43.157886] ffs_data_put(): freeing
[   43.159438] file system registered
[   43.161057] unloading
[   43.167247] ffs_data_put(): freeing
[   43.170910] file system registered
[   43.173731] unloading
[   43.180226] ffs_data_put(): freeing
[   43.183538] file system registered
[   43.186234] unloading
[   43.195466] ffs_data_put(): freeing
[   43.195800] ffs_data_put(): freeing
[   43.195971] ffs_data_put(): freeing
[   43.197330] file system registered
[   43.200224] unloading
[   43.207149] ffs_data_put(): freeing
[   43.207335] ffs_data_put(): freeing
[   43.207426] ffs_data_put(): freeing
[   43.210138] file system registered
[   43.212301] ffs_data_put(): freeing
[   43.214073] unloading
[   43.218808] ffs_data_put(): freeing
[   43.218908] ffs_data_put(): freeing
[   43.221226] file system registered
[   43.224369] unloading
[   43.233099] ffs_data_put(): freeing
[   43.234927] file system registered
[   43.236386] unloading
[   43.243272] ffs_data_put(): freeing
[   43.244869] file system registered
[   43.246364] unloading
[   43.259118] file system registered
[   43.261861] unloading
[   43.268399] ffs_data_put(): freeing
[   43.270779] file system registered
[   43.272780] ffs_data_put(): freeing
[   43.274042] unloading
[   43.280361] ffs_data_put(): freeing
[   43.282399] file system registered
[   43.284150] unloading
[   43.290179] ffs_data_put(): freeing
[   43.290312] ffs_data_put(): freeing
[   43.290335] ffs_data_put(): freeing
[   43.292430] file system registered
[   43.294285] unloading
[   43.301225] ffs_data_put(): freeing
[   43.303349] file system registered
[   43.305855] unloading
[   43.311276] ffs_data_put(): freeing
[   43.311371] ffs_data_put(): freeing
[   43.313378] file system registered
[   43.315246] unloading
[   43.326449] file system registered
[   43.328303] unloading
[   43.335255] ffs_data_put(): freeing
[   43.335362] ffs_data_put(): freeing
[   43.337110] file system registered
[   43.339138] unloading
[   43.348271] ffs_data_put(): freeing
[   43.348868] ffs_data_put(): freeing
[   43.350765] file system registered
[   43.354182] unloading
[   43.360182] ffs_data_put(): freeing
[   43.360797] ffs_data_put(): freeing
[   43.362124] file system registered
[   43.363997] unloading
[   43.369684] ffs_data_put(): freeing
[   43.370040] ffs_data_put(): freeing
[   43.371802] file system registered
[   43.373238] unloading
[   43.378770] ffs_data_put(): freeing
[   43.378859] ffs_data_put(): freeing
[   43.383103] file system registered
[   43.385297] unloading
[   43.395585] file system registered
[   43.397268] unloading
[   43.403090] ffs_data_put(): freeing
[   43.404411] file system registered
[   43.406429] unloading
[   43.416342] ffs_data_put(): freeing
[   43.416817] ffs_data_put(): freeing
[   43.416817] ffs_data_put(): freeing
[   43.421725] file system registered
[   43.425205] unloading
[   43.441766] file system registered
[   43.443252] unloading
[   43.450137] ffs_data_put(): freeing
[   43.452345] file system registered
[   43.454445] unloading
[   43.462129] ffs_data_put(): freeing
[   43.464667] file system registered
[   43.466287] unloading
[   43.477679] file system registered
[   43.479198] unloading
[   43.487455] file system registered
[   43.489280] unloading
[   43.494198] ffs_data_put(): freeing
[   43.494288] ffs_data_put(): freeing
[   43.495936] file system registered
[   43.497449] unloading
[   43.506232] ffs_data_put(): freeing
[   43.506824] ffs_data_put(): freeing
[   43.508037] file system registered
[   43.509422] unloading
[   43.516855] file system registered
[   43.517812] unloading
[   43.522323] ffs_data_put(): freeing
[   43.522395] ffs_data_put(): freeing
[   43.525156] file system registered
[   43.526955] unloading
[   43.537386] ffs_data_put(): freeing
[   43.539669] file system registered
[   43.541112] unloading
[   43.545187] ffs_data_put(): freeing
[   43.547941] file system registered
[   43.549140] unloading
[   43.555011] file system registered
[   43.556948] unloading
[   43.563274] ffs_data_put(): freeing
[   43.565273] file system registered
[   43.566929] unloading
[   43.571079] ffs_data_put(): freeing
[   43.573159] file system registered
[   43.574773] unloading
[   43.581076] ffs_data_put(): freeing
[   43.583308] file system registered
[   43.585375] unloading
[   43.592253] ffs_data_put(): freeing
[   43.594937] file system registered
[   43.597363] unloading
[   43.603970] ffs_data_put(): freeing
[   43.605972] file system registered
[   43.607456] unloading
[   43.616351] file system registered
[   43.618065] unloading
[   43.626224] file system registered
[   43.628377] unloading
[   43.640988] ffs_data_put(): freeing
[   43.641078] ffs_data_put(): freeing
[   43.641270] ffs_data_put(): freeing
[   43.643292] file system registered
[   43.645440] unloading
[   43.654420] file system registered
[   43.656225] unloading
[   43.662221] ffs_data_put(): freeing
[   43.662323] ffs_data_put(): freeing
[   43.664736] file system registered
[   43.667006] unloading
[   43.671396] ffs_data_put(): freeing
[   43.673728] file system registered
[   43.675144] unloading
[   43.686820] file system registered
[   43.688350] unloading
[   43.698147] ffs_data_put(): freeing
[   43.698260] ffs_data_put(): freeing
[   43.700158] file system registered
[   43.702905] unloading
[   43.712077] ffs_data_put(): freeing
[   43.712193] ffs_data_put(): freeing
[   43.715065] file system registered
[   43.717453] unloading
[   43.729053] file system registered
[   43.731259] unloading
[   43.736377] ffs_data_put(): freeing
[   43.739417] file system registered
[   43.741779] unloading
[   43.748061] ffs_data_put(): freeing
[   43.750414] file system registered
[   43.751736] unloading
[   43.757404] ffs_data_put(): freeing
[   43.758059] ffs_data_put(): freeing
[   43.758149] ffs_data_put(): freeing
[   43.759708] file system registered
[   43.761091] unloading
[   43.774303] ffs_data_put(): freeing
[   43.774420] ffs_data_put(): freeing
[   43.777024] file system registered
[   43.779400] unloading
[   43.789305] ffs_data_put(): freeing
[   43.791776] file system registered
[   43.793415] unloading
[   43.801871] ffs_data_put(): freeing
[   43.804093] file system registered
[   43.806869] unloading
[   43.813359] ffs_data_put(): freeing
[   43.814836] file system registered
[   43.816711] unloading
[   43.826286] file system registered
[   43.827467] unloading
[   43.835460] file system registered
[   43.837251] unloading
[   43.846110] ffs_data_put(): freeing
[   43.848331] file system registered
[   43.850073] unloading
[   43.858011] ffs_data_put(): freeing
[   43.858125] ffs_data_put(): freeing
[   43.858219] ffs_data_put(): freeing
[   43.859326] file system registered
[   43.860783] unloading
[   43.869745] ffs_data_put(): freeing
[   43.869941] ffs_data_put(): freeing
[   43.870135] ffs_data_put(): freeing
[   43.870232] ffs_data_put(): freeing
[   43.871473] file system registered
[   43.873374] unloading
[   43.880353] ffs_data_put(): freeing
[   43.880797] ffs_data_put(): freeing
[   43.883436] file system registered
[   43.886807] unloading
[   43.895965] ffs_data_put(): freeing
[   43.898823] file system registered
[   43.902431] unloading
[   43.907281] ffs_data_put(): freeing
[   43.907898] ffs_data_put(): freeing
[   43.909191] file system registered
[   43.911334] unloading
[   43.920346] ffs_data_put(): freeing
[   43.922876] file system registered
[   43.926391] unloading
[   43.933426] ffs_data_put(): freeing
[   43.935948] file system registered
[   43.938329] unloading
[   43.945029] file system registered
[   43.947055] unloading
[   43.955042] ffs_data_put(): freeing
[   43.957394] file system registered
[   43.959010] unloading
[   43.968923] file system registered
[   43.970339] unloading
[   43.977414] ffs_data_put(): freeing
[   43.979533] file system registered
[   43.981009] unloading
[   43.992302] file system registered
[   43.993910] unloading
[   44.003386] file system registered
[   44.005461] unloading
[   44.012052] ffs_data_put(): freeing
[   44.012218] ffs_data_put(): freeing
[   44.012331] ffs_data_put(): freeing
[   44.013829] file system registered
[   44.016143] unloading
[   44.023202] ffs_data_put(): freeing
[   44.025237] file system registered
[   44.027057] unloading
[   44.037660] file system registered
[   44.039236] unloading
[   44.049234] ffs_data_put(): freeing
[   44.049325] ffs_data_put(): freeing
[   44.051724] file system registered
[   44.053180] unloading
[   44.064890] file system registered
[   44.066996] unloading
[   44.074141] ffs_data_put(): freeing
[   44.076482] file system registered
[   44.078450] unloading
[   44.085217] ffs_data_put(): freeing
[   44.085310] ffs_data_put(): freeing
[   44.087202] file system registered
[   44.089105] unloading
[   44.097323] ffs_data_put(): freeing
[   44.097398] ffs_data_put(): freeing
[   44.099269] file system registered
[   44.100282] unloading
[   44.110203] ffs_data_put(): freeing
[   44.112472] file system registered
[   44.115348] unloading
[   44.121249] ffs_data_put(): freeing
[   44.123699] file system registered
[   44.125887] ffs_data_put(): freeing
[   44.126019] unloading
[   44.131357] ffs_data_put(): freeing
[   44.133161] file system registered
[   44.134847] unloading
[   44.147342] file system registered
[   44.149427] unloading
[   44.156138] ffs_data_put(): freeing
[   44.158021] file system registered
[   44.159746] unloading
[   44.169380] ffs_data_put(): freeing
[   44.169959] ffs_data_put(): freeing
[   44.171331] file system registered
[   44.173410] unloading
[   44.183350] ffs_data_put(): freeing
[   44.185984] file system registered
[   44.188785] unloading
[   44.199047] ffs_data_put(): freeing
[   44.201233] file system registered
[   44.203283] unloading
[   44.207319] ffs_data_put(): freeing
[   44.210780] file system registered
[   44.212781] unloading
[   44.221103] ffs_data_put(): freeing
[   44.221237] ffs_data_put(): freeing
[   44.223269] file system registered
[   44.224815] unloading
[   44.238820] file system registered
[   44.241427] unloading
[   44.246088] ffs_data_put(): freeing
[   44.248133] file system registered
[   44.249930] unloading
[   44.259189] ffs_data_put(): freeing
[   44.259412] ffs_data_put(): freeing
[   44.261380] file system registered
[   44.263241] unloading
[   44.269439] ffs_data_put(): freeing
[   44.271954] file system registered
[   44.274361] unloading
[   44.281806] ffs_data_put(): freeing
[   44.283306] file system registered
[   44.285299] unloading
[   44.296242] ffs_data_put(): freeing
[   44.296393] ffs_data_put(): freeing
[   44.299459] file system registered
[   44.302394] unloading
[   44.308710] ffs_data_put(): freeing
[   44.309280] file system registered
[   44.311391] unloading
[   44.320312] ffs_data_put(): freeing
[   44.320460] ffs_data_put(): freeing
[   44.320682] ffs_data_put(): freeing
[   44.321996] file system registered
[   44.323728] unloading
[   44.329109] ffs_data_put(): freeing
[   44.331329] file system registered
[   44.333388] unloading
[   44.344211] ffs_data_put(): freeing
[   44.344301] ffs_data_put(): freeing
[   44.346121] file system registered
[   44.348111] unloading
[   44.359449] ffs_data_put(): freeing
[   44.365302] file system registered
[   44.368278] unloading
[   44.379200] ffs_data_put(): freeing
[   44.384004] file system registered
[   44.386440] ffs_data_put(): freeing
[   44.387072] unloading
[   44.398156] ffs_data_put(): freeing
[   44.398268] ffs_data_put(): freeing
[   44.401202] file system registered
[   44.403340] ffs_data_put(): freeing
[   44.403522] unloading
[   44.410297] ffs_data_put(): freeing
[   44.410425] ffs_data_put(): freeing
[   44.411763] file system registered
[   44.413112] unloading
[   44.425243] ffs_data_put(): freeing
[   44.425385] ffs_data_put(): freeing
[   44.425747] ffs_data_put(): freeing
[   44.427892] file system registered
[   44.430870] unloading
[   44.436482] ffs_data_put(): freeing
[   44.437171] ffs_data_put(): freeing
[   44.438219] file system registered
[   44.441069] ffs_data_put(): freeing
[   44.441186] unloading
[   44.448319] ffs_data_put(): freeing
[   44.450907] file system registered
[   44.453748] unloading
[   44.461253] ffs_data_put(): freeing
[   44.461343] ffs_data_put(): freeing
[   44.463825] file system registered
[   44.466329] unloading
[   44.476928] ffs_data_put(): freeing
[   44.477062] ffs_data_put(): freeing
[   44.480073] file system registered
[   44.482971] unloading
[   44.490934] file system registered
[   44.493023] unloading
[   44.499041] ffs_data_put(): freeing
[   44.500805] file system registered
[   44.502349] unloading
[   44.508185] ffs_data_put(): freeing
[   44.510795] file system registered
[   44.513153] unloading
[   44.521211] file system registered
[   44.523258] unloading
[   44.527113] ffs_data_put(): freeing
[   44.529182] file system registered
[   44.530980] unloading
[   44.540113] ffs_data_put(): freeing
[   44.542975] file system registered
[   44.545929] unloading
[   44.552994] ffs_data_put(): freeing
[   44.554779] file system registered
[   44.556071] unloading
[   44.562215] ffs_data_put(): freeing
[   44.562349] ffs_data_put(): freeing
[   44.562463] ffs_data_put(): freeing
[   44.564150] file system registered
[   44.566169] unloading
[   44.573306] ffs_data_put(): freeing
[   44.573700] ffs_data_put(): freeing
[   44.573887] ffs_data_put(): freeing
[   44.575813] file system registered
[   44.577439] unloading
[   44.588948] ffs_data_put(): freeing
[   44.589028] ffs_data_put(): freeing
[   44.593325] file system registered
[   44.598291] unloading
[   44.608056] ffs_data_put(): freeing
[   44.610970] file system registered
[   44.613019] unloading
[   44.621228] file system registered
[   44.623422] unloading
[   44.629392] ffs_data_put(): freeing
[   44.632127] file system registered
[   44.634764] unloading
[   44.640353] ffs_data_put(): freeing
[   44.640467] ffs_data_put(): freeing
[   44.643246] file system registered
[   44.645428] unloading
[   44.657104] ffs_data_put(): freeing
[   44.657306] ffs_data_put(): freeing
[   44.657744] ffs_data_put(): freeing
[   44.659869] file system registered
[   44.662504] unloading
[   44.671495] ffs_data_put(): freeing
[   44.672046] ffs_data_put(): freeing
[   44.675837] file system registered
[   44.678326] unloading
[   44.685496] ffs_data_put(): freeing
[   44.688198] file system registered
[   44.691387] unloading
[   44.703079] file system registered
[   44.704936] unloading
[   44.716053] file system registered
[   44.717384] unloading
[   44.726600] file system registered
[   44.728962] unloading
[   44.737924] file system registered
[   44.740062] unloading
[   44.747136] ffs_data_put(): freeing
[   44.749437] file system registered
[   44.751288] unloading
[   44.757245] ffs_data_put(): freeing
[   44.757371] ffs_data_put(): freeing
[   44.761490] file system registered
[   44.764328] unloading
[   44.777275] ffs_data_put(): freeing
[   44.779500] file system registered
[   44.783952] unloading
[   44.789202] ffs_data_put(): freeing
[   44.789340] ffs_data_put(): freeing
[   44.791955] file system registered
[   44.793485] unloading
[   44.799175] ffs_data_put(): freeing
[   44.799277] ffs_data_put(): freeing
[   44.801354] file system registered
[   44.804182] unloading
[   44.814384] ffs_data_put(): freeing
[   44.814584] ffs_data_put(): freeing
[   44.816868] file system registered
[   44.820202] unloading
[   44.828374] file system registered
[   44.831846] unloading
[   44.840251] file system registered
[   44.842202] unloading
[   44.848986] ffs_data_put(): freeing
[   44.849376] ffs_data_put(): freeing
[   44.849454] ffs_data_put(): freeing
[   44.850278] file system registered
[   44.853415] unloading
[   44.864446] ffs_data_put(): freeing
[   44.864814] ffs_data_put(): freeing
[   44.864975] ffs_data_put(): freeing
[   44.866941] file system registered
[   44.870080] unloading
[   44.880863] ffs_data_put(): freeing
[   44.881039] ffs_data_put(): freeing
[   44.881285] ffs_data_put(): freeing
[   44.884156] file system registered
[   44.887825] unloading
[   44.897866] ffs_data_put(): freeing
[   44.898039] ffs_data_put(): freeing
[   44.902367] file system registered
[   44.907914] unloading
[   44.915451] ffs_data_put(): freeing
[   44.916179] ffs_data_put(): freeing
[   44.919421] file system registered
[   44.922324] unloading
[   44.929162] ffs_data_put(): freeing
[   44.932481] file system registered
[   44.936107] unloading
[   44.945235] ffs_data_put(): freeing
[   44.948989] file system registered
[   44.952432] unloading
[   44.965487] file system registered
[   44.968413] unloading
[   44.978454] file system registered
[   44.980406] unloading
[   44.988970] file system registered
[   44.990981] unloading
[   45.000352] ffs_data_put(): freeing
[   45.002463] file system registered
[   45.005459] unloading
[   45.011127] ffs_data_put(): freeing
[   45.011238] ffs_data_put(): freeing
[   45.013073] file system registered
[   45.015200] unloading
[   45.022469] file system registered
[   45.024139] unloading
[   45.034097] ffs_data_put(): freeing
[   45.034220] ffs_data_put(): freeing
[   45.036853] file system registered
[   45.039152] unloading
[   45.048309] file system registered
[   45.050250] ffs_data_put(): freeing
[   45.050429] unloading
[   45.058416] ffs_data_put(): freeing
[   45.061949] file system registered
[   45.063451] unloading
[   45.071713] file system registered
[   45.072501] unloading
[   45.078095] ffs_data_put(): freeing
[   45.078217] ffs_data_put(): freeing
[   45.078304] ffs_data_put(): freeing
[   45.081209] file system registered
[   45.083779] unloading
[   45.090179] ffs_data_put(): freeing
[   45.092495] file system registered
[   45.094450] unloading
[   45.100036] ffs_data_put(): freeing
[   45.102207] file system registered
[   45.104781] unloading
[   45.112267] ffs_data_put(): freeing
[   45.115471] file system registered
[   45.118271] unloading
[   45.127993] ffs_data_put(): freeing
[   45.129891] file system registered
[   45.130941] unloading
[   45.135984] ffs_data_put(): freeing
[   45.137934] file system registered
[   45.139733] unloading
[   45.146461] ffs_data_put(): freeing
[   45.148754] file system registered
[   45.150889] unloading
[   45.157088] ffs_data_put(): freeing
[   45.159996] file system registered
[   45.161965] unloading
[   45.173430] ffs_data_put(): freeing
[   45.173685] ffs_data_put(): freeing
[   45.175859] file system registered
[   45.178740] ffs_data_put(): freeing
[   45.178824] unloading
[   45.187833] ffs_data_put(): freeing
[   45.187857] ffs_data_put(): freeing
[   45.192084] file system registered
[   45.199120] unloading
[   45.205421] ffs_data_put(): freeing
[   45.205500] ffs_data_put(): freeing
[   45.208476] file system registered
[   45.210284] unloading
[   45.222785] file system registered
[   45.224272] unloading
[   45.232246] ffs_data_put(): freeing
[   45.232432] ffs_data_put(): freeing
[   45.233180] ffs_data_put(): freeing
[   45.233349] file system registered
[   45.235044] unloading
[   45.240331] ffs_data_put(): freeing
[   45.240713] ffs_data_put(): freeing
[   45.240962] ffs_data_put(): freeing
[   45.242059] file system registered
[   45.244064] unloading
[   45.252759] ffs_data_put(): freeing
[   45.252999] ffs_data_put(): freeing
[   45.253175] ffs_data_put(): freeing
[   45.254204] file system registered
[   45.256148] unloading
[   45.265794] ffs_data_put(): freeing
[   45.265871] ffs_data_put(): freeing
[   45.266128] ffs_data_put(): freeing
[   45.268355] file system registered
[   45.272250] unloading
[   45.278893] ffs_data_put(): freeing
[   45.279239] ffs_data_put(): freeing
[   45.281835] ffs_data_put(): freeing
[   45.281890] ffs_data_put(): freeing
[   45.283291] file system registered
[   45.287013] unloading
[   45.293396] ffs_data_put(): freeing
[   45.293729] ffs_data_put(): freeing
[   45.293950] ffs_data_put(): freeing
[   45.295890] file system registered
[   45.298081] unloading
[   45.303860] ffs_data_put(): freeing
[   45.304151] ffs_data_put(): freeing
[   45.304359] ffs_data_put(): freeing
[   45.309159] file system registered
[   45.314246] unloading
[   45.325197] file system registered
[   45.328090] unloading
[   45.334369] ffs_data_put(): freeing
[   45.338413] file system registered
[   45.341484] ffs_data_put(): freeing
[   45.341866] unloading
[   45.358399] ffs_data_put(): freeing
[   45.358479] ffs_data_put(): freeing
[   45.359358] file system registered
[   45.362470] unloading
[   45.368449] ffs_data_put(): freeing
[   45.371249] file system registered
[   45.374360] unloading
[   45.381022] ffs_data_put(): freeing
[   45.384134] file system registered
[   45.387336] unloading
[   45.397334] ffs_data_put(): freeing
[   45.397476] ffs_data_put(): freeing
[   45.399924] file system registered
[   45.402007] unloading
[   45.411760] file system registered
[   45.412291] ffs_data_put(): freeing
[   45.414424] unloading
[   45.422382] ffs_data_put(): freeing
[   45.425417] file system registered
[   45.427427] unloading
[   45.435357] ffs_data_put(): freeing
[   45.435851] ffs_data_put(): freeing
[   45.436112] ffs_data_put(): freeing
[   45.436469] ffs_data_put(): freeing
[   45.438494] file system registered
[   45.441093] unloading
[   45.449294] ffs_data_put(): freeing
[   45.452387] file system registered
[   45.455082] unloading
[   45.465300] ffs_data_put(): freeing
[   45.467218] file system registered
[   45.470184] unloading
[   45.477300] ffs_data_put(): freeing
[   45.478078] ffs_data_put(): freeing
[   45.478163] ffs_data_put(): freeing
[   45.481138] file system registered
[   45.486305] unloading
[   45.497937] ffs_data_put(): freeing
[   45.498065] ffs_data_put(): freeing
[   45.499321] file system registered
[   45.501208] unloading
[   45.508744] ffs_data_put(): freeing
[   45.508909] ffs_data_put(): freeing
[   45.509027] ffs_data_put(): freeing
[   45.510441] file system registered
[   45.514129] unloading
[   45.521857] ffs_data_put(): freeing
[   45.524885] file system registered
[   45.528442] unloading
[   45.535462] ffs_data_put(): freeing
[   45.535877] ffs_data_put(): freeing
[   45.538009] file system registered
[   45.540453] unloading
[   45.552078] file system registered
[   45.554130] unloading
[   45.563121] file system registered
[   45.565179] unloading
[   45.571156] ffs_data_put(): freeing
[   45.571279] ffs_data_put(): freeing
[   45.573398] file system registered
[   45.575403] unloading
[   45.585117] ffs_data_put(): freeing
[   45.585291] ffs_data_put(): freeing
[   45.587895] file system registered
[   45.590335] unloading
[   45.597302] ffs_data_put(): freeing
[   45.600224] file system registered
[   45.602394] unloading
[   45.608819] ffs_data_put(): freeing
[   45.612042] file system registered
[   45.614306] unloading
[   45.623226] file system registered
[   45.624943] unloading
[   45.633429] file system registered
[   45.634990] unloading
[   45.642743] file system registered
[   45.644165] unloading
[   45.662496] ffs_data_put(): freeing
[   45.663242] ffs_data_put(): freeing
[   45.663379] ffs_data_put(): freeing
[   45.665979] file system registered
[   45.668924] unloading
[   45.673362] ffs_data_put(): freeing
[   45.674825] ffs_data_put(): freeing
[   45.676439] file system registered
[   45.678779] unloading
[   45.686089] ffs_data_put(): freeing
[   45.689068] file system registered
[   45.691393] unloading
[   45.701376] ffs_data_put(): freeing
[   45.701802] ffs_data_put(): freeing
[   45.701929] ffs_data_put(): freeing
[   45.704751] file system registered
[   45.707378] unloading
[   45.718448] file system registered
[   45.720244] unloading
[   45.727241] ffs_data_put(): freeing
[   45.729491] file system registered
[   45.731254] unloading
[   45.739473] ffs_data_put(): freeing
[   45.739740] ffs_data_put(): freeing
[   45.740338] ffs_data_put(): freeing
[   45.741489] file system registered
[   45.744419] unloading
[   45.753395] ffs_data_put(): freeing
[   45.756112] file system registered
[   45.758414] unloading
[   45.765223] ffs_data_put(): freeing
[   45.768165] file system registered
[   45.770258] unloading
[   45.776063] ffs_data_put(): freeing
[   45.778803] file system registered
[   45.781295] ffs_data_put(): freeing
[   45.781388] unloading
[   45.788387] ffs_data_put(): freeing
[   45.790808] file system registered
[   45.792787] unloading
[   45.800221] ffs_data_put(): freeing
[   45.803039] file system registered
[   45.805282] unloading
[   45.813386] ffs_data_put(): freeing
[   45.813880] ffs_data_put(): freeing
[   45.814340] ffs_data_put(): freeing
[   45.815399] file system registered
[   45.818088] unloading
[   45.825397] ffs_data_put(): freeing
[   45.825930] ffs_data_put(): freeing
[   45.826188] ffs_data_put(): freeing
[   45.826880] ffs_data_put(): freeing
[   45.828208] file system registered
[   45.830250] unloading
[   45.839348] ffs_data_put(): freeing
[   45.839831] ffs_data_put(): freeing
[   45.840062] ffs_data_put(): freeing
[   45.842268] file system registered
[   45.845746] unloading
[   45.857840] ffs_data_put(): freeing
[   45.863123] file system registered
[   45.868300] unloading
[   45.876193] ffs_data_put(): freeing
[   45.876299] ffs_data_put(): freeing
[   45.879721] file system registered
[   45.882280] unloading
[   45.889357] ffs_data_put(): freeing
[   45.892879] file system registered
[   45.896465] ffs_data_put(): freeing
[   45.896919] unloading
[   45.912447] ffs_data_put(): freeing
[   45.912736] ffs_data_put(): freeing
[   45.915770] file system registered
[   45.919150] unloading
[   45.928399] ffs_data_put(): freeing
[   45.931854] file system registered
[   45.934445] unloading
[   45.942407] ffs_data_put(): freeing
[   45.944375] file system registered
[   45.946792] unloading
[   45.954396] ffs_data_put(): freeing
[   45.954708] ffs_data_put(): freeing
[   45.957860] file system registered
[   45.960781] unloading
[   45.970304] file system registered
[   45.972320] unloading
[   45.979196] ffs_data_put(): freeing
[   45.981074] file system registered
[   45.982450] unloading
[   45.988167] file system registered
[   45.989863] unloading
[   45.995055] ffs_data_put(): freeing
[   45.997180] file system registered
[   45.998952] ffs_data_put(): freeing
[   45.999021] unloading
[   46.013394] ffs_data_put(): freeing
[   46.015858] file system registered
[   46.017457] unloading
[   46.028827] ffs_data_put(): freeing
[   46.028980] ffs_data_put(): freeing
[   46.029097] ffs_data_put(): freeing
[   46.035304] file system registered
[   46.039113] unloading
[   46.048880] file system registered
[   46.051791] unloading
[   46.060290] ffs_data_put(): freeing
[   46.060443] ffs_data_put(): freeing
[   46.062392] file system registered
[   46.066024] unloading
[   46.075922] file system registered
[   46.077844] unloading
[   46.085408] ffs_data_put(): freeing
[   46.087356] file system registered
[   46.089736] unloading
[   46.097137] ffs_data_put(): freeing
[   46.099412] file system registered
[   46.100927] unloading
[   46.106280] ffs_data_put(): freeing
[   46.109932] file system registered
[   46.112453] unloading
[   46.121055] ffs_data_put(): freeing
[   46.121196] ffs_data_put(): freeing
[   46.121380] ffs_data_put(): freeing
[   46.123666] file system registered
[   46.125092] unloading
[   46.133105] ffs_data_put(): freeing
[   46.134880] file system registered
[   46.136823] unloading
[   46.141064] ffs_data_put(): freeing
[   46.142498] file system registered
[   46.143941] unloading
[   46.150144] ffs_data_put(): freeing
[   46.152828] file system registered
[   46.155264] unloading
[   46.167144] ffs_data_put(): freeing
[   46.167247] ffs_data_put(): freeing
[   46.171821] file system registered
[   46.174791] unloading
[   46.181857] file system registered
[   46.183346] unloading
[   46.193141] file system registered
[   46.195241] unloading
[   46.207754] file system registered
[   46.209303] unloading
[   46.216156] ffs_data_put(): freeing
[   46.218732] file system registered
[   46.219828] unloading
[   46.227177] ffs_data_put(): freeing
[   46.229448] file system registered
[   46.232180] unloading
[   46.240947] file system registered
[   46.242257] unloading
[   46.249839] file system registered
[   46.251132] unloading
[   46.256463] file system registered
[   46.257987] unloading
[   46.264187] ffs_data_put(): freeing
[   46.264262] ffs_data_put(): freeing
[   46.267015] file system registered
[   46.268991] unloading
[   46.276192] ffs_data_put(): freeing
[   46.278200] file system registered
[   46.279660] unloading
[   46.285154] ffs_data_put(): freeing
[   46.286679] file system registered
[   46.287911] unloading
[   46.294239] ffs_data_put(): freeing
[   46.298175] file system registered
[   46.301280] unloading
[   46.310889] file system registered
[   46.313173] unloading
[   46.320179] ffs_data_put(): freeing
[   46.322354] file system registered
[   46.324134] unloading
[   46.332203] file system registered
[   46.334270] unloading
[   46.343140] ffs_data_put(): freeing
[   46.343243] ffs_data_put(): freeing
[   46.345382] file system registered
[   46.348061] ffs_data_put(): freeing
[   46.348219] unloading
[   46.361251] ffs_data_put(): freeing
[   46.361377] ffs_data_put(): freeing
[   46.364112] file system registered
[   46.368095] unloading
[   46.379961] file system registered
[   46.382202] unloading
[   46.392181] file system registered
[   46.394358] unloading
[   46.405355] file system registered
[   46.408748] unloading
[   46.415710] ffs_data_put(): freeing
[   46.417033] file system registered
[   46.418448] unloading
[   46.427169] ffs_data_put(): freeing
[   46.428849] file system registered
[   46.430230] unloading
[   46.439154] ffs_data_put(): freeing
[   46.439258] ffs_data_put(): freeing
[   46.441267] file system registered
[   46.442919] unloading
[   46.453235] ffs_data_put(): freeing
[   46.453378] ffs_data_put(): freeing
[   46.455447] file system registered
[   46.457193] unloading
[   46.467683] file system registered
[   46.469237] unloading
[   46.478824] file system registered
[   46.480257] unloading
[   46.489240] ffs_data_put(): freeing
[   46.491322] file system registered
[   46.492438] unloading
[   46.500070] ffs_data_put(): freeing
[   46.502705] file system registered
[   46.504147] unloading
[   46.511145] ffs_data_put(): freeing
[   46.511453] ffs_data_put(): freeing
[   46.512367] file system registered
[   46.514253] unloading
[   46.524669] ffs_data_put(): freeing
[   46.524864] ffs_data_put(): freeing
[   46.525165] ffs_data_put(): freeing
[   46.525484] ffs_data_put(): freeing
[   46.529205] file system registered
[   46.533416] unloading
[   46.540898] ffs_data_put(): freeing
[   46.541040] ffs_data_put(): freeing
[   46.546928] file system registered
[   46.553388] unloading
[   46.562839] file system registered
[   46.565237] unloading
[   46.574178] ffs_data_put(): freeing
[   46.574325] ffs_data_put(): freeing
[   46.576731] file system registered
[   46.579396] unloading
[   46.586379] ffs_data_put(): freeing
[   46.588796] file system registered
[   46.591448] unloading
[   46.597100] ffs_data_put(): freeing
[   46.599184] file system registered
[   46.600731] unloading
[   46.606091] ffs_data_put(): freeing
[   46.608017] file system registered
[   46.609860] unloading
[   46.623161] ffs_data_put(): freeing
[   46.623269] ffs_data_put(): freeing
[   46.625957] file system registered
[   46.628756] unloading
[   46.639365] file system registered
[   46.642061] unloading
[   46.649063] ffs_data_put(): freeing
[   46.651393] file system registered
[   46.653001] unloading
[   46.662014] ffs_data_put(): freeing
[   46.662117] ffs_data_put(): freeing
[   46.663324] file system registered
[   46.664436] unloading
[   46.670144] ffs_data_put(): freeing
[   46.670314] ffs_data_put(): freeing
[   46.670760] ffs_data_put(): freeing
[   46.672265] file system registered
[   46.673967] unloading
[   46.680265] ffs_data_put(): freeing
[   46.680408] ffs_data_put(): freeing
[   46.682949] file system registered
[   46.684878] unloading
[   46.693281] ffs_data_put(): freeing
[   46.695899] file system registered
[   46.698423] unloading
[   46.709320] ffs_data_put(): freeing
[   46.709930] ffs_data_put(): freeing
[   46.710464] ffs_data_put(): freeing
[   46.712353] file system registered
[   46.714846] unloading
[   46.723340] ffs_data_put(): freeing
[   46.723482] ffs_data_put(): freeing
[   46.726136] file system registered
[   46.728440] unloading
[   46.734492] ffs_data_put(): freeing
[   46.734861] ffs_data_put(): freeing
[   46.738580] file system registered
[   46.742099] unloading
[   46.748283] file system registered
[   46.750236] unloading
[   46.757444] ffs_data_put(): freeing
[   46.757638] ffs_data_put(): freeing
[   46.759307] file system registered
[   46.761236] unloading
[   46.771195] ffs_data_put(): freeing
[   46.771724] ffs_data_put(): freeing
[   46.772364] file system registered
[   46.772766] ffs_data_put(): freeing
[   46.773983] unloading
[   46.778435] ffs_data_put(): freeing
[   46.781059] ffs_data_put(): freeing
[   46.781908] file system registered
[   46.783876] unloading
[   46.793855] file system registered
[   46.795809] unloading
[   46.806780] file system registered
[   46.808239] unloading
[   46.815171] ffs_data_put(): freeing
[   46.817743] file system registered
[   46.819238] unloading
[   46.827209] ffs_data_put(): freeing
[   46.829228] file system registered
[   46.831060] unloading
[   46.839276] ffs_data_put(): freeing
[   46.839438] ffs_data_put(): freeing
[   46.841181] file system registered
[   46.843152] unloading
[   46.852484] ffs_data_put(): freeing
[   46.852673] ffs_data_put(): freeing
[   46.854407] file system registered
[   46.857297] unloading
[   46.866222] ffs_data_put(): freeing
[   46.869967] file system registered
[   46.872353] unloading
[   46.879990] ffs_data_put(): freeing
[   46.881277] file system registered
[   46.882979] unloading
[   46.890278] ffs_data_put(): freeing
[   46.890376] ffs_data_put(): freeing
[   46.890630] ffs_data_put(): freeing
[   46.892302] file system registered
[   46.894034] unloading
[   46.904676] file system registered
[   46.906234] unloading
[   46.911154] ffs_data_put(): freeing
[   46.912817] file system registered
[   46.913829] unloading
[   46.918119] ffs_data_put(): freeing
[   46.920376] file system registered
[   46.922406] unloading
[   46.929178] ffs_data_put(): freeing
[   46.931399] file system registered
[   46.932889] unloading
[   46.942318] file system registered
[   46.944095] unloading
[   46.952225] ffs_data_put(): freeing
[   46.952309] ffs_data_put(): freeing
[   46.954162] file system registered
[   46.955621] unloading
[   46.961211] ffs_data_put(): freeing
[   46.961390] ffs_data_put(): freeing
[   46.963372] file system registered
[   46.965117] unloading
[   46.974618] ffs_data_put(): freeing
[   46.977449] file system registered
[   46.981761] unloading
[   46.987447] ffs_data_put(): freeing
[   46.989838] ffs_data_put(): freeing
[   46.991825] file system registered
[   46.993841] unloading
[   47.005325] file system registered
[   47.007843] unloading
[   47.018340] ffs_data_put(): freeing
[   47.018453] ffs_data_put(): freeing
[   47.020414] file system registered
[   47.022375] unloading
[   47.030329] ffs_data_put(): freeing
[   47.030470] ffs_data_put(): freeing
[   47.032440] file system registered
[   47.034196] unloading
[   47.045369] file system registered
[   47.046349] unloading
[   47.056010] ffs_data_put(): freeing
[   47.059246] file system registered
[   47.062024] unloading
[   47.068403] ffs_data_put(): freeing
[   47.069065] file system registered
[   47.071212] unloading
[   47.076453] ffs_data_put(): freeing
[   47.077252] file system registered
[   47.079021] unloading
[   47.084274] ffs_data_put(): freeing
[   47.084365] ffs_data_put(): freeing
[   47.086367] file system registered
[   47.089010] unloading
[   47.097309] ffs_data_put(): freeing
[   47.097445] ffs_data_put(): freeing
[   47.100217] file system registered
[   47.102826] unloading
[   47.110919] file system registered
[   47.112263] unloading
[   47.123235] file system registered
[   47.125797] unloading
[   47.132115] ffs_data_put(): freeing
[   47.134139] file system registered
[   47.135871] unloading
[   47.145457] file system registered
[   47.148693] unloading
[   47.155141] ffs_data_put(): freeing
[   47.155295] ffs_data_put(): freeing
[   47.157109] file system registered
[   47.159813] unloading
[   47.168134] ffs_data_put(): freeing
[   47.170145] file system registered
[   47.173181] unloading
[   47.179195] ffs_data_put(): freeing
[   47.181432] file system registered
[   47.182644] unloading
[   47.191225] file system registered
[   47.193211] unloading
[   47.201181] ffs_data_put(): freeing
[   47.203700] file system registered
[   47.205137] unloading
[   47.212154] ffs_data_put(): freeing
[   47.212256] ffs_data_put(): freeing
[   47.214442] file system registered
[   47.216161] unloading
[   47.225845] file system registered
[   47.227086] unloading
[   47.236127] ffs_data_put(): freeing
[   47.238995] file system registered
[   47.240319] ffs_data_put(): freeing
[   47.241378] unloading
[   47.247144] ffs_data_put(): freeing
[   47.248391] file system registered
[   47.249884] unloading
[   47.255193] ffs_data_put(): freeing
[   47.255266] ffs_data_put(): freeing
[   47.257801] file system registered
[   47.259532] ffs_data_put(): freeing
[   47.260337] unloading
[   47.268701] ffs_data_put(): freeing
[   47.268994] ffs_data_put(): freeing
[   47.271031] file system registered
[   47.273917] unloading
[   47.280368] ffs_data_put(): freeing
[   47.282967] file system registered
[   47.284986] unloading
[   47.290311] ffs_data_put(): freeing
[   47.290396] ffs_data_put(): freeing
[   47.292915] file system registered
[   47.295431] unloading
[   47.302115] ffs_data_put(): freeing
[   47.304326] file system registered
[   47.306101] unloading
[   47.316371] ffs_data_put(): freeing
[   47.316576] ffs_data_put(): freeing
[   47.318045] file system registered
[   47.320027] unloading
[   47.332441] ffs_data_put(): freeing
[   47.334411] ffs_data_put(): freeing
[   47.334780] ffs_data_put(): freeing
[   47.337073] file system registered
[   47.340028] unloading
[   47.346846] ffs_data_put(): freeing
[   47.347946] ffs_data_put(): freeing
[   47.349802] file system registered
[   47.353377] unloading
[   47.363852] ffs_data_put(): freeing
[   47.364009] ffs_data_put(): freeing
[   47.366487] file system registered
[   47.369487] unloading
[   47.377487] ffs_data_put(): freeing
[   47.379292] file system registered
[   47.382371] unloading
[   47.391330] ffs_data_put(): freeing
[   47.393337] ffs_data_put(): freeing
[   47.394883] file system registered
[   47.398098] unloading
[   47.405743] ffs_data_put(): freeing
[   47.405854] ffs_data_put(): freeing
[   47.406247] ffs_data_put(): freeing
[   47.408165] file system registered
[   47.411086] ffs_data_put(): freeing
[   47.412125] ffs_data_put(): freeing
[   47.412262] unloading
[   47.418737] ffs_data_put(): freeing
[   47.418879] ffs_data_put(): freeing
[   47.421548] file system registered
[   47.424988] unloading
[   47.435217] ffs_data_put(): freeing
[   47.437248] file system registered
[   47.439163] unloading
[   47.448207] ffs_data_put(): freeing
[   47.451828] file system registered
[   47.455486] unloading
[   47.464391] ffs_data_put(): freeing
[   47.464747] ffs_data_put(): freeing
[   47.467185] file system registered
[   47.469052] unloading
[   47.485178] file system registered
[   47.488297] unloading
[   47.494166] ffs_data_put(): freeing
[   47.494349] ffs_data_put(): freeing
[   47.494455] ffs_data_put(): freeing
[   47.496748] file system registered
[   47.499025] unloading
[   47.510646] ffs_data_put(): freeing
[   47.513347] file system registered
[   47.516859] unloading
[   47.527919] file system registered
[   47.530223] unloading
[   47.540259] file system registered
[   47.542151] unloading
[   47.553470] ffs_data_put(): freeing
[   47.556426] file system registered
[   47.558188] unloading
[   47.567374] file system registered
[   47.568731] unloading
[   47.574455] ffs_data_put(): freeing
[   47.577759] file system registered
[   47.580728] unloading
[   47.589235] file system registered
[   47.590317] unloading
[   47.596224] file system registered
[   47.598074] unloading
[   47.607170] file system registered
[   47.610219] unloading
[   47.622222] ffs_data_put(): freeing
[   47.624242] file system registered
[   47.626867] unloading
[   47.633013] file system registered
[   47.633334] ffs_data_put(): freeing
[   47.635040] unloading
[   47.642213] ffs_data_put(): freeing
[   47.642364] ffs_data_put(): freeing
[   47.642654] ffs_data_put(): freeing
[   47.644267] file system registered
[   47.645929] unloading
[   47.652306] file system registered
[   47.654022] unloading
[   47.664295] file system registered
[   47.666385] unloading
[   47.674183] ffs_data_put(): freeing
[   47.674795] ffs_data_put(): freeing
[   47.674816] ffs_data_put(): freeing
[   47.674901] ffs_data_put(): freeing
[   47.676104] file system registered
[   47.678369] unloading
[   47.688910] file system registered
[   47.691086] unloading
[   47.699169] ffs_data_put(): freeing
[   47.701142] file system registered
[   47.703115] unloading
[   47.712370] ffs_data_put(): freeing
[   47.712793] ffs_data_put(): freeing
[   47.714782] file system registered
[   47.716291] unloading
[   47.725308] ffs_data_put(): freeing
[   47.727810] file system registered
[   47.729909] unloading
[   47.738240] ffs_data_put(): freeing
[   47.740305] file system registered
[   47.743102] unloading
[   47.752373] ffs_data_put(): freeing
[   47.752988] ffs_data_put(): freeing
[   47.754923] file system registered
[   47.756746] unloading
[   47.765176] ffs_data_put(): freeing
[   47.765358] ffs_data_put(): freeing
[   47.768295] file system registered
[   47.771415] unloading
[   47.783399] ffs_data_put(): freeing
[   47.783657] ffs_data_put(): freeing
[   47.785178] file system registered
[   47.787108] unloading
[   47.791428] ffs_data_put(): freeing
[   47.793386] file system registered
[   47.795355] unloading
[   47.802774] file system registered
[   47.804430] unloading
[   47.819338] file system registered
[   47.823784] unloading
[   47.835356] ffs_data_put(): freeing
[   47.835482] ffs_data_put(): freeing
[   47.835743] ffs_data_put(): freeing
[   47.838373] file system registered
[   47.841039] unloading
[   47.851083] file system registered
[   47.855267] unloading
[   47.861429] ffs_data_put(): freeing
[   47.862900] file system registered
[   47.864230] unloading
[   47.870295] ffs_data_put(): freeing
[   47.873030] file system registered
[   47.874413] unloading
[   47.881404] ffs_data_put(): freeing
[   47.881722] ffs_data_put(): freeing
[   47.883798] file system registered
[   47.885287] unloading
[   47.896090] file system registered
[   47.898917] unloading
[   47.910275] file system registered
[   47.912096] unloading
[   47.917454] ffs_data_put(): freeing
[   47.917747] ffs_data_put(): freeing
[   47.918780] file system registered
[   47.920201] unloading
[   47.924177] ffs_data_put(): freeing
[   47.924285] ffs_data_put(): freeing
[   47.926680] file system registered
[   47.928166] unloading
[   47.936224] ffs_data_put(): freeing
[   47.938388] file system registered
[   47.941248] unloading
[   47.947197] ffs_data_put(): freeing
[   47.947295] ffs_data_put(): freeing
[   47.949469] file system registered
[   47.951358] unloading
[   47.961288] ffs_data_put(): freeing
[   47.961408] ffs_data_put(): freeing
[   47.964838] file system registered
[   47.967410] unloading
[   47.974349] file system registered
[   47.976493] unloading
[   47.986440] file system registered
[   47.988184] unloading
[   48.000337] file system registered
[   48.002824] unloading
[   48.008216] ffs_data_put(): freeing
[   48.010356] file system registered
[   48.012846] ffs_data_put(): freeing
[   48.013184] unloading
[   48.018667] ffs_data_put(): freeing
[   48.018834] ffs_data_put(): freeing
[   48.020482] file system registered
[   48.022130] unloading
[   48.028043] ffs_data_put(): freeing
[   48.030122] file system registered
[   48.032412] unloading
[   48.040352] ffs_data_put(): freeing
[   48.040418] ffs_data_put(): freeing
[   48.043054] file system registered
[   48.045913] unloading
[   48.056326] ffs_data_put(): freeing
[   48.059179] file system registered
[   48.061826] unloading
[   48.068841] file system registered
[   48.070989] unloading
[   48.077789] file system registered
[   48.079078] unloading
[   48.088037] ffs_data_put(): freeing
[   48.090157] file system registered
[   48.091766] unloading
[   48.097807] ffs_data_put(): freeing
[   48.098789] file system registered
[   48.100766] unloading
[   48.109078] ffs_data_put(): freeing
[   48.109372] ffs_data_put(): freeing
[   48.110908] file system registered
[   48.112232] unloading
[   48.118230] ffs_data_put(): freeing
[   48.121141] file system registered
[   48.123364] unloading
[   48.130046] file system registered
[   48.132784] unloading
[   48.142076] file system registered
[   48.144185] unloading
[   48.152177] ffs_data_put(): freeing
[   48.155461] file system registered
[   48.157232] unloading
[   48.167063] file system registered
[   48.168897] unloading
[   48.180247] file system registered
[   48.182032] unloading
[   48.195178] ffs_data_put(): freeing
[   48.197919] file system registered
[   48.199332] unloading
[   48.208278] ffs_data_put(): freeing
[   48.208351] ffs_data_put(): freeing
[   48.210115] file system registered
[   48.212279] unloading
[   48.222333] ffs_data_put(): freeing
[   48.222785] ffs_data_put(): freeing
[   48.224411] file system registered
[   48.226188] unloading
[   48.236199] ffs_data_put(): freeing
[   48.237245] file system registered
[   48.239164] unloading
[   48.249137] file system registered
[   48.251366] ffs_data_put(): freeing
[   48.252168] unloading
[   48.259275] ffs_data_put(): freeing
[   48.259331] ffs_data_put(): freeing
[   48.261423] file system registered
[   48.263444] unloading
[   48.272191] ffs_data_put(): freeing
[   48.275224] file system registered
[   48.278065] unloading
[   48.285149] ffs_data_put(): freeing
[   48.287777] file system registered
[   48.289403] unloading
[   48.297339] file system registered
[   48.299370] unloading
[   48.305723] file system registered
[   48.306948] unloading
[   48.313089] ffs_data_put(): freeing
[   48.315744] file system registered
[   48.317260] unloading
[   48.322898] ffs_data_put(): freeing
[   48.325089] file system registered
[   48.327160] unloading
[   48.333218] ffs_data_put(): freeing
[   48.335025] file system registered
[   48.337037] unloading
[   48.342108] ffs_data_put(): freeing
[   48.342210] ffs_data_put(): freeing
[   48.342240] ffs_data_put(): freeing
[   48.344298] file system registered
[   48.346367] unloading
[   48.355183] ffs_data_put(): freeing
[   48.357755] file system registered
[   48.360255] unloading
[   48.367383] ffs_data_put(): freeing
[   48.367477] ffs_data_put(): freeing
[   48.370378] file system registered
[   48.372313] unloading
[   48.380813] file system registered
[   48.382305] unloading
[   48.390138] ffs_data_put(): freeing
[   48.391897] file system registered
[   48.393241] unloading
[   48.399069] ffs_data_put(): freeing
[   48.401021] file system registered
[   48.403137] unloading
[   48.409454] ffs_data_put(): freeing
[   48.411164] file system registered
[   48.412478] unloading
[   48.417122] ffs_data_put(): freeing
[   48.418182] file system registered
[   48.419854] unloading
[   48.427763] file system registered
[   48.430156] unloading
[   48.437080] ffs_data_put(): freeing
[   48.437188] ffs_data_put(): freeing
[   48.438223] file system registered
[   48.439789] unloading
[   48.449218] ffs_data_put(): freeing
[   48.449424] ffs_data_put(): freeing
[   48.449694] ffs_data_put(): freeing
[   48.451454] file system registered
[   48.453405] unloading
[   48.462227] ffs_data_put(): freeing
[   48.462382] ffs_data_put(): freeing
[   48.465877] file system registered
[   48.470272] unloading
[   48.477371] ffs_data_put(): freeing
[   48.479441] file system registered
[   48.481450] unloading
[   48.490417] ffs_data_put(): freeing
[   48.492113] file system registered
[   48.494064] unloading
[   48.505011] file system registered
[   48.507373] unloading
[   48.516301] ffs_data_put(): freeing
[   48.517860] ffs_data_put(): freeing
[   48.518545] file system registered
[   48.520375] unloading
[   48.535233] file system registered
[   48.537185] unloading
[   48.548195] ffs_data_put(): freeing
[   48.550097] file system registered
[   48.552206] unloading
[   48.561098] ffs_data_put(): freeing
[   48.563200] file system registered
[   48.565226] unloading
[   48.573261] ffs_data_put(): freeing
[   48.573387] ffs_data_put(): freeing
[   48.575834] file system registered
[   48.577845] unloading
[   48.587141] ffs_data_put(): freeing
[   48.587467] ffs_data_put(): freeing
[   48.590271] file system registered
[   48.592740] unloading
[   48.599257] ffs_data_put(): freeing
[   48.599408] ffs_data_put(): freeing
[   48.599673] ffs_data_put(): freeing
[   48.602108] file system registered
[   48.605089] unloading
[   48.613734] file system registered
[   48.616032] unloading
[   48.626244] ffs_data_put(): freeing
[   48.626355] ffs_data_put(): freeing
[   48.628876] file system registered
[   48.631036] unloading
[   48.639143] ffs_data_put(): freeing
[   48.639448] ffs_data_put(): freeing
[   48.639796] ffs_data_put(): freeing
[   48.641919] file system registered
[   48.644427] unloading
[   48.652310] ffs_data_put(): freeing
[   48.654941] file system registered
[   48.657936] unloading
[   48.665833] ffs_data_put(): freeing
[   48.665885] ffs_data_put(): freeing
[   48.669265] file system registered
[   48.672128] unloading
[   48.677335] ffs_data_put(): freeing
[   48.681321] file system registered
[   48.683901] unloading
[   48.696119] ffs_data_put(): freeing
[   48.696255] ffs_data_put(): freeing
[   48.697527] file system registered
[   48.700168] unloading
[   48.706254] ffs_data_put(): freeing
[   48.706414] ffs_data_put(): freeing
[   48.709021] file system registered
[   48.711263] unloading
[   48.718212] ffs_data_put(): freeing
[   48.723277] file system registered
[   48.725995] ffs_data_put(): freeing
[   48.726279] unloading
[   48.735321] ffs_data_put(): freeing
[   48.737847] file system registered
[   48.740278] unloading
[   48.747295] file system registered
[   48.749467] unloading
[   48.754424] ffs_data_put(): freeing
[   48.755251] ffs_data_put(): freeing
[   48.755694] ffs_data_put(): freeing
[   48.758153] file system registered
[   48.762142] unloading
[   48.771283] ffs_data_put(): freeing
[   48.773443] file system registered
[   48.775360] unloading
[   48.782292] file system registered
[   48.783485] unloading
[   48.788200] ffs_data_put(): freeing
[   48.788287] ffs_data_put(): freeing
[   48.790832] file system registered
[   48.792062] unloading
[   48.797192] ffs_data_put(): freeing
[   48.797295] ffs_data_put(): freeing
[   48.798947] file system registered
[   48.800226] unloading
[   48.806252] ffs_data_put(): freeing
[   48.808449] file system registered
[   48.810391] unloading
[   48.816380] ffs_data_put(): freeing
[   48.816474] ffs_data_put(): freeing
[   48.820123] file system registered
[   48.822371] unloading
[   48.830483] file system registered
[   48.832290] unloading
[   48.839676] ffs_data_put(): freeing
[   48.840083] ffs_data_put(): freeing
[   48.842355] file system registered
[   48.845343] unloading
[   48.850446] ffs_data_put(): freeing
[   48.852186] file system registered
[   48.854307] unloading
[   48.863302] ffs_data_put(): freeing
[   48.865331] file system registered
[   48.866349] unloading
[   48.874998] file system registered
[   48.876212] unloading
[   48.885465] ffs_data_put(): freeing
[   48.888412] file system registered
[   48.890360] unloading
[   48.898312] ffs_data_put(): freeing
[   48.898463] ffs_data_put(): freeing
[   48.901080] file system registered
[   48.903837] unloading
[   48.909261] ffs_data_put(): freeing
[   48.909380] ffs_data_put(): freeing
[   48.911801] file system registered
[   48.914094] unloading
[   48.923160] file system registered
[   48.925268] unloading
[   48.933128] ffs_data_put(): freeing
[   48.935757] file system registered
[   48.937479] unloading
[   48.945339] ffs_data_put(): freeing
[   48.949941] file system registered
[   48.952048] unloading
[   48.959981] file system registered
[   48.962025] unloading
[   48.975335] ffs_data_put(): freeing
[   48.977183] ffs_data_put(): freeing
[   48.978394] file system registered
[   48.981087] unloading
[   48.989342] ffs_data_put(): freeing
[   48.990914] ffs_data_put(): freeing
[   48.992264] file system registered
[   48.994275] unloading
[   49.005993] file system registered
[   49.008390] unloading
[   49.017006] ffs_data_put(): freeing
[   49.017098] ffs_data_put(): freeing
[   49.020388] file system registered
[   49.022403] unloading
[   49.031380] ffs_data_put(): freeing
[   49.031505] ffs_data_put(): freeing
[   49.033334] file system registered
[   49.035383] unloading
[   49.044736] ffs_data_put(): freeing
[   49.045455] ffs_data_put(): freeing
[   49.046759] file system registered
[   49.048317] unloading
[   49.060247] file system registered
[   49.062434] unloading
[   49.068180] ffs_data_put(): freeing
[   49.070100] file system registered
[   49.072040] unloading
[   49.079756] file system registered
[   49.081339] unloading
[   49.090848] ffs_data_put(): freeing
[   49.090960] ffs_data_put(): freeing
[   49.090968] ffs_data_put(): freeing
[   49.092277] file system registered
[   49.094131] unloading
[   49.101745] file system registered
[   49.103255] unloading
[   49.111137] ffs_data_put(): freeing
[   49.112894] file system registered
[   49.114359] unloading
[   49.123416] file system registered
[   49.126893] unloading
[   49.133232] ffs_data_put(): freeing
[   49.135779] file system registered
[   49.137435] unloading
[   49.145006] ffs_data_put(): freeing
[   49.146253] file system registered
[   49.147982] unloading
[   49.154113] ffs_data_put(): freeing
[   49.154269] ffs_data_put(): freeing
[   49.156026] file system registered
[   49.157084] unloading
[   49.163132] ffs_data_put(): freeing
[   49.165286] file system registered
[   49.167857] unloading
[   49.182830] ffs_data_put(): freeing
[   49.182975] ffs_data_put(): freeing
[   49.183097] ffs_data_put(): freeing
[   49.185835] file system registered
[   49.188787] unloading
[   49.198438] ffs_data_put(): freeing
[   49.198991] ffs_data_put(): freeing
[   49.201169] file system registered
[   49.204312] unloading
[   49.210395] ffs_data_put(): freeing
[   49.211251] ffs_data_put(): freeing
[   49.212002] file system registered
[   49.213221] unloading
[   49.224219] file system registered
[   49.225927] unloading
[   49.236353] file system registered
[   49.238821] unloading
[   49.248273] ffs_data_put(): freeing
[   49.250796] file system registered
[   49.252206] unloading
[   49.262322] file system registered
[   49.264194] unloading
[   49.271325] file system registered
[   49.273155] unloading
[   49.285119] ffs_data_put(): freeing
[   49.285244] ffs_data_put(): freeing
[   49.285333] ffs_data_put(): freeing
[   49.286844] file system registered
[   49.288489] ffs_data_put(): freeing
[   49.289239] unloading
[   49.294794] ffs_data_put(): freeing
[   49.294920] ffs_data_put(): freeing
[   49.297231] file system registered
[   49.299302] unloading
[   49.308206] file system registered
[   49.310423] unloading
[   49.319071] file system registered
[   49.321863] unloading
[   49.329812] file system registered
[   49.331464] unloading
[   49.340145] ffs_data_put(): freeing
[   49.340357] ffs_data_put(): freeing
[   49.340438] ffs_data_put(): freeing
[   49.342739] file system registered
[   49.344355] unloading
[   49.349796] ffs_data_put(): freeing
[   49.349919] ffs_data_put(): freeing
[   49.351476] file system registered
[   49.353266] unloading
[   49.359363] ffs_data_put(): freeing
[   49.362009] file system registered
[   49.364729] unloading
[   49.371108] file system registered
[   49.372725] unloading
[   49.378073] ffs_data_put(): freeing
[   49.380337] file system registered
[   49.382327] unloading
[   49.393377] ffs_data_put(): freeing
[   49.396345] file system registered
[   49.398141] unloading
[   49.410029] file system registered
[   49.412178] unloading
[   49.419184] ffs_data_put(): freeing
[   49.419352] ffs_data_put(): freeing
[   49.421871] file system registered
[   49.424351] ffs_data_put(): freeing
[   49.424936] unloading
[   49.432767] ffs_data_put(): freeing
[   49.432781] ffs_data_put(): freeing
[   49.434507] file system registered
[   49.437250] unloading
[   49.446484] file system registered
[   49.448377] unloading
[   49.453168] ffs_data_put(): freeing
[   49.456123] file system registered
[   49.458032] unloading
[   49.465924] file system registered
[   49.467670] unloading
[   49.473130] ffs_data_put(): freeing
[   49.475356] file system registered
[   49.477300] unloading
[   49.486154] ffs_data_put(): freeing
[   49.486319] ffs_data_put(): freeing
[   49.486443] ffs_data_put(): freeing
[   49.487345] file system registered
[   49.488927] unloading
[   49.496207] ffs_data_put(): freeing
[   49.496435] ffs_data_put(): freeing
[   49.496754] ffs_data_put(): freeing
[   49.498882] file system registered
[   49.501981] unloading
[   49.507669] ffs_data_put(): freeing
[   49.507895] ffs_data_put(): freeing
[   49.509865] ffs_data_put(): freeing
[   49.510439] file system registered
[   49.513133] unloading
[   49.520397] ffs_data_put(): freeing
[   49.520481] ffs_data_put(): freeing
[   49.523153] file system registered
[   49.525380] ffs_data_put(): freeing
[   49.526465] unloading
[   49.532267] ffs_data_put(): freeing
[   49.535775] file system registered
[   49.537417] unloading
[   49.542164] ffs_data_put(): freeing
[   49.543910] file system registered
[   49.544930] unloading
[   49.553165] ffs_data_put(): freeing
[   49.555158] file system registered
[   49.557156] unloading
[   49.564208] ffs_data_put(): freeing
[   49.564371] ffs_data_put(): freeing
[   49.565204] file system registered
[   49.566835] unloading
[   49.577105] ffs_data_put(): freeing
[   49.577277] ffs_data_put(): freeing
[   49.577371] ffs_data_put(): freeing
[   49.578925] file system registered
[   49.581246] unloading
[   49.586930] ffs_data_put(): freeing
[   49.587861] ffs_data_put(): freeing
[   49.588379] ffs_data_put(): freeing
[   49.589378] file system registered
[   49.591357] unloading
[   49.600867] ffs_data_put(): freeing
[   49.601066] ffs_data_put(): freeing
[   49.604289] file system registered
[   49.608314] unloading
[   49.621167] file system registered
[   49.625041] unloading
[   49.634442] ffs_data_put(): freeing
[   49.637195] file system registered
[   49.640898] unloading
[   49.651289] ffs_data_put(): freeing
[   49.654847] file system registered
[   49.657299] unloading
[   49.666203] file system registered
[   49.669004] unloading
[   49.679313] ffs_data_put(): freeing
[   49.679429] ffs_data_put(): freeing
[   49.682052] file system registered
[   49.685401] unloading
[   49.692351] ffs_data_put(): freeing
[   49.692436] ffs_data_put(): freeing
[   49.695319] file system registered
[   49.697426] unloading
[   49.703317] ffs_data_put(): freeing
[   49.703510] ffs_data_put(): freeing
[   49.703761] ffs_data_put(): freeing
[   49.706220] file system registered
[   49.708755] unloading
[   49.714227] ffs_data_put(): freeing
[   49.717118] file system registered
[   49.719297] unloading
[   49.727247] file system registered
[   49.729081] unloading
[   49.738146] ffs_data_put(): freeing
[   49.738242] ffs_data_put(): freeing
[   49.740406] file system registered
[   49.743918] unloading
[   49.754228] ffs_data_put(): freeing
[   49.754342] ffs_data_put(): freeing
[   49.756789] file system registered
[   49.758800] unloading
[   49.767408] ffs_data_put(): freeing
[   49.771433] file system registered
[   49.774035] unloading
[   49.782847] file system registered
[   49.784184] unloading
[   49.794419] ffs_data_put(): freeing
[   49.796484] file system registered
[   49.798684] unloading
[   49.808156] ffs_data_put(): freeing
[   49.809964] file system registered
[   49.812133] unloading
[   49.822360] ffs_data_put(): freeing
[   49.822456] ffs_data_put(): freeing
[   49.824762] file system registered
[   49.827091] unloading
[   49.832324] ffs_data_put(): freeing
[   49.832465] ffs_data_put(): freeing
[   49.833297] ffs_data_put(): freeing
[   49.834819] file system registered
[   49.836406] unloading
[   49.847145] ffs_data_put(): freeing
[   49.847327] ffs_data_put(): freeing
[   49.847707] ffs_data_put(): freeing
[   49.850285] file system registered
[   49.854148] unloading
[   49.860006] ffs_data_put(): freeing
[   49.862109] file system registered
[   49.864378] unloading
[   49.872874] file system registered
[   49.874461] unloading
[   49.882399] file system registered
[   49.884202] unloading
[   49.891884] file system registered
[   49.894076] unloading
[   49.904305] ffs_data_put(): freeing
[   49.909876] file system registered
[   49.912424] unloading
[   49.922372] ffs_data_put(): freeing
[   49.924432] file system registered
[   49.926937] unloading
[   49.935178] file system registered
[   49.937326] unloading
[   49.946203] ffs_data_put(): freeing
[   49.946372] ffs_data_put(): freeing
[   49.946464] ffs_data_put(): freeing
[   49.948164] file system registered
[   49.949856] unloading
[   49.960490] ffs_data_put(): freeing
[   49.963446] file system registered
[   49.965829] unloading
[   49.973287] ffs_data_put(): freeing
[   49.973414] ffs_data_put(): freeing
[   49.976924] file system registered
[   49.979911] unloading
[   49.986134] ffs_data_put(): freeing
[   49.986253] ffs_data_put(): freeing
[   49.988460] file system registered
[   49.990460] unloading
[   49.995210] ffs_data_put(): freeing
[   49.997397] file system registered
[   49.999306] unloading
[   50.007073] ffs_data_put(): freeing
[   50.010048] file system registered
[   50.012366] unloading
[   50.021215] ffs_data_put(): freeing
[   50.021332] ffs_data_put(): freeing
[   50.024586] file system registered
[   50.026792] unloading
[   50.035915] file system registered
[   50.037728] unloading
[   50.042242] ffs_data_put(): freeing
[   50.042333] ffs_data_put(): freeing
[   50.045226] file system registered
[   50.047788] unloading
[   50.053132] ffs_data_put(): freeing
[   50.055734] file system registered
[   50.057856] unloading
[   50.067321] file system registered
[   50.069022] unloading
[   50.079071] ffs_data_put(): freeing
[   50.080492] file system registered
[   50.082208] unloading
[   50.088417] ffs_data_put(): freeing
[   50.089010] ffs_data_put(): freeing
[   50.090592] file system registered
[   50.092867] unloading
[   50.099275] ffs_data_put(): freeing
[   50.099446] ffs_data_put(): freeing
[   50.101316] file system registered
[   50.103412] unloading
[   50.111293] ffs_data_put(): freeing
[   50.113266] file system registered
[   50.115436] unloading
[   50.123151] ffs_data_put(): freeing
[   50.126967] file system registered
[   50.129091] unloading
[   50.140152] ffs_data_put(): freeing
[   50.140220] ffs_data_put(): freeing
[   50.143118] file system registered
[   50.145954] unloading
[   50.155239] ffs_data_put(): freeing
[   50.158064] file system registered
[   50.160824] unloading
[   50.170108] ffs_data_put(): freeing
[   50.172967] file system registered
[   50.174086] unloading
[   50.183955] file system registered
[   50.185380] unloading
[   50.192274] ffs_data_put(): freeing
[   50.194229] file system registered
[   50.195451] unloading
[   50.201174] ffs_data_put(): freeing
[   50.206995] file system registered
[   50.210926] unloading
[   50.216431] ffs_data_put(): freeing
[   50.216752] ffs_data_put(): freeing
[   50.216795] ffs_data_put(): freeing
[   50.218302] file system registered
[   50.221048] unloading
[   50.232313] ffs_data_put(): freeing
[   50.232424] ffs_data_put(): freeing
[   50.236376] file system registered
[   50.239238] unloading
[   50.248145] file system registered
[   50.250931] unloading
[   50.261180] file system registered
[   50.263981] unloading
[   50.270180] ffs_data_put(): freeing
[   50.272807] file system registered
[   50.274359] unloading
[   50.283232] ffs_data_put(): freeing
[   50.290389] file system registered
[   50.294124] ffs_data_put(): freeing
[   50.294840] ffs_data_put(): freeing
[   50.295416] ffs_data_put(): freeing
[   50.297292] unloading
[   50.306196] ffs_data_put(): freeing
[   50.306347] ffs_data_put(): freeing
[   50.306634] ffs_data_put(): freeing
[   50.307998] ffs_data_put(): freeing
[   50.309804] file system registered
[   50.311400] unloading
[   50.323480] ffs_data_put(): freeing
[   50.326464] file system registered
[   50.329317] unloading
[   50.336206] ffs_data_put(): freeing
[   50.338291] file system registered
[   50.340850] unloading
[   50.347237] ffs_data_put(): freeing
[   50.350351] file system registered
[   50.352954] unloading
[   50.362439] ffs_data_put(): freeing
[   50.366043] file system registered
[   50.369919] unloading
[   50.378212] ffs_data_put(): freeing
[   50.378392] ffs_data_put(): freeing
[   50.378523] ffs_data_put(): freeing
[   50.379766] file system registered
[   50.381293] unloading
[   50.386432] ffs_data_put(): freeing
[   50.386518] ffs_data_put(): freeing
[   50.389503] file system registered
[   50.392467] unloading
[   50.402780] file system registered
[   50.404200] unloading
[   50.415341] ffs_data_put(): freeing
[   50.419383] file system registered
[   50.423380] unloading
[   50.434295] ffs_data_put(): freeing
[   50.436372] file system registered
[   50.438338] unloading
[   50.443460] ffs_data_put(): freeing
[   50.443739] ffs_data_put(): freeing
[   50.444106] ffs_data_put(): freeing
[   50.448193] file system registered
[   50.450259] unloading
[   50.459740] file system registered
[   50.461456] unloading
[   50.468419] file system registered
[   50.471219] ffs_data_put(): freeing
[   50.471818] unloading
[   50.476244] ffs_data_put(): freeing
[   50.476251] ffs_data_put(): freeing
[   50.478382] file system registered
[   50.479710] unloading
[   50.484057] ffs_data_put(): freeing
[   50.485555] file system registered
[   50.487350] ffs_data_put(): freeing
[   50.488012] unloading
[   50.493136] ffs_data_put(): freeing
[   50.495064] file system registered
[   50.496341] unloading
[   50.503058] file system registered
[   50.504763] unloading
[   50.515271] file system registered
[   50.516976] unloading
[   50.528034] ffs_data_put(): freeing
[   50.528111] ffs_data_put(): freeing
[   50.530094] file system registered
[   50.531905] unloading
[   50.540172] ffs_data_put(): freeing
[   50.543342] file system registered
[   50.545403] unloading
[   50.553126] ffs_data_put(): freeing
[   50.553386] ffs_data_put(): freeing
[   50.557051] file system registered
[   50.559364] unloading
[   50.567994] file system registered
[   50.570130] unloading
[   50.577053] ffs_data_put(): freeing
[   50.579477] file system registered
[   50.581276] unloading
[   50.592431] file system registered
[   50.594073] unloading
[   50.601928] ffs_data_put(): freeing
[   50.602044] ffs_data_put(): freeing
[   50.603416] file system registered
[   50.605290] unloading
[   50.614098] ffs_data_put(): freeing
[   50.616012] file system registered
[   50.617462] unloading
[   50.625027] ffs_data_put(): freeing
[   50.626295] file system registered
[   50.627925] unloading
[   50.638270] ffs_data_put(): freeing
[   50.638443] ffs_data_put(): freeing
[   50.640431] ffs_data_put(): freeing
[   50.641398] file system registered
[   50.643815] unloading
[   50.653937] ffs_data_put(): freeing
[   50.654749] ffs_data_put(): freeing
[   50.656935] file system registered
[   50.659368] unloading
[   50.668121] ffs_data_put(): freeing
[   50.670453] file system registered
[   50.672243] unloading
[   50.678169] ffs_data_put(): freeing
[   50.678326] ffs_data_put(): freeing
[   50.679920] file system registered
[   50.681231] unloading
[   50.687461] ffs_data_put(): freeing
[   50.687692] ffs_data_put(): freeing
[   50.691006] file system registered
[   50.692400] unloading
[   50.698170] ffs_data_put(): freeing
[   50.700149] file system registered
[   50.701712] unloading
[   50.710933] file system registered
[   50.712238] unloading
[   50.719118] ffs_data_put(): freeing
[   50.719211] ffs_data_put(): freeing
[   50.720861] file system registered
[   50.722395] unloading
[   50.732076] ffs_data_put(): freeing
[   50.732226] ffs_data_put(): freeing
[   50.732391] ffs_data_put(): freeing
[   50.732727] ffs_data_put(): freeing
[   50.733866] file system registered
[   50.735276] unloading
[   50.741315] ffs_data_put(): freeing
[   50.741874] ffs_data_put(): freeing
[   50.742202] ffs_data_put(): freeing
[   50.742362] ffs_data_put(): freeing
[   50.744669] file system registered
[   50.747484] unloading
[   50.757446] ffs_data_put(): freeing
[   50.757748] ffs_data_put(): freeing
[   50.757855] ffs_data_put(): freeing
[   50.760138] file system registered
[   50.763267] unloading
[   50.769743] ffs_data_put(): freeing
[   50.770401] ffs_data_put(): freeing
[   50.772280] file system registered
[   50.772429] ffs_data_put(): freeing
[   50.774928] unloading
[   50.795189] ffs_data_put(): freeing
[   50.795830] ffs_data_put(): freeing
[   50.795954] ffs_data_put(): freeing
[   50.798912] file system registered
[   50.802589] unloading
[   50.810443] ffs_data_put(): freeing
[   50.810926] ffs_data_put(): freeing
[   50.811169] ffs_data_put(): freeing
[   50.814165] file system registered
[   50.817031] unloading
[   50.826951] ffs_data_put(): freeing
[   50.827284] ffs_data_put(): freeing
[   50.827474] ffs_data_put(): freeing
[   50.832213] file system registered
[   50.837477] unloading
[   50.849406] file system registered
[   50.852433] unloading
[   50.862807] file system registered
[   50.865928] unloading
[   50.875192] ffs_data_put(): freeing
[   50.878234] file system registered
[   50.881994] ffs_data_put(): freeing
[   50.882249] unloading
[   50.889796] ffs_data_put(): freeing
[   50.891809] file system registered
[   50.894212] unloading
[   50.903329] file system registered
[   50.905357] unloading
[   50.914158] ffs_data_put(): freeing
[   50.914321] ffs_data_put(): freeing
[   50.914437] ffs_data_put(): freeing
[   50.916370] file system registered
[   50.918951] unloading
[   50.925160] ffs_data_put(): freeing
[   50.927996] file system registered
[   50.931172] unloading
[   50.941273] ffs_data_put(): freeing
[   50.941389] ffs_data_put(): freeing
[   50.943336] file system registered
[   50.945251] unloading
[   50.955250] ffs_data_put(): freeing
[   50.957472] file system registered
[   50.959336] unloading
[   50.969247] file system registered
[   50.971457] unloading
[   50.991192] ffs_data_put(): freeing
[   50.991412] ffs_data_put(): freeing
[   50.992451] ffs_data_put(): freeing
[   50.992667] ffs_data_put(): freeing
[   50.995056] file system registered
[   50.998267] ffs_data_put(): freeing
[   50.999339] unloading
[   51.013278] ffs_data_put(): freeing
[   51.018395] file system registered
[   51.022428] unloading
[   51.031200] ffs_data_put(): freeing
[   51.031337] ffs_data_put(): freeing
[   51.031934] ffs_data_put(): freeing
[   51.033909] file system registered
[   51.036095] unloading
[   51.043781] ffs_data_put(): freeing
[   51.045945] file system registered
[   51.047857] unloading
[   51.056367] ffs_data_put(): freeing
[   51.058027] file system registered
[   51.059248] unloading
[   51.070324] ffs_data_put(): freeing
[   51.072770] file system registered
[   51.074198] unloading
[   51.085393] ffs_data_put(): freeing
[   51.088015] file system registered
[   51.090528] unloading
[   51.099342] ffs_data_put(): freeing
[   51.101856] file system registered
[   51.103420] unloading
[   51.112363] ffs_data_put(): freeing
[   51.112512] ffs_data_put(): freeing
[   51.114014] file system registered
[   51.115910] ffs_data_put(): freeing
[   51.116830] unloading
[   51.125794] ffs_data_put(): freeing
[   51.127373] file system registered
[   51.129111] unloading
[   51.138162] ffs_data_put(): freeing
[   51.141133] file system registered
[   51.143092] unloading
[   51.148274] ffs_data_put(): freeing
[   51.149378] file system registered
[   51.151038] unloading
[   51.157122] ffs_data_put(): freeing
[   51.158866] file system registered
[   51.160156] unloading
[   51.167827] ffs_data_put(): freeing
[   51.167940] ffs_data_put(): freeing
[   51.168054] ffs_data_put(): freeing
[   51.170050] file system registered
[   51.172751] unloading
[   51.179095] file system registered
[   51.180932] unloading
[   51.187338] file system registered
[   51.189192] unloading
[   51.198194] ffs_data_put(): freeing
[   51.198338] ffs_data_put(): freeing
[   51.198423] ffs_data_put(): freeing
[   51.199676] file system registered
[   51.201122] unloading
[   51.207384] ffs_data_put(): freeing
[   51.208330] ffs_data_put(): freeing
[   51.208453] ffs_data_put(): freeing
[   51.210356] file system registered
[   51.213192] unloading
[   51.224350] file system registered
[   51.227375] unloading
[   51.235116] ffs_data_put(): freeing
[   51.237141] file system registered
[   51.239238] unloading
[   51.253317] ffs_data_put(): freeing
[   51.254097] ffs_data_put(): freeing
[   51.254136] ffs_data_put(): freeing
[   51.259889] file system registered
[   51.263017] unloading
[   51.272722] file system registered
[   51.275834] unloading
[   51.282152] ffs_data_put(): freeing
[   51.285320] file system registered
[   51.287885] unloading
[   51.294144] ffs_data_put(): freeing
[   51.297050] file system registered
[   51.300841] ffs_data_put(): freeing
[   51.301342] ffs_data_put(): freeing
[   51.306195] unloading
[   51.314151] ffs_data_put(): freeing
[   51.314328] ffs_data_put(): freeing
[   51.314447] ffs_data_put(): freeing
[   51.315114] ffs_data_put(): freeing
[   51.318911] file system registered
[   51.323969] unloading
[   51.334195] file system registered
[   51.338159] unloading
[   51.344351] ffs_data_put(): freeing
[   51.346120] file system registered
[   51.348361] unloading
[   51.356481] ffs_data_put(): freeing
[   51.359899] file system registered
[   51.362004] unloading
[   51.369743] file system registered
[   51.372157] unloading
[   51.379194] ffs_data_put(): freeing
[   51.381221] file system registered
[   51.382700] unloading
[   51.387135] ffs_data_put(): freeing
[   51.388975] file system registered
[   51.390246] unloading
[   51.400238] ffs_data_put(): freeing
[   51.402946] file system registered
[   51.405310] unloading
[   51.414168] ffs_data_put(): freeing
[   51.414325] ffs_data_put(): freeing
[   51.414438] ffs_data_put(): freeing
[   51.415923] file system registered
[   51.417970] ffs_data_put(): freeing
[   51.418085] unloading
[   51.425417] ffs_data_put(): freeing
[   51.425520] ffs_data_put(): freeing
[   51.427323] file system registered
[   51.430820] unloading
[   51.443410] file system registered
[   51.446732] unloading
[   51.457344] file system registered
[   51.459811] unloading
[   51.469248] ffs_data_put(): freeing
[   51.471861] file system registered
[   51.474303] unloading
[   51.479884] ffs_data_put(): freeing
[   51.480222] ffs_data_put(): freeing
[   51.481730] file system registered
[   51.483416] unloading
[   51.493213] ffs_data_put(): freeing
[   51.493380] ffs_data_put(): freeing
[   51.496085] file system registered
[   51.499407] unloading
[   51.509450] file system registered
[   51.511863] unloading
[   51.525348] file system registered
[   51.527337] unloading
[   51.534206] ffs_data_put(): freeing
[   51.536434] file system registered
[   51.538250] unloading
[   51.544198] ffs_data_put(): freeing
[   51.544313] ffs_data_put(): freeing
[   51.546045] file system registered
[   51.548801] unloading
[   51.558481] ffs_data_put(): freeing
[   51.559345] ffs_data_put(): freeing
[   51.561716] file system registered
[   51.563400] unloading
[   51.569253] ffs_data_put(): freeing
[   51.571607] file system registered
[   51.574145] unloading
[   51.580195] ffs_data_put(): freeing
[   51.582482] file system registered
[   51.584413] unloading
[   51.591191] ffs_data_put(): freeing
[   51.594145] file system registered
[   51.596132] unloading
[   51.604348] ffs_data_put(): freeing
[   51.606417] file system registered
[   51.608168] unloading
[   51.619069] ffs_data_put(): freeing
[   51.619483] ffs_data_put(): freeing
[   51.620992] file system registered
[   51.623729] unloading
[   51.631410] ffs_data_put(): freeing
[   51.631675] ffs_data_put(): freeing
[   51.631993] ffs_data_put(): freeing
[   51.632169] ffs_data_put(): freeing
[   51.634141] file system registered
[   51.636225] unloading
[   51.648941] ffs_data_put(): freeing
[   51.649129] ffs_data_put(): freeing
[   51.649282] ffs_data_put(): freeing
[   51.651645] file system registered
[   51.655042] unloading
[   51.663028] ffs_data_put(): freeing
[   51.663196] ffs_data_put(): freeing
[   51.665186] file system registered
[   51.667486] unloading
[   51.679499] ffs_data_put(): freeing
[   51.679835] ffs_data_put(): freeing
[   51.683107] file system registered
[   51.686209] unloading
[   51.700019] ffs_data_put(): freeing
[   51.700349] ffs_data_put(): freeing
[   51.701503] file system registered
[   51.704947] unloading
[   51.710490] ffs_data_put(): freeing
[   51.721454] file system registered
[   51.726180] unloading
[   51.736341] ffs_data_put(): freeing
[   51.736437] ffs_data_put(): freeing
[   51.741242] file system registered
[   51.748794] unloading
[   51.756484] ffs_data_put(): freeing
[   51.756764] ffs_data_put(): freeing
[   51.756976] ffs_data_put(): freeing
[   51.757198] ffs_data_put(): freeing
[   51.759878] file system registered
[   51.763291] unloading
[   51.771350] file system registered
[   51.773399] unloading
[   51.782482] ffs_data_put(): freeing
[   51.784867] file system registered
[   51.788269] unloading
[   51.794242] ffs_data_put(): freeing
[   51.794338] ffs_data_put(): freeing
[   51.796741] file system registered
[   51.798361] unloading
[   51.807307] file system registered
[   51.809936] unloading
[   51.817740] ffs_data_put(): freeing
[   51.820765] file system registered
[   51.822868] unloading
[   51.830278] ffs_data_put(): freeing
[   51.833095] file system registered
[   51.836124] unloading
[   51.841293] ffs_data_put(): freeing
[   51.843184] file system registered
[   51.844833] unloading
[   51.849181] ffs_data_put(): freeing
[   51.851117] file system registered
[   51.852874] unloading
[   51.859255] ffs_data_put(): freeing
[   51.859395] ffs_data_put(): freeing
[   51.859633] ffs_data_put(): freeing
[   51.860477] file system registered
[   51.862175] unloading
[   51.874313] ffs_data_put(): freeing
[   51.874977] ffs_data_put(): freeing
[   51.877484] file system registered
[   51.880854] unloading
[   51.886927] ffs_data_put(): freeing
[   51.887010] ffs_data_put(): freeing
[   51.889315] file system registered
[   51.892305] unloading
[   51.899276] ffs_data_put(): freeing
[   51.902794] file system registered
[   51.905829] unloading
[   51.912815] file system registered
[   51.915031] unloading
[   51.923422] ffs_data_put(): freeing
[   51.925840] file system registered
[   51.927416] unloading
[   51.935271] file system registered
[   51.936969] unloading
[   51.946194] ffs_data_put(): freeing
[   51.946313] ffs_data_put(): freeing
[   51.947993] file system registered
[   51.949240] unloading
[   51.957248] ffs_data_put(): freeing
[   51.959436] file system registered
[   51.961156] unloading
[   51.972269] ffs_data_put(): freeing
[   51.972471] ffs_data_put(): freeing
[   51.972979] ffs_data_put(): freeing
[   51.975137] file system registered
[   51.977467] unloading
[   51.988977] ffs_data_put(): freeing
[   51.989256] ffs_data_put(): freeing
[   51.991410] file system registered
[   51.994296] ffs_data_put(): freeing
[   51.995247] unloading
[   52.004359] ffs_data_put(): freeing
[   52.008055] file system registered
[   52.010968] unloading
[   52.020201] ffs_data_put(): freeing
[   52.020331] ffs_data_put(): freeing
[   52.022874] file system registered
[   52.024256] unloading
[   52.033721] ffs_data_put(): freeing
[   52.035405] file system registered
[   52.037811] unloading
[   52.045253] ffs_data_put(): freeing
[   52.047734] file system registered
[   52.049365] unloading
[   52.059406] ffs_data_put(): freeing
[   52.062119] file system registered
[   52.065314] ffs_data_put(): freeing
[   52.065810] unloading
[   52.073150] ffs_data_put(): freeing
[   52.076000] file system registered
[   52.078390] unloading
[   52.087322] ffs_data_put(): freeing
[   52.089754] file system registered
[   52.092135] unloading
[   52.098279] ffs_data_put(): freeing
[   52.098397] ffs_data_put(): freeing
[   52.102205] file system registered
[   52.105408] unloading
[   52.112134] ffs_data_put(): freeing
[   52.114901] file system registered
[   52.116975] unloading
[   52.121441] ffs_data_put(): freeing
[   52.123853] file system registered
[   52.125432] unloading
[   52.132431] ffs_data_put(): freeing
[   52.134212] file system registered
[   52.136050] unloading
[   52.141980] ffs_data_put(): freeing
[   52.144227] file system registered
[   52.146337] unloading
[   52.154086] ffs_data_put(): freeing
[   52.154204] ffs_data_put(): freeing
[   52.155987] file system registered
[   52.157460] unloading
[   52.167182] ffs_data_put(): freeing
[   52.167359] ffs_data_put(): freeing
[   52.168384] file system registered
[   52.170069] unloading
[   52.174411] ffs_data_put(): freeing
[   52.174810] ffs_data_put(): freeing
[   52.176378] file system registered
[   52.178401] unloading
[   52.183222] ffs_data_put(): freeing
[   52.183385] ffs_data_put(): freeing
[   52.185906] file system registered
[   52.187247] unloading
[   52.195119] file system registered
[   52.197987] unloading
[   52.202255] ffs_data_put(): freeing
[   52.202326] ffs_data_put(): freeing
[   52.202993] ffs_data_put(): freeing
[   52.203444] file system registered
[   52.204993] unloading
[   52.211032] ffs_data_put(): freeing
[   52.211137] ffs_data_put(): freeing
[   52.211296] ffs_data_put(): freeing
[   52.212890] file system registered
[   52.214169] unloading
[   52.221184] ffs_data_put(): freeing
[   52.221334] ffs_data_put(): freeing
[   52.224335] file system registered
[   52.226403] unloading
[   52.231248] ffs_data_put(): freeing
[   52.233873] file system registered
[   52.236320] unloading
[   52.244188] ffs_data_put(): freeing
[   52.244353] ffs_data_put(): freeing
[   52.246303] file system registered
[   52.247939] unloading
[   52.259229] ffs_data_put(): freeing
[   52.262292] file system registered
[   52.265283] unloading
[   52.279384] ffs_data_put(): freeing
[   52.279695] ffs_data_put(): freeing
[   52.282005] file system registered
[   52.284951] unloading
[   52.297270] file system registered
[   52.299525] unloading
[   52.306180] ffs_data_put(): freeing
[   52.306311] ffs_data_put(): freeing
[   52.306443] ffs_data_put(): freeing
[   52.307298] ffs_data_put(): freeing
[   52.308419] file system registered
[   52.310262] unloading
[   52.315252] ffs_data_put(): freeing
[   52.315325] ffs_data_put(): freeing
[   52.318046] file system registered
[   52.320326] unloading
[   52.327337] ffs_data_put(): freeing
[   52.327445] ffs_data_put(): freeing
[   52.330041] file system registered
[   52.333218] unloading
[   52.340821] ffs_data_put(): freeing
[   52.341000] ffs_data_put(): freeing
[   52.343488] file system registered
[   52.347968] unloading
[   52.355089] ffs_data_put(): freeing
[   52.355213] ffs_data_put(): freeing
[   52.357552] file system registered
[   52.359452] unloading
[   52.372061] file system registered
[   52.373851] unloading
[   52.379312] ffs_data_put(): freeing
[   52.382740] file system registered
[   52.385150] unloading
[   52.391117] ffs_data_put(): freeing
[   52.392853] file system registered
[   52.394321] unloading
[   52.402869] file system registered
[   52.404079] unloading
[   52.413304] ffs_data_put(): freeing
[   52.415311] file system registered
[   52.417777] unloading
[   52.425181] ffs_data_put(): freeing
[   52.427113] file system registered
[   52.428697] unloading
[   52.433060] ffs_data_put(): freeing
[   52.436871] file system registered
[   52.438126] unloading
[   52.446165] ffs_data_put(): freeing
[   52.447885] file system registered
[   52.449373] unloading
[   52.455305] ffs_data_put(): freeing
[   52.458300] file system registered
[   52.460189] unloading
[   52.469346] ffs_data_put(): freeing
[   52.469800] ffs_data_put(): freeing
[   52.471803] file system registered
[   52.473979] unloading
[   52.492973] ffs_data_put(): freeing
[   52.493768] ffs_data_put(): freeing
[   52.494086] ffs_data_put(): freeing
[   52.498426] file system registered
[   52.502172] unloading
[   52.511941] ffs_data_put(): freeing
[   52.515282] file system registered
[   52.518952] unloading
[   52.529883] ffs_data_put(): freeing
[   52.529996] ffs_data_put(): freeing
[   52.532509] file system registered
[   52.535810] unloading
[   52.543440] ffs_data_put(): freeing
[   52.543734] ffs_data_put(): freeing
[   52.548354] file system registered
[   52.552464] unloading
[   52.564136] file system registered
[   52.567459] unloading
[   52.574116] ffs_data_put(): freeing
[   52.574278] ffs_data_put(): freeing
[   52.576943] file system registered
[   52.578902] ffs_data_put(): freeing
[   52.580308] unloading
[   52.587181] ffs_data_put(): freeing
[   52.590161] file system registered
[   52.592366] unloading
[   52.598097] ffs_data_put(): freeing
[   52.600871] file system registered
[   52.602426] unloading
[   52.610910] file system registered
[   52.612444] unloading
[   52.620426] file system registered
[   52.621693] unloading
[   52.628049] ffs_data_put(): freeing
[   52.628118] ffs_data_put(): freeing
[   52.630299] file system registered
[   52.632027] unloading
[   52.637675] ffs_data_put(): freeing
[   52.639718] file system registered
[   52.641233] unloading
[   52.649179] ffs_data_put(): freeing
[   52.651127] file system registered
[   52.652832] unloading
[   52.663170] ffs_data_put(): freeing
[   52.663317] ffs_data_put(): freeing
[   52.665407] file system registered
[   52.667313] unloading
[   52.675710] file system registered
[   52.677434] unloading
[   52.687271] ffs_data_put(): freeing
[   52.689438] file system registered
[   52.691653] unloading
[   52.701188] file system registered
[   52.703136] unloading
[   52.708720] file system registered
[   52.709782] unloading
[   52.719066] ffs_data_put(): freeing
[   52.721125] file system registered
[   52.723109] unloading
[   52.732232] ffs_data_put(): freeing
[   52.732331] ffs_data_put(): freeing
[   52.735048] file system registered
[   52.738267] unloading
[   52.748037] file system registered
[   52.750885] unloading
[   52.757420] ffs_data_put(): freeing
[   52.757823] ffs_data_put(): freeing
[   52.759623] file system registered
[   52.761501] unloading
[   52.770070] ffs_data_put(): freeing
[   52.772764] file system registered
[   52.775322] unloading
[   52.783043] ffs_data_put(): freeing
[   52.783151] ffs_data_put(): freeing
[   52.785075] file system registered
[   52.786688] unloading
[   52.795155] file system registered
[   52.797785] unloading
[   52.804058] ffs_data_put(): freeing
[   52.804158] ffs_data_put(): freeing
[   52.806402] file system registered
[   52.808145] unloading
[   52.817811] file system registered
[   52.819435] unloading
[   52.826674] file system registered
[   52.827974] unloading
[   52.834011] ffs_data_put(): freeing
[   52.835261] file system registered
[   52.837358] unloading
[   52.847110] ffs_data_put(): freeing
[   52.847190] ffs_data_put(): freeing
[   52.849444] file system registered
[   52.851123] unloading
[   52.859180] ffs_data_put(): freeing
[   52.859299] ffs_data_put(): freeing
[   52.861852] file system registered
[   52.863914] unloading
[   52.877158] ffs_data_put(): freeing
[   52.877336] ffs_data_put(): freeing
[   52.879112] file system registered
[   52.880840] unloading
[   52.885466] ffs_data_put(): freeing
[   52.887473] ffs_data_put(): freeing
[   52.889028] file system registered
[   52.891138] unloading
[   52.898331] ffs_data_put(): freeing
[   52.898424] ffs_data_put(): freeing
[   52.899857] file system registered
[   52.901000] unloading
[   52.909808] file system registered
[   52.911464] unloading
[   52.920804] file system registered
[   52.922170] unloading
[   52.929039] file system registered
[   52.930856] unloading
[   52.939075] ffs_data_put(): freeing
[   52.939183] ffs_data_put(): freeing
[   52.940347] file system registered
[   52.941977] unloading
[   52.952414] ffs_data_put(): freeing
[   52.954176] ffs_data_put(): freeing
[   52.955025] ffs_data_put(): freeing
[   52.955891] file system registered
[   52.958410] unloading
[   52.964392] ffs_data_put(): freeing
[   52.965038] ffs_data_put(): freeing
[   52.967300] file system registered
[   52.969266] unloading
[   52.980467] file system registered
[   52.982710] unloading
[   52.989175] ffs_data_put(): freeing
[   52.989351] ffs_data_put(): freeing
[   52.991844] file system registered
[   52.995394] unloading
[   53.001446] ffs_data_put(): freeing
[   53.001635] ffs_data_put(): freeing
[   53.003351] file system registered
[   53.005315] unloading
[   53.015139] ffs_data_put(): freeing
[   53.018916] file system registered
[   53.020320] unloading
[   53.027068] ffs_data_put(): freeing
[   53.029282] file system registered
[   53.031128] unloading
[   53.040173] ffs_data_put(): freeing
[   53.042393] file system registered
[   53.044906] unloading
[   53.053826] file system registered
[   53.055830] unloading
[   53.063836] file system registered
[   53.065328] unloading
[   53.071128] ffs_data_put(): freeing
[   53.073126] file system registered
[   53.074819] unloading
[   53.084145] ffs_data_put(): freeing
[   53.084294] ffs_data_put(): freeing
[   53.084438] ffs_data_put(): freeing
[   53.086398] file system registered
[   53.088326] unloading
[   53.096192] ffs_data_put(): freeing
[   53.098548] file system registered
[   53.100882] unloading
[   53.109297] file system registered
[   53.111895] unloading
[   53.118026] ffs_data_put(): freeing
[   53.120186] file system registered
[   53.122155] unloading
[   53.129739] file system registered
[   53.131393] unloading
[   53.144200] ffs_data_put(): freeing
[   53.144341] ffs_data_put(): freeing
[   53.145383] ffs_data_put(): freeing
[   53.147555] file system registered
[   53.149975] unloading
[   53.160695] file system registered
[   53.162207] unloading
[   53.173167] ffs_data_put(): freeing
[   53.173270] ffs_data_put(): freeing
[   53.174848] file system registered
[   53.176424] unloading
[   53.189370] ffs_data_put(): freeing
[   53.190311] ffs_data_put(): freeing
[   53.190448] ffs_data_put(): freeing
[   53.193763] file system registered
[   53.197180] unloading
[   53.208950] file system registered
[   53.212253] unloading
[   53.221197] ffs_data_put(): freeing
[   53.224329] file system registered
[   53.227123] unloading
[   53.236405] ffs_data_put(): freeing
[   53.236731] ffs_data_put(): freeing
[   53.239003] file system registered
[   53.241124] unloading
[   53.251258] ffs_data_put(): freeing
[   53.252722] file system registered
[   53.254079] unloading
[   53.258272] ffs_data_put(): freeing
[   53.261733] file system registered
[   53.264309] unloading
[   53.271163] ffs_data_put(): freeing
[   53.273320] file system registered
[   53.275334] unloading
[   53.280182] ffs_data_put(): freeing
[   53.280317] ffs_data_put(): freeing
[   53.282076] file system registered
[   53.283687] unloading
[   53.292080] ffs_data_put(): freeing
[   53.292173] ffs_data_put(): freeing
[   53.293952] file system registered
[   53.296866] unloading
[   53.306366] ffs_data_put(): freeing
[   53.306438] ffs_data_put(): freeing
[   53.308324] file system registered
[   53.310315] unloading
[   53.317299] ffs_data_put(): freeing
[   53.320063] file system registered
[   53.321944] ffs_data_put(): freeing
[   53.322200] unloading
[   53.328779] ffs_data_put(): freeing
[   53.328909] ffs_data_put(): freeing
[   53.330130] file system registered
[   53.331918] unloading
[   53.341338] ffs_data_put(): freeing
[   53.343417] file system registered
[   53.345341] unloading
[   53.352970] file system registered
[   53.354314] unloading
[   53.361183] ffs_data_put(): freeing
[   53.363313] file system registered
[   53.365060] unloading
[   53.374431] ffs_data_put(): freeing
[   53.375445] ffs_data_put(): freeing
[   53.377465] file system registered
[   53.379341] unloading
[   53.386077] ffs_data_put(): freeing
[   53.388955] file system registered
[   53.391374] unloading
[   53.398132] ffs_data_put(): freeing
[   53.398264] ffs_data_put(): freeing
[   53.399324] file system registered
[   53.400986] unloading
[   53.407068] ffs_data_put(): freeing
[   53.409162] file system registered
[   53.411396] unloading
[   53.417718] file system registered
[   53.419295] unloading
[   53.427150] ffs_data_put(): freeing
[   53.428699] file system registered
[   53.430111] unloading
[   53.435087] ffs_data_put(): freeing
[   53.436479] file system registered
[   53.438890] unloading
[   53.448009] ffs_data_put(): freeing
[   53.450995] file system registered
[   53.451955] unloading
[   53.458058] ffs_data_put(): freeing
[   53.461139] file system registered
[   53.462515] unloading
[   53.471207] ffs_data_put(): freeing
[   53.471294] ffs_data_put(): freeing
[   53.473005] file system registered
[   53.474310] unloading
[   53.484150] ffs_data_put(): freeing
[   53.486912] file system registered
[   53.489086] unloading
[   53.497172] ffs_data_put(): freeing
[   53.499279] file system registered
[   53.500883] unloading
[   53.508095] ffs_data_put(): freeing
[   53.509433] file system registered
[   53.510991] unloading
[   53.521463] ffs_data_put(): freeing
[   53.523836] file system registered
[   53.525813] unloading
[   53.533144] ffs_data_put(): freeing
[   53.535356] file system registered
[   53.537199] unloading
[   53.546123] ffs_data_put(): freeing
[   53.546236] ffs_data_put(): freeing
[   53.548093] file system registered
[   53.551335] unloading
[   53.561133] ffs_data_put(): freeing
[   53.563422] file system registered
[   53.565065] unloading
[   53.572091] ffs_data_put(): freeing
[   53.572151] ffs_data_put(): freeing
[   53.574918] file system registered
[   53.577226] unloading
[   53.585451] ffs_data_put(): freeing
[   53.589265] file system registered
[   53.591166] unloading
[   53.597070] ffs_data_put(): freeing
[   53.598948] file system registered
[   53.600391] unloading
[   53.606103] ffs_data_put(): freeing
[   53.608325] file system registered
[   53.610197] unloading
[   53.617207] ffs_data_put(): freeing
[   53.618398] file system registered
[   53.620278] unloading
[   53.625248] ffs_data_put(): freeing
[   53.625455] ffs_data_put(): freeing
[   53.626958] file system registered
[   53.628664] unloading
[   53.636184] ffs_data_put(): freeing
[   53.638355] file system registered
[   53.640451] unloading
[   53.648441] file system registered
[   53.649937] unloading
[   53.655316] ffs_data_put(): freeing
[   53.655404] ffs_data_put(): freeing
[   53.657191] file system registered
[   53.658965] unloading
[   53.669867] file system registered
[   53.671209] unloading
[   53.677103] ffs_data_put(): freeing
[   53.679420] file system registered
[   53.681073] unloading
[   53.686069] ffs_data_put(): freeing
[   53.688056] file system registered
[   53.689305] unloading
[   53.696204] ffs_data_put(): freeing
[   53.696280] ffs_data_put(): freeing
[   53.698007] file system registered
[   53.699238] unloading
[   53.707218] file system registered
[   53.708932] unloading
[   53.716395] file system registered
[   53.718073] unloading
[   53.727018] ffs_data_put(): freeing
[   53.729298] file system registered
[   53.730937] unloading
[   53.740006] ffs_data_put(): freeing
[   53.740098] ffs_data_put(): freeing
[   53.741906] file system registered
[   53.743125] unloading
[   53.752099] ffs_data_put(): freeing
[   53.752897] ffs_data_put(): freeing
[   53.753452] ffs_data_put(): freeing
[   53.754001] file system registered
[   53.756295] unloading
[   53.768364] ffs_data_put(): freeing
[   53.769012] ffs_data_put(): freeing
[   53.769132] ffs_data_put(): freeing
[   53.771973] file system registered
[   53.774417] unloading
[   53.784692] ffs_data_put(): freeing
[   53.785763] ffs_data_put(): freeing
[   53.786114] ffs_data_put(): freeing
[   53.787467] file system registered
[   53.791188] unloading
[   53.804453] ffs_data_put(): freeing
[   53.804717] ffs_data_put(): freeing
[   53.804919] ffs_data_put(): freeing
[   53.805230] ffs_data_put(): freeing
[   53.808149] file system registered
[   53.813058] unloading
[   53.827279] ffs_data_put(): freeing
[   53.832428] file system registered
[   53.837002] unloading
[   53.846147] ffs_data_put(): freeing
[   53.849367] file system registered
[   53.855243] unloading
[   53.861335] ffs_data_put(): freeing
[   53.861682] ffs_data_put(): freeing
[   53.861813] ffs_data_put(): freeing
[   53.864060] file system registered
[   53.866764] unloading
[   53.872225] ffs_data_put(): freeing
[   53.874921] file system registered
[   53.877328] unloading
[   53.886266] ffs_data_put(): freeing
[   53.888301] file system registered
[   53.890708] unloading
[   53.896106] ffs_data_put(): freeing
[   53.898292] file system registered
[   53.900888] unloading
[   53.907219] ffs_data_put(): freeing
[   53.909004] file system registered
[   53.910738] unloading
[   53.918248] ffs_data_put(): freeing
[   53.919993] file system registered
[   53.921831] unloading
[   53.936277] ffs_data_put(): freeing
[   53.936390] ffs_data_put(): freeing
[   53.939346] file system registered
[   53.941144] unloading
[   53.947982] file system registered
[   53.949388] unloading
[   53.956251] file system registered
[   53.958298] unloading
[   53.968166] ffs_data_put(): freeing
[   53.968301] ffs_data_put(): freeing
[   53.969836] file system registered
[   53.971136] unloading
[   53.978406] ffs_data_put(): freeing
[   53.978763] ffs_data_put(): freeing
[   53.980288] file system registered
[   53.982028] unloading
[   53.991274] ffs_data_put(): freeing
[   53.991388] ffs_data_put(): freeing
[   53.994034] file system registered
[   53.997121] unloading
[   54.007241] file system registered
[   54.010100] unloading
[   54.018134] ffs_data_put(): freeing
[   54.020434] file system registered
[   54.023009] unloading
[   54.030278] ffs_data_put(): freeing
[   54.030414] ffs_data_put(): freeing
[   54.032128] file system registered
[   54.034281] unloading
[   54.041337] ffs_data_put(): freeing
[   54.042109] ffs_data_put(): freeing
[   54.043679] file system registered
[   54.045032] unloading
[   54.048121] ffs_data_put(): freeing
[   54.050817] file system registered
[   54.052709] unloading
[   54.063061] ffs_data_put(): freeing
[   54.065115] file system registered
[   54.067007] unloading
[   54.074724] ffs_data_put(): freeing
[   54.077018] file system registered
[   54.078931] unloading
[   54.089423] ffs_data_put(): freeing
[   54.089700] ffs_data_put(): freeing
[   54.091249] file system registered
[   54.093213] unloading
[   54.102174] ffs_data_put(): freeing
[   54.102298] ffs_data_put(): freeing
[   54.104393] file system registered
[   54.106368] unloading
[   54.115199] ffs_data_put(): freeing
[   54.118403] file system registered
[   54.122039] unloading
[   54.131224] ffs_data_put(): freeing
[   54.134048] file system registered
[   54.136494] unloading
[   54.145329] ffs_data_put(): freeing
[   54.147457] ffs_data_put(): freeing
[   54.148880] file system registered
[   54.151149] unloading
[   54.158192] ffs_data_put(): freeing
[   54.160926] file system registered
[   54.163282] unloading
[   54.171172] ffs_data_put(): freeing
[   54.173273] file system registered
[   54.175126] unloading
[   54.182278] ffs_data_put(): freeing
[   54.185253] file system registered
[   54.188175] unloading
[   54.195217] ffs_data_put(): freeing
[   54.197860] file system registered
[   54.199908] unloading
[   54.207463] ffs_data_put(): freeing
[   54.207610] ffs_data_put(): freeing
[   54.210106] file system registered
[   54.212767] unloading
[   54.217339] ffs_data_put(): freeing
[   54.219886] file system registered
[   54.222003] unloading
[   54.230127] ffs_data_put(): freeing
[   54.232370] file system registered
[   54.234161] unloading
[   54.241090] ffs_data_put(): freeing
[   54.241245] ffs_data_put(): freeing
[   54.241719] ffs_data_put(): freeing
[   54.243436] file system registered
[   54.245412] unloading
[   54.252257] ffs_data_put(): freeing
[   54.252552] ffs_data_put(): freeing
[   54.254830] file system registered
[   54.256230] unloading
[   54.265928] file system registered
[   54.267871] unloading
[   54.275130] ffs_data_put(): freeing
[   54.277836] file system registered
[   54.280204] unloading
[   54.288053] ffs_data_put(): freeing
[   54.290048] file system registered
[   54.291205] unloading
[   54.296039] ffs_data_put(): freeing
[   54.298285] file system registered
[   54.300205] unloading
[   54.309217] ffs_data_put(): freeing
[   54.312286] file system registered
[   54.314412] unloading
[   54.324019] ffs_data_put(): freeing
[   54.326195] file system registered
[   54.328169] unloading
[   54.343447] file system registered
[   54.345053] unloading
[   54.351879] file system registered
[   54.353111] unloading
[   54.356132] ffs_data_put(): freeing
[   54.358119] file system registered
[   54.360452] unloading
[   54.366990] ffs_data_put(): freeing
[   54.368960] file system registered
[   54.370225] unloading
[   54.375178] ffs_data_put(): freeing
[   54.377069] file system registered
[   54.378290] unloading
[   54.388128] ffs_data_put(): freeing
[   54.390392] file system registered
[   54.392890] unloading
[   54.402034] ffs_data_put(): freeing
[   54.402155] ffs_data_put(): freeing
[   54.403973] file system registered
[   54.405427] unloading
[   54.414073] ffs_data_put(): freeing
[   54.414260] ffs_data_put(): freeing
[   54.414408] ffs_data_put(): freeing
[   54.416442] file system registered
[   54.418284] unloading
[   54.433788] ffs_data_put(): freeing
[   54.434154] ffs_data_put(): freeing
[   54.434285] ffs_data_put(): freeing
[   54.438295] file system registered
[   54.443140] unloading
[   54.452824] file system registered
[   54.455846] unloading
[   54.464831] ffs_data_put(): freeing
[   54.464897] ffs_data_put(): freeing
[   54.467477] file system registered
[   54.470138] unloading
[   54.480774] ffs_data_put(): freeing
[   54.484810] file system registered
[   54.488022] unloading
[   54.497007] ffs_data_put(): freeing
[   54.499432] file system registered
[   54.502445] unloading
[   54.514397] file system registered
[   54.516352] unloading
[   54.526333] ffs_data_put(): freeing
[   54.528240] file system registered
[   54.530053] unloading
[   54.538079] ffs_data_put(): freeing
[   54.538208] ffs_data_put(): freeing
[   54.538403] ffs_data_put(): freeing
[   54.540790] file system registered
[   54.543150] unloading
[   54.551958] ffs_data_put(): freeing
[   54.553282] file system registered
[   54.555808] unloading
[   54.567067] ffs_data_put(): freeing
[   54.567213] ffs_data_put(): freeing
[   54.567310] ffs_data_put(): freeing
[   54.570295] file system registered
[   54.573745] unloading
[   54.586196] file system registered
[   54.588376] unloading
[   54.598150] ffs_data_put(): freeing
[   54.600423] file system registered
[   54.602818] unloading
[   54.612167] ffs_data_put(): freeing
[   54.614398] file system registered
[   54.617034] unloading
[   54.627201] ffs_data_put(): freeing
[   54.629346] file system registered
[   54.631029] unloading
[   54.635091] ffs_data_put(): freeing
[   54.637074] file system registered
[   54.639149] unloading
[   54.649395] ffs_data_put(): freeing
[   54.649672] ffs_data_put(): freeing
[   54.652195] file system registered
[   54.654239] unloading
[   54.661219] ffs_data_put(): freeing
[   54.661758] ffs_data_put(): freeing
[   54.663459] file system registered
[   54.664996] unloading
[   54.672831] file system registered
[   54.674224] unloading
[   54.685057] ffs_data_put(): freeing
[   54.687272] file system registered
[   54.689214] unloading
[   54.695133] ffs_data_put(): freeing
[   54.695249] ffs_data_put(): freeing
[   54.695820] ffs_data_put(): freeing
[   54.698407] file system registered
[   54.700398] unloading
[   54.705178] ffs_data_put(): freeing
[   54.707009] file system registered
[   54.708829] unloading
[   54.715076] ffs_data_put(): freeing
[   54.715366] ffs_data_put(): freeing
[   54.717028] file system registered
[   54.718215] unloading
[   54.725794] file system registered
[   54.727460] unloading
[   54.733342] ffs_data_put(): freeing
[   54.734115] ffs_data_put(): freeing
[   54.735744] file system registered
[   54.737281] unloading
[   54.743794] ffs_data_put(): freeing
[   54.744192] ffs_data_put(): freeing
[   54.745020] file system registered
[   54.746677] unloading
[   54.751090] ffs_data_put(): freeing
[   54.751243] ffs_data_put(): freeing
[   54.753508] file system registered
[   54.755180] unloading
[   54.761437] ffs_data_put(): freeing
[   54.763020] file system registered
[   54.765008] unloading
[   54.776333] ffs_data_put(): freeing
[   54.778056] file system registered
[   54.780124] unloading
[   54.789019] ffs_data_put(): freeing
[   54.789156] ffs_data_put(): freeing
[   54.791381] file system registered
[   54.793365] unloading
[   54.799265] ffs_data_put(): freeing
[   54.801788] file system registered
[   54.803355] unloading
[   54.810219] ffs_data_put(): freeing
[   54.810795] ffs_data_put(): freeing
[   54.812274] file system registered
[   54.814091] unloading
[   54.824751] ffs_data_put(): freeing
[   54.824757] ffs_data_put(): freeing
[   54.825148] ffs_data_put(): freeing
[   54.826084] file system registered
[   54.827429] unloading
[   54.833460] ffs_data_put(): freeing
[   54.835715] file system registered
[   54.837344] unloading
[   54.843955] ffs_data_put(): freeing
[   54.844157] ffs_data_put(): freeing
[   54.847475] ffs_data_put(): freeing
[   54.848137] file system registered
[   54.852222] unloading
[   54.864430] ffs_data_put(): freeing
[   54.865404] ffs_data_put(): freeing
[   54.867853] file system registered
[   54.871241] unloading
[   54.882031] file system registered
[   54.885351] unloading
[   54.892431] ffs_data_put(): freeing
[   54.892955] ffs_data_put(): freeing
[   54.895886] file system registered
[   54.898961] unloading
[   54.906326] ffs_data_put(): freeing
[   54.908785] file system registered
[   54.910089] unloading
[   54.917334] ffs_data_put(): freeing
[   54.917452] ffs_data_put(): freeing
[   54.920338] file system registered
[   54.922301] unloading
[   54.928298] ffs_data_put(): freeing
[   54.928439] ffs_data_put(): freeing
[   54.929346] file system registered
[   54.930890] unloading
[   54.936173] ffs_data_put(): freeing
[   54.936346] ffs_data_put(): freeing
[   54.938097] file system registered
[   54.940970] ffs_data_put(): freeing
[   54.941088] unloading
[   54.948266] ffs_data_put(): freeing
[   54.948413] ffs_data_put(): freeing
[   54.948888] ffs_data_put(): freeing
[   54.949291] file system registered
[   54.950768] unloading
[   54.958119] ffs_data_put(): freeing
[   54.958292] ffs_data_put(): freeing
[   54.958769] ffs_data_put(): freeing
[   54.958810] ffs_data_put(): freeing
[   54.961439] file system registered
[   54.964304] unloading
[   54.980961] ffs_data_put(): freeing
[   54.985291] file system registered
[   54.989023] unloading
[   54.999282] ffs_data_put(): freeing
[   55.001494] file system registered
[   55.006100] unloading
[   55.012703] ffs_data_put(): freeing
[   55.014493] file system registered
[   55.016466] unloading
[   55.025010] file system registered
[   55.026303] unloading
[   55.032411] file system registered
[   55.034293] unloading
[   55.041927] file system registered
[   55.043186] unloading
[   55.048975] ffs_data_put(): freeing
[   55.050830] file system registered
[   55.052234] unloading
[   55.058174] ffs_data_put(): freeing
[   55.060439] file system registered
[   55.062231] unloading
[   55.075106] ffs_data_put(): freeing
[   55.075343] ffs_data_put(): freeing
[   55.075437] ffs_data_put(): freeing
[   55.078276] file system registered
[   55.081157] unloading
[   55.094033] file system registered
[   55.096081] unloading
[   55.106406] file system registered
[   55.108080] unloading
[   55.116180] ffs_data_put(): freeing
[   55.118057] file system registered
[   55.119330] unloading
[   55.125464] ffs_data_put(): freeing
[   55.127123] file system registered
[   55.128990] unloading
[   55.138295] ffs_data_put(): freeing
[   55.140157] file system registered
[   55.141394] unloading
[   55.150052] ffs_data_put(): freeing
[   55.150220] ffs_data_put(): freeing
[   55.152313] file system registered
[   55.154068] unloading
[   55.163267] ffs_data_put(): freeing
[   55.165384] file system registered
[   55.166775] unloading
[   55.171221] ffs_data_put(): freeing
[   55.173384] file system registered
[   55.175303] unloading
[   55.184068] ffs_data_put(): freeing
[   55.184205] ffs_data_put(): freeing
[   55.186374] file system registered
[   55.188200] unloading
[   55.197116] ffs_data_put(): freeing
[   55.200190] file system registered
[   55.203998] unloading
[   55.215150] ffs_data_put(): freeing
[   55.215265] ffs_data_put(): freeing
[   55.217757] file system registered
[   55.221031] unloading
[   55.231900] file system registered
[   55.234460] unloading
[   55.242368] file system registered
[   55.244321] unloading
[   55.251160] ffs_data_put(): freeing
[   55.252180] ffs_data_put(): freeing
[   55.252418] ffs_data_put(): freeing
[   55.253117] file system registered
[   55.254216] unloading
[   55.265291] ffs_data_put(): freeing
[   55.265716] ffs_data_put(): freeing
[   55.265844] ffs_data_put(): freeing
[   55.267050] file system registered
[   55.268305] unloading
[   55.274009] ffs_data_put(): freeing
[   55.274123] ffs_data_put(): freeing
[   55.276520] file system registered
[   55.279168] unloading
[   55.288194] ffs_data_put(): freeing
[   55.288383] ffs_data_put(): freeing
[   55.289257] file system registered
[   55.291217] unloading
[   55.302334] ffs_data_put(): freeing
[   55.303021] ffs_data_put(): freeing
[   55.305182] file system registered
[   55.307351] unloading
[   55.315043] ffs_data_put(): freeing
[   55.315158] ffs_data_put(): freeing
[   55.316945] file system registered
[   55.318653] unloading
[   55.325272] ffs_data_put(): freeing
[   55.328774] file system registered
[   55.331186] unloading
[   55.341151] file system registered
[   55.343364] unloading
[   55.353999] file system registered
[   55.356888] unloading
[   55.367820] ffs_data_put(): freeing
[   55.369368] file system registered
[   55.373420] unloading
[   55.379368] ffs_data_put(): freeing
[   55.379781] ffs_data_put(): freeing
[   55.379940] ffs_data_put(): freeing
[   55.381039] file system registered
[   55.382949] unloading
[   55.390265] ffs_data_put(): freeing
[   55.390840] ffs_data_put(): freeing
[   55.391283] ffs_data_put(): freeing
[   55.391460] ffs_data_put(): freeing
[   55.393155] file system registered
[   55.397003] ffs_data_put(): freeing
[   55.397812] unloading
[   55.406348] ffs_data_put(): freeing
[   55.408879] file system registered
[   55.411884] unloading
[   55.421247] ffs_data_put(): freeing
[   55.423127] file system registered
[   55.424864] unloading
[   55.436851] file system registered
[   55.439157] unloading
[   55.444135] ffs_data_put(): freeing
[   55.444267] ffs_data_put(): freeing
[   55.444399] ffs_data_put(): freeing
[   55.446899] file system registered
[   55.449299] unloading
[   55.458317] file system registered
[   55.460265] unloading
[   55.468093] ffs_data_put(): freeing
[   55.470212] file system registered
[   55.472374] unloading
[   55.480423] file system registered
[   55.481789] unloading
[   55.486936] ffs_data_put(): freeing
[   55.488867] file system registered
[   55.490054] unloading
[   55.500052] ffs_data_put(): freeing
[   55.500175] ffs_data_put(): freeing
[   55.500287] ffs_data_put(): freeing
[   55.502111] file system registered
[   55.504426] unloading
[   55.511878] ffs_data_put(): freeing
[   55.514181] file system registered
[   55.516793] unloading
[   55.524437] file system registered
[   55.526258] unloading
[   55.536251] ffs_data_put(): freeing
[   55.538720] file system registered
[   55.540354] unloading
[   55.550141] ffs_data_put(): freeing
[   55.551134] file system registered
[   55.552910] unloading
[   55.562477] ffs_data_put(): freeing
[   55.562782] ffs_data_put(): freeing
[   55.565291] file system registered
[   55.569275] unloading
[   55.579122] ffs_data_put(): freeing
[   55.579273] ffs_data_put(): freeing
[   55.581873] file system registered
[   55.585314] unloading
[   55.593322] ffs_data_put(): freeing
[   55.597033] file system registered
[   55.600041] ffs_data_put(): freeing
[   55.600337] unloading
[   55.607442] ffs_data_put(): freeing
[   55.607772] ffs_data_put(): freeing
[   55.609799] file system registered
[   55.611368] unloading
[   55.618197] ffs_data_put(): freeing
[   55.620418] file system registered
[   55.622239] unloading
[   55.634757] file system registered
[   55.636210] unloading
[   55.641194] ffs_data_put(): freeing
[   55.641305] ffs_data_put(): freeing
[   55.644007] file system registered
[   55.646250] unloading
[   55.653099] ffs_data_put(): freeing
[   55.655099] file system registered
[   55.656684] unloading
[   55.661913] ffs_data_put(): freeing
[   55.662156] ffs_data_put(): freeing
[   55.663811] file system registered
[   55.665070] unloading
[   55.672008] ffs_data_put(): freeing
[   55.672131] ffs_data_put(): freeing
[   55.674051] file system registered
[   55.676100] unloading
[   55.684226] ffs_data_put(): freeing
[   55.684325] ffs_data_put(): freeing
[   55.686874] file system registered
[   55.688688] ffs_data_put(): freeing
[   55.689248] unloading
[   55.696462] ffs_data_put(): freeing
[   55.697118] ffs_data_put(): freeing
[   55.699271] file system registered
[   55.701713] unloading
[   55.708310] file system registered
[   55.711170] unloading
[   55.722068] ffs_data_put(): freeing
[   55.722206] ffs_data_put(): freeing
[   55.722443] ffs_data_put(): freeing
[   55.723583] file system registered
[   55.726235] unloading
[   55.732324] ffs_data_put(): freeing
[   55.734939] file system registered
[   55.737793] unloading
[   55.743390] ffs_data_put(): freeing
[   55.744070] ffs_data_put(): freeing
[   55.745771] file system registered
[   55.747399] unloading
[   55.753129] ffs_data_put(): freeing
[   55.755871] file system registered
[   55.758228] unloading
[   55.771235] ffs_data_put(): freeing
[   55.771381] ffs_data_put(): freeing
[   55.773524] ffs_data_put(): freeing
[   55.774424] file system registered
[   55.778064] unloading
[   55.785957] file system registered
[   55.789084] unloading
[   55.797799] file system registered
[   55.799390] unloading
[   55.805148] ffs_data_put(): freeing
[   55.805248] ffs_data_put(): freeing
[   55.807316] file system registered
[   55.809073] unloading
[   55.817110] ffs_data_put(): freeing
[   55.817223] ffs_data_put(): freeing
[   55.819961] file system registered
[   55.822814] unloading
[   55.828428] ffs_data_put(): freeing
[   55.830743] file system registered
[   55.832286] unloading
[   55.838651] file system registered
[   55.840334] unloading
[   55.845073] ffs_data_put(): freeing
[   55.847878] file system registered
[   55.849378] unloading
[   55.860214] file system registered
[   55.861611] unloading
[   55.869007] ffs_data_put(): freeing
[   55.869089] ffs_data_put(): freeing
[   55.871461] file system registered
[   55.873447] unloading
[   55.879080] ffs_data_put(): freeing
[   55.882042] file system registered
[   55.884045] unloading
[   55.894162] ffs_data_put(): freeing
[   55.894262] ffs_data_put(): freeing
[   55.896715] file system registered
[   55.899094] unloading
[   55.906423] ffs_data_put(): freeing
[   55.906700] ffs_data_put(): freeing
[   55.906790] ffs_data_put(): freeing
[   55.909888] file system registered
[   55.911447] unloading
[   55.919258] file system registered
[   55.921390] unloading
[   55.930059] ffs_data_put(): freeing
[   55.930146] ffs_data_put(): freeing
[   55.930261] ffs_data_put(): freeing
[   55.931792] file system registered
[   55.933309] unloading
[   55.938265] ffs_data_put(): freeing
[   55.938452] ffs_data_put(): freeing
[   55.938940] ffs_data_put(): freeing
[   55.941009] file system registered
[   55.942948] unloading
[   55.950446] ffs_data_put(): freeing
[   55.950756] ffs_data_put(): freeing
[   55.953550] file system registered
[   55.956911] unloading
[   55.963337] ffs_data_put(): freeing
[   55.965093] file system registered
[   55.966845] unloading
[   55.977772] ffs_data_put(): freeing
[   55.982434] file system registered
[   55.984822] unloading
[   55.994261] file system registered
[   55.996858] unloading
[   56.004196] file system registered
[   56.006156] unloading
[   56.015169] ffs_data_put(): freeing
[   56.016952] file system registered
[   56.018202] unloading
[   56.023076] ffs_data_put(): freeing
[   56.023204] ffs_data_put(): freeing
[   56.025067] file system registered
[   56.026732] ffs_data_put(): freeing
[   56.027074] unloading
[   56.034234] ffs_data_put(): freeing
[   56.036273] file system registered
[   56.038009] unloading
[   56.048285] file system registered
[   56.050451] unloading
[   56.055300] ffs_data_put(): freeing
[   56.055406] ffs_data_put(): freeing
[   56.057353] file system registered
[   56.059106] unloading
[   56.069372] file system registered
[   56.071072] unloading
[   56.078156] file system registered
[   56.079809] unloading
[   56.090160] ffs_data_put(): freeing
[   56.090318] ffs_data_put(): freeing
[   56.093215] file system registered
[   56.094718] unloading
[   56.101131] ffs_data_put(): freeing
[   56.104041] file system registered
[   56.106281] unloading
[   56.114322] ffs_data_put(): freeing
[   56.116469] file system registered
[   56.118435] unloading
[   56.126288] ffs_data_put(): freeing
[   56.126458] ffs_data_put(): freeing
[   56.128011] ffs_data_put(): freeing
[   56.129255] file system registered
[   56.131127] unloading
[   56.139351] ffs_data_put(): freeing
[   56.139793] ffs_data_put(): freeing
[   56.140370] ffs_data_put(): freeing
[   56.141853] file system registered
[   56.143396] unloading
[   56.151080] ffs_data_put(): freeing
[   56.151331] ffs_data_put(): freeing
[   56.151759] ffs_data_put(): freeing
[   56.151878] ffs_data_put(): freeing
[   56.172285] file system registered
[   56.175250] unloading
[   56.185156] file system registered
[   56.186747] unloading
[   56.193889] file system registered
[   56.195161] unloading
[   56.203247] file system registered
[   56.205137] unloading
[   56.215161] file system registered
[   56.217193] unloading
[   56.227751] ffs_data_put(): freeing
[   56.229937] file system registered
[   56.231105] unloading
[   56.241198] file system registered
[   56.243229] unloading
[   56.252104] ffs_data_put(): freeing
[   56.254334] file system registered
[   56.257267] unloading
[   56.267279] ffs_data_put(): freeing
[   56.267411] ffs_data_put(): freeing
[   56.268065] ffs_data_put(): freeing
[   56.270115] file system registered
[   56.272353] unloading
[   56.282209] ffs_data_put(): freeing
[   56.285319] file system registered
[   56.289454] unloading
[   56.296219] ffs_data_put(): freeing
[   56.296331] ffs_data_put(): freeing
[   56.299179] file system registered
[   56.303252] unloading
[   56.311289] ffs_data_put(): freeing
[   56.315983] file system registered
[   56.319774] ffs_data_put(): freeing
[   56.320150] ffs_data_put(): freeing
[   56.321710] ffs_data_put(): freeing
[   56.322105] unloading
[   56.330131] ffs_data_put(): freeing
[   56.332140] file system registered
[   56.333285] unloading
[   56.340265] ffs_data_put(): freeing
[   56.343265] file system registered
[   56.348002] ffs_data_put(): freeing
[   56.348237] unloading
[   56.357299] ffs_data_put(): freeing
[   56.357342] ffs_data_put(): freeing
[   56.360133] file system registered
[   56.362486] unloading
[   56.368206] ffs_data_put(): freeing
[   56.372390] file system registered
[   56.375111] unloading
[   56.383268] file system registered
[   56.385800] unloading
[   56.392100] ffs_data_put(): freeing
[   56.392216] ffs_data_put(): freeing
[   56.394214] file system registered
[   56.395903] unloading
[   56.407184] file system registered
[   56.409149] unloading
[   56.424301] ffs_data_put(): freeing
[   56.424478] ffs_data_put(): freeing
[   56.432225] file system registered
[   56.437257] unloading
[   56.442196] ffs_data_put(): freeing
[   56.442283] ffs_data_put(): freeing
[   56.445153] file system registered
[   56.447008] unloading
[   56.454336] ffs_data_put(): freeing
[   56.454436] ffs_data_put(): freeing
[   56.456160] file system registered
[   56.457917] unloading
[   56.471815] ffs_data_put(): freeing
[   56.472174] ffs_data_put(): freeing
[   56.472296] ffs_data_put(): freeing
[   56.473458] file system registered
[   56.476091] unloading
[   56.490433] ffs_data_put(): freeing
[   56.490778] file system registered
[   56.490972] ffs_data_put(): freeing
[   56.493790] unloading
[   56.502358] ffs_data_put(): freeing
[   56.505374] file system registered
[   56.509113] unloading
[   56.516370] ffs_data_put(): freeing
[   56.520439] file system registered
[   56.523789] unloading
[   56.529265] ffs_data_put(): freeing
[   56.529359] ffs_data_put(): freeing
[   56.531839] file system registered
[   56.534106] unloading
[   56.541140] ffs_data_put(): freeing
[   56.541240] ffs_data_put(): freeing
[   56.543382] file system registered
[   56.545826] unloading
[   56.554102] ffs_data_put(): freeing
[   56.556900] file system registered
[   56.558412] unloading
[   56.567853] file system registered
[   56.569457] unloading
[   56.574139] ffs_data_put(): freeing
[   56.576100] ffs_data_put(): freeing
[   56.577030] file system registered
[   56.578176] unloading
[   56.584245] ffs_data_put(): freeing
[   56.584344] ffs_data_put(): freeing
[   56.587301] file system registered
[   56.590022] unloading
[   56.598203] file system registered
[   56.599740] unloading
[   56.615329] ffs_data_put(): freeing
[   56.615901] ffs_data_put(): freeing
[   56.616200] ffs_data_put(): freeing
[   56.618016] file system registered
[   56.620199] unloading
[   56.633957] ffs_data_put(): freeing
[   56.634065] ffs_data_put(): freeing
[   56.636375] file system registered
[   56.638446] unloading
[   56.643362] ffs_data_put(): freeing
[   56.643736] ffs_data_put(): freeing
[   56.647094] file system registered
[   56.649407] unloading
[   56.655183] ffs_data_put(): freeing
[   56.657042] file system registered
[   56.659057] unloading
[   56.669450] ffs_data_put(): freeing
[   56.670157] ffs_data_put(): freeing
[   56.672742] file system registered
[   56.675150] unloading
[   56.681435] ffs_data_put(): freeing
[   56.683423] file system registered
[   56.685200] unloading
[   56.693437] ffs_data_put(): freeing
[   56.693754] ffs_data_put(): freeing
[   56.695400] file system registered
[   56.698455] unloading
[   56.704309] ffs_data_put(): freeing
[   56.704420] ffs_data_put(): freeing
[   56.707010] file system registered
[   56.708987] unloading
[   56.715112] ffs_data_put(): freeing
[   56.715423] ffs_data_put(): freeing
[   56.715727] ffs_data_put(): freeing
[   56.717305] file system registered
[   56.719130] unloading
[   56.725440] ffs_data_put(): freeing
[   56.725706] ffs_data_put(): freeing
[   56.727076] file system registered
[   56.729124] unloading
[   56.734269] ffs_data_put(): freeing
[   56.734727] ffs_data_put(): freeing
[   56.739203] file system registered
[   56.741295] unloading
[   56.749718] file system registered
[   56.751339] unloading
[   56.756173] ffs_data_put(): freeing
[   56.756980] ffs_data_put(): freeing
[   56.758313] file system registered
[   56.760360] unloading
[   56.768040] ffs_data_put(): freeing
[   56.770751] file system registered
[   56.772445] unloading
[   56.779131] ffs_data_put(): freeing
[   56.779248] ffs_data_put(): freeing
[   56.781048] file system registered
[   56.782338] unloading
[   56.787452] ffs_data_put(): freeing
[   56.789766] file system registered
[   56.792623] unloading
[   56.798169] ffs_data_put(): freeing
[   56.800041] file system registered
[   56.801790] unloading
[   56.816347] ffs_data_put(): freeing
[   56.816408] ffs_data_put(): freeing
[   56.818659] file system registered
[   56.820982] unloading
[   56.832206] file system registered
[   56.835379] unloading
[   56.847127] ffs_data_put(): freeing
[   56.847347] ffs_data_put(): freeing
[   56.847446] ffs_data_put(): freeing
[   56.849501] file system registered
[   56.852372] unloading
[   56.861426] ffs_data_put(): freeing
[   56.864441] file system registered
[   56.866859] unloading
[   56.875292] ffs_data_put(): freeing
[   56.878731] file system registered
[   56.881379] unloading
[   56.890386] ffs_data_put(): freeing
[   56.890502] ffs_data_put(): freeing
[   56.893045] file system registered
[   56.895473] unloading
[   56.899303] ffs_data_put(): freeing
[   56.901987] file system registered
[   56.903575] unloading
[   56.910961] ffs_data_put(): freeing
[   56.912358] file system registered
[   56.914035] unloading
[   56.923213] ffs_data_put(): freeing
[   56.923355] ffs_data_put(): freeing
[   56.925387] file system registered
[   56.926843] unloading
[   56.938460] ffs_data_put(): freeing
[   56.941090] file system registered
[   56.943184] unloading
[   56.950182] ffs_data_put(): freeing
[   56.952743] file system registered
[   56.954431] unloading
[   56.963355] ffs_data_put(): freeing
[   56.963435] ffs_data_put(): freeing
[   56.964677] file system registered
[   56.966140] unloading
[   56.972167] ffs_data_put(): freeing
[   56.974357] file system registered
[   56.975984] unloading
[   56.983801] file system registered
[   56.985270] unloading
[   56.991293] ffs_data_put(): freeing
[   56.993150] file system registered
[   56.994283] unloading
[   57.000067] ffs_data_put(): freeing
[   57.001753] file system registered
[   57.003255] unloading
[   57.012372] ffs_data_put(): freeing
[   57.012473] ffs_data_put(): freeing
[   57.016753] file system registered
[   57.018785] unloading
[   57.028115] ffs_data_put(): freeing
[   57.030036] file system registered
[   57.032349] unloading
[   57.041378] ffs_data_put(): freeing
[   57.041609] ffs_data_put(): freeing
[   57.044029] file system registered
[   57.046911] unloading
[   57.052325] ffs_data_put(): freeing
[   57.055356] file system registered
[   57.058208] unloading
[   57.067154] file system registered
[   57.069721] unloading
[   57.077063] ffs_data_put(): freeing
[   57.078981] file system registered
[   57.080133] unloading
[   57.085185] ffs_data_put(): freeing
[   57.085331] ffs_data_put(): freeing
[   57.088437] file system registered
[   57.090069] unloading
[   57.096228] ffs_data_put(): freeing
[   57.096330] ffs_data_put(): freeing
[   57.098225] file system registered
[   57.100166] ffs_data_put(): freeing
[   57.100439] unloading
[   57.110169] ffs_data_put(): freeing
[   57.112382] file system registered
[   57.114477] unloading
[   57.124231] file system registered
[   57.126347] unloading
[   57.138361] file system registered
[   57.139334] unloading
[   57.145315] ffs_data_put(): freeing
[   57.148325] file system registered
[   57.149871] unloading
[   57.164305] ffs_data_put(): freeing
[   57.166390] file system registered
[   57.168258] unloading
[   57.177469] ffs_data_put(): freeing
[   57.177983] ffs_data_put(): freeing
[   57.179946] file system registered
[   57.181883] unloading
[   57.191394] ffs_data_put(): freeing
[   57.191869] ffs_data_put(): freeing
[   57.194457] file system registered
[   57.197478] unloading
[   57.203285] ffs_data_put(): freeing
[   57.206347] file system registered
[   57.208975] unloading
[   57.215252] ffs_data_put(): freeing
[   57.219428] file system registered
[   57.222118] unloading
[   57.233422] ffs_data_put(): freeing
[   57.235346] ffs_data_put(): freeing
[   57.236020] file system registered
[   57.238421] unloading
[   57.244227] ffs_data_put(): freeing
[   57.244358] ffs_data_put(): freeing
[   57.245549] ffs_data_put(): freeing
[   57.247426] file system registered
[   57.250726] unloading
[   57.258265] ffs_data_put(): freeing
[   57.258583] ffs_data_put(): freeing
[   57.258903] ffs_data_put(): freeing
[   57.261388] file system registered
[   57.266037] ffs_data_put(): freeing
[   57.266819] unloading
[   57.274337] ffs_data_put(): freeing
[   57.276844] file system registered
[   57.279467] unloading
[   57.287185] ffs_data_put(): freeing
[   57.287314] ffs_data_put(): freeing
[   57.290693] file system registered
[   57.293460] unloading
[   57.302279] ffs_data_put(): freeing
[   57.304794] file system registered
[   57.307073] unloading
[   57.314940] ffs_data_put(): freeing
[   57.315466] file system registered
[   57.317063] unloading
[   57.322379] ffs_data_put(): freeing
[   57.322692] ffs_data_put(): freeing
[   57.324224] file system registered
[   57.325509] unloading
[   57.332240] ffs_data_put(): freeing
[   57.334161] file system registered
[   57.336181] unloading
[   57.346774] ffs_data_put(): freeing
[   57.349023] file system registered
[   57.352123] unloading
[   57.359299] ffs_data_put(): freeing
[   57.359735] ffs_data_put(): freeing
[   57.360020] ffs_data_put(): freeing
[   57.362924] file system registered
[   57.365300] unloading
[   57.373344] file system registered
[   57.375856] unloading
[   57.383283] ffs_data_put(): freeing
[   57.385836] file system registered
[   57.387914] unloading
[   57.395115] ffs_data_put(): freeing
[   57.395253] ffs_data_put(): freeing
[   57.395404] ffs_data_put(): freeing
[   57.396570] file system registered
[   57.398781] unloading
[   57.408251] ffs_data_put(): freeing
[   57.408401] ffs_data_put(): freeing
[   57.411058] file system registered
[   57.413134] unloading
[   57.422905] file system registered
[   57.426780] unloading
[   57.437191] ffs_data_put(): freeing
[   57.441014] file system registered
[   57.444401] unloading
[   57.454457] ffs_data_put(): freeing
[   57.456909] file system registered
[   57.459463] unloading
[   57.468977] file system registered
[   57.472046] unloading
[   57.478067] ffs_data_put(): freeing
[   57.478229] ffs_data_put(): freeing
[   57.480876] file system registered
[   57.483340] unloading
[   57.491264] ffs_data_put(): freeing
[   57.493919] file system registered
[   57.496265] unloading
[   57.504495] ffs_data_put(): freeing
[   57.505243] ffs_data_put(): freeing
[   57.505355] ffs_data_put(): freeing
[   57.506511] file system registered
[   57.509027] unloading
[   57.521458] ffs_data_put(): freeing
[   57.521737] ffs_data_put(): freeing
[   57.522832] ffs_data_put(): freeing
[   57.524245] file system registered
[   57.527299] unloading
[   57.535830] ffs_data_put(): freeing
[   57.535922] ffs_data_put(): freeing
[   57.539260] file system registered
[   57.542938] unloading
[   57.552310] file system registered
[   57.556118] unloading
[   57.565019] ffs_data_put(): freeing
[   57.565164] ffs_data_put(): freeing
[   57.567257] file system registered
[   57.569211] unloading
[   57.578751] ffs_data_put(): freeing
[   57.579339] file system registered
[   57.581440] unloading
[   57.590286] ffs_data_put(): freeing
[   57.593888] file system registered
[   57.596063] unloading
[   57.602137] ffs_data_put(): freeing
[   57.605872] file system registered
[   57.608849] unloading
[   57.619373] ffs_data_put(): freeing
[   57.622064] file system registered
[   57.624726] unloading
[   57.633138] file system registered
[   57.635343] unloading
[   57.642199] ffs_data_put(): freeing
[   57.644820] file system registered
[   57.646353] unloading
[   57.656393] ffs_data_put(): freeing
[   57.656488] ffs_data_put(): freeing
[   57.659942] file system registered
[   57.663833] unloading
[   57.673272] ffs_data_put(): freeing
[   57.673383] ffs_data_put(): freeing
[   57.674952] file system registered
[   57.677045] unloading
[   57.691187] ffs_data_put(): freeing
[   57.691324] ffs_data_put(): freeing
[   57.694832] file system registered
[   57.699317] unloading
[   57.708222] ffs_data_put(): freeing
[   57.708292] ffs_data_put(): freeing
[   57.713253] file system registered
[   57.716306] unloading
[   57.726969] ffs_data_put(): freeing
[   57.730100] file system registered
[   57.733300] unloading
[   57.743808] file system registered
[   57.746267] unloading
[   57.753151] ffs_data_put(): freeing
[   57.753177] ffs_data_put(): freeing
[   57.756022] file system registered
[   57.759381] unloading
[   57.766311] ffs_data_put(): freeing
[   57.766414] ffs_data_put(): freeing
[   57.769306] file system registered
[   57.772188] unloading
[   57.780989] file system registered
[   57.782099] unloading
[   57.788280] ffs_data_put(): freeing
[   57.788436] ffs_data_put(): freeing
[   57.791289] file system registered
[   57.793308] unloading
[   57.799285] ffs_data_put(): freeing
[   57.801129] file system registered
[   57.803122] unloading
[   57.811234] ffs_data_put(): freeing
[   57.814180] file system registered
[   57.816303] unloading
[   57.825874] file system registered
[   57.827349] unloading
[   57.833725] ffs_data_put(): freeing
[   57.836079] file system registered
[   57.838075] unloading
[   57.847088] ffs_data_put(): freeing
[   57.849461] file system registered
[   57.851022] unloading
[   57.856084] ffs_data_put(): freeing
[   57.856197] ffs_data_put(): freeing
[   57.858885] file system registered
[   57.860913] unloading
[   57.869294] file system registered
[   57.872240] unloading
[   57.883054] ffs_data_put(): freeing
[   57.883180] ffs_data_put(): freeing
[   57.884788] file system registered
[   57.886175] unloading
[   57.893439] ffs_data_put(): freeing
[   57.893780] ffs_data_put(): freeing
[   57.897924] file system registered
[   57.900149] unloading
[   57.906343] ffs_data_put(): freeing
[   57.908293] file system registered
[   57.910157] unloading
[   57.921130] ffs_data_put(): freeing
[   57.921313] ffs_data_put(): freeing
[   57.921424] ffs_data_put(): freeing
[   57.923179] file system registered
[   57.926002] unloading
[   57.936859] file system registered
[   57.937068] ffs_data_put(): freeing
[   57.939488] unloading
[   57.946053] ffs_data_put(): freeing
[   57.948480] file system registered
[   57.950344] unloading
[   57.958956] file system registered
[   57.960789] unloading
[   57.972244] file system registered
[   57.974250] unloading
[   57.983103] ffs_data_put(): freeing
[   57.985276] file system registered
[   57.987412] unloading
[   58.000395] file system registered
[   58.002293] unloading
[   58.011265] file system registered
[   58.013995] ffs_data_put(): freeing
[   58.014825] unloading
[   58.021076] ffs_data_put(): freeing
[   58.021208] ffs_data_put(): freeing
[   58.022808] file system registered
[   58.024359] unloading
[   58.030161] ffs_data_put(): freeing
[   58.031146] ffs_data_put(): freeing
[   58.032410] file system registered
[   58.032434] ffs_data_put(): freeing
[   58.034842] unloading
[   58.041050] ffs_data_put(): freeing
[   58.043894] file system registered
[   58.046342] unloading
[   58.052294] ffs_data_put(): freeing
[   58.052745] ffs_data_put(): freeing
[   58.052868] ffs_data_put(): freeing
[   58.054351] file system registered
[   58.056250] unloading
[   58.062150] ffs_data_put(): freeing
[   58.064873] file system registered
[   58.067753] unloading
[   58.078403] file system registered
[   58.081022] unloading
[   58.087653] ffs_data_put(): freeing
[   58.087803] ffs_data_put(): freeing
[   58.089454] file system registered
[   58.091458] unloading
[   58.100407] file system registered
[   58.102267] unloading
[   58.111487] ffs_data_put(): freeing
[   58.113870] file system registered
[   58.117206] unloading
[   58.124173] ffs_data_put(): freeing
[   58.127878] file system registered
[   58.130282] unloading
[   58.138357] file system registered
[   58.140134] unloading
[   58.146378] ffs_data_put(): freeing
[   58.148137] file system registered
[   58.149681] unloading
[   58.154294] ffs_data_put(): freeing
[   58.154401] ffs_data_put(): freeing
[   58.156475] file system registered
[   58.158318] unloading
[   58.166278] ffs_data_put(): freeing
[   58.166453] ffs_data_put(): freeing
[   58.168922] file system registered
[   58.170840] unloading
[   58.180304] file system registered
[   58.182103] unloading
[   58.193060] ffs_data_put(): freeing
[   58.195433] file system registered
[   58.198874] ffs_data_put(): freeing
[   58.199764] unloading
[   58.207068] ffs_data_put(): freeing
[   58.209210] file system registered
[   58.211764] unloading
[   58.219225] ffs_data_put(): freeing
[   58.221133] file system registered
[   58.223477] unloading
[   58.235155] ffs_data_put(): freeing
[   58.235477] ffs_data_put(): freeing
[   58.237826] file system registered
[   58.239392] unloading
[   58.247279] ffs_data_put(): freeing
[   58.249827] file system registered
[   58.252237] unloading
[   58.258190] ffs_data_put(): freeing
[   58.260815] file system registered
[   58.263311] unloading
[   58.271048] ffs_data_put(): freeing
[   58.273707] file system registered
[   58.275364] unloading
[   58.284191] file system registered
[   58.286205] unloading
[   58.290220] ffs_data_put(): freeing
[   58.290337] ffs_data_put(): freeing
[   58.292849] file system registered
[   58.294218] unloading
[   58.306140] file system registered
[   58.306365] ffs_data_put(): freeing
[   58.309433] unloading
[   58.317050] ffs_data_put(): freeing
[   58.319908] file system registered
[   58.322199] unloading
[   58.328103] ffs_data_put(): freeing
[   58.330301] file system registered
[   58.332166] unloading
[   58.341446] ffs_data_put(): freeing
[   58.341749] ffs_data_put(): freeing
[   58.343181] file system registered
[   58.344787] unloading
[   58.350205] ffs_data_put(): freeing
[   58.350324] ffs_data_put(): freeing
[   58.352153] file system registered
[   58.353222] unloading
[   58.358200] ffs_data_put(): freeing
[   58.361802] file system registered
[   58.364380] unloading
[   58.370253] ffs_data_put(): freeing
[   58.370490] ffs_data_put(): freeing
[   58.372440] file system registered
[   58.374087] unloading
[   58.382225] ffs_data_put(): freeing
[   58.384355] file system registered
[   58.386029] unloading
[   58.393279] ffs_data_put(): freeing
[   58.395826] file system registered
[   58.397236] unloading
[   58.407390] ffs_data_put(): freeing
[   58.408364] file system registered
[   58.410124] unloading
[   58.416237] ffs_data_put(): freeing
[   58.416406] ffs_data_put(): freeing
[   58.418349] file system registered
[   58.420433] unloading
[   58.427259] ffs_data_put(): freeing
[   58.430097] file system registered
[   58.432460] unloading
[   58.440212] file system registered
[   58.442108] ffs_data_put(): freeing
[   58.442183] unloading
[   58.451348] ffs_data_put(): freeing
[   58.451446] ffs_data_put(): freeing
[   58.452973] file system registered
[   58.454121] unloading
[   58.460276] ffs_data_put(): freeing
[   58.462389] file system registered
[   58.464367] unloading
[   58.470985] ffs_data_put(): freeing
[   58.471221] file system registered
[   58.472430] unloading
[   58.479132] file system registered
[   58.480916] unloading
[   58.486225] ffs_data_put(): freeing
[   58.488368] file system registered
[   58.490089] unloading
[   58.495207] ffs_data_put(): freeing
[   58.495333] ffs_data_put(): freeing
[   58.495434] ffs_data_put(): freeing
[   58.497264] file system registered
[   58.499858] unloading
[   58.506460] ffs_data_put(): freeing
[   58.507136] ffs_data_put(): freeing
[   58.509144] file system registered
[   58.511975] ffs_data_put(): freeing
[   58.512176] unloading
[   58.517789] ffs_data_put(): freeing
[   58.519314] file system registered
[   58.521056] unloading
[   58.531261] ffs_data_put(): freeing
[   58.534839] file system registered
[   58.536968] unloading
[   58.552743] ffs_data_put(): freeing
[   58.556446] file system registered
[   58.559352] unloading
[   58.568107] ffs_data_put(): freeing
[   58.568280] ffs_data_put(): freeing
[   58.568416] ffs_data_put(): freeing
[   58.570131] file system registered
[   58.572106] ffs_data_put(): freeing
[   58.572817] unloading
[   58.579298] ffs_data_put(): freeing
[   58.581235] file system registered
[   58.583399] unloading
[   58.589274] ffs_data_put(): freeing
[   58.591829] file system registered
[   58.593775] unloading
[   58.604087] ffs_data_put(): freeing
[   58.606880] file system registered
[   58.609458] unloading
[   58.620452] ffs_data_put(): freeing
[   58.621102] ffs_data_put(): freeing
[   58.624314] file system registered
[   58.626480] unloading
[   58.633781] file system registered
[   58.636215] unloading
[   58.645244] ffs_data_put(): freeing
[   58.647437] file system registered
[   58.648974] unloading
[   58.654177] ffs_data_put(): freeing
[   58.654253] ffs_data_put(): freeing
[   58.656623] file system registered
[   58.658355] unloading
[   58.665130] ffs_data_put(): freeing
[   58.667363] file system registered
[   58.669360] unloading
[   58.678426] file system registered
[   58.680923] unloading
[   58.688105] ffs_data_put(): freeing
[   58.690383] file system registered
[   58.692183] unloading
[   58.702146] ffs_data_put(): freeing
[   58.702314] ffs_data_put(): freeing
[   58.702427] ffs_data_put(): freeing
[   58.704202] file system registered
[   58.706344] ffs_data_put(): freeing
[   58.706933] unloading
[   58.714146] ffs_data_put(): freeing
[   58.714310] ffs_data_put(): freeing
[   58.717232] file system registered
[   58.719419] unloading
[   58.726176] file system registered
[   58.727924] unloading
[   58.736034] ffs_data_put(): freeing
[   58.738199] file system registered
[   58.739973] unloading
[   58.749150] ffs_data_put(): freeing
[   58.749560] ffs_data_put(): freeing
[   58.751354] file system registered
[   58.753122] unloading
[   58.761271] ffs_data_put(): freeing
[   58.763105] file system registered
[   58.765102] unloading
[   58.774397] ffs_data_put(): freeing
[   58.774885] ffs_data_put(): freeing
[   58.776341] file system registered
[   58.778900] unloading
[   58.785297] ffs_data_put(): freeing
[   58.787696] file system registered
[   58.788504] unloading
[   58.794357] ffs_data_put(): freeing
[   58.797875] file system registered
[   58.799232] unloading
[   58.808158] file system registered
[   58.811452] unloading
[   58.819068] ffs_data_put(): freeing
[   58.819206] ffs_data_put(): freeing
[   58.821422] file system registered
[   58.823229] unloading
[   58.833455] ffs_data_put(): freeing
[   58.833694] ffs_data_put(): freeing
[   58.835159] file system registered
[   58.837046] unloading
[   58.850385] ffs_data_put(): freeing
[   58.850700] ffs_data_put(): freeing
[   58.851225] ffs_data_put(): freeing
[   58.854323] file system registered
[   58.857428] unloading
[   58.866291] file system registered
[   58.870984] unloading
[   58.880318] ffs_data_put(): freeing
[   58.883283] file system registered
[   58.886144] unloading
[   58.894124] ffs_data_put(): freeing
[   58.896841] file system registered
[   58.898170] unloading
[   58.908129] ffs_data_put(): freeing
[   58.911194] file system registered
[   58.913747] unloading
[   58.920079] ffs_data_put(): freeing
[   58.922378] file system registered
[   58.924355] unloading
[   58.931960] file system registered
[   58.933161] unloading
[   58.937967] ffs_data_put(): freeing
[   58.939196] file system registered
[   58.941179] unloading
[   58.946055] ffs_data_put(): freeing
[   58.948740] file system registered
[   58.949486] unloading
[   58.954172] ffs_data_put(): freeing
[   58.954261] ffs_data_put(): freeing
[   58.956130] file system registered
[   58.957421] unloading
[   58.963140] ffs_data_put(): freeing
[   58.963393] ffs_data_put(): freeing
[   58.964753] file system registered
[   58.965994] unloading
[   58.972333] ffs_data_put(): freeing
[   58.972452] ffs_data_put(): freeing
[   58.974405] file system registered
[   58.976209] unloading
[   58.985059] ffs_data_put(): freeing
[   58.985325] ffs_data_put(): freeing
[   58.987347] file system registered
[   58.989271] unloading
[   58.997805] file system registered
[   58.999393] unloading
[   59.007090] file system registered
[   59.009204] unloading
[   59.021241] ffs_data_put(): freeing
[   59.021347] ffs_data_put(): freeing
[   59.023356] file system registered
[   59.025197] unloading
[   59.034378] ffs_data_put(): freeing
[   59.034632] ffs_data_put(): freeing
[   59.036276] file system registered
[   59.038960] unloading
[   59.051788] file system registered
[   59.054022] unloading
[   59.060285] ffs_data_put(): freeing
[   59.060373] ffs_data_put(): freeing
[   59.062692] file system registered
[   59.064393] unloading
[   59.070126] ffs_data_put(): freeing
[   59.072470] file system registered
[   59.074844] unloading
[   59.085041] file system registered
[   59.087110] unloading
[   59.094951] file system registered
[   59.097162] unloading
[   59.106134] ffs_data_put(): freeing
[   59.108940] file system registered
[   59.110236] unloading
[   59.114203] ffs_data_put(): freeing
[   59.114278] ffs_data_put(): freeing
[   59.116258] file system registered
[   59.117962] unloading
[   59.127982] ffs_data_put(): freeing
[   59.130939] file system registered
[   59.132493] unloading
[   59.141029] ffs_data_put(): freeing
[   59.142822] file system registered
[   59.144435] unloading
[   59.154223] ffs_data_put(): freeing
[   59.154328] ffs_data_put(): freeing
[   59.155108] file system registered
[   59.156938] unloading
[   59.167307] ffs_data_put(): freeing
[   59.167903] ffs_data_put(): freeing
[   59.168248] ffs_data_put(): freeing
[   59.170144] file system registered
[   59.172529] unloading
[   59.179280] ffs_data_put(): freeing
[   59.179747] ffs_data_put(): freeing
[   59.181789] file system registered
[   59.184737] unloading
[   59.190930] ffs_data_put(): freeing
[   59.191071] ffs_data_put(): freeing
[   59.193045] file system registered
[   59.195007] unloading
[   59.201415] ffs_data_put(): freeing
[   59.201638] ffs_data_put(): freeing
[   59.205252] file system registered
[   59.207028] unloading
[   59.213114] ffs_data_put(): freeing
[   59.216160] file system registered
[   59.218006] unloading
[   59.227124] ffs_data_put(): freeing
[   59.227216] ffs_data_put(): freeing
[   59.229518] file system registered
[   59.231374] unloading
[   59.239164] ffs_data_put(): freeing
[   59.241451] file system registered
[   59.243251] unloading
[   59.254445] file system registered
[   59.256179] unloading
[   59.265180] file system registered
[   59.266937] unloading
[   59.271138] ffs_data_put(): freeing
[   59.271227] ffs_data_put(): freeing
[   59.274124] file system registered
[   59.277198] unloading
[   59.282005] ffs_data_put(): freeing
[   59.282311] ffs_data_put(): freeing
[   59.283864] file system registered
[   59.285470] unloading
[   59.296137] ffs_data_put(): freeing
[   59.296296] ffs_data_put(): freeing
[   59.296358] ffs_data_put(): freeing
[   59.298412] file system registered
[   59.300420] unloading
[   59.311423] ffs_data_put(): freeing
[   59.313302] ffs_data_put(): freeing
[   59.314919] file system registered
[   59.317015] unloading
[   59.324156] ffs_data_put(): freeing
[   59.325813] file system registered
[   59.328120] unloading
[   59.336336] ffs_data_put(): freeing
[   59.338299] ffs_data_put(): freeing
[   59.338823] file system registered
[   59.340405] unloading
[   59.349954] file system registered
[   59.352300] unloading
[   59.359332] ffs_data_put(): freeing
[   59.361436] file system registered
[   59.364092] unloading
[   59.370352] ffs_data_put(): freeing
[   59.370471] ffs_data_put(): freeing
[   59.373315] file system registered
[   59.375511] unloading
[   59.380079] ffs_data_put(): freeing
[   59.382736] file system registered
[   59.384842] unloading
[   59.393088] ffs_data_put(): freeing
[   59.395162] file system registered
[   59.396746] unloading
[   59.401099] ffs_data_put(): freeing
[   59.403846] file system registered
[   59.405375] unloading
[   59.416420] file system registered
[   59.418061] unloading
[   59.424177] ffs_data_put(): freeing
[   59.426324] file system registered
[   59.427925] unloading
[   59.438041] ffs_data_put(): freeing
[   59.439774] file system registered
[   59.441013] unloading
[   59.446966] file system registered
[   59.448358] unloading
[   59.459177] ffs_data_put(): freeing
[   59.462486] file system registered
[   59.468185] unloading
[   59.478977] ffs_data_put(): freeing
[   59.479857] ffs_data_put(): freeing
[   59.480334] ffs_data_put(): freeing
[   59.480777] file system registered
[   59.482260] unloading
[   59.487304] ffs_data_put(): freeing
[   59.487380] ffs_data_put(): freeing
[   59.489951] file system registered
[   59.492326] unloading
[   59.503400] file system registered
[   59.505414] unloading
[   59.514113] ffs_data_put(): freeing
[   59.516058] file system registered
[   59.517984] unloading
[   59.526095] ffs_data_put(): freeing
[   59.528910] file system registered
[   59.531423] unloading
[   59.537325] ffs_data_put(): freeing
[   59.540039] file system registered
[   59.542218] unloading
[   59.550142] ffs_data_put(): freeing
[   59.554074] file system registered
[   59.556174] unloading
[   59.563062] ffs_data_put(): freeing
[   59.563153] ffs_data_put(): freeing
[   59.564465] file system registered
[   59.566215] unloading
[   59.572265] ffs_data_put(): freeing
[   59.575141] file system registered
[   59.577092] unloading
[   59.587303] ffs_data_put(): freeing
[   59.587467] ffs_data_put(): freeing
[   59.587843] ffs_data_put(): freeing
[   59.588389] file system registered
[   59.590087] unloading
[   59.597401] ffs_data_put(): freeing
[   59.597858] ffs_data_put(): freeing
[   59.610387] file system registered
[   59.613134] unloading
[   59.626296] ffs_data_put(): freeing
[   59.626428] ffs_data_put(): freeing
[   59.629088] file system registered
[   59.630996] unloading
[   59.642173] ffs_data_put(): freeing
[   59.646168] file system registered
[   59.648993] unloading
[   59.658370] file system registered
[   59.661966] unloading
[   59.670340] ffs_data_put(): freeing
[   59.670729] ffs_data_put(): freeing
[   59.673200] file system registered
[   59.676173] unloading
[   59.686359] file system registered
[   59.689957] unloading
[   59.699243] ffs_data_put(): freeing
[   59.699359] ffs_data_put(): freeing
[   59.701438] file system registered
[   59.703425] unloading
[   59.711416] ffs_data_put(): freeing
[   59.711854] ffs_data_put(): freeing
[   59.714416] file system registered
[   59.717235] unloading
[   59.724000] ffs_data_put(): freeing
[   59.725322] ffs_data_put(): freeing
[   59.725933] file system registered
[   59.727817] unloading
[   59.739445] ffs_data_put(): freeing
[   59.739691] ffs_data_put(): freeing
[   59.742210] file system registered
[   59.744581] unloading
[   59.752419] ffs_data_put(): freeing
[   59.752780] ffs_data_put(): freeing
[   59.758209] file system registered
[   59.760807] unloading
[   59.765372] ffs_data_put(): freeing
[   59.767752] file system registered
[   59.769474] unloading
[   59.778335] ffs_data_put(): freeing
[   59.781470] file system registered
[   59.784154] unloading
[   59.794449] ffs_data_put(): freeing
[   59.797797] file system registered
[   59.800833] unloading
[   59.806312] ffs_data_put(): freeing
[   59.809263] file system registered
[   59.811241] unloading
[   59.822321] file system registered
[   59.824822] unloading
[   59.831475] ffs_data_put(): freeing
[   59.834047] file system registered
[   59.836197] unloading
[   59.845440] ffs_data_put(): freeing
[   59.850167] file system registered
[   59.852715] unloading
[   59.858132] ffs_data_put(): freeing
[   59.860979] file system registered
[   59.863225] unloading
[   59.869093] ffs_data_put(): freeing
[   59.869252] ffs_data_put(): freeing
[   59.871376] file system registered
[   59.873102] unloading
[   59.882417] ffs_data_put(): freeing
[   59.884933] file system registered
[   59.886267] unloading
[   59.896291] ffs_data_put(): freeing
[   59.896382] ffs_data_put(): freeing
[   59.898990] file system registered
[   59.901212] unloading
[   59.907461] ffs_data_put(): freeing
[   59.909377] file system registered
[   59.913015] unloading
[   59.923315] ffs_data_put(): freeing
[   59.923438] ffs_data_put(): freeing
[   59.926872] file system registered
[   59.928746] unloading
[   59.937837] file system registered
[   59.939272] unloading
[   59.947924] file system registered
[   59.949387] unloading
[   59.959133] ffs_data_put(): freeing
[   59.959309] ffs_data_put(): freeing
[   59.959410] ffs_data_put(): freeing
[   59.961170] file system registered
[   59.963101] unloading
[   59.969156] ffs_data_put(): freeing
[   59.969244] ffs_data_put(): freeing
[   59.971504] file system registered
[   59.973092] unloading
[   59.979284] ffs_data_put(): freeing
[   59.979460] ffs_data_put(): freeing
[   59.982000] file system registered
[   59.983312] unloading
[   59.992435] ffs_data_put(): freeing
[   59.994433] file system registered
[   59.996408] unloading
[   60.004437] ffs_data_put(): freeing
[   60.004814] ffs_data_put(): freeing
[   60.005325] ffs_data_put(): freeing
[   60.007090] file system registered
[   60.008771] unloading
[   60.016821] ffs_data_put(): freeing
[   60.017064] ffs_data_put(): freeing
[   60.017195] ffs_data_put(): freeing
[   60.019388] file system registered
[   60.022126] unloading
[   60.029736] ffs_data_put(): freeing
[   60.031360] file system registered
[   60.034156] unloading
[   60.038868] ffs_data_put(): freeing
[   60.042316] file system registered
[   60.045443] unloading
[   60.054183] ffs_data_put(): freeing
[   60.056348] file system registered
[   60.058130] unloading
[   60.065244] ffs_data_put(): freeing
[   60.065420] ffs_data_put(): freeing
[   60.067891] file system registered
[   60.070287] unloading
[   60.081404] file system registered
[   60.083489] unloading
[   60.089162] ffs_data_put(): freeing
[   60.089304] ffs_data_put(): freeing
[   60.092103] file system registered
[   60.094837] unloading
[   60.107029] file system registered
[   60.109087] unloading
[   60.123167] ffs_data_put(): freeing
[   60.125481] file system registered
[   60.127031] unloading
[   60.133230] ffs_data_put(): freeing
[   60.136241] file system registered
[   60.138006] unloading
[   60.146280] ffs_data_put(): freeing
[   60.150379] file system registered
[   60.153300] unloading
[   60.164326] ffs_data_put(): freeing
[   60.167150] file system registered
[   60.170340] unloading
[   60.176241] ffs_data_put(): freeing
[   60.176367] ffs_data_put(): freeing
[   60.180012] file system registered
[   60.183006] unloading
[   60.189098] ffs_data_put(): freeing
[   60.189192] ffs_data_put(): freeing
[   60.191449] file system registered
[   60.193310] unloading
[   60.202366] file system registered
[   60.205015] unloading
[   60.212385] ffs_data_put(): freeing
[   60.214882] file system registered
[   60.216531] unloading
[   60.225324] ffs_data_put(): freeing
[   60.227041] file system registered
[   60.228023] unloading
[   60.234347] ffs_data_put(): freeing
[   60.234436] ffs_data_put(): freeing
[   60.236821] file system registered
[   60.239073] unloading
[   60.249300] ffs_data_put(): freeing
[   60.249427] ffs_data_put(): freeing
[   60.252121] file system registered
[   60.255174] unloading
[   60.262235] ffs_data_put(): freeing
[   60.266826] file system registered
[   60.268807] unloading
[   60.281340] ffs_data_put(): freeing
[   60.284253] file system registered
[   60.287796] unloading
[   60.293164] ffs_data_put(): freeing
[   60.295702] file system registered
[   60.297095] unloading
[   60.305460] ffs_data_put(): freeing
[   60.305785] ffs_data_put(): freeing
[   60.307374] file system registered
[   60.309208] unloading
[   60.319308] ffs_data_put(): freeing
[   60.320125] ffs_data_put(): freeing
[   60.320252] ffs_data_put(): freeing
[   60.321045] ffs_data_put(): freeing
[   60.321568] file system registered
[   60.323844] unloading
[   60.333866] ffs_data_put(): freeing
[   60.333916] ffs_data_put(): freeing
[   60.334252] ffs_data_put(): freeing
[   60.335250] ffs_data_put(): freeing
[   60.339352] file system registered
[   60.344401] unloading
[   60.355826] ffs_data_put(): freeing
[   60.361381] file system registered
[   60.366088] ffs_data_put(): freeing
[   60.366641] unloading
[   60.373457] ffs_data_put(): freeing
[   60.373883] ffs_data_put(): freeing
[   60.375974] file system registered
[   60.378433] unloading
[   60.384329] ffs_data_put(): freeing
[   60.387997] file system registered
[   60.390116] unloading
[   60.398346] ffs_data_put(): freeing
[   60.400029] file system registered
[   60.401244] unloading
[   60.408863] ffs_data_put(): freeing
[   60.408982] ffs_data_put(): freeing
[   60.409345] ffs_data_put(): freeing
[   60.411475] file system registered
[   60.415269] ffs_data_put(): freeing
[   60.416434] unloading
[   60.421359] ffs_data_put(): freeing
[   60.423919] file system registered
[   60.426217] unloading
[   60.434871] ffs_data_put(): freeing
[   60.436821] file system registered
[   60.438504] unloading
[   60.448821] ffs_data_put(): freeing
[   60.449129] ffs_data_put(): freeing
[   60.451417] file system registered
[   60.455135] unloading
[   60.466962] ffs_data_put(): freeing
[   60.471282] file system registered
[   60.475376] unloading
[   60.482411] ffs_data_put(): freeing
[   60.486173] file system registered
[   60.488406] unloading
[   60.499428] file system registered
[   60.501168] unloading
[   60.511025] ffs_data_put(): freeing
[   60.513250] file system registered
[   60.515004] unloading
[   60.521745] file system registered
[   60.523311] unloading
[   60.532013] ffs_data_put(): freeing
[   60.533735] file system registered
[   60.535253] unloading
[   60.542178] ffs_data_put(): freeing
[   60.544334] file system registered
[   60.546224] unloading
[   60.557465] file system registered
[   60.559104] unloading
[   60.564719] ffs_data_put(): freeing
[   60.566357] file system registered
[   60.568170] unloading
[   60.576135] file system registered
[   60.577775] unloading
[   60.585392] ffs_data_put(): freeing
[   60.586220] ffs_data_put(): freeing
[   60.586234] ffs_data_put(): freeing
[   60.587300] file system registered
[   60.589106] unloading
[   60.597172] ffs_data_put(): freeing
[   60.597366] ffs_data_put(): freeing
[   60.597685] ffs_data_put(): freeing
[   60.597762] ffs_data_put(): freeing
[   60.603080] file system registered
[   60.606836] unloading
[   60.618215] ffs_data_put(): freeing
[   60.622410] file system registered
[   60.624746] unloading
[   60.629236] ffs_data_put(): freeing
[   60.631864] file system registered
[   60.635278] unloading
[   60.643000] file system registered
[   60.644864] unloading
[   60.655203] ffs_data_put(): freeing
[   60.655322] ffs_data_put(): freeing
[   60.657413] file system registered
[   60.659278] unloading
[   60.667154] ffs_data_put(): freeing
[   60.669783] file system registered
[   60.671466] unloading
[   60.680408] file system registered
[   60.683305] ffs_data_put(): freeing
[   60.683779] unloading
[   60.690292] ffs_data_put(): freeing
[   60.690397] ffs_data_put(): freeing
[   60.692265] file system registered
[   60.693360] unloading
[   60.698263] ffs_data_put(): freeing
[   60.700966] file system registered
[   60.702916] unloading
[   60.709144] ffs_data_put(): freeing
[   60.711750] file system registered
[   60.713064] unloading
[   60.718110] ffs_data_put(): freeing
[   60.721106] file system registered
[   60.723276] unloading
[   60.728783] ffs_data_put(): freeing
[   60.728889] ffs_data_put(): freeing
[   60.730762] file system registered
[   60.733139] unloading
[   60.741414] file system registered
[   60.743088] unloading
[   60.754166] ffs_data_put(): freeing
[   60.754268] ffs_data_put(): freeing
[   60.756136] file system registered
[   60.758301] unloading
[   60.765179] ffs_data_put(): freeing
[   60.765379] ffs_data_put(): freeing
[   60.768050] file system registered
[   60.770514] unloading
[   60.782398] ffs_data_put(): freeing
[   60.785923] file system registered
[   60.788267] unloading
[   60.794496] ffs_data_put(): freeing
[   60.796414] file system registered
[   60.798303] unloading
[   60.804191] ffs_data_put(): freeing
[   60.804303] ffs_data_put(): freeing
[   60.807115] file system registered
[   60.810908] unloading
[   60.819160] ffs_data_put(): freeing
[   60.822335] file system registered
[   60.824553] unloading
[   60.834235] file system registered
[   60.836877] unloading
[   60.845857] file system registered
[   60.846936] unloading
[   60.857400] ffs_data_put(): freeing
[   60.858360] ffs_data_put(): freeing
[   60.859331] ffs_data_put(): freeing
[   60.860078] file system registered
[   60.862994] unloading
[   60.868398] ffs_data_put(): freeing
[   60.868769] ffs_data_put(): freeing
[   60.868940] ffs_data_put(): freeing
[   60.869088] ffs_data_put(): freeing
[   60.873192] file system registered
[   60.877826] unloading
[   60.887314] file system registered
[   60.889378] unloading
[   60.898097] file system registered
[   60.900386] unloading
[   60.908222] ffs_data_put(): freeing
[   60.908458] ffs_data_put(): freeing
[   60.908791] ffs_data_put(): freeing
[   60.908913] ffs_data_put(): freeing
[   60.910935] file system registered
[   60.912914] ffs_data_put(): freeing
[   60.913068] unloading
[   60.922846] ffs_data_put(): freeing
[   60.923026] ffs_data_put(): freeing
[   60.924328] file system registered
[   60.926088] unloading
[   60.936743] ffs_data_put(): freeing
[   60.939362] file system registered
[   60.942431] unloading
[   60.955440] ffs_data_put(): freeing
[   60.955699] ffs_data_put(): freeing
[   60.955878] ffs_data_put(): freeing
[   60.960246] file system registered
[   60.965233] unloading
[   60.977331] file system registered
[   60.980170] unloading
[   60.987962] ffs_data_put(): freeing
[   60.988700] ffs_data_put(): freeing
[   60.988762] ffs_data_put(): freeing
[   60.991452] file system registered
[   60.999388] unloading
[   61.008297] ffs_data_put(): freeing
[   61.010283] file system registered
[   61.012205] unloading
[   61.022321] file system registered
[   61.024383] unloading
[   61.032049] ffs_data_put(): freeing
[   61.034689] file system registered
[   61.036274] unloading
[   61.042441] ffs_data_put(): freeing
[   61.043366] ffs_data_put(): freeing
[   61.044306] file system registered
[   61.046069] unloading
[   61.055137] ffs_data_put(): freeing
[   61.057222] file system registered
[   61.058846] unloading
[   61.064206] ffs_data_put(): freeing
[   61.066803] file system registered
[   61.068044] unloading
[   61.076781] file system registered
[   61.079138] unloading
[   61.086214] ffs_data_put(): freeing
[   61.086452] ffs_data_put(): freeing
[   61.086741] ffs_data_put(): freeing
[   61.088144] file system registered
[   61.090169] unloading
[   61.102944] ffs_data_put(): freeing
[   61.103233] ffs_data_put(): freeing
[   61.107890] file system registered
[   61.111205] unloading
[   61.116341] ffs_data_put(): freeing
[   61.119793] file system registered
[   61.121291] unloading
[   61.132480] file system registered
[   61.134036] unloading
[   61.144246] ffs_data_put(): freeing
[   61.144494] ffs_data_put(): freeing
[   61.146775] file system registered
[   61.149308] unloading
[   61.159321] file system registered
[   61.162075] unloading
[   61.169390] ffs_data_put(): freeing
[   61.169701] ffs_data_put(): freeing
[   61.172427] file system registered
[   61.175282] unloading
[   61.184158] ffs_data_put(): freeing
[   61.184278] ffs_data_put(): freeing
[   61.186380] file system registered
[   61.188400] unloading
[   61.198648] ffs_data_put(): freeing
[   61.202072] file system registered
[   61.205380] unloading
[   61.210267] ffs_data_put(): freeing
[   61.213129] file system registered
[   61.215733] unloading
[   61.221102] ffs_data_put(): freeing
[   61.223210] file system registered
[   61.225249] unloading
[   61.236254] file system registered
[   61.238009] unloading
[   61.247207] ffs_data_put(): freeing
[   61.249212] file system registered
[   61.251375] unloading
[   61.260135] ffs_data_put(): freeing
[   61.262379] file system registered
[   61.263944] unloading
[   61.278411] file system registered
[   61.280255] unloading
[   61.285122] ffs_data_put(): freeing
[   61.285248] ffs_data_put(): freeing
[   61.287211] file system registered
[   61.288291] unloading
[   61.295285] ffs_data_put(): freeing
[   61.296860] file system registered
[   61.298943] unloading
[   61.305165] ffs_data_put(): freeing
[   61.305253] ffs_data_put(): freeing
[   61.307821] file system registered
[   61.310098] unloading
[   61.316241] ffs_data_put(): freeing
[   61.318692] file system registered
[   61.320998] unloading
[   61.328268] ffs_data_put(): freeing
[   61.330099] file system registered
[   61.332311] unloading
[   61.339240] ffs_data_put(): freeing
[   61.339366] ffs_data_put(): freeing
[   61.339455] ffs_data_put(): freeing
[   61.341437] file system registered
[   61.343396] unloading
[   61.356044] file system registered
[   61.358269] ffs_data_put(): freeing
[   61.358405] unloading
[   61.366255] ffs_data_put(): freeing
[   61.368746] file system registered
[   61.370957] unloading
[   61.379239] ffs_data_put(): freeing
[   61.382024] file system registered
[   61.384852] unloading
[   61.396123] ffs_data_put(): freeing
[   61.396239] ffs_data_put(): freeing
[   61.399089] file system registered
[   61.400984] unloading
[   61.406410] ffs_data_put(): freeing
[   61.408275] file system registered
[   61.410292] unloading
[   61.420376] ffs_data_put(): freeing
[   61.420470] ffs_data_put(): freeing
[   61.424054] file system registered
[   61.426263] unloading
[   61.435423] ffs_data_put(): freeing
[   61.437307] file system registered
[   61.438981] unloading
[   61.448358] ffs_data_put(): freeing
[   61.450847] file system registered
[   61.452268] unloading
[   61.459814] ffs_data_put(): freeing
[   61.461822] file system registered
[   61.464050] unloading
[   61.473313] ffs_data_put(): freeing
[   61.473414] ffs_data_put(): freeing
[   61.475200] file system registered
[   61.477221] unloading
[   61.490407] ffs_data_put(): freeing
[   61.490788] ffs_data_put(): freeing
[   61.491087] ffs_data_put(): freeing
[   61.495446] file system registered
[   61.501469] unloading
[   61.510481] ffs_data_put(): freeing
[   61.513882] file system registered
[   61.517445] unloading
[   61.527477] ffs_data_put(): freeing
[   61.528015] ffs_data_put(): freeing
[   61.529929] file system registered
[   61.532335] unloading
[   61.541379] ffs_data_put(): freeing
[   61.543180] ffs_data_put(): freeing
[   61.545323] file system registered
[   61.548075] unloading
[   61.555141] ffs_data_put(): freeing
[   61.555465] ffs_data_put(): freeing
[   61.556361] ffs_data_put(): freeing
[   61.557386] file system registered
[   61.559071] unloading
[   61.563856] ffs_data_put(): freeing
[   61.564041] ffs_data_put(): freeing
[   61.566463] ffs_data_put(): freeing
[   61.566900] file system registered
[   61.568684] unloading
[   61.583107] file system registered
[   61.586323] unloading
[   61.594146] file system registered
[   61.597776] unloading
[   61.604143] ffs_data_put(): freeing
[   61.606435] file system registered
[   61.608307] unloading
[   61.619256] file system registered
[   61.621337] unloading
[   61.631264] ffs_data_put(): freeing
[   61.631381] ffs_data_put(): freeing
[   61.633288] file system registered
[   61.635311] unloading
[   61.642258] ffs_data_put(): freeing
[   61.644477] file system registered
[   61.646039] unloading
[   61.655298] ffs_data_put(): freeing
[   61.657991] file system registered
[   61.658840] unloading
[   61.669137] ffs_data_put(): freeing
[   61.669404] ffs_data_put(): freeing
[   61.673268] file system registered
[   61.677979] unloading
[   61.684315] ffs_data_put(): freeing
[   61.686786] file system registered
[   61.689460] unloading
[   61.696207] ffs_data_put(): freeing
[   61.699147] file system registered
[   61.701981] unloading
[   61.709715] file system registered
[   61.711411] unloading
[   61.717632] file system registered
[   61.718859] unloading
[   61.728950] file system registered
[   61.730187] unloading
[   61.741137] ffs_data_put(): freeing
[   61.743430] file system registered
[   61.746267] unloading
[   61.759447] ffs_data_put(): freeing
[   61.760463] ffs_data_put(): freeing
[   61.761412] ffs_data_put(): freeing
[   61.762254] ffs_data_put(): freeing
[   61.762458] file system registered
[   61.766146] ffs_data_put(): freeing
[   61.766308] unloading
[   61.773124] ffs_data_put(): freeing
[   61.773293] ffs_data_put(): freeing
[   61.773378] ffs_data_put(): freeing
[   61.775393] file system registered
[   61.778251] unloading
[   61.786324] ffs_data_put(): freeing
[   61.786445] ffs_data_put(): freeing
[   61.789243] file system registered
[   61.791415] unloading
[   61.801281] file system registered
[   61.804436] unloading
[   61.813427] file system registered
[   61.816066] unloading
[   61.822272] ffs_data_put(): freeing
[   61.825201] file system registered
[   61.827341] unloading
[   61.836318] file system registered
[   61.838302] unloading
[   61.846229] ffs_data_put(): freeing
[   61.846403] ffs_data_put(): freeing
[   61.848493] file system registered
[   61.850769] unloading
[   61.860309] ffs_data_put(): freeing
[   61.862404] file system registered
[   61.864830] unloading
[   61.873897] file system registered
[   61.875788] unloading
[   61.885767] ffs_data_put(): freeing
[   61.885778] ffs_data_put(): freeing
[   61.890456] file system registered
[   61.892851] unloading
[   61.899881] file system registered
[   61.902138] unloading
[   61.909872] file system registered
[   61.911338] unloading
[   61.920184] ffs_data_put(): freeing
[   61.920283] ffs_data_put(): freeing
[   61.921418] file system registered
[   61.923620] unloading
[   61.931225] ffs_data_put(): freeing
[   61.934290] file system registered
[   61.936475] unloading
[   61.941742] ffs_data_put(): freeing
[   61.943480] file system registered
[   61.946043] unloading
[   61.951169] ffs_data_put(): freeing
[   61.951250] ffs_data_put(): freeing
[   61.953450] file system registered
[   61.955184] unloading
[   61.963238] ffs_data_put(): freeing
[   61.963450] ffs_data_put(): freeing
[   61.965398] file system registered
[   61.967110] unloading
[   61.976296] ffs_data_put(): freeing
[   61.976476] ffs_data_put(): freeing
[   61.977058] ffs_data_put(): freeing
[   61.978073] file system registered
[   61.979010] unloading
[   61.986181] ffs_data_put(): freeing
[   61.988039] file system registered
[   61.989886] unloading
[   61.999118] ffs_data_put(): freeing
[   61.999368] ffs_data_put(): freeing
[   61.999697] ffs_data_put(): freeing
[   62.005892] file system registered
[   62.007534] unloading
[   62.016730] file system registered
[   62.018983] unloading
[   62.027225] file system registered
[   62.030155] unloading
[   62.038236] file system registered
[   62.040116] unloading
[   62.047206] file system registered
[   62.048895] unloading
[   62.056250] ffs_data_put(): freeing
[   62.056383] ffs_data_put(): freeing
[   62.057850] file system registered
[   62.059349] unloading
[   62.066289] ffs_data_put(): freeing
[   62.066408] ffs_data_put(): freeing
[   62.069735] file system registered
[   62.073261] unloading
[   62.080336] ffs_data_put(): freeing
[   62.080466] ffs_data_put(): freeing
[   62.084061] file system registered
[   62.087825] unloading
[   62.102305] ffs_data_put(): freeing
[   62.103873] ffs_data_put(): freeing
[   62.103959] ffs_data_put(): freeing
[   62.106018] file system registered
[   62.107937] unloading
[   62.118359] file system registered
[   62.120278] unloading
[   62.133143] ffs_data_put(): freeing
[   62.133400] ffs_data_put(): freeing
[   62.134041] ffs_data_put(): freeing
[   62.135234] ffs_data_put(): freeing
[   62.135995] file system registered
[   62.138233] unloading
[   62.156056] ffs_data_put(): freeing
[   62.156294] ffs_data_put(): freeing
[   62.162089] file system registered
[   62.165231] unloading
[   62.175922] ffs_data_put(): freeing
[   62.179124] file system registered
[   62.183331] unloading
[   62.192259] ffs_data_put(): freeing
[   62.192474] ffs_data_put(): freeing
[   62.195204] file system registered
[   62.198020] unloading
[   62.209171] file system registered
[   62.212012] unloading
[   62.221402] file system registered
[   62.224068] unloading
[   62.230029] ffs_data_put(): freeing
[   62.232930] file system registered
[   62.234760] unloading
[   62.244021] file system registered
[   62.246020] unloading
[   62.256242] ffs_data_put(): freeing
[   62.256346] ffs_data_put(): freeing
[   62.258247] file system registered
[   62.260022] unloading
[   62.270713] file system registered
[   62.272368] unloading
[   62.277239] ffs_data_put(): freeing
[   62.277361] ffs_data_put(): freeing
[   62.279495] file system registered
[   62.281405] unloading
[   62.289865] ffs_data_put(): freeing
[   62.290063] ffs_data_put(): freeing
[   62.290888] file system registered
[   62.292295] unloading
[   62.302132] ffs_data_put(): freeing
[   62.302314] ffs_data_put(): freeing
[   62.303111] file system registered
[   62.304811] unloading
[   62.311193] ffs_data_put(): freeing
[   62.311348] ffs_data_put(): freeing
[   62.314518] file system registered
[   62.318067] unloading
[   62.327472] ffs_data_put(): freeing
[   62.328405] ffs_data_put(): freeing
[   62.331762] file system registered
[   62.335105] unloading
[   62.345296] file system registered
[   62.347253] unloading
[   62.356194] ffs_data_put(): freeing
[   62.359320] file system registered
[   62.362330] unloading
[   62.369303] ffs_data_put(): freeing
[   62.369447] ffs_data_put(): freeing
[   62.372139] file system registered
[   62.375159] unloading
[   62.386212] ffs_data_put(): freeing
[   62.386316] ffs_data_put(): freeing
[   62.389099] file system registered
[   62.391316] unloading
[   62.401742] ffs_data_put(): freeing
[   62.404003] file system registered
[   62.407182] unloading
[   62.414990] file system registered
[   62.416525] unloading
[   62.421264] ffs_data_put(): freeing
[   62.421338] ffs_data_put(): freeing
[   62.424406] file system registered
[   62.426357] unloading
[   62.431334] ffs_data_put(): freeing
[   62.433903] file system registered
[   62.437805] unloading
[   62.449210] ffs_data_put(): freeing
[   62.449344] ffs_data_put(): freeing
[   62.451309] file system registered
[   62.453109] unloading
[   62.462445] file system registered
[   62.464418] unloading
[   62.471168] ffs_data_put(): freeing
[   62.473889] file system registered
[   62.477417] unloading
[   62.483696] ffs_data_put(): freeing
[   62.485917] file system registered
[   62.487407] unloading
[   62.497434] ffs_data_put(): freeing
[   62.500960] file system registered
[   62.503349] unloading
[   62.509812] ffs_data_put(): freeing
[   62.514286] file system registered
[   62.516405] unloading
[   62.523353] ffs_data_put(): freeing
[   62.525350] file system registered
[   62.527429] unloading
[   62.541197] ffs_data_put(): freeing
[   62.541335] ffs_data_put(): freeing
[   62.542146] ffs_data_put(): freeing
[   62.542237] ffs_data_put(): freeing
[   62.543503] file system registered
[   62.546358] unloading
[   62.552879] ffs_data_put(): freeing
[   62.553128] ffs_data_put(): freeing
[   62.553808] ffs_data_put(): freeing
[   62.553863] ffs_data_put(): freeing
[   62.557033] file system registered
[   62.562321] unloading
[   62.570431] ffs_data_put(): freeing
[   62.574499] file system registered
[   62.577817] unloading
[   62.583946] ffs_data_put(): freeing
[   62.584824] ffs_data_put(): freeing
[   62.586335] file system registered
[   62.589250] unloading
[   62.596158] file system registered
[   62.598138] unloading
[   62.608123] ffs_data_put(): freeing
[   62.611879] file system registered
[   62.614395] unloading
[   62.625362] file system registered
[   62.628116] unloading
[   62.634299] ffs_data_put(): freeing
[   62.634463] ffs_data_put(): freeing
[   62.636836] file system registered
[   62.638253] unloading
[   62.644235] ffs_data_put(): freeing
[   62.646489] file system registered
[   62.648168] unloading
[   62.658403] ffs_data_put(): freeing
[   62.659527] file system registered
[   62.660356] unloading
[   62.664361] ffs_data_put(): freeing
[   62.667446] file system registered
[   62.670278] unloading
[   62.677176] ffs_data_put(): freeing
[   62.677292] ffs_data_put(): freeing
[   62.680220] file system registered
[   62.683933] unloading
[   62.689328] ffs_data_put(): freeing
[   62.689470] ffs_data_put(): freeing
[   62.691848] file system registered
[   62.693475] unloading
[   62.701455] ffs_data_put(): freeing
[   62.701767] ffs_data_put(): freeing
[   62.701876] ffs_data_put(): freeing
[   62.703888] file system registered
[   62.706212] unloading
[   62.715408] file system registered
[   62.717954] unloading
[   62.727418] ffs_data_put(): freeing
[   62.729453] file system registered
[   62.731390] unloading
[   62.736218] ffs_data_put(): freeing
[   62.738349] file system registered
[   62.740230] unloading
[   62.749189] ffs_data_put(): freeing
[   62.749275] ffs_data_put(): freeing
[   62.752092] file system registered
[   62.754143] unloading
[   62.761176] ffs_data_put(): freeing
[   62.764123] file system registered
[   62.766370] unloading
[   62.773458] ffs_data_put(): freeing
[   62.775402] file system registered
[   62.777311] unloading
[   62.786289] ffs_data_put(): freeing
[   62.786412] ffs_data_put(): freeing
[   62.788266] file system registered
[   62.790360] unloading
[   62.798234] ffs_data_put(): freeing
[   62.798386] ffs_data_put(): freeing
[   62.798732] ffs_data_put(): freeing
[   62.800173] file system registered
[   62.801944] unloading
[   62.810346] ffs_data_put(): freeing
[   62.810740] ffs_data_put(): freeing
[   62.810851] ffs_data_put(): freeing
[   62.811705] file system registered
[   62.813938] unloading
[   62.824292] ffs_data_put(): freeing
[   62.824858] ffs_data_put(): freeing
[   62.824931] ffs_data_put(): freeing
[   62.831368] file system registered
[   62.836916] unloading
[   62.845770] file system registered
[   62.848210] unloading
[   62.860730] file system registered
[   62.862817] unloading
[   62.870242] ffs_data_put(): freeing
[   62.872739] file system registered
[   62.874408] unloading
[   62.883258] ffs_data_put(): freeing
[   62.886193] file system registered
[   62.889178] unloading
[   62.896326] ffs_data_put(): freeing
[   62.899013] file system registered
[   62.901258] unloading
[   62.909008] ffs_data_put(): freeing
[   62.911224] file system registered
[   62.912982] unloading
[   62.930127] ffs_data_put(): freeing
[   62.930290] ffs_data_put(): freeing
[   62.930450] ffs_data_put(): freeing
[   62.932092] file system registered
[   62.935368] ffs_data_put(): freeing
[   62.936305] unloading
[   62.942984] ffs_data_put(): freeing
[   62.943202] ffs_data_put(): freeing
[   62.947379] file system registered
[   62.950816] unloading
[   62.956304] ffs_data_put(): freeing
[   62.959233] file system registered
[   62.961402] unloading
[   62.969168] ffs_data_put(): freeing
[   62.970435] file system registered
[   62.972037] unloading
[   62.978266] ffs_data_put(): freeing
[   62.978437] ffs_data_put(): freeing
[   62.980082] file system registered
[   62.981833] unloading
[   62.987255] ffs_data_put(): freeing
[   62.987388] ffs_data_put(): freeing
[   62.987711] ffs_data_put(): freeing
[   62.987744] ffs_data_put(): freeing
[   62.989825] file system registered
[   62.992195] unloading
[   63.000218] ffs_data_put(): freeing
[   63.002886] file system registered
[   63.005149] unloading
[   63.011217] ffs_data_put(): freeing
[   63.013739] file system registered
[   63.015748] unloading
[   63.027373] file system registered
[   63.029881] unloading
[   63.036904] ffs_data_put(): freeing
[   63.037090] ffs_data_put(): freeing
[   63.037265] ffs_data_put(): freeing
[   63.038545] file system registered
[   63.040832] unloading
[   63.047289] ffs_data_put(): freeing
[   63.047756] ffs_data_put(): freeing
[   63.049319] ffs_data_put(): freeing
[   63.050350] file system registered
[   63.053087] unloading
[   63.061219] ffs_data_put(): freeing
[   63.061485] ffs_data_put(): freeing
[   63.061743] ffs_data_put(): freeing
[   63.064301] file system registered
[   63.067006] unloading
[   63.076965] ffs_data_put(): freeing
[   63.077112] ffs_data_put(): freeing
[   63.079373] file system registered
[   63.082367] unloading
[   63.094512] ffs_data_put(): freeing
[   63.096115] ffs_data_put(): freeing
[   63.096331] file system registered
[   63.099440] unloading
[   63.107441] ffs_data_put(): freeing
[   63.111179] file system registered
[   63.114175] unloading
[   63.124160] ffs_data_put(): freeing
[   63.124467] ffs_data_put(): freeing
[   63.127821] file system registered
[   63.130428] unloading
[   63.135556] ffs_data_put(): freeing
[   63.139327] file system registered
[   63.142306] unloading
[   63.149363] ffs_data_put(): freeing
[   63.152244] file system registered
[   63.155359] unloading
[   63.164129] ffs_data_put(): freeing
[   63.164300] ffs_data_put(): freeing
[   63.166253] file system registered
[   63.169195] unloading
[   63.177850] ffs_data_put(): freeing
[   63.181227] file system registered
[   63.184277] unloading
[   63.194210] ffs_data_put(): freeing
[   63.194309] ffs_data_put(): freeing
[   63.196039] file system registered
[   63.197297] unloading
[   63.203092] ffs_data_put(): freeing
[   63.205730] file system registered
[   63.207207] unloading
[   63.216380] ffs_data_put(): freeing
[   63.218747] file system registered
[   63.221038] unloading
[   63.226265] ffs_data_put(): freeing
[   63.226415] ffs_data_put(): freeing
[   63.227236] ffs_data_put(): freeing
[   63.229463] file system registered
[   63.232025] unloading
[   63.243406] ffs_data_put(): freeing
[   63.245515] file system registered
[   63.248477] unloading
[   63.253421] ffs_data_put(): freeing
[   63.255350] file system registered
[   63.257213] unloading
[   63.264150] ffs_data_put(): freeing
[   63.267467] file system registered
[   63.270266] unloading
[   63.276193] ffs_data_put(): freeing
[   63.276289] ffs_data_put(): freeing
[   63.278268] file system registered
[   63.279966] unloading
[   63.286117] ffs_data_put(): freeing
[   63.286487] ffs_data_put(): freeing
[   63.288229] ffs_data_put(): freeing
[   63.288681] file system registered
[   63.292164] unloading
[   63.298354] ffs_data_put(): freeing
[   63.298434] ffs_data_put(): freeing
[   63.301095] file system registered
[   63.303815] unloading
[   63.310296] ffs_data_put(): freeing
[   63.310408] ffs_data_put(): freeing
[   63.313595] file system registered
[   63.315893] unloading
[   63.324411] file system registered
[   63.326216] unloading
[   63.331214] ffs_data_put(): freeing
[   63.331337] ffs_data_put(): freeing
[   63.333890] file system registered
[   63.335475] unloading
[   63.343240] ffs_data_put(): freeing
[   63.346051] file system registered
[   63.347807] unloading
[   63.356435] file system registered
[   63.358176] unloading
[   63.366053] ffs_data_put(): freeing
[   63.367944] file system registered
[   63.369726] unloading
[   63.375239] ffs_data_put(): freeing
[   63.377019] file system registered
[   63.378180] unloading
[   63.383099] ffs_data_put(): freeing
[   63.386174] file system registered
[   63.388035] unloading
[   63.395417] ffs_data_put(): freeing
[   63.395826] ffs_data_put(): freeing
[   63.396030] ffs_data_put(): freeing
[   63.399223] file system registered
[   63.402765] unloading
[   63.410274] file system registered
[   63.412239] unloading
[   63.421376] ffs_data_put(): freeing
[   63.424258] file system registered
[   63.427272] unloading
[   63.436140] ffs_data_put(): freeing
[   63.436310] ffs_data_put(): freeing
[   63.438320] file system registered
[   63.440192] unloading
[   63.448397] file system registered
[   63.450217] unloading
[   63.456246] ffs_data_put(): freeing
[   63.458699] file system registered
[   63.460200] unloading
[   63.470390] ffs_data_put(): freeing
[   63.470691] ffs_data_put(): freeing
[   63.472990] file system registered
[   63.474218] unloading
[   63.481039] file system registered
[   63.483070] unloading
[   63.489047] ffs_data_put(): freeing
[   63.491034] file system registered
[   63.492198] unloading
[   63.500201] ffs_data_put(): freeing
[   63.500368] ffs_data_put(): freeing
[   63.502122] file system registered
[   63.503559] unloading
[   63.509290] ffs_data_put(): freeing
[   63.509384] ffs_data_put(): freeing
[   63.511557] file system registered
[   63.513194] unloading
[   63.528865] ffs_data_put(): freeing
[   63.529486] ffs_data_put(): freeing
[   63.530972] file system registered
[   63.534098] ffs_data_put(): freeing
[   63.534373] unloading
[   63.541467] ffs_data_put(): freeing
[   63.544167] file system registered
[   63.546415] unloading
[   63.554749] file system registered
[   63.556740] ffs_data_put(): freeing
[   63.557855] unloading
[   63.565160] ffs_data_put(): freeing
[   63.567299] file system registered
[   63.569851] unloading
[   63.578296] ffs_data_put(): freeing
[   63.580998] file system registered
[   63.583130] unloading
[   63.594337] file system registered
[   63.596138] unloading
[   63.604187] ffs_data_put(): freeing
[   63.606534] file system registered
[   63.608444] unloading
[   63.616225] ffs_data_put(): freeing
[   63.616343] ffs_data_put(): freeing
[   63.619204] file system registered
[   63.621343] ffs_data_put(): freeing
[   63.622289] unloading
[   63.631097] ffs_data_put(): freeing
[   63.633701] file system registered
[   63.635252] unloading
[   63.643269] ffs_data_put(): freeing
[   63.645975] file system registered
[   63.648028] unloading
[   63.658295] file system registered
[   63.660113] unloading
[   63.668164] ffs_data_put(): freeing
[   63.670403] file system registered
[   63.672844] unloading
[   63.682257] ffs_data_put(): freeing
[   63.682376] ffs_data_put(): freeing
[   63.684909] file system registered
[   63.686971] unloading
[   63.695456] file system registered
[   63.697362] unloading
[   63.708344] ffs_data_put(): freeing
[   63.708730] ffs_data_put(): freeing
[   63.709235] ffs_data_put(): freeing
[   63.709315] file system registered
[   63.711043] unloading
[   63.716211] ffs_data_put(): freeing
[   63.716315] ffs_data_put(): freeing
[   63.718827] file system registered
[   63.721099] unloading
[   63.727223] ffs_data_put(): freeing
[   63.730030] file system registered
[   63.731960] unloading
[   63.738327] ffs_data_put(): freeing
[   63.738680] ffs_data_put(): freeing
[   63.738694] ffs_data_put(): freeing
[   63.740856] file system registered
[   63.743215] unloading
[   63.756470] ffs_data_put(): freeing
[   63.756816] ffs_data_put(): freeing
[   63.757047] ffs_data_put(): freeing
[   63.757208] ffs_data_put(): freeing
[   63.760261] file system registered
[   63.764301] unloading
[   63.772795] ffs_data_put(): freeing
[   63.776121] file system registered
[   63.779072] unloading
[   63.786257] ffs_data_put(): freeing
[   63.788859] file system registered
[   63.790896] unloading
[   63.798329] ffs_data_put(): freeing
[   63.800725] file system registered
[   63.802740] unloading
[   63.807482] ffs_data_put(): freeing
[   63.807850] ffs_data_put(): freeing
[   63.810122] file system registered
[   63.812283] unloading
[   63.820222] ffs_data_put(): freeing
[   63.820469] ffs_data_put(): freeing
[   63.823675] file system registered
[   63.825170] unloading
[   63.832349] ffs_data_put(): freeing
[   63.832477] ffs_data_put(): freeing
[   63.833862] file system registered
[   63.835982] unloading
[   63.846428] ffs_data_put(): freeing
[   63.847256] ffs_data_put(): freeing
[   63.849124] file system registered
[   63.851335] unloading
[   63.862721] ffs_data_put(): freeing
[   63.868011] file system registered
[   63.871027] unloading
[   63.877431] ffs_data_put(): freeing
[   63.877815] ffs_data_put(): freeing
[   63.881104] file system registered
[   63.885436] unloading
[   63.899238] ffs_data_put(): freeing
[   63.901801] file system registered
[   63.903434] unloading
[   63.912331] file system registered
[   63.915067] unloading
[   63.921271] ffs_data_put(): freeing
[   63.926873] file system registered
[   63.928084] unloading
[   63.938277] file system registered
[   63.940034] unloading
[   63.951116] file system registered
[   63.952874] unloading
[   63.962406] ffs_data_put(): freeing
[   63.965313] file system registered
[   63.967374] unloading
[   63.975487] ffs_data_put(): freeing
[   63.978151] file system registered
[   63.980118] unloading
[   63.988332] ffs_data_put(): freeing
[   63.988692] ffs_data_put(): freeing
[   63.992150] file system registered
[   63.994808] unloading
[   64.002340] file system registered
[   64.004282] unloading
[   64.013363] ffs_data_put(): freeing
[   64.013727] ffs_data_put(): freeing
[   64.016848] file system registered
[   64.018244] unloading
[   64.026030] ffs_data_put(): freeing
[   64.029216] file system registered
[   64.031245] unloading
[   64.039144] ffs_data_put(): freeing
[   64.040270] file system registered
[   64.042003] unloading
[   64.052473] ffs_data_put(): freeing
[   64.052674] ffs_data_put(): freeing
[   64.054548] file system registered
[   64.057181] unloading
[   64.068027] file system registered
[   64.071374] unloading
[   64.080256] ffs_data_put(): freeing
[   64.080369] ffs_data_put(): freeing
[   64.082907] file system registered
[   64.085059] unloading
[   64.093392] ffs_data_put(): freeing
[   64.096017] file system registered
[   64.098398] unloading
[   64.104113] ffs_data_put(): freeing
[   64.106790] file system registered
[   64.108473] unloading
[   64.116161] ffs_data_put(): freeing
[   64.116339] ffs_data_put(): freeing
[   64.116425] ffs_data_put(): freeing
[   64.118969] file system registered
[   64.121221] unloading
[   64.127426] ffs_data_put(): freeing
[   64.130104] file system registered
[   64.131947] unloading
[   64.142220] file system registered
[   64.143979] unloading
[   64.156931] file system registered
[   64.159296] unloading
[   64.167962] file system registered
[   64.170818] unloading
[   64.177215] ffs_data_put(): freeing
[   64.178303] file system registered
[   64.180358] unloading
[   64.187084] ffs_data_put(): freeing
[   64.187301] ffs_data_put(): freeing
[   64.187398] ffs_data_put(): freeing
[   64.188828] file system registered
[   64.190125] unloading
[   64.200207] ffs_data_put(): freeing
[   64.200788] ffs_data_put(): freeing
[   64.201104] ffs_data_put(): freeing
[   64.202889] file system registered
[   64.205444] ffs_data_put(): freeing
[   64.206268] unloading
[   64.213412] ffs_data_put(): freeing
[   64.213800] ffs_data_put(): freeing
[   64.215875] file system registered
[   64.218067] unloading
[   64.226779] ffs_data_put(): freeing
[   64.226808] ffs_data_put(): freeing
[   64.229571] file system registered
[   64.233186] unloading
[   64.244296] file system registered
[   64.246710] unloading
[   64.252110] ffs_data_put(): freeing
[   64.252240] ffs_data_put(): freeing
[   64.255095] file system registered
[   64.257463] unloading
[   64.265055] file system registered
[   64.266851] unloading
[   64.274815] file system registered
[   64.276086] unloading
[   64.285232] ffs_data_put(): freeing
[   64.287235] file system registered
[   64.288841] unloading
[   64.300159] ffs_data_put(): freeing
[   64.300263] ffs_data_put(): freeing
[   64.303175] file system registered
[   64.306871] unloading
[   64.313286] ffs_data_put(): freeing
[   64.315503] file system registered
[   64.317183] unloading
[   64.327921] file system registered
[   64.329283] unloading
[   64.337285] file system registered
[   64.339429] unloading
[   64.345311] ffs_data_put(): freeing
[   64.347735] file system registered
[   64.349239] unloading
[   64.355146] ffs_data_put(): freeing
[   64.356867] file system registered
[   64.358217] unloading
[   64.367069] ffs_data_put(): freeing
[   64.369205] file system registered
[   64.372727] unloading
[   64.379857] ffs_data_put(): freeing
[   64.380006] ffs_data_put(): freeing
[   64.381974] file system registered
[   64.384869] unloading
[   64.390439] ffs_data_put(): freeing
[   64.392411] file system registered
[   64.394868] unloading
[   64.403434] ffs_data_put(): freeing
[   64.405318] file system registered
[   64.407143] unloading
[   64.414274] ffs_data_put(): freeing
[   64.414374] ffs_data_put(): freeing
[   64.416356] file system registered
[   64.418335] unloading
[   64.426119] ffs_data_put(): freeing
[   64.429002] file system registered
[   64.431154] unloading
[   64.439273] ffs_data_put(): freeing
[   64.439379] ffs_data_put(): freeing
[   64.442154] file system registered
[   64.444836] unloading
[   64.451929] file system registered
[   64.453811] unloading
[   64.460168] ffs_data_put(): freeing
[   64.462830] file system registered
[   64.465001] unloading
[   64.472179] ffs_data_put(): freeing
[   64.474389] file system registered
[   64.476252] unloading
[   64.482188] ffs_data_put(): freeing
[   64.482314] ffs_data_put(): freeing
[   64.482451] ffs_data_put(): freeing
[   64.484106] file system registered
[   64.486019] unloading
[   64.490232] ffs_data_put(): freeing
[   64.490455] ffs_data_put(): freeing
[   64.490689] ffs_data_put(): freeing
[   64.493314] file system registered
[   64.495455] unloading
[   64.505320] file system registered
[   64.507244] unloading
[   64.515781] ffs_data_put(): freeing
[   64.515815] ffs_data_put(): freeing
[   64.518474] file system registered
[   64.521141] unloading
[   64.528478] file system registered
[   64.531025] unloading
[   64.537111] ffs_data_put(): freeing
[   64.539756] file system registered
[   64.541157] unloading
[   64.550141] ffs_data_put(): freeing
[   64.551975] file system registered
[   64.554260] unloading
[   64.558299] ffs_data_put(): freeing
[   64.559818] ffs_data_put(): freeing
[   64.560429] file system registered
[   64.563205] unloading
[   64.577547] ffs_data_put(): freeing
[   64.577792] ffs_data_put(): freeing
[   64.580179] file system registered
[   64.582201] unloading
[   64.592004] ffs_data_put(): freeing
[   64.596168] file system registered
[   64.599333] unloading
[   64.607347] ffs_data_put(): freeing
[   64.607676] ffs_data_put(): freeing
[   64.608138] ffs_data_put(): freeing
[   64.609820] file system registered
[   64.612149] unloading
[   64.622782] file system registered
[   64.624495] unloading
[   64.633278] ffs_data_put(): freeing
[   64.636244] file system registered
[   64.638827] unloading
[   64.646465] ffs_data_put(): freeing
[   64.648783] file system registered
[   64.650777] unloading
[   64.660492] file system registered
[   64.662352] unloading
[   64.668229] ffs_data_put(): freeing
[   64.668320] ffs_data_put(): freeing
[   64.671342] file system registered
[   64.672970] unloading
[   64.681430] file system registered
[   64.683231] unloading
[   64.689192] ffs_data_put(): freeing
[   64.689311] ffs_data_put(): freeing
[   64.690323] file system registered
[   64.691835] unloading
[   64.698080] ffs_data_put(): freeing
[   64.700195] file system registered
[   64.701452] unloading
[   64.712275] ffs_data_put(): freeing
[   64.715027] file system registered
[   64.717113] ffs_data_put(): freeing
[   64.717297] unloading
[   64.726889] file system registered
[   64.728547] unloading
[   64.737115] ffs_data_put(): freeing
[   64.737219] ffs_data_put(): freeing
[   64.739045] file system registered
[   64.741022] unloading
[   64.752156] ffs_data_put(): freeing
[   64.752864] ffs_data_put(): freeing
[   64.752880] ffs_data_put(): freeing
[   64.754556] file system registered
[   64.757937] unloading
[   64.765033] ffs_data_put(): freeing
[   64.765072] ffs_data_put(): freeing
[   64.765322] ffs_data_put(): freeing
[   64.769353] file system registered
[   64.773427] unloading
[   64.782528] file system registered
[   64.785878] unloading
[   64.794780] file system registered
[   64.797220] unloading
[   64.803694] ffs_data_put(): freeing
[   64.805804] file system registered
[   64.807413] unloading
[   64.819144] ffs_data_put(): freeing
[   64.821793] file system registered
[   64.824136] unloading
[   64.830469] ffs_data_put(): freeing
[   64.833196] file system registered
[   64.835870] unloading
[   64.840241] ffs_data_put(): freeing
[   64.842730] file system registered
[   64.844996] unloading
[   64.851486] ffs_data_put(): freeing
[   64.854957] file system registered
[   64.857346] unloading
[   64.865164] ffs_data_put(): freeing
[   64.867389] file system registered
[   64.870910] unloading
[   64.879185] ffs_data_put(): freeing
[   64.879354] ffs_data_put(): freeing
[   64.879459] ffs_data_put(): freeing
[   64.881424] file system registered
[   64.882967] unloading
[   64.892378] ffs_data_put(): freeing
[   64.892713] ffs_data_put(): freeing
[   64.894186] file system registered
[   64.895804] unloading
[   64.903410] ffs_data_put(): freeing
[   64.903712] ffs_data_put(): freeing
[   64.914907] file system registered
[   64.917349] unloading
[   64.922772] ffs_data_put(): freeing
[   64.923798] ffs_data_put(): freeing
[   64.924427] file system registered
[   64.926032] unloading
[   64.933984] ffs_data_put(): freeing
[   64.934091] ffs_data_put(): freeing
[   64.936275] file system registered
[   64.938372] unloading
[   64.948238] ffs_data_put(): freeing
[   64.948347] ffs_data_put(): freeing
[   64.951104] file system registered
[   64.953450] unloading
[   64.962015] ffs_data_put(): freeing
[   64.965157] file system registered
[   64.967764] unloading
[   64.974386] ffs_data_put(): freeing
[   64.978009] file system registered
[   64.981434] unloading
[   64.992150] file system registered
[   64.995078] unloading
[   65.001052] ffs_data_put(): freeing
[   65.003353] file system registered
[   65.005392] unloading
[   65.014357] file system registered
[   65.016096] unloading
[   65.023113] file system registered
[   65.025151] unloading
[   65.032312] ffs_data_put(): freeing
[   65.034970] file system registered
[   65.036803] unloading
[   65.045280] ffs_data_put(): freeing
[   65.047773] file system registered
[   65.049397] unloading
[   65.060152] ffs_data_put(): freeing
[   65.060279] ffs_data_put(): freeing
[   65.062323] file system registered
[   65.064034] unloading
[   65.072397] ffs_data_put(): freeing
[   65.074983] file system registered
[   65.077150] unloading
[   65.082065] ffs_data_put(): freeing
[   65.086071] file system registered
[   65.088348] unloading
[   65.096257] ffs_data_put(): freeing
[   65.098851] file system registered
[   65.100778] unloading
[   65.112086] ffs_data_put(): freeing
[   65.114480] file system registered
[   65.116284] unloading
[   65.126742] file system registered
[   65.128330] unloading
[   65.137830] ffs_data_put(): freeing
[   65.138115] ffs_data_put(): freeing
[   65.139612] file system registered
[   65.141369] unloading
[   65.152298] ffs_data_put(): freeing
[   65.154955] file system registered
[   65.157213] unloading
[   65.168420] ffs_data_put(): freeing
[   65.171477] file system registered
[   65.175287] unloading
[   65.183871] file system registered
[   65.185944] unloading
[   65.194068] file system registered
[   65.197214] ffs_data_put(): freeing
[   65.197337] unloading
[   65.205899] ffs_data_put(): freeing
[   65.206004] ffs_data_put(): freeing
[   65.207964] file system registered
[   65.210170] unloading
[   65.218285] ffs_data_put(): freeing
[   65.220460] file system registered
[   65.223071] unloading
[   65.232088] file system registered
[   65.234387] unloading
[   65.242182] ffs_data_put(): freeing
[   65.244727] file system registered
[   65.246021] unloading
[   65.255069] ffs_data_put(): freeing
[   65.255148] ffs_data_put(): freeing
[   65.256377] file system registered
[   65.258010] unloading
[   65.264350] ffs_data_put(): freeing
[   65.264441] ffs_data_put(): freeing
[   65.266760] file system registered
[   65.269008] unloading
[   65.276235] file system registered
[   65.279473] unloading
[   65.288370] ffs_data_put(): freeing
[   65.292285] file system registered
[   65.296088] unloading
[   65.306447] ffs_data_put(): freeing
[   65.306782] ffs_data_put(): freeing
[   65.306918] ffs_data_put(): freeing
[   65.308339] file system registered
[   65.311156] unloading
[   65.321294] ffs_data_put(): freeing
[   65.325176] file system registered
[   65.327433] unloading
[   65.333418] ffs_data_put(): freeing
[   65.333720] ffs_data_put(): freeing
[   65.335315] file system registered
[   65.336968] unloading
[   65.351819] ffs_data_put(): freeing
[   65.352002] ffs_data_put(): freeing
[   65.354271] file system registered
[   65.357083] unloading
[   65.363035] ffs_data_put(): freeing
[   65.363235] ffs_data_put(): freeing
[   65.367461] file system registered
[   65.369944] unloading
[   65.378350] ffs_data_put(): freeing
[   65.382288] file system registered
[   65.385016] unloading
[   65.391296] ffs_data_put(): freeing
[   65.394221] file system registered
[   65.396994] unloading
[   65.403132] ffs_data_put(): freeing
[   65.405369] file system registered
[   65.407200] unloading
[   65.417305] ffs_data_put(): freeing
[   65.417489] ffs_data_put(): freeing
[   65.420420] file system registered
[   65.422389] unloading
[   65.431472] ffs_data_put(): freeing
[   65.433208] file system registered
[   65.433375] ffs_data_put(): freeing
[   65.434443] unloading
[   65.440211] ffs_data_put(): freeing
[   65.443331] file system registered
[   65.445366] unloading
[   65.454093] ffs_data_put(): freeing
[   65.456698] file system registered
[   65.459111] unloading
[   65.465368] ffs_data_put(): freeing
[   65.467863] file system registered
[   65.469473] unloading
[   65.475188] ffs_data_put(): freeing
[   65.475304] ffs_data_put(): freeing
[   65.479288] file system registered
[   65.481947] unloading
[   65.490237] ffs_data_put(): freeing
[   65.490361] ffs_data_put(): freeing
[   65.492487] file system registered
[   65.494438] unloading
[   65.502280] ffs_data_put(): freeing
[   65.502370] ffs_data_put(): freeing
[   65.505183] file system registered
[   65.508200] unloading
[   65.517237] file system registered
[   65.519118] unloading
[   65.526127] ffs_data_put(): freeing
[   65.526269] ffs_data_put(): freeing
[   65.526460] ffs_data_put(): freeing
[   65.531307] file system registered
[   65.534466] unloading
[   65.546152] file system registered
[   65.548201] unloading
[   65.554278] ffs_data_put(): freeing
[   65.556283] file system registered
[   65.558207] unloading
[   65.564599] ffs_data_put(): freeing
[   65.568191] file system registered
[   65.570306] unloading
[   65.581258] file system registered
[   65.582853] unloading
[   65.589185] ffs_data_put(): freeing
[   65.591440] file system registered
[   65.592932] unloading
[   65.597990] ffs_data_put(): freeing
[   65.600239] file system registered
[   65.604310] unloading
[   65.610206] ffs_data_put(): freeing
[   65.610352] ffs_data_put(): freeing
[   65.612555] file system registered
[   65.614394] unloading
[   65.624856] file system registered
[   65.626910] ffs_data_put(): freeing
[   65.627271] unloading
[   65.634450] ffs_data_put(): freeing
[   65.634697] ffs_data_put(): freeing
[   65.636046] file system registered
[   65.637891] unloading
[   65.643342] ffs_data_put(): freeing
[   65.645221] file system registered
[   65.646903] unloading
[   65.654884] file system registered
[   65.656102] unloading
[   65.661088] ffs_data_put(): freeing
[   65.662082] file system registered
[   65.663922] unloading
[   65.671137] ffs_data_put(): freeing
[   65.674132] file system registered
[   65.676336] unloading
[   65.686212] ffs_data_put(): freeing
[   65.687849] file system registered
[   65.688861] unloading
[   65.701244] file system registered
[   65.702954] unloading
[   65.707124] ffs_data_put(): freeing
[   65.708383] file system registered
[   65.709916] unloading
[   65.718359] ffs_data_put(): freeing
[   65.718450] ffs_data_put(): freeing
[   65.720740] file system registered
[   65.723396] unloading
[   65.731684] file system registered
[   65.733300] unloading
[   65.739124] ffs_data_put(): freeing
[   65.740787] file system registered
[   65.742010] unloading
[   65.747078] ffs_data_put(): freeing
[   65.748432] file system registered
[   65.749485] unloading
[   65.755175] ffs_data_put(): freeing
[   65.757272] file system registered
[   65.758871] unloading
[   65.768181] ffs_data_put(): freeing
[   65.770117] file system registered
[   65.771774] unloading
[   65.780178] ffs_data_put(): freeing
[   65.783351] file system registered
[   65.785255] unloading
[   65.793882] file system registered
[   65.795393] unloading
[   65.805111] ffs_data_put(): freeing
[   65.805232] ffs_data_put(): freeing
[   65.807754] file system registered
[   65.809566] unloading
[   65.818735] file system registered
[   65.820404] unloading
[   65.830235] file system registered
[   65.832120] unloading
[   65.846323] file system registered
[   65.849183] ffs_data_put(): freeing
[   65.849257] unloading
[   65.858758] ffs_data_put(): freeing
[   65.858849] ffs_data_put(): freeing
[   65.858978] ffs_data_put(): freeing
[   65.859903] file system registered
[   65.861385] unloading
[   65.867413] ffs_data_put(): freeing
[   65.867737] ffs_data_put(): freeing
[   65.867868] ffs_data_put(): freeing
[   65.869232] ffs_data_put(): freeing
[   65.869879] file system registered
[   65.871463] unloading
[   65.878835] ffs_data_put(): freeing
[   65.878823] ffs_data_put(): freeing
[   65.881949] file system registered
[   65.884490] unloading
[   65.894293] ffs_data_put(): freeing
[   65.894472] ffs_data_put(): freeing
[   65.898164] file system registered
[   65.901418] unloading
[   65.907327] ffs_data_put(): freeing
[   65.910828] file system registered
[   65.913097] unloading
[   65.920479] ffs_data_put(): freeing
[   65.922439] file system registered
[   65.924703] unloading
[   65.936345] file system registered
[   65.938692] unloading
[   65.946049] ffs_data_put(): freeing
[   65.947936] file system registered
[   65.950285] unloading
[   65.959149] ffs_data_put(): freeing
[   65.959251] ffs_data_put(): freeing
[   65.962078] file system registered
[   65.964982] unloading
[   65.974391] file system registered
[   65.976896] unloading
[   65.987039] file system registered
[   65.989317] unloading
[   65.998060] file system registered
[   65.999437] unloading
[   66.004102] ffs_data_put(): freeing
[   66.004244] ffs_data_put(): freeing
[   66.005395] file system registered
[   66.006450] unloading
[   66.013182] ffs_data_put(): freeing
[   66.013281] ffs_data_put(): freeing
[   66.015413] file system registered
[   66.017101] unloading
[   66.022279] ffs_data_put(): freeing
[   66.024704] file system registered
[   66.026947] unloading
[   66.033851] file system registered
[   66.035812] ffs_data_put(): freeing
[   66.036386] ffs_data_put(): freeing
[   66.037104] ffs_data_put(): freeing
[   66.037190] unloading
[   66.045255] ffs_data_put(): freeing
[   66.047091] file system registered
[   66.048848] unloading
[   66.061263] ffs_data_put(): freeing
[   66.063969] file system registered
[   66.066086] unloading
[   66.074110] file system registered
[   66.075377] unloading
[   66.084813] file system registered
[   66.086736] unloading
[   66.095206] ffs_data_put(): freeing
[   66.095291] ffs_data_put(): freeing
[   66.097844] file system registered
[   66.099710] unloading
[   66.105162] ffs_data_put(): freeing
[   66.107339] file system registered
[   66.109530] unloading
[   66.115208] ffs_data_put(): freeing
[   66.117496] file system registered
[   66.119671] unloading
[   66.128252] ffs_data_put(): freeing
[   66.130177] file system registered
[   66.132189] unloading
[   66.142106] ffs_data_put(): freeing
[   66.143727] file system registered
[   66.145212] unloading
[   66.151293] file system registered
[   66.153091] unloading
[   66.161110] file system registered
[   66.162778] unloading
[   66.168094] ffs_data_put(): freeing
[   66.168189] ffs_data_put(): freeing
[   66.169896] file system registered
[   66.171219] unloading
[   66.175308] ffs_data_put(): freeing
[   66.175401] ffs_data_put(): freeing
[   66.177016] file system registered
[   66.178002] unloading
[   66.186870] file system registered
[   66.188336] unloading
[   66.193295] ffs_data_put(): freeing
[   66.193387] ffs_data_put(): freeing
[   66.195162] file system registered
[   66.197490] unloading
[   66.203258] ffs_data_put(): freeing
[   66.205410] file system registered
[   66.207312] unloading
[   66.216943] file system registered
[   66.218172] unloading
[   66.225131] ffs_data_put(): freeing
[   66.227769] file system registered
[   66.228971] unloading
[   66.238146] ffs_data_put(): freeing
[   66.240490] file system registered
[   66.243995] unloading
[   66.251115] ffs_data_put(): freeing
[   66.254816] file system registered
[   66.257359] unloading
[   66.266204] ffs_data_put(): freeing
[   66.268965] file system registered
[   66.271867] unloading
[   66.280238] file system registered
[   66.282110] unloading
[   66.289002] file system registered
[   66.289835] unloading
[   66.299749] file system registered
[   66.301293] unloading
[   66.306021] ffs_data_put(): freeing
[   66.306128] ffs_data_put(): freeing
[   66.308057] file system registered
[   66.309885] unloading
[   66.320148] ffs_data_put(): freeing
[   66.322460] file system registered
[   66.324336] unloading
[   66.330247] ffs_data_put(): freeing
[   66.335300] file system registered
[   66.337709] unloading
[   66.344808] file system registered
[   66.346017] unloading
[   66.352336] ffs_data_put(): freeing
[   66.355438] file system registered
[   66.357469] unloading
[   66.364213] ffs_data_put(): freeing
[   66.364345] ffs_data_put(): freeing
[   66.366246] file system registered
[   66.368403] unloading
[   66.376336] ffs_data_put(): freeing
[   66.378200] file system registered
[   66.379462] unloading
[   66.386226] ffs_data_put(): freeing
[   66.386345] ffs_data_put(): freeing
[   66.388840] file system registered
[   66.391811] unloading
[   66.397845] ffs_data_put(): freeing
[   66.399409] ffs_data_put(): freeing
[   66.400114] file system registered
[   66.402868] unloading
[   66.410439] ffs_data_put(): freeing
[   66.412489] file system registered
[   66.414359] unloading
[   66.425195] ffs_data_put(): freeing
[   66.427136] file system registered
[   66.429151] unloading
[   66.437240] ffs_data_put(): freeing
[   66.437367] ffs_data_put(): freeing
[   66.439905] file system registered
[   66.444075] unloading
[   66.453418] file system registered
[   66.454945] unloading
[   66.463259] ffs_data_put(): freeing
[   66.463377] ffs_data_put(): freeing
[   66.465745] file system registered
[   66.467840] unloading
[   66.476383] ffs_data_put(): freeing
[   66.478515] file system registered
[   66.480958] unloading
[   66.487201] ffs_data_put(): freeing
[   66.487749] ffs_data_put(): freeing
[   66.488514] ffs_data_put(): freeing
[   66.491028] file system registered
[   66.493785] unloading
[   66.502341] ffs_data_put(): freeing
[   66.503206] file system registered
[   66.505374] unloading
[   66.514340] ffs_data_put(): freeing
[   66.515039] ffs_data_put(): freeing
[   66.516709] file system registered
[   66.518357] unloading
[   66.524112] ffs_data_put(): freeing
[   66.524185] ffs_data_put(): freeing
[   66.527268] file system registered
[   66.529207] unloading
[   66.537255] ffs_data_put(): freeing
[   66.539914] file system registered
[   66.542262] unloading
[   66.550228] ffs_data_put(): freeing
[   66.553810] file system registered
[   66.556257] unloading
[   66.561461] ffs_data_put(): freeing
[   66.564335] file system registered
[   66.567005] unloading
[   66.573361] ffs_data_put(): freeing
[   66.573499] ffs_data_put(): freeing
[   66.573780] ffs_data_put(): freeing
[   66.576039] file system registered
[   66.577805] unloading
[   66.588298] ffs_data_put(): freeing
[   66.589147] ffs_data_put(): freeing
[   66.589453] ffs_data_put(): freeing
[   66.590334] file system registered
[   66.592971] unloading
[   66.601832] ffs_data_put(): freeing
[   66.602091] ffs_data_put(): freeing
[   66.602780] ffs_data_put(): freeing
[   66.606276] file system registered
[   66.610235] unloading
[   66.619794] ffs_data_put(): freeing
[   66.620970] ffs_data_put(): freeing
[   66.622176] file system registered
[   66.624954] unloading
[   66.634855] ffs_data_put(): freeing
[   66.635071] ffs_data_put(): freeing
[   66.637365] file system registered
[   66.640197] unloading
[   66.646479] ffs_data_put(): freeing
[   66.646987] ffs_data_put(): freeing
[   66.650290] file system registered
[   66.653417] unloading
[   66.660380] file system registered
[   66.663969] unloading
[   66.671198] ffs_data_put(): freeing
[   66.671409] ffs_data_put(): freeing
[   66.674383] file system registered
[   66.677241] unloading
[   66.683297] ffs_data_put(): freeing
[   66.685901] file system registered
[   66.688393] unloading
[   66.695181] ffs_data_put(): freeing
[   66.697364] file system registered
[   66.699113] unloading
[   66.713399] ffs_data_put(): freeing
[   66.714379] ffs_data_put(): freeing
[   66.714713] ffs_data_put(): freeing
[   66.715759] file system registered
[   66.718025] unloading
[   66.730379] ffs_data_put(): freeing
[   66.730705] ffs_data_put(): freeing
[   66.734047] file system registered
[   66.737165] unloading
[   66.745338] ffs_data_put(): freeing
[   66.745461] ffs_data_put(): freeing
[   66.749047] file system registered
[   66.751420] unloading
[   66.763440] ffs_data_put(): freeing
[   66.767318] file system registered
[   66.771193] unloading
[   66.776298] ffs_data_put(): freeing
[   66.780073] file system registered
[   66.783344] unloading
[   66.792292] ffs_data_put(): freeing
[   66.792472] ffs_data_put(): freeing
[   66.793212] ffs_data_put(): freeing
[   66.796119] file system registered
[   66.799035] unloading
[   66.805356] file system registered
[   66.807358] unloading
[   66.815794] file system registered
[   66.817207] unloading
[   66.825782] file system registered
[   66.827750] unloading
[   66.835933] file system registered
[   66.837324] unloading
[   66.842134] ffs_data_put(): freeing
[   66.844778] file system registered
[   66.846743] unloading
[   66.856294] ffs_data_put(): freeing
[   66.856496] ffs_data_put(): freeing
[   66.858492] file system registered
[   66.860419] unloading
[   66.867368] ffs_data_put(): freeing
[   66.869302] file system registered
[   66.871122] unloading
[   66.878285] ffs_data_put(): freeing
[   66.880403] file system registered
[   66.882781] unloading
[   66.893214] file system registered
[   66.895254] unloading
[   66.900109] ffs_data_put(): freeing
[   66.902050] file system registered
[   66.904288] unloading
[   66.912881] file system registered
[   66.914044] unloading
[   66.921008] ffs_data_put(): freeing
[   66.923186] file system registered
[   66.925155] unloading
[   66.935110] file system registered
[   66.936889] unloading
[   66.945261] ffs_data_put(): freeing
[   66.946909] file system registered
[   66.948441] unloading
[   66.953321] ffs_data_put(): freeing
[   66.955838] file system registered
[   66.957184] unloading
[   66.965450] ffs_data_put(): freeing
[   66.965708] ffs_data_put(): freeing
[   66.967423] file system registered
[   66.969269] unloading
[   66.977084] ffs_data_put(): freeing
[   66.979400] file system registered
[   66.981093] unloading
[   66.989159] ffs_data_put(): freeing
[   66.989261] ffs_data_put(): freeing
[   66.991221] file system registered
[   66.992953] unloading
[   66.999250] ffs_data_put(): freeing
[   66.999459] ffs_data_put(): freeing
[   66.999976] ffs_data_put(): freeing
[   67.002294] file system registered
[   67.004837] unloading
[   67.010455] ffs_data_put(): freeing
[   67.010801] ffs_data_put(): freeing
[   67.010820] ffs_data_put(): freeing
[   67.012280] file system registered
[   67.014153] unloading
[   67.019175] ffs_data_put(): freeing
[   67.026899] file system registered
[   67.030456] unloading
[   67.038214] ffs_data_put(): freeing
[   67.038361] ffs_data_put(): freeing
[   67.038480] ffs_data_put(): freeing
[   67.040360] file system registered
[   67.042285] unloading
[   67.054388] ffs_data_put(): freeing
[   67.055939] ffs_data_put(): freeing
[   67.056034] ffs_data_put(): freeing
[   67.058351] file system registered
[   67.062044] unloading
[   67.069759] ffs_data_put(): freeing
[   67.075064] file system registered
[   67.078939] unloading
[   67.086348] ffs_data_put(): freeing
[   67.090454] file system registered
[   67.092549] unloading
[   67.101234] file system registered
[   67.103377] unloading
[   67.114140] ffs_data_put(): freeing
[   67.116991] file system registered
[   67.119035] unloading
[   67.125236] ffs_data_put(): freeing
[   67.125343] ffs_data_put(): freeing
[   67.127297] file system registered
[   67.129175] unloading
[   67.139244] ffs_data_put(): freeing
[   67.139390] ffs_data_put(): freeing
[   67.139718] ffs_data_put(): freeing
[   67.141924] file system registered
[   67.143058] unloading
[   67.154918] ffs_data_put(): freeing
[   67.155064] ffs_data_put(): freeing
[   67.158275] file system registered
[   67.161197] unloading
[   67.168335] ffs_data_put(): freeing
[   67.168764] ffs_data_put(): freeing
[   67.169993] file system registered
[   67.171990] unloading
[   67.180381] ffs_data_put(): freeing
[   67.180926] ffs_data_put(): freeing
[   67.183346] file system registered
[   67.187013] unloading
[   67.198812] ffs_data_put(): freeing
[   67.198836] ffs_data_put(): freeing
[   67.198952] ffs_data_put(): freeing
[   67.201290] file system registered
[   67.205205] unloading
[   67.211773] ffs_data_put(): freeing
[   67.217131] file system registered
[   67.220014] unloading
[   67.226221] ffs_data_put(): freeing
[   67.228477] file system registered
[   67.230937] unloading
[   67.242334] ffs_data_put(): freeing
[   67.245371] file system registered
[   67.248928] unloading
[   67.261460] file system registered
[   67.263180] unloading
[   67.272005] file system registered
[   67.273283] unloading
[   67.279090] ffs_data_put(): freeing
[   67.281195] file system registered
[   67.283800] unloading
[   67.292114] ffs_data_put(): freeing
[   67.294117] file system registered
[   67.297087] unloading
[   67.308332] ffs_data_put(): freeing
[   67.310756] file system registered
[   67.312176] unloading
[   67.317246] ffs_data_put(): freeing
[   67.317346] ffs_data_put(): freeing
[   67.319961] file system registered
[   67.321516] unloading
[   67.328768] ffs_data_put(): freeing
[   67.328888] ffs_data_put(): freeing
[   67.330307] file system registered
[   67.332263] unloading
[   67.340259] ffs_data_put(): freeing
[   67.341788] file system registered
[   67.343428] unloading
[   67.349115] ffs_data_put(): freeing
[   67.352161] file system registered
[   67.354284] unloading
[   67.364268] ffs_data_put(): freeing
[   67.364361] ffs_data_put(): freeing
[   67.367020] file system registered
[   67.369390] unloading
[   67.382740] ffs_data_put(): freeing
[   67.383682] ffs_data_put(): freeing
[   67.383780] ffs_data_put(): freeing
[   67.385057] file system registered
[   67.389082] unloading
[   67.395928] ffs_data_put(): freeing
[   67.396105] ffs_data_put(): freeing
[   67.398172] file system registered
[   67.401049] unloading
[   67.409711] ffs_data_put(): freeing
[   67.409882] ffs_data_put(): freeing
[   67.412331] file system registered
[   67.414188] unloading
[   67.429100] ffs_data_put(): freeing
[   67.429168] ffs_data_put(): freeing
[   67.429485] ffs_data_put(): freeing
[   67.432285] file system registered
[   67.435426] unloading
[   67.443112] ffs_data_put(): freeing
[   67.443853] ffs_data_put(): freeing
[   67.444210] ffs_data_put(): freeing
[   67.447044] file system registered
[   67.451957] unloading
[   67.460805] ffs_data_put(): freeing
[   67.460894] ffs_data_put(): freeing
[   67.463392] file system registered
[   67.466034] unloading
[   67.476114] ffs_data_put(): freeing
[   67.476231] ffs_data_put(): freeing
[   67.480317] file system registered
[   67.483054] unloading
[   67.491408] file system registered
[   67.494113] unloading
[   67.501321] ffs_data_put(): freeing
[   67.501742] ffs_data_put(): freeing
[   67.505491] file system registered
[   67.509162] unloading
[   67.523483] ffs_data_put(): freeing
[   67.525819] file system registered
[   67.530912] unloading
[   67.538802] ffs_data_put(): freeing
[   67.538947] ffs_data_put(): freeing
[   67.540775] file system registered
[   67.542366] unloading
[   67.548439] ffs_data_put(): freeing
[   67.551081] file system registered
[   67.551205] ffs_data_put(): freeing
[   67.553963] unloading
[   67.569182] ffs_data_put(): freeing
[   67.569373] ffs_data_put(): freeing
[   67.573981] file system registered
[   67.579203] unloading
[   67.589729] ffs_data_put(): freeing
[   67.592859] file system registered
[   67.595006] unloading
[   67.603371] ffs_data_put(): freeing
[   67.605383] file system registered
[   67.608105] unloading
[   67.614176] ffs_data_put(): freeing
[   67.614443] ffs_data_put(): freeing
[   67.616991] file system registered
[   67.619960] unloading
[   67.628430] ffs_data_put(): freeing
[   67.628705] ffs_data_put(): freeing
[   67.630889] file system registered
[   67.633091] unloading
[   67.640151] ffs_data_put(): freeing
[   67.642375] file system registered
[   67.644159] unloading
[   67.648274] ffs_data_put(): freeing
[   67.652070] file system registered
[   67.654304] unloading
[   67.664097] ffs_data_put(): freeing
[   67.664209] ffs_data_put(): freeing
[   67.666868] file system registered
[   67.668474] unloading
[   67.680189] ffs_data_put(): freeing
[   67.680277] ffs_data_put(): freeing
[   67.682391] file system registered
[   67.684404] unloading
[   67.691705] file system registered
[   67.693200] unloading
[   67.700331] file system registered
[   67.702446] unloading
[   67.708222] ffs_data_put(): freeing
[   67.708318] ffs_data_put(): freeing
[   67.712830] file system registered
[   67.715859] unloading
[   67.722815] ffs_data_put(): freeing
[   67.724014] file system registered
[   67.725872] unloading
[   67.732202] ffs_data_put(): freeing
[   67.734276] file system registered
[   67.736015] unloading
[   67.744241] file system registered
[   67.745426] unloading
[   67.755860] file system registered
[   67.757236] unloading
[   67.766050] ffs_data_put(): freeing
[   67.768805] file system registered
[   67.771078] unloading
[   67.776840] ffs_data_put(): freeing
[   67.778917] file system registered
[   67.780855] unloading
[   67.787349] ffs_data_put(): freeing
[   67.787432] ffs_data_put(): freeing
[   67.789588] file system registered
[   67.791408] unloading
[   67.800067] file system registered
[   67.802195] unloading
[   67.812331] file system registered
[   67.814313] unloading
[   67.822155] file system registered
[   67.823835] unloading
[   67.840139] ffs_data_put(): freeing
[   67.840819] ffs_data_put(): freeing
[   67.841097] file system registered
[   67.843065] unloading
[   67.850263] ffs_data_put(): freeing
[   67.850380] ffs_data_put(): freeing
[   67.852394] file system registered
[   67.854119] unloading
[   67.863929] file system registered
[   67.865015] unloading
[   67.877176] ffs_data_put(): freeing
[   67.877465] file system registered
[   67.879618] unloading
[   67.885034] ffs_data_put(): freeing
[   67.888431] file system registered
[   67.890311] unloading
[   67.900391] ffs_data_put(): freeing
[   67.900725] ffs_data_put(): freeing
[   67.902399] file system registered
[   67.904295] unloading
[   67.914489] ffs_data_put(): freeing
[   67.914813] ffs_data_put(): freeing
[   67.916305] file system registered
[   67.919034] unloading
[   67.930760] ffs_data_put(): freeing
[   67.930944] ffs_data_put(): freeing
[   67.931216] ffs_data_put(): freeing
[   67.937122] file system registered
[   67.942945] unloading
[   67.951172] ffs_data_put(): freeing
[   67.955087] file system registered
[   67.958480] unloading
[   67.972268] file system registered
[   67.974815] unloading
[   67.980271] ffs_data_put(): freeing
[   67.982720] file system registered
[   67.983881] unloading
[   67.991008] file system registered
[   67.993163] unloading
[   68.001397] file system registered
[   68.003320] unloading
[   68.011145] ffs_data_put(): freeing
[   68.013147] file system registered
[   68.015001] unloading
[   68.025109] file system registered
[   68.026387] unloading
[   68.031008] ffs_data_put(): freeing
[   68.032188] file system registered
[   68.034109] unloading
[   68.043388] ffs_data_put(): freeing
[   68.043489] ffs_data_put(): freeing
[   68.047349] file system registered
[   68.049139] unloading
[   68.054189] ffs_data_put(): freeing
[   68.057274] file system registered
[   68.059747] unloading
[   68.069230] ffs_data_put(): freeing
[   68.069342] ffs_data_put(): freeing
[   68.071721] file system registered
[   68.073783] unloading
[   68.085300] ffs_data_put(): freeing
[   68.085838] ffs_data_put(): freeing
[   68.087467] file system registered
[   68.089073] unloading
[   68.097452] ffs_data_put(): freeing
[   68.099915] file system registered
[   68.102430] unloading
[   68.111855] ffs_data_put(): freeing
[   68.112309] ffs_data_put(): freeing
[   68.114237] file system registered
[   68.116501] unloading
[   68.121473] ffs_data_put(): freeing
[   68.123926] file system registered
[   68.125898] unloading
[   68.134885] ffs_data_put(): freeing
[   68.136330] file system registered
[   68.138207] unloading
[   68.146462] ffs_data_put(): freeing
[   68.146634] ffs_data_put(): freeing
[   68.150204] file system registered
[   68.154830] unloading
[   68.160378] ffs_data_put(): freeing
[   68.163780] file system registered
[   68.165475] unloading
[   68.172456] ffs_data_put(): freeing
[   68.174204] file system registered
[   68.176204] unloading
[   68.182208] ffs_data_put(): freeing
[   68.186138] file system registered
[   68.188302] unloading
[   68.195177] ffs_data_put(): freeing
[   68.198288] file system registered
[   68.201309] unloading
[   68.207305] ffs_data_put(): freeing
[   68.209776] file system registered
[   68.211753] unloading
[   68.219478] ffs_data_put(): freeing
[   68.221401] file system registered
[   68.223279] unloading
[   68.241442] ffs_data_put(): freeing
[   68.245419] file system registered
[   68.248420] unloading
[   68.257185] file system registered
[   68.258795] unloading
[   68.263411] ffs_data_put(): freeing
[   68.267239] file system registered
[   68.272079] unloading
[   68.281193] ffs_data_put(): freeing
[   68.281290] ffs_data_put(): freeing
[   68.283226] file system registered
[   68.285391] unloading
[   68.291129] ffs_data_put(): freeing
[   68.294076] file system registered
[   68.296412] unloading
[   68.303183] ffs_data_put(): freeing
[   68.303328] ffs_data_put(): freeing
[   68.305828] file system registered
[   68.308004] unloading
[   68.317121] ffs_data_put(): freeing
[   68.319274] file system registered
[   68.321414] unloading
[   68.333397] ffs_data_put(): freeing
[   68.333838] ffs_data_put(): freeing
[   68.333952] ffs_data_put(): freeing
[   68.335558] file system registered
[   68.338371] unloading
[   68.343463] ffs_data_put(): freeing
[   68.344337] ffs_data_put(): freeing
[   68.348472] file system registered
[   68.353316] unloading
[   68.358159] ffs_data_put(): freeing
[   68.358794] ffs_data_put(): freeing
[   68.359983] file system registered
[   68.361256] unloading
[   68.367432] ffs_data_put(): freeing
[   68.367728] ffs_data_put(): freeing
[   68.370176] file system registered
[   68.372014] unloading
[   68.380173] ffs_data_put(): freeing
[   68.380320] ffs_data_put(): freeing
[   68.382605] file system registered
[   68.385189] unloading
[   68.393310] ffs_data_put(): freeing
[   68.393784] ffs_data_put(): freeing
[   68.393826] ffs_data_put(): freeing
[   68.395497] file system registered
[   68.397945] unloading
[   68.405301] ffs_data_put(): freeing
[   68.405852] ffs_data_put(): freeing
[   68.406034] ffs_data_put(): freeing
[   68.408102] file system registered
[   68.411083] unloading
[   68.419987] ffs_data_put(): freeing
[   68.420097] ffs_data_put(): freeing
[   68.423091] file system registered
[   68.426298] unloading
[   68.432144] ffs_data_put(): freeing
[   68.435949] file system registered
[   68.439484] unloading
[   68.445391] ffs_data_put(): freeing
[   68.449245] file system registered
[   68.452382] unloading
[   68.458554] file system registered
[   68.461335] unloading
[   68.472274] ffs_data_put(): freeing
[   68.472365] ffs_data_put(): freeing
[   68.474538] file system registered
[   68.476373] unloading
[   68.486196] file system registered
[   68.489163] unloading
[   68.497202] file system registered
[   68.499063] unloading
[   68.508172] ffs_data_put(): freeing
[   68.508299] ffs_data_put(): freeing
[   68.511002] file system registered
[   68.513326] unloading
[   68.521317] ffs_data_put(): freeing
[   68.525722] file system registered
[   68.527606] unloading
[   68.534231] ffs_data_put(): freeing
[   68.534498] ffs_data_put(): freeing
[   68.536415] file system registered
[   68.538055] unloading
[   68.552817] ffs_data_put(): freeing
[   68.553386] ffs_data_put(): freeing
[   68.553852] ffs_data_put(): freeing
[   68.555265] file system registered
[   68.558958] unloading
[   68.569379] ffs_data_put(): freeing
[   68.569848] ffs_data_put(): freeing
[   68.570018] ffs_data_put(): freeing
[   68.573139] file system registered
[   68.577262] unloading
[   68.584397] ffs_data_put(): freeing
[   68.586118] ffs_data_put(): freeing
[   68.590186] file system registered
[   68.594301] unloading
[   68.603956] file system registered
[   68.606439] unloading
[   68.614990] file system registered
[   68.617351] unloading
[   68.624238] ffs_data_put(): freeing
[   68.626474] file system registered
[   68.628326] unloading
[   68.637237] ffs_data_put(): freeing
[   68.637358] ffs_data_put(): freeing
[   68.639248] file system registered
[   68.641358] unloading
[   68.650228] ffs_data_put(): freeing
[   68.650332] ffs_data_put(): freeing
[   68.653222] file system registered
[   68.657749] unloading
[   68.667230] ffs_data_put(): freeing
[   68.669798] file system registered
[   68.679452] ffs_data_put(): freeing
[   68.680111] unloading
[   68.686193] ffs_data_put(): freeing
[   68.686305] ffs_data_put(): freeing
[   68.688197] file system registered
[   68.690067] unloading
[   68.696271] ffs_data_put(): freeing
[   68.700114] file system registered
[   68.702126] unloading
[   68.712418] ffs_data_put(): freeing
[   68.713099] ffs_data_put(): freeing
[   68.716407] file system registered
[   68.718971] unloading
[   68.726404] ffs_data_put(): freeing
[   68.728173] file system registered
[   68.730034] unloading
[   68.737263] ffs_data_put(): freeing
[   68.739715] file system registered
[   68.741128] unloading
[   68.746102] ffs_data_put(): freeing
[   68.747480] file system registered
[   68.749312] unloading
[   68.754467] ffs_data_put(): freeing
[   68.756197] file system registered
[   68.758399] unloading
[   68.767484] file system registered
[   68.768983] unloading
[   68.778776] file system registered
[   68.780156] unloading
[   68.784462] ffs_data_put(): freeing
[   68.786013] file system registered
[   68.787356] unloading
[   68.792033] ffs_data_put(): freeing
[   68.793198] file system registered
[   68.795471] unloading
[   68.801311] ffs_data_put(): freeing
[   68.804383] file system registered
[   68.806813] unloading
[   68.817300] file system registered
[   68.819824] unloading
[   68.832925] file system registered
[   68.835223] unloading
[   68.845121] ffs_data_put(): freeing
[   68.848122] file system registered
[   68.850240] unloading
[   68.859473] file system registered
[   68.862293] unloading
[   68.871208] ffs_data_put(): freeing
[   68.871309] ffs_data_put(): freeing
[   68.874423] file system registered
[   68.876226] unloading
[   68.886261] file system registered
[   68.888219] unloading
[   68.894312] ffs_data_put(): freeing
[   68.894438] ffs_data_put(): freeing
[   68.894740] ffs_data_put(): freeing
[   68.897134] file system registered
[   68.899742] ffs_data_put(): freeing
[   68.900094] unloading
[   68.911460] ffs_data_put(): freeing
[   68.914158] file system registered
[   68.916269] unloading
[   68.926427] ffs_data_put(): freeing
[   68.930108] file system registered
[   68.934370] unloading
[   68.941302] ffs_data_put(): freeing
[   68.943457] file system registered
[   68.945380] unloading
[   68.952115] ffs_data_put(): freeing
[   68.954257] file system registered
[   68.955965] unloading
[   68.963233] ffs_data_put(): freeing
[   68.965813] file system registered
[   68.967363] unloading
[   68.975250] ffs_data_put(): freeing
[   68.975376] ffs_data_put(): freeing
[   68.977397] file system registered
[   68.978811] unloading
[   68.992735] ffs_data_put(): freeing
[   68.992934] ffs_data_put(): freeing
[   68.993212] ffs_data_put(): freeing
[   68.995948] file system registered
[   68.998977] unloading
[   69.004452] ffs_data_put(): freeing
[   69.005081] ffs_data_put(): freeing
[   69.006222] file system registered
[   69.008945] unloading
[   69.015183] ffs_data_put(): freeing
[   69.015261] ffs_data_put(): freeing
[   69.015488] ffs_data_put(): freeing
[   69.015903] ffs_data_put(): freeing
[   69.017284] file system registered
[   69.019046] unloading
[   69.023699] ffs_data_put(): freeing
[   69.024024] ffs_data_put(): freeing
[   69.026974] file system registered
[   69.028992] unloading
[   69.038326] ffs_data_put(): freeing
[   69.039087] ffs_data_put(): freeing
[   69.039280] ffs_data_put(): freeing
[   69.040365] file system registered
[   69.043197] unloading
[   69.050457] ffs_data_put(): freeing
[   69.050908] ffs_data_put(): freeing
[   69.051205] ffs_data_put(): freeing
[   69.054104] file system registered
[   69.057318] unloading
[   69.063900] ffs_data_put(): freeing
[   69.064363] ffs_data_put(): freeing
[   69.066866] file system registered
[   69.069909] unloading
[   69.081403] ffs_data_put(): freeing
[   69.081699] ffs_data_put(): freeing
[   69.085396] file system registered
[   69.087781] unloading
[   69.096294] ffs_data_put(): freeing
[   69.099033] file system registered
[   69.101339] unloading
[   69.108448] ffs_data_put(): freeing
[   69.109856] ffs_data_put(): freeing
[   69.111067] file system registered
[   69.113974] unloading
[   69.127309] ffs_data_put(): freeing
[   69.128003] ffs_data_put(): freeing
[   69.128167] ffs_data_put(): freeing
[   69.131888] file system registered
[   69.135379] unloading
[   69.142878] ffs_data_put(): freeing
[   69.146415] file system registered
[   69.149959] unloading
[   69.156776] ffs_data_put(): freeing
[   69.160091] file system registered
[   69.163138] unloading
[   69.170365] ffs_data_put(): freeing
[   69.174786] file system registered
[   69.177387] unloading
[   69.182326] ffs_data_put(): freeing
[   69.184918] file system registered
[   69.187238] unloading
[   69.197318] ffs_data_put(): freeing
[   69.199425] file system registered
[   69.201319] unloading
[   69.210167] ffs_data_put(): freeing
[   69.212488] file system registered
[   69.214189] unloading
[   69.223994] file system registered
[   69.226213] unloading
[   69.238075] ffs_data_put(): freeing
[   69.238178] ffs_data_put(): freeing
[   69.240289] file system registered
[   69.242214] unloading
[   69.254479] file system registered
[   69.256942] unloading
[   69.266294] file system registered
[   69.267953] unloading
[   69.274274] ffs_data_put(): freeing
[   69.274398] ffs_data_put(): freeing
[   69.277285] file system registered
[   69.279868] unloading
[   69.290316] file system registered
[   69.292284] unloading
[   69.300256] ffs_data_put(): freeing
[   69.300371] ffs_data_put(): freeing
[   69.301832] file system registered
[   69.303174] unloading
[   69.308215] ffs_data_put(): freeing
[   69.308336] ffs_data_put(): freeing
[   69.311375] file system registered
[   69.314032] unloading
[   69.321065] file system registered
[   69.323211] unloading
[   69.331251] ffs_data_put(): freeing
[   69.331386] ffs_data_put(): freeing
[   69.333243] file system registered
[   69.335839] unloading
[   69.343478] file system registered
[   69.345398] unloading
[   69.355255] ffs_data_put(): freeing
[   69.355349] ffs_data_put(): freeing
[   69.357915] file system registered
[   69.359880] unloading
[   69.367149] ffs_data_put(): freeing
[   69.370810] file system registered
[   69.372475] unloading
[   69.379178] ffs_data_put(): freeing
[   69.381362] file system registered
[   69.383091] unloading
[   69.393209] ffs_data_put(): freeing
[   69.398142] file system registered
[   69.401927] unloading
[   69.408426] ffs_data_put(): freeing
[   69.410931] file system registered
[   69.412798] unloading
[   69.421195] file system registered
[   69.423474] unloading
[   69.432775] file system registered
[   69.434053] unloading
[   69.441464] file system registered
[   69.443426] unloading
[   69.450214] ffs_data_put(): freeing
[   69.452958] file system registered
[   69.455081] unloading
[   69.465439] file system registered
[   69.466930] unloading
[   69.472244] ffs_data_put(): freeing
[   69.473258] file system registered
[   69.475005] unloading
[   69.484399] file system registered
[   69.486172] unloading
[   69.492274] ffs_data_put(): freeing
[   69.494166] file system registered
[   69.495896] unloading
[   69.504725] ffs_data_put(): freeing
[   69.505046] ffs_data_put(): freeing
[   69.507054] file system registered
[   69.509003] unloading
[   69.518193] ffs_data_put(): freeing
[   69.520786] file system registered
[   69.522079] unloading
[   69.529361] file system registered
[   69.530920] unloading
[   69.536818] file system registered
[   69.538372] unloading
[   69.546370] file system registered
[   69.547987] unloading
[   69.552047] ffs_data_put(): freeing
[   69.553429] file system registered
[   69.554960] unloading
[   69.567035] ffs_data_put(): freeing
[   69.567200] ffs_data_put(): freeing
[   69.569256] file system registered
[   69.571106] unloading
[   69.583304] ffs_data_put(): freeing
[   69.583744] ffs_data_put(): freeing
[   69.584867] ffs_data_put(): freeing
[   69.585235] file system registered
[   69.589077] unloading
[   69.594889] ffs_data_put(): freeing
[   69.594951] ffs_data_put(): freeing
[   69.595163] ffs_data_put(): freeing
[   69.597968] file system registered
[   69.601993] unloading
[   69.611651] ffs_data_put(): freeing
[   69.615023] file system registered
[   69.617968] unloading
[   69.625345] ffs_data_put(): freeing
[   69.628061] file system registered
[   69.630354] unloading
[   69.637925] file system registered
[   69.640769] unloading
[   69.645824] ffs_data_put(): freeing
[   69.645928] ffs_data_put(): freeing
[   69.647257] file system registered
[   69.649245] unloading
[   69.659393] file system registered
[   69.661482] unloading
[   69.671194] file system registered
[   69.673098] unloading
[   69.684356] file system registered
[   69.685875] unloading
[   69.698340] file system registered
[   69.700304] unloading
[   69.708159] ffs_data_put(): freeing
[   69.708292] ffs_data_put(): freeing
[   69.710313] file system registered
[   69.712940] unloading
[   69.720206] file system registered
[   69.722043] unloading
[   69.729921] file system registered
[   69.731096] unloading
[   69.736224] ffs_data_put(): freeing
[   69.736301] ffs_data_put(): freeing
[   69.738302] file system registered
[   69.740432] unloading
[   69.745777] ffs_data_put(): freeing
[   69.746360] file system registered
[   69.748278] unloading
[   69.754038] ffs_data_put(): freeing
[   69.756079] file system registered
[   69.757780] unloading
[   69.767740] file system registered
[   69.769014] unloading
[   69.776621] file system registered
[   69.778060] unloading
[   69.785347] ffs_data_put(): freeing
[   69.787332] file system registered
[   69.789190] unloading
[   69.800872] file system registered
[   69.802463] unloading
[   69.808077] ffs_data_put(): freeing
[   69.812900] file system registered
[   69.814359] unloading
[   69.821401] file system registered
[   69.823307] unloading
[   69.832046] ffs_data_put(): freeing
[   69.834705] file system registered
[   69.837812] unloading
[   69.849277] ffs_data_put(): freeing
[   69.849373] ffs_data_put(): freeing
[   69.851391] file system registered
[   69.853470] unloading
[   69.860202] ffs_data_put(): freeing
[   69.862001] file system registered
[   69.863479] unloading
[   69.870211] ffs_data_put(): freeing
[   69.870449] ffs_data_put(): freeing
[   69.872912] file system registered
[   69.874870] unloading
[   69.884249] ffs_data_put(): freeing
[   69.884397] ffs_data_put(): freeing
[   69.884700] ffs_data_put(): freeing
[   69.887867] file system registered
[   69.892026] unloading
[   69.904746] ffs_data_put(): freeing
[   69.906955] file system registered
[   69.908435] unloading
[   69.917392] ffs_data_put(): freeing
[   69.919361] file system registered
[   69.921417] unloading
[   69.930381] ffs_data_put(): freeing
[   69.934029] file system registered
[   69.936285] unloading
[   69.942223] ffs_data_put(): freeing
[   69.942372] ffs_data_put(): freeing
[   69.945715] file system registered
[   69.948096] unloading
[   69.955132] ffs_data_put(): freeing
[   69.956477] file system registered
[   69.958744] ffs_data_put(): freeing
[   69.959043] unloading
[   69.964897] ffs_data_put(): freeing
[   69.966033] file system registered
[   69.967284] unloading
[   69.973042] ffs_data_put(): freeing
[   69.973111] ffs_data_put(): freeing
[   69.974342] file system registered
[   69.976538] unloading
[   69.984787] ffs_data_put(): freeing
[   69.986431] file system registered
[   69.988274] unloading
[   69.992443] ffs_data_put(): freeing
[   69.995288] file system registered
[   69.997052] unloading
[   70.002184] ffs_data_put(): freeing
[   70.004951] file system registered
[   70.006465] unloading
[   70.012094] ffs_data_put(): freeing
[   70.014395] file system registered
[   70.017135] unloading
[   70.026162] ffs_data_put(): freeing
[   70.029068] file system registered
[   70.030694] unloading
[   70.039221] file system registered
[   70.040707] unloading
[   70.046237] ffs_data_put(): freeing
[   70.048341] file system registered
[   70.049859] unloading
[   70.056423] ffs_data_put(): freeing
[   70.059326] file system registered
[   70.061342] unloading
[   70.068118] ffs_data_put(): freeing
[   70.070890] file system registered
[   70.072251] unloading
[   70.082190] ffs_data_put(): freeing
[   70.082314] ffs_data_put(): freeing
[   70.083789] file system registered
[   70.085108] unloading
[   70.089217] ffs_data_put(): freeing
[   70.089348] ffs_data_put(): freeing
[   70.092397] file system registered
[   70.095197] unloading
[   70.105454] ffs_data_put(): freeing
[   70.107248] file system registered
[   70.109316] unloading
[   70.120463] file system registered
[   70.122399] unloading
[   70.127262] ffs_data_put(): freeing
[   70.127378] ffs_data_put(): freeing
[   70.129879] file system registered
[   70.132056] unloading
[   70.138783] ffs_data_put(): freeing
[   70.139031] ffs_data_put(): freeing
[   70.139886] ffs_data_put(): freeing
[   70.142147] file system registered
[   70.144836] unloading
[   70.148021] ffs_data_put(): freeing
[   70.149989] file system registered
[   70.152167] unloading
[   70.160296] file system registered
[   70.162017] unloading
[   70.173337] file system registered
[   70.174975] unloading
[   70.185114] ffs_data_put(): freeing
[   70.187417] file system registered
[   70.189327] unloading
[   70.197165] ffs_data_put(): freeing
[   70.200055] file system registered
[   70.202112] unloading
[   70.210275] ffs_data_put(): freeing
[   70.210410] ffs_data_put(): freeing
[   70.212595] file system registered
[   70.214770] unloading
[   70.221286] ffs_data_put(): freeing
[   70.221918] ffs_data_put(): freeing
[   70.223041] file system registered
[   70.225006] unloading
[   70.231211] ffs_data_put(): freeing
[   70.231322] ffs_data_put(): freeing
[   70.234140] file system registered
[   70.236263] unloading
[   70.244272] ffs_data_put(): freeing
[   70.247283] file system registered
[   70.250796] ffs_data_put(): freeing
[   70.250911] unloading
[   70.262506] ffs_data_put(): freeing
[   70.264902] file system registered
[   70.267331] unloading
[   70.275238] ffs_data_put(): freeing
[   70.278925] file system registered
[   70.282069] unloading
[   70.290347] ffs_data_put(): freeing
[   70.290476] ffs_data_put(): freeing
[   70.294941] file system registered
[   70.297401] unloading
[   70.305265] ffs_data_put(): freeing
[   70.307427] file system registered
[   70.310835] unloading
[   70.320910] file system registered
[   70.321810] unloading
[   70.327268] ffs_data_put(): freeing
[   70.330740] file system registered
[   70.332758] unloading
[   70.340248] file system registered
[   70.342196] unloading
[   70.356196] ffs_data_put(): freeing
[   70.356310] ffs_data_put(): freeing
[   70.356410] ffs_data_put(): freeing
[   70.359242] file system registered
[   70.360886] unloading
[   70.370168] ffs_data_put(): freeing
[   70.376163] file system registered
[   70.378372] unloading
[   70.387730] file system registered
[   70.389179] unloading
[   70.396185] ffs_data_put(): freeing
[   70.396436] ffs_data_put(): freeing
[   70.398488] file system registered
[   70.400289] unloading
[   70.406341] ffs_data_put(): freeing
[   70.406825] ffs_data_put(): freeing
[   70.413258] file system registered
[   70.415490] unloading
[   70.425184] ffs_data_put(): freeing
[   70.427207] file system registered
[   70.429006] unloading
[   70.439962] ffs_data_put(): freeing
[   70.441302] file system registered
[   70.443876] unloading
[   70.451909] file system registered
[   70.452959] unloading
[   70.459195] ffs_data_put(): freeing
[   70.463200] file system registered
[   70.465365] unloading
[   70.472183] ffs_data_put(): freeing
[   70.472481] ffs_data_put(): freeing
[   70.475188] file system registered
[   70.477769] unloading
[   70.484485] ffs_data_put(): freeing
[   70.484917] ffs_data_put(): freeing
[   70.486270] file system registered
[   70.487423] unloading
[   70.492321] ffs_data_put(): freeing
[   70.494856] file system registered
[   70.496821] unloading
[   70.502177] file system registered
[   70.503836] unloading
[   70.510338] file system registered
[   70.513108] unloading
[   70.520286] file system registered
[   70.522369] unloading
[   70.531126] ffs_data_put(): freeing
[   70.533202] file system registered
[   70.535186] unloading
[   70.548326] file system registered
[   70.550373] unloading
[   70.559094] ffs_data_put(): freeing
[   70.561844] file system registered
[   70.563730] unloading
[   70.573415] file system registered
[   70.575153] unloading
[   70.583161] ffs_data_put(): freeing
[   70.583271] ffs_data_put(): freeing
[   70.584417] file system registered
[   70.586147] unloading
[   70.592209] ffs_data_put(): freeing
[   70.592368] ffs_data_put(): freeing
[   70.592454] ffs_data_put(): freeing
[   70.595163] file system registered
[   70.597943] unloading
[   70.604208] file system registered
[   70.607337] unloading
[   70.616130] ffs_data_put(): freeing
[   70.618886] file system registered
[   70.621917] unloading
[   70.629151] ffs_data_put(): freeing
[   70.632232] file system registered
[   70.634695] unloading
[   70.640297] ffs_data_put(): freeing
[   70.642842] file system registered
[   70.644987] unloading
[   70.654712] file system registered
[   70.656114] unloading
[   70.662953] file system registered
[   70.664264] unloading
[   70.672887] file system registered
[   70.674476] unloading
[   70.681186] ffs_data_put(): freeing
[   70.681264] ffs_data_put(): freeing
[   70.683829] file system registered
[   70.685993] unloading
[   70.693201] ffs_data_put(): freeing
[   70.696060] file system registered
[   70.698200] unloading
[   70.710298] ffs_data_put(): freeing
[   70.713849] file system registered
[   70.716788] ffs_data_put(): freeing
[   70.717102] unloading
[   70.728717] ffs_data_put(): freeing
[   70.729118] ffs_data_put(): freeing
[   70.731513] file system registered
[   70.736866] unloading
[   70.745386] ffs_data_put(): freeing
[   70.746144] ffs_data_put(): freeing
[   70.747859] file system registered
[   70.750403] unloading
[   70.760326] ffs_data_put(): freeing
[   70.763433] file system registered
[   70.766200] unloading
[   70.774333] ffs_data_put(): freeing
[   70.777575] file system registered
[   70.783249] unloading
[   70.790423] ffs_data_put(): freeing
[   70.793958] file system registered
[   70.796392] unloading
[   70.807229] ffs_data_put(): freeing
[   70.807336] ffs_data_put(): freeing
[   70.809171] file system registered
[   70.811126] unloading
[   70.817099] ffs_data_put(): freeing
[   70.819319] file system registered
[   70.821436] unloading
[   70.831107] ffs_data_put(): freeing
[   70.833466] file system registered
[   70.835261] unloading
[   70.844379] file system registered
[   70.845481] unloading
[   70.854218] file system registered
[   70.856231] unloading
[   70.863280] ffs_data_put(): freeing
[   70.863368] ffs_data_put(): freeing
[   70.866082] file system registered
[   70.868148] unloading
[   70.878048] file system registered
[   70.880549] unloading
[   70.887120] ffs_data_put(): freeing
[   70.887244] ffs_data_put(): freeing
[   70.887405] ffs_data_put(): freeing
[   70.888367] file system registered
[   70.890027] unloading
[   70.897159] ffs_data_put(): freeing
[   70.897286] ffs_data_put(): freeing
[   70.897391] ffs_data_put(): freeing
[   70.898740] file system registered
[   70.902046] unloading
[   70.911807] ffs_data_put(): freeing
[   70.911842] ffs_data_put(): freeing
[   70.911933] ffs_data_put(): freeing
[   70.914143] file system registered
[   70.916990] unloading
[   70.928341] ffs_data_put(): freeing
[   70.931319] file system registered
[   70.934323] unloading
[   70.940852] ffs_data_put(): freeing
[   70.941026] ffs_data_put(): freeing
[   70.942471] file system registered
[   70.944395] unloading
[   70.954267] ffs_data_put(): freeing
[   70.956275] file system registered
[   70.958469] unloading
[   70.963148] ffs_data_put(): freeing
[   70.965442] file system registered
[   70.967137] unloading
[   70.974245] file system registered
[   70.976438] unloading
[   70.989143] ffs_data_put(): freeing
[   70.989241] ffs_data_put(): freeing
[   70.991336] file system registered
[   70.993317] unloading
[   70.998262] ffs_data_put(): freeing
[   70.998463] ffs_data_put(): freeing
[   71.001302] file system registered
[   71.003292] unloading
[   71.009361] ffs_data_put(): freeing
[   71.009708] ffs_data_put(): freeing
[   71.013372] file system registered
[   71.015971] unloading
[   71.023231] ffs_data_put(): freeing
[   71.025400] file system registered
[   71.028159] unloading
[   71.034786] ffs_data_put(): freeing
[   71.034907] ffs_data_put(): freeing
[   71.036458] file system registered
[   71.038285] unloading
[   71.048009] file system registered
[   71.051332] unloading
[   71.060105] ffs_data_put(): freeing
[   71.060236] ffs_data_put(): freeing
[   71.062878] file system registered
[   71.064406] unloading
[   71.074322] file system registered
[   71.076424] unloading
[   71.085174] ffs_data_put(): freeing
[   71.087158] file system registered
[   71.088846] unloading
[   71.097190] ffs_data_put(): freeing
[   71.099132] file system registered
[   71.101071] unloading
[   71.106111] ffs_data_put(): freeing
[   71.110293] file system registered
[   71.114100] unloading
[   71.124205] ffs_data_put(): freeing
[   71.126310] file system registered
[   71.128271] unloading
[   71.133272] ffs_data_put(): freeing
[   71.136082] file system registered
[   71.138217] unloading
[   71.146328] ffs_data_put(): freeing
[   71.148436] file system registered
[   71.150247] unloading
[   71.159331] ffs_data_put(): freeing
[   71.162138] file system registered
[   71.163756] unloading
[   71.169328] ffs_data_put(): freeing
[   71.171958] file system registered
[   71.174294] unloading
[   71.185351] ffs_data_put(): freeing
[   71.187238] file system registered
[   71.189062] unloading
[   71.198725] ffs_data_put(): freeing
[   71.201166] file system registered
[   71.203283] unloading
[   71.212422] ffs_data_put(): freeing
[   71.212763] ffs_data_put(): freeing
[   71.212853] ffs_data_put(): freeing
[   71.214213] file system registered
[   71.216460] unloading
[   71.226355] ffs_data_put(): freeing
[   71.226756] ffs_data_put(): freeing
[   71.228291] file system registered
[   71.231327] unloading
[   71.238764] ffs_data_put(): freeing
[   71.239003] ffs_data_put(): freeing
[   71.242098] file system registered
[   71.246095] unloading
[   71.256207] ffs_data_put(): freeing
[   71.258997] file system registered
[   71.262076] unloading
[   71.270592] ffs_data_put(): freeing
[   71.275729] file system registered
[   71.279925] unloading
[   71.287239] ffs_data_put(): freeing
[   71.289925] file system registered
[   71.291831] unloading
[   71.301487] ffs_data_put(): freeing
[   71.301724] ffs_data_put(): freeing
[   71.303608] file system registered
[   71.306401] unloading
[   71.313346] ffs_data_put(): freeing
[   71.314069] ffs_data_put(): freeing
[   71.314187] ffs_data_put(): freeing
[   71.315974] file system registered
[   71.317895] unloading
[   71.323286] ffs_data_put(): freeing
[   71.323478] ffs_data_put(): freeing
[   71.323844] ffs_data_put(): freeing
[   71.328153] file system registered
[   71.331189] unloading
[   71.340891] file system registered
[   71.343327] unloading
[   71.349437] ffs_data_put(): freeing
[   71.352884] file system registered
[   71.355831] unloading
[   71.363117] ffs_data_put(): freeing
[   71.365381] file system registered
[   71.368054] unloading
[   71.377475] file system registered
[   71.379127] unloading
[   71.387221] ffs_data_put(): freeing
[   71.388808] file system registered
[   71.390150] unloading
[   71.398188] ffs_data_put(): freeing
[   71.400323] file system registered
[   71.402032] unloading
[   71.414407] ffs_data_put(): freeing
[   71.415004] ffs_data_put(): freeing
[   71.416278] file system registered
[   71.418354] unloading
[   71.427483] ffs_data_put(): freeing
[   71.427837] ffs_data_put(): freeing
[   71.431959] file system registered
[   71.435793] unloading
[   71.445361] ffs_data_put(): freeing
[   71.448322] file system registered
[   71.450461] unloading
[   71.459887] file system registered
[   71.461075] unloading
[   71.469260] file system registered
[   71.472413] unloading
[   71.483186] ffs_data_put(): freeing
[   71.483336] ffs_data_put(): freeing
[   71.483944] ffs_data_put(): freeing
[   71.484072] ffs_data_put(): freeing
[   71.487241] file system registered
[   71.489803] unloading
[   71.497774] file system registered
[   71.500190] unloading
[   71.508316] ffs_data_put(): freeing
[   71.510410] file system registered
[   71.512177] unloading
[   71.519335] ffs_data_put(): freeing
[   71.521127] ffs_data_put(): freeing
[   71.521315] ffs_data_put(): freeing
[   71.523045] file system registered
[   71.525197] unloading
[   71.533865] ffs_data_put(): freeing
[   71.533992] ffs_data_put(): freeing
[   71.539143] file system registered
[   71.543079] unloading
[   71.548354] ffs_data_put(): freeing
[   71.550892] file system registered
[   71.551986] unloading
[   71.561456] file system registered
[   71.564434] unloading
[   71.571303] ffs_data_put(): freeing
[   71.573987] file system registered
[   71.576174] unloading
[   71.585043] ffs_data_put(): freeing
[   71.588075] file system registered
[   71.591932] unloading
[   71.601192] ffs_data_put(): freeing
[   71.603353] file system registered
[   71.605375] ffs_data_put(): freeing
[   71.606056] unloading
[   71.615139] ffs_data_put(): freeing
[   71.617379] file system registered
[   71.619326] unloading
[   71.624269] ffs_data_put(): freeing
[   71.626230] file system registered
[   71.628012] unloading
[   71.633321] file system registered
[   71.635047] unloading
[   71.643144] ffs_data_put(): freeing
[   71.646054] file system registered
[   71.648192] unloading
[   71.656279] ffs_data_put(): freeing
[   71.658789] file system registered
[   71.660366] unloading
[   71.674973] ffs_data_put(): freeing
[   71.674982] ffs_data_put(): freeing
[   71.682019] file system registered
[   71.684491] ffs_data_put(): freeing
[   71.685323] ffs_data_put(): freeing
[   71.686102] unloading
[   71.693845] ffs_data_put(): freeing
[   71.696092] file system registered
[   71.697764] ffs_data_put(): freeing
[   71.699251] unloading
[   71.706280] ffs_data_put(): freeing
[   71.709802] file system registered
[   71.712305] unloading
[   71.720455] file system registered
[   71.722471] unloading
[   71.730055] ffs_data_put(): freeing
[   71.732153] file system registered
[   71.733843] unloading
[   71.743426] file system registered
[   71.745845] unloading
[   71.753105] file system registered
[   71.754250] unloading
[   71.760094] ffs_data_put(): freeing
[   71.761877] file system registered
[   71.763103] unloading
[   71.769760] file system registered
[   71.771439] unloading
[   71.779165] ffs_data_put(): freeing
[   71.781049] file system registered
[   71.782226] unloading
[   71.789357] file system registered
[   71.791134] unloading
[   71.801242] ffs_data_put(): freeing
[   71.803977] file system registered
[   71.805941] unloading
[   71.817278] ffs_data_put(): freeing
[   71.820116] file system registered
[   71.822426] unloading
[   71.831371] ffs_data_put(): freeing
[   71.831446] ffs_data_put(): freeing
[   71.835010] file system registered
[   71.837310] unloading
[   71.845112] ffs_data_put(): freeing
[   71.848758] file system registered
[   71.851035] unloading
[   71.859213] ffs_data_put(): freeing
[   71.859745] ffs_data_put(): freeing
[   71.861302] file system registered
[   71.863196] unloading
[   71.873332] ffs_data_put(): freeing
[   71.873936] ffs_data_put(): freeing
[   71.876325] file system registered
[   71.878359] unloading
[   71.892348] ffs_data_put(): freeing
[   71.892783] ffs_data_put(): freeing
[   71.895895] file system registered
[   71.898303] unloading
[   71.913036] ffs_data_put(): freeing
[   71.913546] ffs_data_put(): freeing
[   71.913796] ffs_data_put(): freeing
[   71.915038] file system registered
[   71.918998] unloading
[   71.929785] ffs_data_put(): freeing
[   71.930112] ffs_data_put(): freeing
[   71.930263] ffs_data_put(): freeing
[   71.934400] file system registered
[   71.940421] unloading
[   71.949901] ffs_data_put(): freeing
[   71.953077] file system registered
[   71.954924] unloading
[   71.967316] file system registered
[   71.970046] unloading
[   71.979327] ffs_data_put(): freeing
[   71.981839] file system registered
[   71.983251] unloading
[   71.990419] ffs_data_put(): freeing
[   71.990510] ffs_data_put(): freeing
[   71.992453] file system registered
[   71.994355] unloading
[   72.007779] ffs_data_put(): freeing
[   72.010363] file system registered
[   72.012033] unloading
[   72.021392] ffs_data_put(): freeing
[   72.025702] file system registered
[   72.029026] unloading
[   72.035249] ffs_data_put(): freeing
[   72.039080] file system registered
[   72.041369] unloading
[   72.049271] ffs_data_put(): freeing
[   72.049388] ffs_data_put(): freeing
[   72.049457] ffs_data_put(): freeing
[   72.052272] file system registered
[   72.054326] unloading
[   72.061983] ffs_data_put(): freeing
[   72.066854] file system registered
[   72.070224] unloading
[   72.083959] file system registered
[   72.086439] unloading
[   72.095320] ffs_data_put(): freeing
[   72.095474] ffs_data_put(): freeing
[   72.096285] ffs_data_put(): freeing
[   72.098828] file system registered
[   72.101454] unloading
[   72.108274] ffs_data_put(): freeing
[   72.112327] file system registered
[   72.114432] unloading
[   72.122704] ffs_data_put(): freeing
[   72.125336] file system registered
[   72.128456] unloading
[   72.133877] ffs_data_put(): freeing
[   72.135195] file system registered
[   72.136920] unloading
[   72.144209] ffs_data_put(): freeing
[   72.147047] file system registered
[   72.149968] unloading
[   72.156676] ffs_data_put(): freeing
[   72.158102] file system registered
[   72.160203] unloading
[   72.171821] file system registered
[   72.173131] unloading
[   72.182047] ffs_data_put(): freeing
[   72.183308] file system registered
[   72.184879] unloading
[   72.190190] ffs_data_put(): freeing
[   72.190311] ffs_data_put(): freeing
[   72.192315] file system registered
[   72.194124] unloading
[   72.207951] ffs_data_put(): freeing
[   72.207961] ffs_data_put(): freeing
[   72.209942] file system registered
[   72.212242] unloading
[   72.222296] ffs_data_put(): freeing
[   72.223027] ffs_data_put(): freeing
[   72.223154] ffs_data_put(): freeing
[   72.224982] file system registered
[   72.227840] unloading
[   72.234406] ffs_data_put(): freeing
[   72.234795] ffs_data_put(): freeing
[   72.236910] file system registered
[   72.239068] unloading
[   72.245375] ffs_data_put(): freeing
[   72.245991] ffs_data_put(): freeing
[   72.247725] file system registered
[   72.249818] unloading
[   72.259416] ffs_data_put(): freeing
[   72.261298] file system registered
[   72.262712] unloading
[   72.268735] ffs_data_put(): freeing
[   72.271262] file system registered
[   72.275282] unloading
[   72.281291] ffs_data_put(): freeing
[   72.281783] ffs_data_put(): freeing
[   72.286180] file system registered
[   72.288155] unloading
[   72.294121] ffs_data_put(): freeing
[   72.296805] file system registered
[   72.298383] unloading
[   72.307965] file system registered
[   72.310480] unloading
[   72.316185] ffs_data_put(): freeing
[   72.318057] file system registered
[   72.319840] unloading
[   72.326241] file system registered
[   72.328169] unloading
[   72.334309] ffs_data_put(): freeing
[   72.336273] file system registered
[   72.338074] unloading
[   72.346226] ffs_data_put(): freeing
[   72.346450] ffs_data_put(): freeing
[   72.348197] file system registered
[   72.350040] unloading
[   72.359242] ffs_data_put(): freeing
[   72.359349] ffs_data_put(): freeing
[   72.361155] file system registered
[   72.363907] unloading
[   72.369169] ffs_data_put(): freeing
[   72.371299] file system registered
[   72.374300] unloading
[   72.381145] ffs_data_put(): freeing
[   72.382263] file system registered
[   72.384157] unloading
[   72.393462] ffs_data_put(): freeing
[   72.395248] file system registered
[   72.395759] ffs_data_put(): freeing
[   72.397286] ffs_data_put(): freeing
[   72.399101] unloading
[   72.405376] ffs_data_put(): freeing
[   72.408200] file system registered
[   72.410392] unloading
[   72.419289] ffs_data_put(): freeing
[   72.419397] ffs_data_put(): freeing
[   72.421922] file system registered
[   72.423948] unloading
[   72.432155] ffs_data_put(): freeing
[   72.434150] file system registered
[   72.436733] unloading
[   72.446755] ffs_data_put(): freeing
[   72.448740] file system registered
[   72.451976] unloading
[   72.458422] ffs_data_put(): freeing
[   72.458889] ffs_data_put(): freeing
[   72.461065] file system registered
[   72.463127] unloading
[   72.470742] ffs_data_put(): freeing
[   72.472453] file system registered
[   72.473755] ffs_data_put(): freeing
[   72.474286] ffs_data_put(): freeing
[   72.474392] unloading
[   72.480878] ffs_data_put(): freeing
[   72.483435] file system registered
[   72.485418] unloading
[   72.496359] file system registered
[   72.498274] ffs_data_put(): freeing
[   72.499957] unloading
[   72.507274] ffs_data_put(): freeing
[   72.507356] ffs_data_put(): freeing
[   72.509750] file system registered
[   72.511396] unloading
[   72.520175] ffs_data_put(): freeing
[   72.520276] ffs_data_put(): freeing
[   72.523176] file system registered
[   72.525217] unloading
[   72.530168] ffs_data_put(): freeing
[   72.531084] ffs_data_put(): freeing
[   72.532715] file system registered
[   72.534412] unloading
[   72.541099] ffs_data_put(): freeing
[   72.543113] file system registered
[   72.544701] unloading
[   72.550145] ffs_data_put(): freeing
[   72.551918] file system registered
[   72.553159] unloading
[   72.559366] ffs_data_put(): freeing
[   72.559446] ffs_data_put(): freeing
[   72.561689] file system registered
[   72.563243] unloading
[   72.568690] ffs_data_put(): freeing
[   72.570685] file system registered
[   72.572895] unloading
[   72.579246] ffs_data_put(): freeing
[   72.579422] ffs_data_put(): freeing
[   72.579771] ffs_data_put(): freeing
[   72.581035] file system registered
[   72.582980] unloading
[   72.590455] ffs_data_put(): freeing
[   72.590737] ffs_data_put(): freeing
[   72.591901] file system registered
[   72.593018] unloading
[   72.598347] ffs_data_put(): freeing
[   72.601278] file system registered
[   72.603000] unloading
[   72.611104] ffs_data_put(): freeing
[   72.613746] file system registered
[   72.615964] unloading
[   72.626262] file system registered
[   72.628774] unloading
[   72.636254] ffs_data_put(): freeing
[   72.636340] ffs_data_put(): freeing
[   72.639265] file system registered
[   72.641948] unloading
[   72.652664] ffs_data_put(): freeing
[   72.652844] ffs_data_put(): freeing
[   72.656030] file system registered
[   72.658069] unloading
[   72.667859] file system registered
[   72.669248] unloading
[   72.679821] file system registered
[   72.681447] unloading
[   72.689136] ffs_data_put(): freeing
[   72.689230] ffs_data_put(): freeing
[   72.691352] file system registered
[   72.693506] unloading
[   72.702353] ffs_data_put(): freeing
[   72.704222] file system registered
[   72.706081] unloading
[   72.714221] ffs_data_put(): freeing
[   72.716282] file system registered
[   72.718160] unloading
[   72.727427] ffs_data_put(): freeing
[   72.729786] file system registered
[   72.732371] unloading
[   72.738485] ffs_data_put(): freeing
[   72.738906] ffs_data_put(): freeing
[   72.738988] ffs_data_put(): freeing
[   72.740440] file system registered
[   72.743758] unloading
[   72.751853] ffs_data_put(): freeing
[   72.753287] file system registered
[   72.754991] unloading
[   72.764966] ffs_data_put(): freeing
[   72.766233] file system registered
[   72.768990] ffs_data_put(): freeing
[   72.769048] unloading
[   72.779506] ffs_data_put(): freeing
[   72.781444] file system registered
[   72.783197] unloading
[   72.793151] file system registered
[   72.795958] unloading
[   72.804203] ffs_data_put(): freeing
[   72.804326] ffs_data_put(): freeing
[   72.807043] file system registered
[   72.808829] unloading
[   72.817199] file system registered
[   72.819086] unloading
[   72.831427] ffs_data_put(): freeing
[   72.833986] file system registered
[   72.836467] unloading
[   72.843185] ffs_data_put(): freeing
[   72.843317] ffs_data_put(): freeing
[   72.843445] ffs_data_put(): freeing
[   72.845530] file system registered
[   72.848120] unloading
[   72.853832] ffs_data_put(): freeing
[   72.856435] file system registered
[   72.859797] unloading
[   72.868751] ffs_data_put(): freeing
[   72.870737] file system registered
[   72.872359] unloading
[   72.878332] ffs_data_put(): freeing
[   72.880216] file system registered
[   72.881312] unloading
[   72.889350] ffs_data_put(): freeing
[   72.889755] ffs_data_put(): freeing
[   72.891178] file system registered
[   72.893006] unloading
[   72.898185] ffs_data_put(): freeing
[   72.898378] ffs_data_put(): freeing
[   72.900755] file system registered
[   72.902378] unloading
[   72.914173] ffs_data_put(): freeing
[   72.916822] file system registered
[   72.918430] unloading
[   72.930449] file system registered
[   72.932455] unloading
[   72.944386] file system registered
[   72.946183] unloading
[   72.955133] ffs_data_put(): freeing
[   72.957131] file system registered
[   72.959163] unloading
[   72.965289] ffs_data_put(): freeing
[   72.965407] ffs_data_put(): freeing
[   72.968802] file system registered
[   72.970442] unloading
[   72.979475] ffs_data_put(): freeing
[   72.981155] file system registered
[   72.983723] unloading
[   72.991162] ffs_data_put(): freeing
[   72.991441] ffs_data_put(): freeing
[   72.992385] ffs_data_put(): freeing
[   72.993446] file system registered
[   72.996098] ffs_data_put(): freeing
[   72.996479] unloading
[   73.006825] ffs_data_put(): freeing
[   73.006886] ffs_data_put(): freeing
[   73.007024] ffs_data_put(): freeing
[   73.008348] file system registered
[   73.012034] unloading
[   73.022425] ffs_data_put(): freeing
[   73.022764] ffs_data_put(): freeing
[   73.022865] ffs_data_put(): freeing
[   73.025925] file system registered
[   73.029162] ffs_data_put(): freeing
[   73.029962] unloading
[   73.040882] ffs_data_put(): freeing
[   73.041001] ffs_data_put(): freeing
[   73.044272] file system registered
[   73.046988] unloading
[   73.056843] file system registered
[   73.059925] unloading
[   73.072432] ffs_data_put(): freeing
[   73.072732] ffs_data_put(): freeing
[   73.072994] ffs_data_put(): freeing
[   73.076002] file system registered
[   73.079666] unloading
[   73.092473] file system registered
[   73.096030] unloading
[   73.104044] ffs_data_put(): freeing
[   73.104142] ffs_data_put(): freeing
[   73.106440] file system registered
[   73.108280] unloading
[   73.117467] ffs_data_put(): freeing
[   73.117834] ffs_data_put(): freeing
[   73.120116] file system registered
[   73.124121] unloading
[   73.135779] ffs_data_put(): freeing
[   73.135936] ffs_data_put(): freeing
[   73.136074] ffs_data_put(): freeing
[   73.138467] file system registered
[   73.142110] unloading
[   73.150360] ffs_data_put(): freeing
[   73.156043] file system registered
[   73.160189] unloading
[   73.171017] file system registered
[   73.173344] unloading
[   73.180322] ffs_data_put(): freeing
[   73.183978] file system registered
[   73.186270] unloading
[   73.194309] ffs_data_put(): freeing
[   73.196840] file system registered
[   73.200173] unloading
[   73.207291] ffs_data_put(): freeing
[   73.207462] ffs_data_put(): freeing
[   73.208458] ffs_data_put(): freeing
[   73.212392] file system registered
[   73.217184] unloading
[   73.226231] file system registered
[   73.228862] unloading
[   73.233315] ffs_data_put(): freeing
[   73.235050] file system registered
[   73.236334] unloading
[   73.244224] ffs_data_put(): freeing
[   73.246042] file system registered
[   73.247819] unloading
[   73.256112] ffs_data_put(): freeing
[   73.256279] ffs_data_put(): freeing
[   73.257817] file system registered
[   73.259170] unloading
[   73.264458] ffs_data_put(): freeing
[   73.264740] ffs_data_put(): freeing
[   73.267425] file system registered
[   73.269250] unloading
[   73.275051] ffs_data_put(): freeing
[   73.275201] ffs_data_put(): freeing
[   73.275405] ffs_data_put(): freeing
[   73.277134] file system registered
[   73.279449] unloading
[   73.286403] ffs_data_put(): freeing
[   73.286743] ffs_data_put(): freeing
[   73.288174] file system registered
[   73.290052] unloading
[   73.297120] ffs_data_put(): freeing
[   73.297319] ffs_data_put(): freeing
[   73.299168] file system registered
[   73.301173] unloading
[   73.313849] ffs_data_put(): freeing
[   73.313921] ffs_data_put(): freeing
[   73.318078] file system registered
[   73.320133] unloading
[   73.326739] file system registered
[   73.328177] unloading
[   73.335150] ffs_data_put(): freeing
[   73.337831] file system registered
[   73.339402] unloading
[   73.348216] ffs_data_put(): freeing
[   73.348359] ffs_data_put(): freeing
[   73.351252] file system registered
[   73.354090] unloading
[   73.362138] ffs_data_put(): freeing
[   73.362325] ffs_data_put(): freeing
[   73.364939] file system registered
[   73.367204] unloading
[   73.375748] ffs_data_put(): freeing
[   73.375951] ffs_data_put(): freeing
[   73.378427] file system registered
[   73.380053] unloading
[   73.391140] ffs_data_put(): freeing
[   73.394876] file system registered
[   73.397253] unloading
[   73.407253] file system registered
[   73.410848] unloading
[   73.417066] ffs_data_put(): freeing
[   73.417164] ffs_data_put(): freeing
[   73.419310] file system registered
[   73.422015] unloading
[   73.430066] ffs_data_put(): freeing
[   73.432252] file system registered
[   73.434972] unloading
[   73.440204] ffs_data_put(): freeing
[   73.440384] ffs_data_put(): freeing
[   73.440668] ffs_data_put(): freeing
[   73.443098] file system registered
[   73.445333] unloading
[   73.452061] ffs_data_put(): freeing
[   73.453294] file system registered
[   73.455166] unloading
[   73.465377] ffs_data_put(): freeing
[   73.467463] file system registered
[   73.469422] unloading
[   73.480133] ffs_data_put(): freeing
[   73.483052] file system registered
[   73.485854] unloading
[   73.492157] ffs_data_put(): freeing
[   73.494179] file system registered
[   73.496112] unloading
[   73.505401] file system registered
[   73.507158] unloading
[   73.514978] file system registered
[   73.516108] unloading
[   73.524324] file system registered
[   73.526441] unloading
[   73.534288] ffs_data_put(): freeing
[   73.535362] file system registered
[   73.536913] unloading
[   73.541015] ffs_data_put(): freeing
[   73.543088] ffs_data_put(): freeing
[   73.544386] file system registered
[   73.546051] unloading
[   73.553969] file system registered
[   73.555909] unloading
[   73.570183] ffs_data_put(): freeing
[   73.570352] ffs_data_put(): freeing
[   73.571466] ffs_data_put(): freeing
[   73.573986] file system registered
[   73.576726] unloading
[   73.582267] ffs_data_put(): freeing
[   73.585108] file system registered
[   73.587466] unloading
[   73.594481] ffs_data_put(): freeing
[   73.597309] file system registered
[   73.599229] unloading
[   73.606208] ffs_data_put(): freeing
[   73.608371] file system registered
[   73.610249] unloading
[   73.619243] ffs_data_put(): freeing
[   73.619356] ffs_data_put(): freeing
[   73.621872] file system registered
[   73.624319] unloading
[   73.634825] file system registered
[   73.637766] unloading
[   73.643284] ffs_data_put(): freeing
[   73.643938] ffs_data_put(): freeing
[   73.648890] file system registered
[   73.650982] unloading
[   73.656097] file system registered
[   73.657753] unloading
[   73.662995] ffs_data_put(): freeing
[   73.665087] file system registered
[   73.667133] unloading
[   73.675404] ffs_data_put(): freeing
[   73.676907] file system registered
[   73.678098] unloading
[   73.686316] ffs_data_put(): freeing
[   73.688718] file system registered
[   73.690405] unloading
[   73.701332] file system registered
[   73.703005] unloading
[   73.711391] file system registered
[   73.713143] unloading
[   73.720397] ffs_data_put(): freeing
[   73.721450] ffs_data_put(): freeing
[   73.722000] file system registered
[   73.723684] unloading
[   73.730116] ffs_data_put(): freeing
[   73.733193] file system registered
[   73.736002] unloading
[   73.743974] ffs_data_put(): freeing
[   73.744730] file system registered
[   73.746008] unloading
[   73.755111] ffs_data_put(): freeing
[   73.755239] ffs_data_put(): freeing
[   73.758416] file system registered
[   73.760828] unloading
[   73.767283] ffs_data_put(): freeing
[   73.770992] file system registered
[   73.773444] unloading
[   73.780231] ffs_data_put(): freeing
[   73.780370] ffs_data_put(): freeing
[   73.782473] file system registered
[   73.785000] unloading
[   73.796795] ffs_data_put(): freeing
[   73.796884] ffs_data_put(): freeing
[   73.799344] file system registered
[   73.802301] unloading
[   73.811325] ffs_data_put(): freeing
[   73.814816] file system registered
[   73.817051] unloading
[   73.825374] file system registered
[   73.827496] unloading
[   73.836413] ffs_data_put(): freeing
[   73.839000] file system registered
[   73.841074] unloading
[   73.851366] ffs_data_put(): freeing
[   73.854102] file system registered
[   73.856340] unloading
[   73.866394] ffs_data_put(): freeing
[   73.866710] ffs_data_put(): freeing
[   73.869305] file system registered
[   73.871264] unloading
[   73.881343] file system registered
[   73.883488] unloading
[   73.891237] ffs_data_put(): freeing
[   73.896055] file system registered
[   73.899847] unloading
[   73.913364] ffs_data_put(): freeing
[   73.914112] ffs_data_put(): freeing
[   73.918794] file system registered
[   73.920909] unloading
[   73.929368] file system registered
[   73.931445] unloading
[   73.940283] ffs_data_put(): freeing
[   73.940417] ffs_data_put(): freeing
[   73.942262] file system registered
[   73.944369] unloading
[   73.955455] file system registered
[   73.957481] unloading
[   73.967484] file system registered
[   73.969104] unloading
[   73.975181] ffs_data_put(): freeing
[   73.975260] ffs_data_put(): freeing
[   73.977896] file system registered
[   73.979391] unloading
[   73.986135] ffs_data_put(): freeing
[   73.986226] ffs_data_put(): freeing
[   73.986336] ffs_data_put(): freeing
[   73.988327] file system registered
[   73.989529] unloading
[   73.998193] file system registered
[   74.001284] unloading
[   74.010136] ffs_data_put(): freeing
[   74.012378] file system registered
[   74.014405] unloading
[   74.020255] ffs_data_put(): freeing
[   74.022736] file system registered
[   74.024798] unloading
[   74.039177] file system registered
[   74.041858] unloading
[   74.049201] ffs_data_put(): freeing
[   74.049327] ffs_data_put(): freeing
[   74.051372] file system registered
[   74.053333] unloading
[   74.062233] ffs_data_put(): freeing
[   74.064411] file system registered
[   74.066118] unloading
[   74.075302] ffs_data_put(): freeing
[   74.077185] file system registered
[   74.079051] unloading
[   74.083300] ffs_data_put(): freeing
[   74.084979] file system registered
[   74.086322] unloading
[   74.093075] ffs_data_put(): freeing
[   74.095257] file system registered
[   74.096946] unloading
[   74.102223] file system registered
[   74.103925] unloading
[   74.115195] file system registered
[   74.117232] unloading
[   74.128455] file system registered
[   74.130059] unloading
[   74.139858] file system registered
[   74.141161] unloading
[   74.149273] ffs_data_put(): freeing
[   74.152387] file system registered
[   74.156359] unloading
[   74.162333] ffs_data_put(): freeing
[   74.163402] file system registered
[   74.166200] unloading
[   74.171757] ffs_data_put(): freeing
[   74.171826] ffs_data_put(): freeing
[   74.173099] file system registered
[   74.174435] unloading
[   74.180161] ffs_data_put(): freeing
[   74.182380] file system registered
[   74.184398] unloading
[   74.191157] ffs_data_put(): freeing
[   74.192890] file system registered
[   74.194477] unloading
[   74.204178] ffs_data_put(): freeing
[   74.206862] file system registered
[   74.208180] unloading
[   74.216291] ffs_data_put(): freeing
[   74.218404] file system registered
[   74.220623] unloading
[   74.229164] ffs_data_put(): freeing
[   74.229272] ffs_data_put(): freeing
[   74.231883] file system registered
[   74.233288] unloading
[   74.241124] file system registered
[   74.242973] unloading
[   74.253094] ffs_data_put(): freeing
[   74.254826] file system registered
[   74.256005] unloading
[   74.267317] ffs_data_put(): freeing
[   74.270038] file system registered
[   74.273123] unloading
[   74.283490] ffs_data_put(): freeing
[   74.284997] ffs_data_put(): freeing
[   74.286914] file system registered
[   74.290783] unloading
[   74.296433] ffs_data_put(): freeing
[   74.297016] ffs_data_put(): freeing
[   74.297138] ffs_data_put(): freeing
[   74.303209] file system registered
[   74.305410] unloading
[   74.315329] file system registered
[   74.317284] unloading
[   74.328352] file system registered
[   74.330767] unloading
[   74.336262] ffs_data_put(): freeing
[   74.338302] file system registered
[   74.340146] unloading
[   74.350124] ffs_data_put(): freeing
[   74.352170] file system registered
[   74.353921] unloading
[   74.363242] ffs_data_put(): freeing
[   74.365932] file system registered
[   74.368443] unloading
[   74.380398] file system registered
[   74.382301] unloading
[   74.400269] file system registered
[   74.402382] unloading
[   74.411169] ffs_data_put(): freeing
[   74.413844] file system registered
[   74.415142] unloading
[   74.420184] ffs_data_put(): freeing
[   74.422129] file system registered
[   74.423480] unloading
[   74.431969] file system registered
[   74.433329] unloading
[   74.442133] ffs_data_put(): freeing
[   74.443806] file system registered
[   74.445272] unloading
[   74.452360] ffs_data_put(): freeing
[   74.452472] ffs_data_put(): freeing
[   74.454369] file system registered
[   74.456214] unloading
[   74.466869] file system registered
[   74.468403] unloading
[   74.479177] ffs_data_put(): freeing
[   74.479260] ffs_data_put(): freeing
[   74.481182] file system registered
[   74.482184] unloading
[   74.488293] ffs_data_put(): freeing
[   74.491097] file system registered
[   74.493191] unloading
[   74.501131] file system registered
[   74.503041] unloading
[   74.511897] ffs_data_put(): freeing
[   74.511957] ffs_data_put(): freeing
[   74.513492] file system registered
[   74.515297] unloading
[   74.524338] ffs_data_put(): freeing
[   74.524930] ffs_data_put(): freeing
[   74.526274] file system registered
[   74.528875] unloading
[   74.539218] ffs_data_put(): freeing
[   74.541122] file system registered
[   74.544121] unloading
[   74.550325] ffs_data_put(): freeing
[   74.552217] file system registered
[   74.555752] unloading
[   74.563932] file system registered
[   74.565045] unloading
[   74.574153] file system registered
[   74.576257] unloading
[   74.584240] ffs_data_put(): freeing
[   74.584352] ffs_data_put(): freeing
[   74.586469] file system registered
[   74.588002] unloading
[   74.593787] ffs_data_put(): freeing
[   74.593849] ffs_data_put(): freeing
[   74.597236] file system registered
[   74.600380] unloading
[   74.607287] ffs_data_put(): freeing
[   74.609815] file system registered
[   74.612342] unloading
[   74.620150] ffs_data_put(): freeing
[   74.622928] file system registered
[   74.625059] unloading
[   74.635835] file system registered
[   74.637135] unloading
[   74.646779] file system registered
[   74.648172] unloading
[   74.656135] ffs_data_put(): freeing
[   74.658701] file system registered
[   74.660098] unloading
[   74.670330] ffs_data_put(): freeing
[   74.670528] ffs_data_put(): freeing
[   74.673491] file system registered
[   74.675345] unloading
[   74.683344] ffs_data_put(): freeing
[   74.683778] ffs_data_put(): freeing
[   74.685382] file system registered
[   74.688287] unloading
[   74.696440] ffs_data_put(): freeing
[   74.698334] file system registered
[   74.700243] unloading
[   74.709438] ffs_data_put(): freeing
[   74.713336] file system registered
[   74.716859] unloading
[   74.722463] file system registered
[   74.724308] unloading
[   74.731993] file system registered
[   74.733287] unloading
[   74.738172] ffs_data_put(): freeing
[   74.740405] file system registered
[   74.742172] unloading
[   74.747089] ffs_data_put(): freeing
[   74.749082] file system registered
[   74.750411] unloading
[   74.755312] ffs_data_put(): freeing
[   74.755469] ffs_data_put(): freeing
[   74.757109] ffs_data_put(): freeing
[   74.757276] ffs_data_put(): freeing
[   74.760500] file system registered
[   74.762367] unloading
[   74.773726] file system registered
[   74.776405] unloading
[   74.783965] file system registered
[   74.785713] unloading
[   74.791112] ffs_data_put(): freeing
[   74.793450] file system registered
[   74.795408] unloading
[   74.806290] file system registered
[   74.808192] unloading
[   74.813028] ffs_data_put(): freeing
[   74.813111] ffs_data_put(): freeing
[   74.815402] file system registered
[   74.817089] unloading
[   74.826310] file system registered
[   74.827733] unloading
[   74.840028] file system registered
[   74.841673] unloading
[   74.847179] ffs_data_put(): freeing
[   74.847275] ffs_data_put(): freeing
[   74.849643] file system registered
[   74.851254] unloading
[   74.860274] ffs_data_put(): freeing
[   74.862033] file system registered
[   74.863422] unloading
[   74.870271] ffs_data_put(): freeing
[   74.872105] file system registered
[   74.873875] unloading
[   74.882043] ffs_data_put(): freeing
[   74.883849] file system registered
[   74.885150] unloading
[   74.893027] ffs_data_put(): freeing
[   74.894326] file system registered
[   74.896245] unloading
[   74.902020] ffs_data_put(): freeing
[   74.904411] file system registered
[   74.906280] unloading
[   74.919352] file system registered
[   74.921250] unloading
[   74.932395] file system registered
[   74.933881] unloading
[   74.945093] ffs_data_put(): freeing
[   74.947110] file system registered
[   74.948826] unloading
[   74.957458] ffs_data_put(): freeing
[   74.957719] ffs_data_put(): freeing
[   74.959386] file system registered
[   74.961260] unloading
[   74.975111] ffs_data_put(): freeing
[   74.975199] ffs_data_put(): freeing
[   74.978194] file system registered
[   74.981402] unloading
[   74.990160] file system registered
[   74.992175] unloading
[   75.001454] ffs_data_put(): freeing
[   75.002073] ffs_data_put(): freeing
[   75.002164] ffs_data_put(): freeing
[   75.005299] file system registered
[   75.008878] unloading
[   75.020411] file system registered
[   75.022169] unloading
[   75.033750] file system registered
[   75.035466] unloading
[   75.042083] ffs_data_put(): freeing
[   75.044329] file system registered
[   75.046082] unloading
[   75.055958] ffs_data_put(): freeing
[   75.058173] file system registered
[   75.060114] unloading
[   75.065154] ffs_data_put(): freeing
[   75.067290] file system registered
[   75.068879] unloading
[   75.079997] file system registered
[   75.081371] unloading
[   75.085743] ffs_data_put(): freeing
[   75.088783] file system registered
[   75.090210] unloading
[   75.096033] ffs_data_put(): freeing
[   75.096137] ffs_data_put(): freeing
[   75.097407] file system registered
[   75.099079] unloading
[   75.109080] ffs_data_put(): freeing
[   75.109202] ffs_data_put(): freeing
[   75.110479] file system registered
[   75.112786] unloading
[   75.120449] ffs_data_put(): freeing
[   75.122482] file system registered
[   75.125429] unloading
[   75.133126] ffs_data_put(): freeing
[   75.135477] file system registered
[   75.137383] unloading
[   75.150132] file system registered
[   75.152059] unloading
[   75.161265] ffs_data_put(): freeing
[   75.161397] ffs_data_put(): freeing
[   75.164012] file system registered
[   75.165393] unloading
[   75.174165] ffs_data_put(): freeing
[   75.177220] file system registered
[   75.180094] unloading
[   75.185263] ffs_data_put(): freeing
[   75.187892] file system registered
[   75.189400] unloading
[   75.197236] ffs_data_put(): freeing
[   75.199210] file system registered
[   75.201253] unloading
[   75.211211] ffs_data_put(): freeing
[   75.211304] ffs_data_put(): freeing
[   75.214395] file system registered
[   75.216497] unloading
[   75.225431] file system registered
[   75.227131] unloading
[   75.232301] ffs_data_put(): freeing
[   75.232440] ffs_data_put(): freeing
[   75.232998] ffs_data_put(): freeing
[   75.238443] file system registered
[   75.241430] unloading
[   75.250915] file system registered
[   75.253410] unloading
[   75.262223] ffs_data_put(): freeing
[   75.262351] ffs_data_put(): freeing
[   75.262470] ffs_data_put(): freeing
[   75.264410] file system registered
[   75.266784] unloading
[   75.275288] file system registered
[   75.277899] unloading
[   75.283159] ffs_data_put(): freeing
[   75.283233] ffs_data_put(): freeing
[   75.285180] file system registered
[   75.287175] unloading
[   75.296295] ffs_data_put(): freeing
[   75.296663] ffs_data_put(): freeing
[   75.296873] ffs_data_put(): freeing
[   75.296963] ffs_data_put(): freeing
[   75.298739] file system registered
[   75.300466] unloading
[   75.309807] ffs_data_put(): freeing
[   75.310318] ffs_data_put(): freeing
[   75.313005] file system registered
[   75.315761] unloading
[   75.321363] ffs_data_put(): freeing
[   75.321487] ffs_data_put(): freeing
[   75.324137] file system registered
[   75.326418] unloading
[   75.340739] ffs_data_put(): freeing
[   75.341089] ffs_data_put(): freeing
[   75.343179] file system registered
[   75.346026] unloading
[   75.356228] ffs_data_put(): freeing
[   75.356457] ffs_data_put(): freeing
[   75.358469] file system registered
[   75.360439] unloading
[   75.365222] ffs_data_put(): freeing
[   75.365818] ffs_data_put(): freeing
[   75.367479] ffs_data_put(): freeing
[   75.369108] file system registered
[   75.371758] unloading
[   75.378397] ffs_data_put(): freeing
[   75.379983] file system registered
[   75.382246] unloading
[   75.387416] ffs_data_put(): freeing
[   75.387695] ffs_data_put(): freeing
[   75.390289] file system registered
[   75.392386] unloading
[   75.401055] ffs_data_put(): freeing
[   75.403034] file system registered
[   75.406215] unloading
[   75.412166] ffs_data_put(): freeing
[   75.412346] ffs_data_put(): freeing
[   75.413082] ffs_data_put(): freeing
[   75.413245] ffs_data_put(): freeing
[   75.414384] file system registered
[   75.416994] unloading
[   75.425286] ffs_data_put(): freeing
[   75.425452] ffs_data_put(): freeing
[   75.426021] ffs_data_put(): freeing
[   75.428277] file system registered
[   75.432060] unloading
[   75.443981] ffs_data_put(): freeing
[   75.444128] ffs_data_put(): freeing
[   75.446202] file system registered
[   75.448454] unloading
[   75.457971] ffs_data_put(): freeing
[   75.458266] ffs_data_put(): freeing
[   75.461455] file system registered
[   75.466367] unloading
[   75.472396] ffs_data_put(): freeing
[   75.472659] ffs_data_put(): freeing
[   75.476264] file system registered
[   75.478993] unloading
[   75.487211] ffs_data_put(): freeing
[   75.489323] file system registered
[   75.491129] unloading
[   75.498691] file system registered
[   75.500174] unloading
[   75.508398] file system registered
[   75.510733] unloading
[   75.517993] ffs_data_put(): freeing
[   75.519479] file system registered
[   75.521343] unloading
[   75.529376] ffs_data_put(): freeing
[   75.530340] file system registered
[   75.532205] unloading
[   75.536140] ffs_data_put(): freeing
[   75.536205] ffs_data_put(): freeing
[   75.537910] file system registered
[   75.539277] unloading
[   75.545222] ffs_data_put(): freeing
[   75.545314] ffs_data_put(): freeing
[   75.545841] ffs_data_put(): freeing
[   75.545871] ffs_data_put(): freeing
[   75.548337] file system registered
[   75.550877] unloading
[   75.558921] file system registered
[   75.560965] unloading
[   75.567920] file system registered
[   75.569474] unloading
[   75.579226] ffs_data_put(): freeing
[   75.579686] ffs_data_put(): freeing
[   75.582262] file system registered
[   75.584978] unloading
[   75.593955] file system registered
[   75.596994] unloading
[   75.607218] ffs_data_put(): freeing
[   75.607317] ffs_data_put(): freeing
[   75.610344] file system registered
[   75.613258] unloading
[   75.624288] ffs_data_put(): freeing
[   75.624468] ffs_data_put(): freeing
[   75.627068] file system registered
[   75.629322] unloading
[   75.638755] file system registered
[   75.640817] unloading
[   75.648267] ffs_data_put(): freeing
[   75.650871] file system registered
[   75.653279] unloading
[   75.662113] ffs_data_put(): freeing
[   75.662337] ffs_data_put(): freeing
[   75.662437] ffs_data_put(): freeing
[   75.663361] ffs_data_put(): freeing
[   75.665289] file system registered
[   75.667872] unloading
[   75.679278] file system registered
[   75.682019] unloading
[   75.690342] ffs_data_put(): freeing
[   75.692889] file system registered
[   75.696007] unloading
[   75.702805] ffs_data_put(): freeing
[   75.703057] ffs_data_put(): freeing
[   75.705410] file system registered
[   75.707939] unloading
[   75.716452] file system registered
[   75.718430] unloading
[   75.723134] ffs_data_put(): freeing
[   75.725290] file system registered
[   75.727334] unloading
[   75.738428] file system registered
[   75.740135] unloading
[   75.751450] file system registered
[   75.753165] unloading
[   75.761169] file system registered
[   75.763303] unloading
[   75.771160] ffs_data_put(): freeing
[   75.771259] ffs_data_put(): freeing
[   75.773866] file system registered
[   75.775376] unloading
[   75.781176] ffs_data_put(): freeing
[   75.781264] ffs_data_put(): freeing
[   75.783196] file system registered
[   75.785177] unloading
[   75.792790] file system registered
[   75.794079] unloading
[   75.799239] file system registered
[   75.801228] unloading
[   75.810396] file system registered
[   75.812061] unloading
[   75.818134] ffs_data_put(): freeing
[   75.821150] file system registered
[   75.822746] unloading
[   75.835430] file system registered
[   75.838029] unloading
[   75.846892] file system registered
[   75.848153] unloading
[   75.856434] file system registered
[   75.858161] unloading
[   75.865401] ffs_data_put(): freeing
[   75.865884] ffs_data_put(): freeing
[   75.865984] ffs_data_put(): freeing
[   75.867306] file system registered
[   75.868838] unloading
[   75.873192] ffs_data_put(): freeing
[   75.873310] ffs_data_put(): freeing
[   75.876735] file system registered
[   75.877938] unloading
[   75.888287] ffs_data_put(): freeing
[   75.888429] ffs_data_put(): freeing
[   75.895115] file system registered
[   75.898324] unloading
[   75.906183] ffs_data_put(): freeing
[   75.908668] file system registered
[   75.910876] unloading
[   75.921252] ffs_data_put(): freeing
[   75.921444] ffs_data_put(): freeing
[   75.921988] ffs_data_put(): freeing
[   75.923861] file system registered
[   75.926054] unloading
[   75.937435] ffs_data_put(): freeing
[   75.938315] ffs_data_put(): freeing
[   75.940338] file system registered
[   75.943382] unloading
[   75.950258] ffs_data_put(): freeing
[   75.955127] file system registered
[   75.958812] unloading
[   75.966908] file system registered
[   75.969161] unloading
[   75.980438] file system registered
[   75.982213] unloading
[   75.990806] file system registered
[   75.992842] ffs_data_put(): freeing
[   75.993840] unloading
[   76.001131] ffs_data_put(): freeing
[   76.001235] ffs_data_put(): freeing
[   76.004133] file system registered
[   76.006892] unloading
[   76.019131] ffs_data_put(): freeing
[   76.021730] file system registered
[   76.024241] unloading
[   76.032196] ffs_data_put(): freeing
[   76.032323] ffs_data_put(): freeing
[   76.032469] ffs_data_put(): freeing
[   76.036184] file system registered
[   76.038849] unloading
[   76.047439] file system registered
[   76.050813] unloading
[   76.058005] ffs_data_put(): freeing
[   76.059767] file system registered
[   76.062283] unloading
[   76.070114] ffs_data_put(): freeing
[   76.070219] ffs_data_put(): freeing
[   76.072332] file system registered
[   76.074721] unloading
[   76.080549] ffs_data_put(): freeing
[   76.083690] file system registered
[   76.085230] unloading
[   76.095324] file system registered
[   76.096874] unloading
[   76.103971] file system registered
[   76.105316] unloading
[   76.112147] ffs_data_put(): freeing
[   76.112231] ffs_data_put(): freeing
[   76.114385] file system registered
[   76.115953] unloading
[   76.121320] ffs_data_put(): freeing
[   76.121421] ffs_data_put(): freeing
[   76.121639] ffs_data_put(): freeing
[   76.123418] file system registered
[   76.125247] unloading
[   76.135096] file system registered
[   76.137116] unloading
[   76.146129] ffs_data_put(): freeing
[   76.146254] ffs_data_put(): freeing
[   76.146402] ffs_data_put(): freeing
[   76.149290] file system registered
[   76.153399] unloading
[   76.162262] ffs_data_put(): freeing
[   76.164401] file system registered
[   76.166894] unloading
[   76.175132] ffs_data_put(): freeing
[   76.178007] file system registered
[   76.180309] unloading
[   76.188201] ffs_data_put(): freeing
[   76.190764] file system registered
[   76.192830] unloading
[   76.205387] ffs_data_put(): freeing
[   76.208031] file system registered
[   76.208197] ffs_data_put(): freeing
[   76.212024] unloading
[   76.220273] ffs_data_put(): freeing
[   76.220414] ffs_data_put(): freeing
[   76.223975] file system registered
[   76.226969] unloading
[   76.235308] ffs_data_put(): freeing
[   76.235418] ffs_data_put(): freeing
[   76.238538] file system registered
[   76.241116] unloading
[   76.251186] file system registered
[   76.253058] unloading
[   76.266303] ffs_data_put(): freeing
[   76.266403] ffs_data_put(): freeing
[   76.268976] file system registered
[   76.270828] unloading
[   76.278027] ffs_data_put(): freeing
[   76.280970] file system registered
[   76.282761] unloading
[   76.295206] file system registered
[   76.297998] unloading
[   76.306963] file system registered
[   76.308376] unloading
[   76.313172] ffs_data_put(): freeing
[   76.315422] file system registered
[   76.317380] unloading
[   76.324324] ffs_data_put(): freeing
[   76.326437] file system registered
[   76.328148] unloading
[   76.337857] file system registered
[   76.338997] unloading
[   76.347474] file system registered
[   76.349420] unloading
[   76.355714] ffs_data_put(): freeing
[   76.355800] ffs_data_put(): freeing
[   76.357865] file system registered
[   76.360084] unloading
[   76.368923] file system registered
[   76.371444] ffs_data_put(): freeing
[   76.371957] unloading
[   76.380281] ffs_data_put(): freeing
[   76.382090] file system registered
[   76.384107] unloading
[   76.393167] ffs_data_put(): freeing
[   76.393370] ffs_data_put(): freeing
[   76.393778] ffs_data_put(): freeing
[   76.395449] file system registered
[   76.397443] unloading
[   76.408832] ffs_data_put(): freeing
[   76.408855] ffs_data_put(): freeing
[   76.410418] file system registered
[   76.413986] unloading
[   76.421323] ffs_data_put(): freeing
[   76.421836] ffs_data_put(): freeing
[   76.422173] ffs_data_put(): freeing
[   76.424312] file system registered
[   76.427899] unloading
[   76.434856] ffs_data_put(): freeing
[   76.434874] ffs_data_put(): freeing
[   76.435103] ffs_data_put(): freeing
[   76.435336] ffs_data_put(): freeing
[   76.438401] file system registered
[   76.442046] unloading
[   76.450715] ffs_data_put(): freeing
[   76.450946] file system registered
[   76.454072] unloading
[   76.465005] ffs_data_put(): freeing
[   76.466172] ffs_data_put(): freeing
[   76.468900] file system registered
[   76.472220] unloading
[   76.486143] ffs_data_put(): freeing
[   76.486333] ffs_data_put(): freeing
[   76.489932] file system registered
[   76.492857] unloading
[   76.500745] ffs_data_put(): freeing
[   76.506056] file system registered
[   76.508459] unloading
[   76.516476] ffs_data_put(): freeing
[   76.516717] ffs_data_put(): freeing
[   76.518356] file system registered
[   76.520134] unloading
[   76.525438] ffs_data_put(): freeing
[   76.525713] ffs_data_put(): freeing
[   76.525938] ffs_data_put(): freeing
[   76.531862] file system registered
[   76.535428] unloading
[   76.543279] ffs_data_put(): freeing
[   76.546136] file system registered
[   76.548490] unloading
[   76.556439] file system registered
[   76.558179] unloading
[   76.566911] file system registered
[   76.568317] unloading
[   76.574340] ffs_data_put(): freeing
[   76.576320] file system registered
[   76.578047] unloading
[   76.588296] file system registered
[   76.590058] unloading
[   76.598423] ffs_data_put(): freeing
[   76.601311] file system registered
[   76.604056] unloading
[   76.616429] ffs_data_put(): freeing
[   76.617133] ffs_data_put(): freeing
[   76.618293] file system registered
[   76.620385] unloading
[   76.630228] ffs_data_put(): freeing
[   76.632434] file system registered
[   76.634157] unloading
[   76.639267] ffs_data_put(): freeing
[   76.639372] ffs_data_put(): freeing
[   76.641549] file system registered
[   76.644301] ffs_data_put(): freeing
[   76.645291] unloading
[   76.653264] ffs_data_put(): freeing
[   76.656493] file system registered
[   76.658959] unloading
[   76.665390] ffs_data_put(): freeing
[   76.669015] file system registered
[   76.671987] unloading
[   76.680292] ffs_data_put(): freeing
[   76.683216] file system registered
[   76.685445] unloading
[   76.695343] file system registered
[   76.697125] unloading
[   76.705064] ffs_data_put(): freeing
[   76.707042] file system registered
[   76.709099] unloading
[   76.717121] ffs_data_put(): freeing
[   76.717265] ffs_data_put(): freeing
[   76.718429] file system registered
[   76.720088] unloading
[   76.727738] ffs_data_put(): freeing
[   76.728103] ffs_data_put(): freeing
[   76.729839] file system registered
[   76.731252] unloading
[   76.739234] ffs_data_put(): freeing
[   76.741805] file system registered
[   76.743185] unloading
[   76.754828] file system registered
[   76.756063] unloading
[   76.765259] ffs_data_put(): freeing
[   76.767852] file system registered
[   76.769138] unloading
[   76.774315] ffs_data_put(): freeing
[   76.777088] file system registered
[   76.779193] unloading
[   76.786093] ffs_data_put(): freeing
[   76.788424] file system registered
[   76.792068] unloading
[   76.797062] ffs_data_put(): freeing
[   76.798853] file system registered
[   76.800226] unloading
[   76.807880] file system registered
[   76.809439] unloading
[   76.819115] ffs_data_put(): freeing
[   76.819205] ffs_data_put(): freeing
[   76.820920] file system registered
[   76.823060] unloading
[   76.830392] ffs_data_put(): freeing
[   76.830833] ffs_data_put(): freeing
[   76.833021] file system registered
[   76.835262] unloading
[   76.843296] ffs_data_put(): freeing
[   76.843442] ffs_data_put(): freeing
[   76.847346] file system registered
[   76.850407] unloading
[   76.858450] file system registered
[   76.860187] unloading
[   76.875447] file system registered
[   76.878486] ffs_data_put(): freeing
[   76.881385] unloading
[   76.888350] ffs_data_put(): freeing
[   76.888439] ffs_data_put(): freeing
[   76.891814] file system registered
[   76.894252] unloading
[   76.901108] ffs_data_put(): freeing
[   76.903497] file system registered
[   76.905946] unloading
[   76.915414] ffs_data_put(): freeing
[   76.915939] ffs_data_put(): freeing
[   76.916034] ffs_data_put(): freeing
[   76.918408] file system registered
[   76.922193] unloading
[   76.927849] ffs_data_put(): freeing
[   76.930203] file system registered
[   76.932781] unloading
[   76.941259] ffs_data_put(): freeing
[   76.941366] ffs_data_put(): freeing
[   76.944245] file system registered
[   76.946360] unloading
[   76.954266] ffs_data_put(): freeing
[   76.957706] file system registered
[   76.959787] unloading
[   76.970148] file system registered
[   76.972316] unloading
[   76.983776] file system registered
[   76.985432] ffs_data_put(): freeing
[   76.985858] unloading
[   76.991802] ffs_data_put(): freeing
[   76.992274] ffs_data_put(): freeing
[   76.994742] file system registered
[   76.996371] unloading
[   77.004296] file system registered
[   77.007002] unloading
[   77.015451] file system registered
[   77.017323] unloading
[   77.025957] file system registered
[   77.028252] unloading
[   77.037084] ffs_data_put(): freeing
[   77.037219] ffs_data_put(): freeing
[   77.038447] file system registered
[   77.040572] ffs_data_put(): freeing
[   77.040838] unloading
[   77.050819] ffs_data_put(): freeing
[   77.050955] ffs_data_put(): freeing
[   77.051042] ffs_data_put(): freeing
[   77.051849] file system registered
[   77.053279] unloading
[   77.059400] ffs_data_put(): freeing
[   77.059869] ffs_data_put(): freeing
[   77.060147] ffs_data_put(): freeing
[   77.060260] ffs_data_put(): freeing
[   77.062085] file system registered
[   77.065364] unloading
[   77.072492] ffs_data_put(): freeing
[   77.072838] ffs_data_put(): freeing
[   77.073434] ffs_data_put(): freeing
[   77.074914] file system registered
[   77.078015] unloading
[   77.086462] ffs_data_put(): freeing
[   77.086986] ffs_data_put(): freeing
[   77.087231] ffs_data_put(): freeing
[   77.089644] file system registered
[   77.091463] unloading
[   77.100332] ffs_data_put(): freeing
[   77.101175] ffs_data_put(): freeing
[   77.101472] ffs_data_put(): freeing
[   77.102240] file system registered
[   77.104042] unloading
[   77.112432] ffs_data_put(): freeing
[   77.112751] ffs_data_put(): freeing
[   77.114219] file system registered
[   77.118007] unloading
[   77.125965] ffs_data_put(): freeing
[   77.126300] ffs_data_put(): freeing
[   77.132381] file system registered
[   77.136820] unloading
[   77.141282] ffs_data_put(): freeing
[   77.145350] file system registered
[   77.148265] unloading
[   77.153867] ffs_data_put(): freeing
[   77.158201] file system registered
[   77.160063] unloading
[   77.167168] ffs_data_put(): freeing
[   77.169101] file system registered
[   77.171185] unloading
[   77.179372] ffs_data_put(): freeing
[   77.179716] ffs_data_put(): freeing
[   77.182329] file system registered
[   77.184402] unloading
[   77.193252] file system registered
[   77.195073] unloading
[   77.204122] ffs_data_put(): freeing
[   77.206288] file system registered
[   77.209435] unloading
[   77.216475] ffs_data_put(): freeing
[   77.216841] ffs_data_put(): freeing
[   77.218282] file system registered
[   77.219941] unloading
[   77.226957] file system registered
[   77.228876] unloading
[   77.232975] ffs_data_put(): freeing
[   77.235495] file system registered
[   77.237292] unloading
[   77.246838] ffs_data_put(): freeing
[   77.249531] file system registered
[   77.253379] unloading
[   77.262228] ffs_data_put(): freeing
[   77.262325] ffs_data_put(): freeing
[   77.265066] file system registered
[   77.268223] unloading
[   77.276485] file system registered
[   77.279210] unloading
[   77.286793] file system registered
[   77.289147] unloading
[   77.298188] ffs_data_put(): freeing
[   77.298355] ffs_data_put(): freeing
[   77.300766] file system registered
[   77.302291] unloading
[   77.309307] file system registered
[   77.311262] unloading
[   77.319098] ffs_data_put(): freeing
[   77.320874] file system registered
[   77.322284] unloading
[   77.333140] ffs_data_put(): freeing
[   77.333295] ffs_data_put(): freeing
[   77.333725] ffs_data_put(): freeing
[   77.334204] ffs_data_put(): freeing
[   77.334372] file system registered
[   77.336256] unloading
[   77.345479] ffs_data_put(): freeing
[   77.345798] ffs_data_put(): freeing
[   77.346029] ffs_data_put(): freeing
[   77.348178] file system registered
[   77.350593] unloading
[   77.359854] ffs_data_put(): freeing
[   77.360107] ffs_data_put(): freeing
[   77.362986] file system registered
[   77.365338] unloading
[   77.373826] ffs_data_put(): freeing
[   77.374155] ffs_data_put(): freeing
[   77.377069] file system registered
[   77.381188] unloading
[   77.394086] ffs_data_put(): freeing
[   77.394340] ffs_data_put(): freeing
[   77.394716] ffs_data_put(): freeing
[   77.398435] file system registered
[   77.402852] unloading
[   77.410262] ffs_data_put(): freeing
[   77.410905] ffs_data_put(): freeing
[   77.413847] file system registered
[   77.417167] unloading
[   77.430770] ffs_data_put(): freeing
[   77.431062] ffs_data_put(): freeing
[   77.434183] file system registered
[   77.439075] unloading
[   77.451849] ffs_data_put(): freeing
[   77.454876] file system registered
[   77.456318] unloading
[   77.463310] ffs_data_put(): freeing
[   77.466886] file system registered
[   77.468840] unloading
[   77.475825] ffs_data_put(): freeing
[   77.477823] file system registered
[   77.481072] unloading
[   77.489170] ffs_data_put(): freeing
[   77.489302] ffs_data_put(): freeing
[   77.492228] file system registered
[   77.495675] unloading
[   77.505348] file system registered
[   77.508273] unloading
[   77.515373] ffs_data_put(): freeing
[   77.515767] ffs_data_put(): freeing
[   77.518197] file system registered
[   77.520949] unloading
[   77.528317] ffs_data_put(): freeing
[   77.530968] file system registered
[   77.533802] unloading
[   77.539171] ffs_data_put(): freeing
[   77.541469] file system registered
[   77.543276] unloading
[   77.553145] ffs_data_put(): freeing
[   77.553274] ffs_data_put(): freeing
[   77.555471] file system registered
[   77.557310] unloading
[   77.564225] ffs_data_put(): freeing
[   77.564321] ffs_data_put(): freeing
[   77.567405] file system registered
[   77.570347] unloading
[   77.577864] ffs_data_put(): freeing
[   77.578001] ffs_data_put(): freeing
[   77.581008] file system registered
[   77.583845] unloading
[   77.596334] file system registered
[   77.598429] unloading
[   77.607954] file system registered
[   77.609960] unloading
[   77.622364] ffs_data_put(): freeing
[   77.622475] ffs_data_put(): freeing
[   77.624720] file system registered
[   77.626184] unloading
[   77.637310] ffs_data_put(): freeing
[   77.637756] ffs_data_put(): freeing
[   77.640195] file system registered
[   77.642466] unloading
[   77.650065] ffs_data_put(): freeing
[   77.650248] ffs_data_put(): freeing
[   77.650369] ffs_data_put(): freeing
[   77.651941] file system registered
[   77.654285] unloading
[   77.667374] ffs_data_put(): freeing
[   77.667534] ffs_data_put(): freeing
[   77.670210] file system registered
[   77.672372] unloading
[   77.679334] ffs_data_put(): freeing
[   77.679458] ffs_data_put(): freeing
[   77.683271] file system registered
[   77.685147] unloading
[   77.695993] ffs_data_put(): freeing
[   77.696245] ffs_data_put(): freeing
[   77.700930] file system registered
[   77.704327] unloading
[   77.714464] file system registered
[   77.716382] unloading
[   77.721483] ffs_data_put(): freeing
[   77.723814] file system registered
[   77.725728] unloading
[   77.734077] ffs_data_put(): freeing
[   77.736339] file system registered
[   77.738275] unloading
[   77.746066] ffs_data_put(): freeing
[   77.748130] file system registered
[   77.750295] unloading
[   77.756281] ffs_data_put(): freeing
[   77.759133] file system registered
[   77.761206] unloading
[   77.767006] ffs_data_put(): freeing
[   77.768394] file system registered
[   77.770247] unloading
[   77.776163] ffs_data_put(): freeing
[   77.776262] ffs_data_put(): freeing
[   77.778113] file system registered
[   77.780335] unloading
[   77.788263] ffs_data_put(): freeing
[   77.788380] ffs_data_put(): freeing
[   77.788687] ffs_data_put(): freeing
[   77.791465] file system registered
[   77.794114] unloading
[   77.807235] file system registered
[   77.810875] unloading
[   77.817085] ffs_data_put(): freeing
[   77.819407] file system registered
[   77.821435] unloading
[   77.831220] ffs_data_put(): freeing
[   77.831325] ffs_data_put(): freeing
[   77.833015] file system registered
[   77.834752] unloading
[   77.845351] file system registered
[   77.846822] unloading
[   77.857151] ffs_data_put(): freeing
[   77.859438] file system registered
[   77.860811] unloading
[   77.872973] file system registered
[   77.874964] unloading
[   77.889088] ffs_data_put(): freeing
[   77.889200] ffs_data_put(): freeing
[   77.892048] file system registered
[   77.893923] unloading
[   77.903352] file system registered
[   77.905051] unloading
[   77.914146] ffs_data_put(): freeing
[   77.915843] file system registered
[   77.917326] unloading
[   77.925141] file system registered
[   77.926189] unloading
[   77.931161] ffs_data_put(): freeing
[   77.932935] file system registered
[   77.934193] unloading
[   77.941215] ffs_data_put(): freeing
[   77.943960] file system registered
[   77.946251] unloading
[   77.956319] ffs_data_put(): freeing
[   77.956438] ffs_data_put(): freeing
[   77.958418] file system registered
[   77.961150] unloading
[   77.966334] ffs_data_put(): freeing
[   77.968932] file system registered
[   77.970891] unloading
[   77.984859] ffs_data_put(): freeing
[   77.985930] ffs_data_put(): freeing
[   77.987369] file system registered
[   77.989698] unloading
[   77.997182] ffs_data_put(): freeing
[   77.997278] ffs_data_put(): freeing
[   77.997834] ffs_data_put(): freeing
[   77.999099] file system registered
[   78.001497] unloading
[   78.009760] ffs_data_put(): freeing
[   78.009992] ffs_data_put(): freeing
[   78.010095] ffs_data_put(): freeing
[   78.012098] file system registered
[   78.016192] unloading
[   78.022483] ffs_data_put(): freeing
[   78.022811] ffs_data_put(): freeing
[   78.025870] file system registered
[   78.026947] ffs_data_put(): freeing
[   78.028503] unloading
[   78.039346] ffs_data_put(): freeing
[   78.039884] ffs_data_put(): freeing
[   78.042334] file system registered
[   78.045255] unloading
[   78.050285] ffs_data_put(): freeing
[   78.052928] file system registered
[   78.055991] unloading
[   78.074601] file system registered
[   78.077334] unloading
[   78.093332] ffs_data_put(): freeing
[   78.093455] ffs_data_put(): freeing
[   78.095107] ffs_data_put(): freeing
[   78.096924] file system registered
[   78.099099] ffs_data_put(): freeing
[   78.101037] unloading
[   78.107409] ffs_data_put(): freeing
[   78.107486] ffs_data_put(): freeing
[   78.109922] file system registered
[   78.112452] unloading
[   78.123877] ffs_data_put(): freeing
[   78.125316] ffs_data_put(): freeing
[   78.125745] ffs_data_put(): freeing
[   78.127172] file system registered
[   78.130215] unloading
[   78.140162] ffs_data_put(): freeing
[   78.140271] ffs_data_put(): freeing
[   78.141981] file system registered
[   78.145073] unloading
[   78.156434] file system registered
[   78.158595] unloading
[   78.164375] ffs_data_put(): freeing
[   78.167239] file system registered
[   78.169849] unloading
[   78.178404] ffs_data_put(): freeing
[   78.179483] ffs_data_put(): freeing
[   78.180124] file system registered
[   78.181951] unloading
[   78.187262] ffs_data_put(): freeing
[   78.187470] ffs_data_put(): freeing
[   78.189466] file system registered
[   78.191469] unloading
[   78.199758] ffs_data_put(): freeing
[   78.199932] ffs_data_put(): freeing
[   78.201519] file system registered
[   78.205066] unloading
[   78.212715] ffs_data_put(): freeing
[   78.213229] ffs_data_put(): freeing
[   78.215342] file system registered
[   78.217321] unloading
[   78.224280] ffs_data_put(): freeing
[   78.224441] ffs_data_put(): freeing
[   78.226753] file system registered
[   78.228418] unloading
[   78.238233] ffs_data_put(): freeing
[   78.238338] ffs_data_put(): freeing
[   78.240099] file system registered
[   78.241760] unloading
[   78.253043] ffs_data_put(): freeing
[   78.253300] ffs_data_put(): freeing
[   78.254441] file system registered
[   78.256433] unloading
[   78.262347] ffs_data_put(): freeing
[   78.263112] ffs_data_put(): freeing
[   78.269701] file system registered
[   78.271237] unloading
[   78.283369] file system registered
[   78.285281] unloading
[   78.291363] ffs_data_put(): freeing
[   78.293395] file system registered
[   78.295281] unloading
[   78.303084] ffs_data_put(): freeing
[   78.303200] ffs_data_put(): freeing
[   78.305783] file system registered
[   78.308802] unloading
[   78.316108] ffs_data_put(): freeing
[   78.318302] file system registered
[   78.320056] unloading
[   78.329079] ffs_data_put(): freeing
[   78.329509] ffs_data_put(): freeing
[   78.329929] ffs_data_put(): freeing
[   78.331057] file system registered
[   78.333200] unloading
[   78.340105] ffs_data_put(): freeing
[   78.343233] file system registered
[   78.346169] unloading
[   78.359467] file system registered
[   78.362217] unloading
[   78.368365] ffs_data_put(): freeing
[   78.371270] file system registered
[   78.373409] unloading
[   78.381069] ffs_data_put(): freeing
[   78.383911] file system registered
[   78.385700] unloading
[   78.395364] file system registered
[   78.397280] unloading
[   78.411072] ffs_data_put(): freeing
[   78.413402] file system registered
[   78.415382] unloading
[   78.427251] file system registered
[   78.429240] unloading
[   78.441224] file system registered
[   78.443154] unloading
[   78.448194] ffs_data_put(): freeing
[   78.450341] file system registered
[   78.452298] unloading
[   78.461055] ffs_data_put(): freeing
[   78.461213] ffs_data_put(): freeing
[   78.461441] ffs_data_put(): freeing
[   78.462729] file system registered
[   78.463184] ffs_data_put(): freeing
[   78.465437] ffs_data_put(): freeing
[   78.466114] unloading
[   78.475742] ffs_data_put(): freeing
[   78.476270] ffs_data_put(): freeing
[   78.477719] file system registered
[   78.479862] unloading
[   78.489399] ffs_data_put(): freeing
[   78.491744] file system registered
[   78.493429] unloading
[   78.504086] file system registered
[   78.507066] unloading
[   78.511460] ffs_data_put(): freeing
[   78.513848] file system registered
[   78.516015] unloading
[   78.525219] ffs_data_put(): freeing
[   78.526838] file system registered
[   78.527898] unloading
[   78.536278] file system registered
[   78.538074] unloading
[   78.549221] ffs_data_put(): freeing
[   78.549336] ffs_data_put(): freeing
[   78.551290] file system registered
[   78.553391] unloading
[   78.562169] ffs_data_put(): freeing
[   78.562291] ffs_data_put(): freeing
[   78.563995] file system registered
[   78.565834] unloading
[   78.571234] ffs_data_put(): freeing
[   78.571347] ffs_data_put(): freeing
[   78.573145] file system registered
[   78.575045] unloading
[   78.584474] ffs_data_put(): freeing
[   78.585146] ffs_data_put(): freeing
[   78.585355] ffs_data_put(): freeing
[   78.585741] file system registered
[   78.587142] unloading
[   78.593296] ffs_data_put(): freeing
[   78.595860] file system registered
[   78.596916] unloading
[   78.605116] file system registered
[   78.607689] unloading
[   78.616124] ffs_data_put(): freeing
[   78.616347] ffs_data_put(): freeing
[   78.616449] ffs_data_put(): freeing
[   78.618351] file system registered
[   78.620942] unloading
[   78.628267] ffs_data_put(): freeing
[   78.630716] file system registered
[   78.632185] unloading
[   78.640006] file system registered
[   78.642143] unloading
[   78.652133] file system registered
[   78.654235] unloading
[   78.664814] file system registered
[   78.665992] unloading
[   78.673078] ffs_data_put(): freeing
[   78.673254] ffs_data_put(): freeing
[   78.675289] file system registered
[   78.677289] unloading
[   78.686435] ffs_data_put(): freeing
[   78.686684] ffs_data_put(): freeing
[   78.689543] file system registered
[   78.691924] ffs_data_put(): freeing
[   78.692433] unloading
[   78.707920] ffs_data_put(): freeing
[   78.708060] ffs_data_put(): freeing
[   78.712337] file system registered
[   78.716334] unloading
[   78.726079] ffs_data_put(): freeing
[   78.726263] ffs_data_put(): freeing
[   78.728804] file system registered
[   78.731173] unloading
[   78.740267] ffs_data_put(): freeing
[   78.742826] file system registered
[   78.745408] unloading
[   78.751365] ffs_data_put(): freeing
[   78.754412] file system registered
[   78.758800] unloading
[   78.766037] ffs_data_put(): freeing
[   78.768784] file system registered
[   78.771419] unloading
[   78.777025] ffs_data_put(): freeing
[   78.778910] file system registered
[   78.780682] unloading
[   78.788248] ffs_data_put(): freeing
[   78.790272] file system registered
[   78.792128] unloading
[   78.800064] ffs_data_put(): freeing
[   78.801401] file system registered
[   78.803230] unloading
[   78.808832] ffs_data_put(): freeing
[   78.808997] ffs_data_put(): freeing
[   78.809148] ffs_data_put(): freeing
[   78.810955] file system registered
[   78.812389] unloading
[   78.816298] ffs_data_put(): freeing
[   78.818807] file system registered
[   78.820442] unloading
[   78.828313] ffs_data_put(): freeing
[   78.830796] file system registered
[   78.833362] unloading
[   78.839137] ffs_data_put(): freeing
[   78.841831] file system registered
[   78.843471] unloading
[   78.851335] ffs_data_put(): freeing
[   78.853438] file system registered
[   78.856013] unloading
[   78.862246] ffs_data_put(): freeing
[   78.862355] ffs_data_put(): freeing
[   78.864495] file system registered
[   78.867202] unloading
[   78.873178] ffs_data_put(): freeing
[   78.876043] file system registered
[   78.878261] unloading
[   78.888126] ffs_data_put(): freeing
[   78.890403] file system registered
[   78.892012] unloading
[   78.897181] ffs_data_put(): freeing
[   78.899763] file system registered
[   78.902224] unloading
[   78.915404] ffs_data_put(): freeing
[   78.915534] ffs_data_put(): freeing
[   78.915909] ffs_data_put(): freeing
[   78.917706] file system registered
[   78.919931] unloading
[   78.930237] ffs_data_put(): freeing
[   78.930644] ffs_data_put(): freeing
[   78.930783] ffs_data_put(): freeing
[   78.933276] file system registered
[   78.936719] unloading
[   78.943472] ffs_data_put(): freeing
[   78.943812] ffs_data_put(): freeing
[   78.943920] ffs_data_put(): freeing
[   78.945939] file system registered
[   78.949183] ffs_data_put(): freeing
[   78.950244] ffs_data_put(): freeing
[   78.954300] unloading
[   78.964352] ffs_data_put(): freeing
[   78.964944] ffs_data_put(): freeing
[   78.965166] ffs_data_put(): freeing
[   78.967282] file system registered
[   78.970049] unloading
[   78.976877] ffs_data_put(): freeing
[   78.978137] ffs_data_put(): freeing
[   78.979782] file system registered
[   78.982253] unloading
[   78.989367] ffs_data_put(): freeing
[   78.989824] ffs_data_put(): freeing
[   78.991378] ffs_data_put(): freeing
[   78.992954] file system registered
[   78.996097] unloading
[   79.002790] ffs_data_put(): freeing
[   79.002851] ffs_data_put(): freeing
[   79.003020] ffs_data_put(): freeing
[   79.005808] file system registered
[   79.007808] unloading
[   79.018842] ffs_data_put(): freeing
[   79.021948] file system registered
[   79.025241] unloading
[   79.031794] ffs_data_put(): freeing
[   79.031829] ffs_data_put(): freeing
[   79.033961] file system registered
[   79.036190] unloading
[   79.043335] ffs_data_put(): freeing
[   79.047841] file system registered
[   79.050389] unloading
[   79.062085] file system registered
[   79.063416] unloading
[   79.069737] ffs_data_put(): freeing
[   79.069824] ffs_data_put(): freeing
[   79.070319] file system registered
[   79.073411] unloading
[   79.083398] ffs_data_put(): freeing
[   79.084089] ffs_data_put(): freeing
[   79.085355] file system registered
[   79.087474] unloading
[   79.100729] file system registered
[   79.103989] ffs_data_put(): freeing
[   79.104243] unloading
[   79.112314] ffs_data_put(): freeing
[   79.115348] file system registered
[   79.118274] unloading
[   79.124238] ffs_data_put(): freeing
[   79.124341] ffs_data_put(): freeing
[   79.126803] file system registered
[   79.128785] unloading
[   79.133402] ffs_data_put(): freeing
[   79.135984] file system registered
[   79.138001] ffs_data_put(): freeing
[   79.138190] unloading
[   79.148406] ffs_data_put(): freeing
[   79.150362] file system registered
[   79.151442] unloading
[   79.157083] ffs_data_put(): freeing
[   79.159155] file system registered
[   79.161221] unloading
[   79.169110] ffs_data_put(): freeing
[   79.169217] ffs_data_put(): freeing
[   79.170924] file system registered
[   79.172356] unloading
[   79.181342] ffs_data_put(): freeing
[   79.181454] ffs_data_put(): freeing
[   79.186918] file system registered
[   79.190000] unloading
[   79.199273] file system registered
[   79.201859] unloading
[   79.214207] ffs_data_put(): freeing
[   79.214427] ffs_data_put(): freeing
[   79.215880] ffs_data_put(): freeing
[   79.218463] file system registered
[   79.220320] unloading
[   79.233008] file system registered
[   79.234856] unloading
[   79.239268] ffs_data_put(): freeing
[   79.240849] file system registered
[   79.241828] unloading
[   79.250318] file system registered
[   79.252198] unloading
[   79.259029] ffs_data_put(): freeing
[   79.261115] file system registered
[   79.263113] unloading
[   79.273291] ffs_data_put(): freeing
[   79.273418] ffs_data_put(): freeing
[   79.276024] file system registered
[   79.278336] unloading
[   79.286395] ffs_data_put(): freeing
[   79.288715] file system registered
[   79.290174] unloading
[   79.302017] file system registered
[   79.304874] unloading
[   79.314177] ffs_data_put(): freeing
[   79.316650] file system registered
[   79.318332] unloading
[   79.329300] ffs_data_put(): freeing
[   79.330968] file system registered
[   79.333345] unloading
[   79.341229] ffs_data_put(): freeing
[   79.343348] file system registered
[   79.344990] unloading
[   79.355115] ffs_data_put(): freeing
[   79.356991] file system registered
[   79.358427] unloading
[   79.363761] ffs_data_put(): freeing
[   79.363972] ffs_data_put(): freeing
[   79.367084] file system registered
[   79.370099] unloading
[   79.376183] ffs_data_put(): freeing
[   79.379196] file system registered
[   79.381740] unloading
[   79.389082] ffs_data_put(): freeing
[   79.391068] file system registered
[   79.392806] unloading
[   79.400206] ffs_data_put(): freeing
[   79.402474] file system registered
[   79.404243] unloading
[   79.409209] ffs_data_put(): freeing
[   79.411866] file system registered
[   79.413944] unloading
[   79.422247] ffs_data_put(): freeing
[   79.422419] ffs_data_put(): freeing
[   79.422842] ffs_data_put(): freeing
[   79.424002] file system registered
[   79.425154] unloading
[   79.432262] ffs_data_put(): freeing
[   79.432479] ffs_data_put(): freeing
[   79.432730] ffs_data_put(): freeing
[   79.434293] file system registered
[   79.436852] unloading
[   79.446995] ffs_data_put(): freeing
[   79.447294] ffs_data_put(): freeing
[   79.447795] ffs_data_put(): freeing
[   79.448158] ffs_data_put(): freeing
[   79.451033] file system registered
[   79.453978] unloading
[   79.461773] ffs_data_put(): freeing
[   79.461874] ffs_data_put(): freeing
[   79.465063] file system registered
[   79.467925] unloading
[   79.473951] ffs_data_put(): freeing
[   79.476995] file system registered
[   79.480903] unloading
[   79.487297] ffs_data_put(): freeing
[   79.487931] ffs_data_put(): freeing
[   79.488030] ffs_data_put(): freeing
[   79.489463] file system registered
[   79.491994] unloading
[   79.499254] ffs_data_put(): freeing
[   79.499459] ffs_data_put(): freeing
[   79.503183] file system registered
[   79.506477] unloading
[   79.516755] ffs_data_put(): freeing
[   79.519937] file system registered
[   79.523085] unloading
[   79.531102] file system registered
[   79.532634] unloading
[   79.543829] file system registered
[   79.544938] unloading
[   79.553442] file system registered
[   79.555100] unloading
[   79.563163] ffs_data_put(): freeing
[   79.565061] file system registered
[   79.566771] unloading
[   79.577426] ffs_data_put(): freeing
[   79.577872] ffs_data_put(): freeing
[   79.581157] file system registered
[   79.586267] unloading
[   79.592377] ffs_data_put(): freeing
[   79.595430] file system registered
[   79.597860] unloading
[   79.606116] ffs_data_put(): freeing
[   79.608812] file system registered
[   79.611266] unloading
[   79.622456] ffs_data_put(): freeing
[   79.623013] ffs_data_put(): freeing
[   79.623090] ffs_data_put(): freeing
[   79.624385] file system registered
[   79.626248] unloading
[   79.632873] ffs_data_put(): freeing
[   79.635369] file system registered
[   79.637791] unloading
[   79.645327] ffs_data_put(): freeing
[   79.645422] ffs_data_put(): freeing
[   79.648781] file system registered
[   79.650872] unloading
[   79.658243] ffs_data_put(): freeing
[   79.659887] file system registered
[   79.662523] unloading
[   79.669034] ffs_data_put(): freeing
[   79.671751] file system registered
[   79.673082] unloading
[   79.680388] ffs_data_put(): freeing
[   79.682674] file system registered
[   79.684093] unloading
[   79.694123] ffs_data_put(): freeing
[   79.695846] file system registered
[   79.697294] unloading
[   79.708288] ffs_data_put(): freeing
[   79.713702] file system registered
[   79.716465] unloading
[   79.721897] ffs_data_put(): freeing
[   79.721915] ffs_data_put(): freeing
[   79.724352] file system registered
[   79.726113] unloading
[   79.735097] ffs_data_put(): freeing
[   79.737214] file system registered
[   79.739294] unloading
[   79.746156] ffs_data_put(): freeing
[   79.748424] file system registered
[   79.750331] unloading
[   79.760409] file system registered
[   79.762242] unloading
[   79.769121] file system registered
[   79.771219] unloading
[   79.780025] ffs_data_put(): freeing
[   79.782301] file system registered
[   79.784047] unloading
[   79.794363] file system registered
[   79.796155] unloading
[   79.802007] ffs_data_put(): freeing
[   79.805083] file system registered
[   79.808729] unloading
[   79.815285] ffs_data_put(): freeing
[   79.817365] file system registered
[   79.819046] unloading
[   79.827342] ffs_data_put(): freeing
[   79.830476] file system registered
[   79.832196] unloading
[   79.841289] ffs_data_put(): freeing
[   79.841404] ffs_data_put(): freeing
[   79.843172] file system registered
[   79.845013] unloading
[   79.856163] ffs_data_put(): freeing
[   79.859833] file system registered
[   79.862076] unloading
[   79.867454] ffs_data_put(): freeing
[   79.867796] ffs_data_put(): freeing
[   79.869491] file system registered
[   79.872108] unloading
[   79.881485] file system registered
[   79.883862] unloading
[   79.892420] file system registered
[   79.894383] unloading
[   79.901181] ffs_data_put(): freeing
[   79.902670] file system registered
[   79.904037] unloading
[   79.909229] ffs_data_put(): freeing
[   79.909429] ffs_data_put(): freeing
[   79.910220] ffs_data_put(): freeing
[   79.911276] file system registered
[   79.912919] unloading
[   79.918156] ffs_data_put(): freeing
[   79.918328] ffs_data_put(): freeing
[   79.918449] ffs_data_put(): freeing
[   79.920202] file system registered
[   79.920375] ffs_data_put(): freeing
[   79.921947] unloading
[   79.927148] ffs_data_put(): freeing
[   79.927217] ffs_data_put(): freeing
[   79.930291] file system registered
[   79.933246] unloading
[   79.938186] ffs_data_put(): freeing
[   79.940143] file system registered
[   79.942060] unloading
[   79.955836] ffs_data_put(): freeing
[   79.955911] ffs_data_put(): freeing
[   79.958488] file system registered
[   79.961448] unloading
[   79.968017] ffs_data_put(): freeing
[   79.968921] ffs_data_put(): freeing
[   79.970859] file system registered
[   79.972378] unloading
[   79.983191] file system registered
[   79.985972] unloading
[   79.994467] file system registered
[   79.996938] unloading
[   80.007223] ffs_data_put(): freeing
[   80.009344] file system registered
[   80.012067] unloading
[   80.019722] ffs_data_put(): freeing
[   80.021787] file system registered
[   80.023331] unloading
[   80.032338] ffs_data_put(): freeing
[   80.032479] ffs_data_put(): freeing
[   80.033333] ffs_data_put(): freeing
[   80.034317] file system registered
[   80.036400] unloading
[   80.046869] ffs_data_put(): freeing
[   80.046903] ffs_data_put(): freeing
[   80.049308] file system registered
[   80.052005] unloading
[   80.058288] ffs_data_put(): freeing
[   80.058300] ffs_data_put(): freeing
[   80.060968] file system registered
[   80.063841] unloading
[   80.073828] ffs_data_put(): freeing
[   80.076440] file system registered
[   80.078257] unloading
[   80.087153] file system registered
[   80.088798] unloading
[   80.095559] file system registered
[   80.098371] unloading
[   80.106102] ffs_data_put(): freeing
[   80.106218] ffs_data_put(): freeing
[   80.107376] file system registered
[   80.109097] unloading
[   80.115037] ffs_data_put(): freeing
[   80.115145] ffs_data_put(): freeing
[   80.115261] ffs_data_put(): freeing
[   80.116959] file system registered
[   80.119738] unloading
[   80.127297] ffs_data_put(): freeing
[   80.127538] ffs_data_put(): freeing
[   80.127826] ffs_data_put(): freeing
[   80.128112] ffs_data_put(): freeing
[   80.130527] file system registered
[   80.134139] unloading
[   80.142362] file system registered
[   80.145488] unloading
[   80.151244] ffs_data_put(): freeing
[   80.154040] file system registered
[   80.156079] ffs_data_put(): freeing
[   80.156200] unloading
[   80.163893] ffs_data_put(): freeing
[   80.165907] file system registered
[   80.167287] unloading
[   80.176993] file system registered
[   80.179246] unloading
[   80.188450] ffs_data_put(): freeing
[   80.188927] ffs_data_put(): freeing
[   80.190850] file system registered
[   80.192767] unloading
[   80.201464] file system registered
[   80.203734] unloading
[   80.211399] ffs_data_put(): freeing
[   80.214270] file system registered
[   80.217020] unloading
[   80.223492] file system registered
[   80.224740] unloading
[   80.232041] file system registered
[   80.233762] unloading
[   80.240789] file system registered
[   80.242120] unloading
[   80.252805] file system registered
[   80.254254] unloading
[   80.262089] file system registered
[   80.264173] unloading
[   80.273179] ffs_data_put(): freeing
[   80.275481] file system registered
[   80.276997] unloading
[   80.285168] ffs_data_put(): freeing
[   80.287413] file system registered
[   80.288770] unloading
[   80.296271] ffs_data_put(): freeing
[   80.299079] file system registered
[   80.301267] unloading
[   80.311715] file system registered
[   80.313290] unloading
[   80.320254] file system registered
[   80.322193] unloading
[   80.331219] file system registered
[   80.333001] unloading
[   80.341225] ffs_data_put(): freeing
[   80.343766] file system registered
[   80.345267] unloading
[   80.355351] file system registered
[   80.356975] unloading
[   80.361170] ffs_data_put(): freeing
[   80.363256] file system registered
[   80.364971] unloading
[   80.372157] file system registered
[   80.374054] unloading
[   80.385004] file system registered
[   80.387856] unloading
[   80.395419] ffs_data_put(): freeing
[   80.396168] ffs_data_put(): freeing
[   80.397590] file system registered
[   80.399982] unloading
[   80.409303] ffs_data_put(): freeing
[   80.409458] ffs_data_put(): freeing
[   80.412417] file system registered
[   80.415249] unloading
[   80.421835] ffs_data_put(): freeing
[   80.421928] ffs_data_put(): freeing
[   80.423976] file system registered
[   80.426386] unloading
[   80.434326] ffs_data_put(): freeing
[   80.434774] ffs_data_put(): freeing
[   80.437317] file system registered
[   80.439181] unloading
[   80.447474] ffs_data_put(): freeing
[   80.448257] ffs_data_put(): freeing
[   80.449506] file system registered
[   80.451288] unloading
[   80.461780] ffs_data_put(): freeing
[   80.461950] ffs_data_put(): freeing
[   80.467155] file system registered
[   80.469307] ffs_data_put(): freeing
[   80.470013] unloading
[   80.477223] ffs_data_put(): freeing
[   80.479884] file system registered
[   80.483295] unloading
[   80.492784] file system registered
[   80.496123] unloading
[   80.506503] file system registered
[   80.509300] unloading
[   80.516117] ffs_data_put(): freeing
[   80.518366] file system registered
[   80.519806] unloading
[   80.526087] ffs_data_put(): freeing
[   80.528077] file system registered
[   80.529394] unloading
[   80.534170] ffs_data_put(): freeing
[   80.536450] file system registered
[   80.537836] unloading
[   80.543366] ffs_data_put(): freeing
[   80.546717] file system registered
[   80.548301] unloading
[   80.556273] ffs_data_put(): freeing
[   80.559012] file system registered
[   80.561511] unloading
[   80.568250] ffs_data_put(): freeing
[   80.568340] ffs_data_put(): freeing
[   80.571302] file system registered
[   80.574175] unloading
[   80.585261] file system registered
[   80.587994] unloading
[   80.593249] ffs_data_put(): freeing
[   80.596060] file system registered
[   80.598327] unloading
[   80.608367] ffs_data_put(): freeing
[   80.608684] ffs_data_put(): freeing
[   80.610697] file system registered
[   80.611875] unloading
[   80.621285] ffs_data_put(): freeing
[   80.624282] file system registered
[   80.625956] unloading
[   80.632375] ffs_data_put(): freeing
[   80.632462] ffs_data_put(): freeing
[   80.635414] file system registered
[   80.637978] unloading
[   80.644226] ffs_data_put(): freeing
[   80.647313] file system registered
[   80.649924] unloading
[   80.658042] ffs_data_put(): freeing
[   80.658154] ffs_data_put(): freeing
[   80.660994] file system registered
[   80.663615] unloading
[   80.669294] ffs_data_put(): freeing
[   80.671489] file system registered
[   80.673338] unloading
[   80.682359] ffs_data_put(): freeing
[   80.684950] file system registered
[   80.686343] unloading
[   80.695449] ffs_data_put(): freeing
[   80.698038] file system registered
[   80.702170] unloading
[   80.707167] ffs_data_put(): freeing
[   80.709914] file system registered
[   80.711965] unloading
[   80.720309] ffs_data_put(): freeing
[   80.720380] ffs_data_put(): freeing
[   80.721993] file system registered
[   80.724057] unloading
[   80.734262] ffs_data_put(): freeing
[   80.735159] ffs_data_put(): freeing
[   80.736037] ffs_data_put(): freeing
[   80.736936] file system registered
[   80.738950] unloading
[   80.743780] ffs_data_put(): freeing
[   80.743964] ffs_data_put(): freeing
[   80.744207] ffs_data_put(): freeing
[   80.749317] file system registered
[   80.751320] unloading
[   80.762003] file system registered
[   80.764565] unloading
[   80.772262] ffs_data_put(): freeing
[   80.772445] ffs_data_put(): freeing
[   80.775948] file system registered
[   80.778355] unloading
[   80.785370] ffs_data_put(): freeing
[   80.785491] ffs_data_put(): freeing
[   80.789020] file system registered
[   80.793105] unloading
[   80.802876] file system registered
[   80.805174] unloading
[   80.812480] ffs_data_put(): freeing
[   80.813079] ffs_data_put(): freeing
[   80.816190] file system registered
[   80.818817] unloading
[   80.825357] ffs_data_put(): freeing
[   80.827252] file system registered
[   80.829225] unloading
[   80.834887] ffs_data_put(): freeing
[   80.837027] file system registered
[   80.839168] unloading
[   80.848479] file system registered
[   80.850118] unloading
[   80.856212] file system registered
[   80.857993] unloading
[   80.867765] file system registered
[   80.868384] unloading
[   80.874109] file system registered
[   80.876060] unloading
[   80.880238] ffs_data_put(): freeing
[   80.882248] file system registered
[   80.883859] unloading
[   80.889130] ffs_data_put(): freeing
[   80.889488] ffs_data_put(): freeing
[   80.891653] file system registered
[   80.892971] unloading
[   80.898159] ffs_data_put(): freeing
[   80.900366] file system registered
[   80.901957] unloading
[   80.910215] ffs_data_put(): freeing
[   80.910363] ffs_data_put(): freeing
[   80.912918] file system registered
[   80.915390] unloading
[   80.922820] ffs_data_put(): freeing
[   80.923267] ffs_data_put(): freeing
[   80.926343] file system registered
[   80.929493] unloading
[   80.941204] file system registered
[   80.944389] unloading
[   80.954221] ffs_data_put(): freeing
[   80.954332] ffs_data_put(): freeing
[   80.956458] file system registered
[   80.959155] unloading
[   80.967864] ffs_data_put(): freeing
[   80.968044] ffs_data_put(): freeing
[   80.971356] file system registered
[   80.973383] unloading
[   80.982426] file system registered
[   80.984297] unloading
[   80.991093] ffs_data_put(): freeing
[   80.993682] file system registered
[   80.995243] unloading
[   81.006893] file system registered
[   81.009153] unloading
[   81.017056] file system registered
[   81.018466] unloading
[   81.028307] ffs_data_put(): freeing
[   81.028375] ffs_data_put(): freeing
[   81.030412] file system registered
[   81.031351] unloading
[   81.038170] ffs_data_put(): freeing
[   81.040963] file system registered
[   81.044246] unloading
[   81.054746] ffs_data_put(): freeing
[   81.054940] ffs_data_put(): freeing
[   81.057041] file system registered
[   81.060066] unloading
[   81.067031] ffs_data_put(): freeing
[   81.067150] ffs_data_put(): freeing
[   81.070745] file system registered
[   81.073436] unloading
[   81.087337] ffs_data_put(): freeing
[   81.087499] ffs_data_put(): freeing
[   81.091399] file system registered
[   81.097848] unloading
[   81.104396] ffs_data_put(): freeing
[   81.105324] ffs_data_put(): freeing
[   81.108293] file system registered
[   81.111343] unloading
[   81.119769] ffs_data_put(): freeing
[   81.119992] ffs_data_put(): freeing
[   81.123343] file system registered
[   81.127108] unloading
[   81.135447] ffs_data_put(): freeing
[   81.138066] file system registered
[   81.140312] unloading
[   81.147854] ffs_data_put(): freeing
[   81.148074] ffs_data_put(): freeing
[   81.148198] ffs_data_put(): freeing
[   81.150255] file system registered
[   81.152330] unloading
[   81.162300] ffs_data_put(): freeing
[   81.162891] ffs_data_put(): freeing
[   81.163157] ffs_data_put(): freeing
[   81.163343] ffs_data_put(): freeing
[   81.165176] file system registered
[   81.167203] unloading
[   81.173029] ffs_data_put(): freeing
[   81.173450] ffs_data_put(): freeing
[   81.175481] file system registered
[   81.177801] unloading
[   81.187465] ffs_data_put(): freeing
[   81.187742] ffs_data_put(): freeing
[   81.190081] file system registered
[   81.193006] unloading
[   81.203168] file system registered
[   81.207083] unloading
[   81.221496] file system registered
[   81.225184] unloading
[   81.233856] file system registered
[   81.237157] unloading
[   81.246484] ffs_data_put(): freeing
[   81.246930] ffs_data_put(): freeing
[   81.248989] file system registered
[   81.251304] unloading
[   81.259260] ffs_data_put(): freeing
[   81.259943] ffs_data_put(): freeing
[   81.262470] file system registered
[   81.266014] unloading
[   81.273461] ffs_data_put(): freeing
[   81.277968] file system registered
[   81.281227] unloading
[   81.291340] file system registered
[   81.293893] unloading
[   81.302152] ffs_data_put(): freeing
[   81.305493] file system registered
[   81.309051] unloading
[   81.317762] ffs_data_put(): freeing
[   81.318012] ffs_data_put(): freeing
[   81.318228] ffs_data_put(): freeing
[   81.319461] file system registered
[   81.321383] unloading
[   81.327341] ffs_data_put(): freeing
[   81.328322] ffs_data_put(): freeing
[   81.328666] ffs_data_put(): freeing
[   81.331885] file system registered
[   81.333452] unloading
[   81.342446] ffs_data_put(): freeing
[   81.344986] file system registered
[   81.346394] unloading
[   81.352321] ffs_data_put(): freeing
[   81.352944] ffs_data_put(): freeing
[   81.354470] file system registered
[   81.357286] unloading
[   81.365367] ffs_data_put(): freeing
[   81.365484] ffs_data_put(): freeing
[   81.367353] file system registered
[   81.369424] unloading
[   81.376428] ffs_data_put(): freeing
[   81.378685] file system registered
[   81.380373] unloading
[   81.393271] file system registered
[   81.395804] unloading
[   81.407419] ffs_data_put(): freeing
[   81.410420] file system registered
[   81.413244] unloading
[   81.422820] file system registered
[   81.424799] unloading
[   81.432353] file system registered
[   81.436245] unloading
[   81.444472] ffs_data_put(): freeing
[   81.444754] ffs_data_put(): freeing
[   81.445044] ffs_data_put(): freeing
[   81.448195] ffs_data_put(): freeing
[   81.451262] file system registered
[   81.453490] unloading
[   81.460010] ffs_data_put(): freeing
[   81.464178] file system registered
[   81.467244] unloading
[   81.476272] ffs_data_put(): freeing
[   81.476455] ffs_data_put(): freeing
[   81.479556] file system registered
[   81.483260] unloading
[   81.492311] ffs_data_put(): freeing
[   81.494573] file system registered
[   81.496502] unloading
[   81.501349] ffs_data_put(): freeing
[   81.501473] ffs_data_put(): freeing
[   81.503841] file system registered
[   81.505455] unloading
[   81.514514] ffs_data_put(): freeing
[   81.517116] file system registered
[   81.519840] unloading
[   81.527249] ffs_data_put(): freeing
[   81.530532] file system registered
[   81.532223] unloading
[   81.541406] ffs_data_put(): freeing
[   81.545126] file system registered
[   81.547401] unloading
[   81.556414] file system registered
[   81.558408] unloading
[   81.568459] ffs_data_put(): freeing
[   81.568763] ffs_data_put(): freeing
[   81.570147] file system registered
[   81.572263] unloading
[   81.582340] file system registered
[   81.584284] unloading
[   81.594223] ffs_data_put(): freeing
[   81.596792] file system registered
[   81.598411] unloading
[   81.605188] ffs_data_put(): freeing
[   81.608085] file system registered
[   81.610208] unloading
[   81.618416] ffs_data_put(): freeing
[   81.620419] file system registered
[   81.623124] unloading
[   81.632194] ffs_data_put(): freeing
[   81.635100] file system registered
[   81.637109] unloading
[   81.647299] file system registered
[   81.649336] unloading
[   81.657297] ffs_data_put(): freeing
[   81.659287] file system registered
[   81.661412] unloading
[   81.668336] ffs_data_put(): freeing
[   81.668450] ffs_data_put(): freeing
[   81.670356] file system registered
[   81.672584] unloading
[   81.682087] file system registered
[   81.684304] unloading
[   81.690689] ffs_data_put(): freeing
[   81.690770] ffs_data_put(): freeing
[   81.693234] file system registered
[   81.695485] unloading
[   81.704068] ffs_data_put(): freeing
[   81.704193] ffs_data_put(): freeing
[   81.706154] file system registered
[   81.708134] unloading
[   81.722390] ffs_data_put(): freeing
[   81.722491] ffs_data_put(): freeing
[   81.726295] file system registered
[   81.731276] unloading
[   81.743143] file system registered
[   81.746067] unloading
[   81.757305] ffs_data_put(): freeing
[   81.760858] file system registered
[   81.764892] unloading
[   81.771343] ffs_data_put(): freeing
[   81.771780] ffs_data_put(): freeing
[   81.773055] ffs_data_put(): freeing
[   81.774130] file system registered
[   81.776974] ffs_data_put(): freeing
[   81.777202] unloading
[   81.783428] ffs_data_put(): freeing
[   81.783798] ffs_data_put(): freeing
[   81.783896] ffs_data_put(): freeing
[   81.786827] file system registered
[   81.790328] unloading
[   81.798838] ffs_data_put(): freeing
[   81.807178] file system registered
[   81.809230] unloading
[   81.816138] file system registered
[   81.820782] ffs_data_put(): freeing
[   81.821126] unloading
[   81.827370] ffs_data_put(): freeing
[   81.829327] ffs_data_put(): freeing
[   81.830394] file system registered
[   81.832209] unloading
[   81.839430] file system registered
[   81.841026] unloading
[   81.851836] ffs_data_put(): freeing
[   81.854985] file system registered
[   81.856339] unloading
[   81.866698] ffs_data_put(): freeing
[   81.869432] file system registered
[   81.871324] unloading
[   81.877827] ffs_data_put(): freeing
[   81.880494] file system registered
[   81.882670] unloading
[   81.891222] ffs_data_put(): freeing
[   81.891844] ffs_data_put(): freeing
[   81.891921] ffs_data_put(): freeing
[   81.893163] file system registered
[   81.895026] unloading
[   81.902742] ffs_data_put(): freeing
[   81.902985] ffs_data_put(): freeing
[   81.903138] ffs_data_put(): freeing
[   81.906040] file system registered
[   81.910157] unloading
[   81.919494] ffs_data_put(): freeing
[   81.923077] file system registered
[   81.925321] unloading
[   81.933394] file system registered
[   81.937273] unloading
[   81.947081] file system registered
[   81.949965] unloading
[   81.956926] ffs_data_put(): freeing
[   81.958384] file system registered
[   81.960226] unloading
[   81.972050] file system registered
[   81.973992] ffs_data_put(): freeing
[   81.974429] ffs_data_put(): freeing
[   81.974960] unloading
[   81.981184] ffs_data_put(): freeing
[   81.983679] file system registered
[   81.985547] unloading
[   81.994104] ffs_data_put(): freeing
[   81.995372] file system registered
[   81.996941] unloading
[   82.004380] ffs_data_put(): freeing
[   82.006460] file system registered
[   82.008149] unloading
[   82.017201] ffs_data_put(): freeing
[   82.017495] ffs_data_put(): freeing
[   82.020434] file system registered
[   82.023030] unloading
[   82.035267] file system registered
[   82.039996] unloading
[   82.056394] ffs_data_put(): freeing
[   82.056755] ffs_data_put(): freeing
[   82.057851] ffs_data_put(): freeing
[   82.059056] file system registered
[   82.060490] unloading
[   82.066390] ffs_data_put(): freeing
[   82.066941] ffs_data_put(): freeing
[   82.069963] ffs_data_put(): freeing
[   82.070392] file system registered
[   82.073304] unloading
[   82.082244] file system registered
[   82.086139] unloading
[   82.098444] ffs_data_put(): freeing
[   82.098878] ffs_data_put(): freeing
[   82.099819] ffs_data_put(): freeing
[   82.101281] file system registered
[   82.104231] unloading
[   82.110765] ffs_data_put(): freeing
[   82.111001] ffs_data_put(): freeing
[   82.111219] ffs_data_put(): freeing
[   82.112958] file system registered
[   82.115227] unloading
[   82.128047] ffs_data_put(): freeing
[   82.128370] ffs_data_put(): freeing
[   82.129030] ffs_data_put(): freeing
[   82.131111] file system registered
[   82.135209] unloading
[   82.143117] ffs_data_put(): freeing
[   82.143349] ffs_data_put(): freeing
[   82.143913] ffs_data_put(): freeing
[   82.146311] file system registered
[   82.150004] unloading
[   82.155745] ffs_data_put(): freeing
[   82.156067] ffs_data_put(): freeing
[   82.159411] file system registered
[   82.162243] ffs_data_put(): freeing
[   82.163151] unloading
[   82.170462] ffs_data_put(): freeing
[   82.176882] file system registered
[   82.181080] unloading
[   82.188785] ffs_data_put(): freeing
[   82.191994] file system registered
[   82.194482] unloading
[   82.203323] file system registered
[   82.205468] unloading
[   82.216925] file system registered
[   82.219003] unloading
[   82.228957] file system registered
[   82.231997] unloading
[   82.240253] ffs_data_put(): freeing
[   82.242866] file system registered
[   82.245253] unloading
[   82.253134] ffs_data_put(): freeing
[   82.253233] ffs_data_put(): freeing
[   82.255964] file system registered
[   82.258118] unloading
[   82.263432] ffs_data_put(): freeing
[   82.266248] file system registered
[   82.269443] unloading
[   82.276232] ffs_data_put(): freeing
[   82.278523] file system registered
[   82.280500] unloading
[   82.292094] file system registered
[   82.294783] unloading
[   82.303217] ffs_data_put(): freeing
[   82.304862] file system registered
[   82.306003] unloading
[   82.312175] ffs_data_put(): freeing
[   82.312293] ffs_data_put(): freeing
[   82.313937] file system registered
[   82.315383] unloading
[   82.320234] ffs_data_put(): freeing
[   82.323430] file system registered
[   82.323792] ffs_data_put(): freeing
[   82.325449] unloading
[   82.331788] ffs_data_put(): freeing
[   82.334354] file system registered
[   82.336038] unloading
[   82.346878] file system registered
[   82.347940] unloading
[   82.357806] file system registered
[   82.359326] unloading
[   82.369415] file system registered
[   82.371453] unloading
[   82.379498] file system registered
[   82.381198] unloading
[   82.391236] ffs_data_put(): freeing
[   82.391389] ffs_data_put(): freeing
[   82.393479] file system registered
[   82.395155] unloading
[   82.400514] ffs_data_put(): freeing
[   82.401804] ffs_data_put(): freeing
[   82.403094] ffs_data_put(): freeing
[   82.403399] file system registered
[   82.405297] unloading
[   82.409627] ffs_data_put(): freeing
[   82.411361] file system registered
[   82.413466] unloading
[   82.425125] file system registered
[   82.427409] unloading
[   82.433173] ffs_data_put(): freeing
[   82.435165] file system registered
[   82.437856] unloading
[   82.444181] ffs_data_put(): freeing
[   82.444258] ffs_data_put(): freeing
[   82.446181] file system registered
[   82.448122] unloading
[   82.454223] file system registered
[   82.456004] unloading
[   82.466412] file system registered
[   82.468068] unloading
[   82.478203] ffs_data_put(): freeing
[   82.478329] ffs_data_put(): freeing
[   82.479822] file system registered
[   82.481418] unloading
[   82.486226] ffs_data_put(): freeing
[   82.486328] ffs_data_put(): freeing
[   82.490133] file system registered
[   82.492270] unloading
[   82.500389] ffs_data_put(): freeing
[   82.502361] file system registered
[   82.504003] unloading
[   82.512742] file system registered
[   82.514916] unloading
[   82.522189] ffs_data_put(): freeing
[   82.522499] ffs_data_put(): freeing
[   82.522870] ffs_data_put(): freeing
[   82.523754] file system registered
[   82.525036] unloading
[   82.531277] ffs_data_put(): freeing
[   82.531460] ffs_data_put(): freeing
[   82.531645] ffs_data_put(): freeing
[   82.533417] file system registered
[   82.535247] unloading
[   82.546257] ffs_data_put(): freeing
[   82.546895] ffs_data_put(): freeing
[   82.547150] ffs_data_put(): freeing
[   82.550236] file system registered
[   82.553977] unloading
[   82.561817] ffs_data_put(): freeing
[   82.561859] ffs_data_put(): freeing
[   82.561864] ffs_data_put(): freeing
[   82.564226] file system registered
[   82.566990] unloading
[   82.579892] ffs_data_put(): freeing
[   82.579930] ffs_data_put(): freeing
[   82.581334] file system registered
[   82.583224] unloading
[   82.594230] ffs_data_put(): freeing
[   82.597380] file system registered
[   82.600809] unloading
[   82.607796] ffs_data_put(): freeing
[   82.610996] file system registered
[   82.614339] unloading
[   82.622265] ffs_data_put(): freeing
[   82.622943] ffs_data_put(): freeing
[   82.625759] file system registered
[   82.628147] unloading
[   82.635842] ffs_data_put(): freeing
[   82.637867] file system registered
[   82.640377] unloading
[   82.648345] ffs_data_put(): freeing
[   82.650382] file system registered
[   82.652429] unloading
[   82.658165] ffs_data_put(): freeing
[   82.659870] file system registered
[   82.661005] unloading
[   82.669291] file system registered
[   82.671910] unloading
[   82.680694] file system registered
[   82.682758] unloading
[   82.692034] file system registered
[   82.693310] unloading
[   82.698888] ffs_data_put(): freeing
[   82.699107] ffs_data_put(): freeing
[   82.700416] file system registered
[   82.702338] unloading
[   82.713397] ffs_data_put(): freeing
[   82.713485] ffs_data_put(): freeing
[   82.715673] file system registered
[   82.716969] unloading
[   82.724072] file system registered
[   82.727894] unloading
[   82.734306] ffs_data_put(): freeing
[   82.734449] ffs_data_put(): freeing
[   82.736463] file system registered
[   82.741740] unloading
[   82.748151] ffs_data_put(): freeing
[   82.751317] file system registered
[   82.753132] unloading
[   82.759157] ffs_data_put(): freeing
[   82.761091] file system registered
[   82.763015] unloading
[   82.772163] ffs_data_put(): freeing
[   82.774390] file system registered
[   82.776401] unloading
[   82.783051] file system registered
[   82.784882] unloading
[   82.791831] file system registered
[   82.793378] unloading
[   82.802211] ffs_data_put(): freeing
[   82.802358] ffs_data_put(): freeing
[   82.804237] file system registered
[   82.806058] unloading
[   82.816394] ffs_data_put(): freeing
[   82.816766] ffs_data_put(): freeing
[   82.823915] file system registered
[   82.827785] unloading
[   82.834362] ffs_data_put(): freeing
[   82.834497] ffs_data_put(): freeing
[   82.836370] file system registered
[   82.838379] unloading
[   82.848397] ffs_data_put(): freeing
[   82.848826] ffs_data_put(): freeing
[   82.850106] ffs_data_put(): freeing
[   82.853772] file system registered
[   82.856090] ffs_data_put(): freeing
[   82.857435] unloading
[   82.864353] ffs_data_put(): freeing
[   82.867151] file system registered
[   82.870095] unloading
[   82.881085] file system registered
[   82.884034] unloading
[   82.891305] ffs_data_put(): freeing
[   82.893444] file system registered
[   82.895723] unloading
[   82.900367] ffs_data_put(): freeing
[   82.905145] file system registered
[   82.907080] unloading
[   82.917227] ffs_data_put(): freeing
[   82.919284] file system registered
[   82.921251] unloading
[   82.932359] ffs_data_put(): freeing
[   82.932881] ffs_data_put(): freeing
[   82.934191] file system registered
[   82.937845] unloading
[   82.943265] ffs_data_put(): freeing
[   82.945339] file system registered
[   82.947031] unloading
[   82.959187] file system registered
[   82.961220] unloading
[   82.970090] ffs_data_put(): freeing
[   82.972855] file system registered
[   82.974444] unloading
[   82.985238] file system registered
[   82.987445] unloading
[   82.995300] file system registered
[   82.997444] unloading
[   83.004152] ffs_data_put(): freeing
[   83.007130] file system registered
[   83.009074] ffs_data_put(): freeing
[   83.010455] unloading
[   83.018194] ffs_data_put(): freeing
[   83.018343] ffs_data_put(): freeing
[   83.020744] file system registered
[   83.022218] unloading
[   83.032891] file system registered
[   83.034229] unloading
[   83.042775] file system registered
[   83.044277] unloading
[   83.050198] file system registered
[   83.051995] unloading
[   83.060125] ffs_data_put(): freeing
[   83.063320] file system registered
[   83.065200] unloading
[   83.074209] ffs_data_put(): freeing
[   83.077176] file system registered
[   83.079772] unloading
[   83.086200] ffs_data_put(): freeing
[   83.087952] file system registered
[   83.090805] unloading
[   83.101796] ffs_data_put(): freeing
[   83.102065] ffs_data_put(): freeing
[   83.103226] file system registered
[   83.104472] unloading
[   83.112420] ffs_data_put(): freeing
[   83.113184] ffs_data_put(): freeing
[   83.113266] ffs_data_put(): freeing
[   83.117336] file system registered
[   83.119488] unloading
[   83.127334] file system registered
[   83.129207] unloading
[   83.139078] ffs_data_put(): freeing
[   83.141490] file system registered
[   83.144978] unloading
[   83.150190] ffs_data_put(): freeing
[   83.150318] ffs_data_put(): freeing
[   83.153376] file system registered
[   83.156180] unloading
[   83.165252] ffs_data_put(): freeing
[   83.168308] file system registered
[   83.171271] unloading
[   83.179386] file system registered
[   83.181754] unloading
[   83.190342] ffs_data_put(): freeing
[   83.190438] ffs_data_put(): freeing
[   83.192915] file system registered
[   83.195277] unloading
[   83.204120] ffs_data_put(): freeing
[   83.206209] file system registered
[   83.208321] unloading
[   83.215346] ffs_data_put(): freeing
[   83.215985] file system registered
[   83.217217] unloading
[   83.223256] ffs_data_put(): freeing
[   83.225407] file system registered
[   83.227053] unloading
[   83.239260] ffs_data_put(): freeing
[   83.239459] ffs_data_put(): freeing
[   83.241817] file system registered
[   83.244137] unloading
[   83.255951] file system registered
[   83.259299] unloading
[   83.265580] ffs_data_put(): freeing
[   83.266112] ffs_data_put(): freeing
[   83.266399] ffs_data_put(): freeing
[   83.267391] file system registered
[   83.269247] ffs_data_put(): freeing
[   83.269507] unloading
[   83.276337] ffs_data_put(): freeing
[   83.276492] ffs_data_put(): freeing
[   83.276793] ffs_data_put(): freeing
[   83.279427] file system registered
[   83.282415] unloading
[   83.287202] ffs_data_put(): freeing
[   83.290441] file system registered
[   83.293190] unloading
[   83.301179] ffs_data_put(): freeing
[   83.303482] file system registered
[   83.306105] unloading
[   83.313093] ffs_data_put(): freeing
[   83.315452] file system registered
[   83.318876] unloading
[   83.325196] ffs_data_put(): freeing
[   83.327738] file system registered
[   83.329340] unloading
[   83.337055] ffs_data_put(): freeing
[   83.339363] file system registered
[   83.341034] unloading
[   83.347179] ffs_data_put(): freeing
[   83.350091] file system registered
[   83.352099] unloading
[   83.358293] ffs_data_put(): freeing
[   83.360323] file system registered
[   83.361837] unloading
[   83.370350] file system registered
[   83.372217] unloading
[   83.379118] ffs_data_put(): freeing
[   83.381175] file system registered
[   83.382903] unloading
[   83.388413] ffs_data_put(): freeing
[   83.389119] ffs_data_put(): freeing
[   83.390355] file system registered
[   83.392248] unloading
[   83.402292] ffs_data_put(): freeing
[   83.404107] file system registered
[   83.406142] unloading
[   83.420012] ffs_data_put(): freeing
[   83.420352] ffs_data_put(): freeing
[   83.421945] file system registered
[   83.424019] unloading
[   83.429417] ffs_data_put(): freeing
[   83.430972] ffs_data_put(): freeing
[   83.432670] file system registered
[   83.434791] unloading
[   83.440300] ffs_data_put(): freeing
[   83.440858] ffs_data_put(): freeing
[   83.442185] file system registered
[   83.445344] unloading
[   83.451765] ffs_data_put(): freeing
[   83.452024] ffs_data_put(): freeing
[   83.452194] ffs_data_put(): freeing
[   83.453732] file system registered
[   83.456061] unloading
[   83.468960] ffs_data_put(): freeing
[   83.469202] ffs_data_put(): freeing
[   83.469839] ffs_data_put(): freeing
[   83.471981] file system registered
[   83.475471] unloading
[   83.487008] ffs_data_put(): freeing
[   83.487406] ffs_data_put(): freeing
[   83.487857] ffs_data_put(): freeing
[   83.489141] file system registered
[   83.492154] unloading
[   83.504011] ffs_data_put(): freeing
[   83.504462] ffs_data_put(): freeing
[   83.504742] ffs_data_put(): freeing
[   83.509253] file system registered
[   83.513370] unloading
[   83.526109] ffs_data_put(): freeing
[   83.529365] file system registered
[   83.533817] unloading
[   83.538938] ffs_data_put(): freeing
[   83.539094] ffs_data_put(): freeing
[   83.541934] file system registered
[   83.545272] unloading
[   83.551810] ffs_data_put(): freeing
[   83.551993] ffs_data_put(): freeing
[   83.554127] file system registered
[   83.557428] unloading
[   83.568484] ffs_data_put(): freeing
[   83.568844] ffs_data_put(): freeing
[   83.569035] ffs_data_put(): freeing
[   83.571372] file system registered
[   83.575486] unloading
[   83.587106] ffs_data_put(): freeing
[   83.587144] ffs_data_put(): freeing
[   83.587325] ffs_data_put(): freeing
[   83.591421] file system registered
[   83.595450] unloading
[   83.605868] ffs_data_put(): freeing
[   83.606994] ffs_data_put(): freeing
[   83.609324] file system registered
[   83.613479] unloading
[   83.620509] ffs_data_put(): freeing
[   83.623822] file system registered
[   83.625895] unloading
[   83.632177] ffs_data_put(): freeing
[   83.635143] file system registered
[   83.638899] unloading
[   83.647412] ffs_data_put(): freeing
[   83.650460] file system registered
[   83.652214] unloading
[   83.662036] file system registered
[   83.664136] unloading
[   83.674285] ffs_data_put(): freeing
[   83.677302] file system registered
[   83.679327] unloading
[   83.686342] ffs_data_put(): freeing
[   83.690078] file system registered
[   83.692346] unloading
[   83.702206] ffs_data_put(): freeing
[   83.703455] file system registered
[   83.705079] unloading
[   83.713218] ffs_data_put(): freeing
[   83.715903] file system registered
[   83.717862] unloading
[   83.723096] ffs_data_put(): freeing
[   83.725372] file system registered
[   83.727408] unloading
[   83.735177] ffs_data_put(): freeing
[   83.736743] file system registered
[   83.738147] unloading
[   83.743120] ffs_data_put(): freeing
[   83.744636] file system registered
[   83.745931] unloading
[   83.751226] ffs_data_put(): freeing
[   83.752848] file system registered
[   83.754116] unloading
[   83.760061] ffs_data_put(): freeing
[   83.761761] file system registered
[   83.763360] unloading
[   83.769195] ffs_data_put(): freeing
[   83.769352] ffs_data_put(): freeing
[   83.769464] ffs_data_put(): freeing
[   83.771148] file system registered
[   83.772828] unloading
[   83.777202] ffs_data_put(): freeing
[   83.777301] ffs_data_put(): freeing
[   83.780201] file system registered
[   83.782813] unloading
[   83.789289] ffs_data_put(): freeing
[   83.792330] file system registered
[   83.794959] unloading
[   83.801104] ffs_data_put(): freeing
[   83.801206] ffs_data_put(): freeing
[   83.803496] file system registered
[   83.806752] unloading
[   83.814324] ffs_data_put(): freeing
[   83.814440] ffs_data_put(): freeing
[   83.817260] file system registered
[   83.819256] unloading
[   83.825506] ffs_data_put(): freeing
[   83.825777] ffs_data_put(): freeing
[   83.827948] file system registered
[   83.830211] unloading
[   83.837805] ffs_data_put(): freeing
[   83.840483] file system registered
[   83.842026] unloading
[   83.849259] ffs_data_put(): freeing
[   83.849855] ffs_data_put(): freeing
[   83.851322] file system registered
[   83.853244] unloading
[   83.861174] ffs_data_put(): freeing
[   83.861354] ffs_data_put(): freeing
[   83.861471] ffs_data_put(): freeing
[   83.863090] file system registered
[   83.865305] unloading
[   83.873140] ffs_data_put(): freeing
[   83.875129] file system registered
[   83.877904] unloading
[   83.888687] ffs_data_put(): freeing
[   83.890466] file system registered
[   83.892365] unloading
[   83.901384] file system registered
[   83.904944] unloading
[   83.914426] ffs_data_put(): freeing
[   83.917463] file system registered
[   83.921118] unloading
[   83.928108] file system registered
[   83.930083] unloading
[   83.942296] file system registered
[   83.945020] unloading
[   83.953119] file system registered
[   83.955411] unloading
[   83.963914] file system registered
[   83.965809] unloading
[   83.971202] ffs_data_put(): freeing
[   83.973437] file system registered
[   83.974408] unloading
[   83.982178] file system registered
[   83.983518] unloading
[   83.988036] ffs_data_put(): freeing
[   83.988162] ffs_data_put(): freeing
[   83.990077] file system registered
[   83.992161] unloading
[   84.004074] ffs_data_put(): freeing
[   84.006483] file system registered
[   84.008990] unloading
[   84.014181] ffs_data_put(): freeing
[   84.016929] file system registered
[   84.019143] unloading
[   84.033364] ffs_data_put(): freeing
[   84.033470] ffs_data_put(): freeing
[   84.035880] file system registered
[   84.038179] unloading
[   84.047777] file system registered
[   84.050162] unloading
[   84.056359] ffs_data_put(): freeing
[   84.058827] file system registered
[   84.060406] unloading
[   84.067242] ffs_data_put(): freeing
[   84.067348] ffs_data_put(): freeing
[   84.069690] file system registered
[   84.071254] unloading
[   84.082466] file system registered
[   84.084076] unloading
[   84.090131] ffs_data_put(): freeing
[   84.093108] file system registered
[   84.096286] unloading
[   84.102292] ffs_data_put(): freeing
[   84.104497] file system registered
[   84.106429] unloading
[   84.112183] ffs_data_put(): freeing
[   84.112298] ffs_data_put(): freeing
[   84.113755] file system registered
[   84.115058] unloading
[   84.121129] ffs_data_put(): freeing
[   84.121276] ffs_data_put(): freeing
[   84.121362] ffs_data_put(): freeing
[   84.122408] file system registered
[   84.124142] unloading
[   84.128458] ffs_data_put(): freeing
[   84.129001] ffs_data_put(): freeing
[   84.130358] file system registered
[   84.132424] unloading
[   84.140131] ffs_data_put(): freeing
[   84.140222] ffs_data_put(): freeing
[   84.142388] file system registered
[   84.144277] unloading
[   84.153710] file system registered
[   84.155193] unloading
[   84.163933] file system registered
[   84.166185] unloading
[   84.175165] ffs_data_put(): freeing
[   84.175324] ffs_data_put(): freeing
[   84.178274] file system registered
[   84.181434] unloading
[   84.192241] ffs_data_put(): freeing
[   84.195405] file system registered
[   84.197992] unloading
[   84.205337] file system registered
[   84.207234] unloading
[   84.214862] file system registered
[   84.216488] unloading
[   84.222172] ffs_data_put(): freeing
[   84.224730] file system registered
[   84.227416] unloading
[   84.233017] ffs_data_put(): freeing
[   84.235431] file system registered
[   84.237162] unloading
[   84.244259] file system registered
[   84.245939] unloading
[   84.253445] file system registered
[   84.255138] unloading
[   84.260395] ffs_data_put(): freeing
[   84.260755] ffs_data_put(): freeing
[   84.261964] file system registered
[   84.263666] unloading
[   84.270279] ffs_data_put(): freeing
[   84.270364] ffs_data_put(): freeing
[   84.271932] file system registered
[   84.274055] unloading
[   84.284128] ffs_data_put(): freeing
[   84.286991] file system registered
[   84.289784] unloading
[   84.299050] ffs_data_put(): freeing
[   84.301489] file system registered
[   84.303393] unloading
[   84.311194] ffs_data_put(): freeing
[   84.313422] file system registered
[   84.315454] unloading
[   84.323794] ffs_data_put(): freeing
[   84.323962] ffs_data_put(): freeing
[   84.325407] file system registered
[   84.328334] unloading
[   84.336440] ffs_data_put(): freeing
[   84.337293] ffs_data_put(): freeing
[   84.339105] file system registered
[   84.342206] unloading
[   84.351453] ffs_data_put(): freeing
[   84.351952] ffs_data_put(): freeing
[   84.355080] file system registered
[   84.358123] unloading
[   84.365338] ffs_data_put(): freeing
[   84.367736] file system registered
[   84.369326] unloading
[   84.379385] ffs_data_put(): freeing
[   84.381411] file system registered
[   84.383108] unloading
[   84.391248] ffs_data_put(): freeing
[   84.394364] file system registered
[   84.397099] unloading
[   84.406423] ffs_data_put(): freeing
[   84.406708] ffs_data_put(): freeing
[   84.408250] file system registered
[   84.411233] unloading
[   84.418328] ffs_data_put(): freeing
[   84.420925] file system registered
[   84.423293] unloading
[   84.436302] file system registered
[   84.438876] unloading
[   84.445253] ffs_data_put(): freeing
[   84.449374] file system registered
[   84.452226] unloading
[   84.458170] ffs_data_put(): freeing
[   84.458328] ffs_data_put(): freeing
[   84.460036] file system registered
[   84.461893] unloading
[   84.471261] ffs_data_put(): freeing
[   84.471410] ffs_data_put(): freeing
[   84.473856] file system registered
[   84.475776] unloading
[   84.482191] ffs_data_put(): freeing
[   84.485742] file system registered
[   84.488348] unloading
[   84.493784] ffs_data_put(): freeing
[   84.494031] ffs_data_put(): freeing
[   84.496303] file system registered
[   84.499072] unloading
[   84.508265] ffs_data_put(): freeing
[   84.510961] file system registered
[   84.512742] unloading
[   84.519345] ffs_data_put(): freeing
[   84.519406] ffs_data_put(): freeing
[   84.522194] file system registered
[   84.524420] unloading
[   84.533135] ffs_data_put(): freeing
[   84.535375] file system registered
[   84.537126] unloading
[   84.542339] file system registered
[   84.544311] unloading
[   84.552215] ffs_data_put(): freeing
[   84.554185] file system registered
[   84.556217] unloading
[   84.566073] ffs_data_put(): freeing
[   84.568181] file system registered
[   84.570186] ffs_data_put(): freeing
[   84.570294] unloading
[   84.583369] ffs_data_put(): freeing
[   84.583590] ffs_data_put(): freeing
[   84.586621] file system registered
[   84.589398] unloading
[   84.601128] file system registered
[   84.603705] unloading
[   84.611282] ffs_data_put(): freeing
[   84.614137] file system registered
[   84.616819] unloading
[   84.625284] ffs_data_put(): freeing
[   84.628091] file system registered
[   84.630688] unloading
[   84.639672] file system registered
[   84.641189] unloading
[   84.652773] file system registered
[   84.654128] unloading
[   84.660216] ffs_data_put(): freeing
[   84.662413] file system registered
[   84.663979] unloading
[   84.671399] file system registered
[   84.673874] unloading
[   84.679923] file system registered
[   84.681292] unloading
[   84.687194] ffs_data_put(): freeing
[   84.689295] file system registered
[   84.691171] unloading
[   84.696189] ffs_data_put(): freeing
[   84.696291] ffs_data_put(): freeing
[   84.698123] file system registered
[   84.700278] unloading
[   84.713253] ffs_data_put(): freeing
[   84.713377] ffs_data_put(): freeing
[   84.715314] file system registered
[   84.717998] unloading
[   84.726282] ffs_data_put(): freeing
[   84.726389] ffs_data_put(): freeing
[   84.730181] file system registered
[   84.733373] unloading
[   84.742270] file system registered
[   84.744375] unloading
[   84.752114] ffs_data_put(): freeing
[   84.755236] file system registered
[   84.757490] unloading
[   84.763395] ffs_data_put(): freeing
[   84.765895] file system registered
[   84.767878] unloading
[   84.776381] ffs_data_put(): freeing
[   84.776994] ffs_data_put(): freeing
[   84.778904] file system registered
[   84.780996] unloading
[   84.791378] ffs_data_put(): freeing
[   84.791884] ffs_data_put(): freeing
[   84.793944] file system registered
[   84.795842] unloading
[   84.801185] ffs_data_put(): freeing
[   84.803790] file system registered
[   84.806295] unloading
[   84.812785] ffs_data_put(): freeing
[   84.812790] ffs_data_put(): freeing
[   84.815022] file system registered
[   84.817207] unloading
[   84.823221] ffs_data_put(): freeing
[   84.825297] file system registered
[   84.827232] unloading
[   84.834165] ffs_data_put(): freeing
[   84.834336] ffs_data_put(): freeing
[   84.835434] file system registered
[   84.837078] unloading
[   84.842312] ffs_data_put(): freeing
[   84.842417] ffs_data_put(): freeing
[   84.845473] file system registered
[   84.847483] unloading
[   84.855251] ffs_data_put(): freeing
[   84.857858] file system registered
[   84.859918] unloading
[   84.871232] file system registered
[   84.874905] unloading
[   84.889226] ffs_data_put(): freeing
[   84.893035] file system registered
[   84.895333] unloading
[   84.905341] ffs_data_put(): freeing
[   84.907451] file system registered
[   84.909303] unloading
[   84.913158] ffs_data_put(): freeing
[   84.913310] ffs_data_put(): freeing
[   84.913942] ffs_data_put(): freeing
[   84.916075] file system registered
[   84.918989] unloading
[   84.927407] ffs_data_put(): freeing
[   84.927727] ffs_data_put(): freeing
[   84.929267] file system registered
[   84.931969] unloading
[   84.937473] ffs_data_put(): freeing
[   84.937888] ffs_data_put(): freeing
[   84.939821] file system registered
[   84.942207] unloading
[   84.952982] ffs_data_put(): freeing
[   84.953411] ffs_data_put(): freeing
[   84.955366] file system registered
[   84.958282] unloading
[   84.966909] ffs_data_put(): freeing
[   84.967436] ffs_data_put(): freeing
[   84.969986] file system registered
[   84.973852] unloading
[   84.981222] ffs_data_put(): freeing
[   84.981766] ffs_data_put(): freeing
[   84.984266] file system registered
[   84.987383] unloading
[   84.996408] ffs_data_put(): freeing
[   84.999473] file system registered
[   85.003964] unloading
[   85.010197] ffs_data_put(): freeing
[   85.013212] file system registered
[   85.016079] unloading
[   85.022338] ffs_data_put(): freeing
[   85.025206] file system registered
[   85.027348] unloading
[   85.035238] ffs_data_put(): freeing
[   85.035351] ffs_data_put(): freeing
[   85.036795] file system registered
[   85.038099] unloading
[   85.043471] file system registered
[   85.045940] ffs_data_put(): freeing
[   85.046200] unloading
[   85.053064] ffs_data_put(): freeing
[   85.055488] file system registered
[   85.057304] unloading
[   85.064159] ffs_data_put(): freeing
[   85.064279] ffs_data_put(): freeing
[   85.066833] file system registered
[   85.068296] unloading
[   85.076198] ffs_data_put(): freeing
[   85.076345] ffs_data_put(): freeing
[   85.078380] file system registered
[   85.080477] unloading
[   85.090719] ffs_data_put(): freeing
[   85.090930] ffs_data_put(): freeing
[   85.093770] file system registered
[   85.095309] unloading
[   85.099371] ffs_data_put(): freeing
[   85.102867] file system registered
[   85.105429] unloading
[   85.111261] ffs_data_put(): freeing
[   85.113322] file system registered
[   85.115308] unloading
[   85.122562] ffs_data_put(): freeing
[   85.122826] ffs_data_put(): freeing
[   85.126108] file system registered
[   85.128232] unloading
[   85.135250] ffs_data_put(): freeing
[   85.138460] file system registered
[   85.140983] unloading
[   85.148204] file system registered
[   85.150372] unloading
[   85.156234] ffs_data_put(): freeing
[   85.158145] file system registered
[   85.159344] unloading
[   85.164402] ffs_data_put(): freeing
[   85.167297] file system registered
[   85.169051] unloading
[   85.177294] ffs_data_put(): freeing
[   85.179479] file system registered
[   85.183020] unloading
[   85.188046] ffs_data_put(): freeing
[   85.190815] file system registered
[   85.192251] unloading
[   85.197281] ffs_data_put(): freeing
[   85.197385] ffs_data_put(): freeing
[   85.201270] file system registered
[   85.204256] unloading
[   85.210131] ffs_data_put(): freeing
[   85.213913] file system registered
[   85.215475] unloading
[   85.224090] ffs_data_put(): freeing
[   85.225905] file system registered
[   85.228032] unloading
[   85.242244] ffs_data_put(): freeing
[   85.242474] ffs_data_put(): freeing
[   85.243439] ffs_data_put(): freeing
[   85.245811] file system registered
[   85.248295] unloading
[   85.259328] file system registered
[   85.263224] unloading
[   85.276125] file system registered
[   85.279263] unloading
[   85.289894] file system registered
[   85.291420] unloading
[   85.297423] ffs_data_put(): freeing
[   85.299295] file system registered
[   85.301467] unloading
[   85.309231] ffs_data_put(): freeing
[   85.309357] ffs_data_put(): freeing
[   85.312302] file system registered
[   85.315232] unloading
[   85.323459] ffs_data_put(): freeing
[   85.323837] ffs_data_put(): freeing
[   85.325295] file system registered
[   85.327202] unloading
[   85.336001] ffs_data_put(): freeing
[   85.336264] ffs_data_put(): freeing
[   85.337888] file system registered
[   85.340152] unloading
[   85.345413] ffs_data_put(): freeing
[   85.347874] file system registered
[   85.350130] unloading
[   85.356309] ffs_data_put(): freeing
[   85.358866] file system registered
[   85.360438] unloading
[   85.367407] ffs_data_put(): freeing
[   85.367502] ffs_data_put(): freeing
[   85.369340] file system registered
[   85.371603] unloading
[   85.378439] ffs_data_put(): freeing
[   85.378795] ffs_data_put(): freeing
[   85.381491] file system registered
[   85.385143] unloading
[   85.392385] ffs_data_put(): freeing
[   85.395990] file system registered
[   85.398124] unloading
[   85.404397] ffs_data_put(): freeing
[   85.406040] file system registered
[   85.407234] unloading
[   85.417256] file system registered
[   85.419065] unloading
[   85.425228] ffs_data_put(): freeing
[   85.428065] file system registered
[   85.430257] unloading
[   85.439209] ffs_data_put(): freeing
[   85.441756] file system registered
[   85.443246] unloading
[   85.455238] ffs_data_put(): freeing
[   85.457173] file system registered
[   85.458997] unloading
[   85.464225] ffs_data_put(): freeing
[   85.467173] file system registered
[   85.468939] unloading
[   85.480139] file system registered
[   85.482481] unloading
[   85.491243] ffs_data_put(): freeing
[   85.493846] file system registered
[   85.495710] unloading
[   85.501302] ffs_data_put(): freeing
[   85.503201] file system registered
[   85.504979] unloading
[   85.514309] ffs_data_put(): freeing
[   85.516499] file system registered
[   85.518259] unloading
[   85.523289] ffs_data_put(): freeing
[   85.523391] ffs_data_put(): freeing
[   85.526140] file system registered
[   85.528880] unloading
[   85.537332] ffs_data_put(): freeing
[   85.537554] ffs_data_put(): freeing
[   85.537824] ffs_data_put(): freeing
[   85.541032] file system registered
[   85.544348] unloading
[   85.552072] file system registered
[   85.553964] unloading
[   85.561181] ffs_data_put(): freeing
[   85.564106] file system registered
[   85.565946] unloading
[   85.573129] ffs_data_put(): freeing
[   85.575044] file system registered
[   85.576486] unloading
[   85.587357] ffs_data_put(): freeing
[   85.590174] file system registered
[   85.592411] unloading
[   85.599189] ffs_data_put(): freeing
[   85.599311] ffs_data_put(): freeing
[   85.601205] file system registered
[   85.603103] unloading
[   85.612164] ffs_data_put(): freeing
[   85.612291] ffs_data_put(): freeing
[   85.614362] file system registered
[   85.617069] unloading
[   85.627602] ffs_data_put(): freeing
[   85.630982] file system registered
[   85.633825] unloading
[   85.640927] ffs_data_put(): freeing
[   85.644161] file system registered
[   85.646551] unloading
[   85.653346] ffs_data_put(): freeing
[   85.655487] file system registered
[   85.658057] unloading
[   85.667208] ffs_data_put(): freeing
[   85.669722] file system registered
[   85.671797] unloading
[   85.678372] ffs_data_put(): freeing
[   85.681853] file system registered
[   85.684050] unloading
[   85.693984] file system registered
[   85.696469] unloading
[   85.707270] ffs_data_put(): freeing
[   85.707409] ffs_data_put(): freeing
[   85.709126] file system registered
[   85.712182] unloading
[   85.724970] ffs_data_put(): freeing
[   85.725034] ffs_data_put(): freeing
[   85.725385] ffs_data_put(): freeing
[   85.727160] file system registered
[   85.728947] unloading
[   85.743964] ffs_data_put(): freeing
[   85.744263] ffs_data_put(): freeing
[   85.748879] file system registered
[   85.753778] unloading
[   85.759941] ffs_data_put(): freeing
[   85.760042] ffs_data_put(): freeing
[   85.763375] file system registered
[   85.766103] unloading
[   85.772663] ffs_data_put(): freeing
[   85.774919] file system registered
[   85.777084] unloading
[   85.786354] ffs_data_put(): freeing
[   85.789171] file system registered
[   85.791435] unloading
[   85.798292] ffs_data_put(): freeing
[   85.801929] file system registered
[   85.803176] unloading
[   85.810292] file system registered
[   85.812826] unloading
[   85.824230] file system registered
[   85.825995] unloading
[   85.839011] file system registered
[   85.841303] unloading
[   85.851354] file system registered
[   85.852969] unloading
[   85.860220] ffs_data_put(): freeing
[   85.860326] ffs_data_put(): freeing
[   85.862900] file system registered
[   85.865052] unloading
[   85.873281] ffs_data_put(): freeing
[   85.875787] file system registered
[   85.877000] unloading
[   85.888277] ffs_data_put(): freeing
[   85.888425] ffs_data_put(): freeing
[   85.890910] file system registered
[   85.892981] unloading
[   85.905105] ffs_data_put(): freeing
[   85.907377] file system registered
[   85.909253] unloading
[   85.915250] ffs_data_put(): freeing
[   85.918208] file system registered
[   85.920722] unloading
[   85.926317] ffs_data_put(): freeing
[   85.928052] file system registered
[   85.930011] unloading
[   85.940240] ffs_data_put(): freeing
[   85.940322] ffs_data_put(): freeing
[   85.941342] file system registered
[   85.943249] unloading
[   85.953435] ffs_data_put(): freeing
[   85.956883] file system registered
[   85.959360] unloading
[   85.966231] ffs_data_put(): freeing
[   85.968921] file system registered
[   85.971408] unloading
[   85.979720] ffs_data_put(): freeing
[   85.979918] ffs_data_put(): freeing
[   85.980199] ffs_data_put(): freeing
[   85.982259] file system registered
[   85.985208] unloading
[   85.996474] ffs_data_put(): freeing
[   85.999696] file system registered
[   86.002977] unloading
[   86.009313] ffs_data_put(): freeing
[   86.011283] file system registered
[   86.013987] unloading
[   86.022252] ffs_data_put(): freeing
[   86.025763] file system registered
[   86.028921] unloading
[   86.038420] file system registered
[   86.040390] unloading
[   86.048906] file system registered
[   86.050939] unloading
[   86.057375] ffs_data_put(): freeing
[   86.057478] ffs_data_put(): freeing
[   86.059465] file system registered
[   86.061496] unloading
[   86.068103] ffs_data_put(): freeing
[   86.068260] ffs_data_put(): freeing
[   86.070029] file system registered
[   86.071351] unloading
[   86.078177] ffs_data_put(): freeing
[   86.078287] ffs_data_put(): freeing
[   86.079491] file system registered
[   86.081001] unloading
[   86.087470] ffs_data_put(): freeing
[   86.091222] file system registered
[   86.093825] unloading
[   86.099408] ffs_data_put(): freeing
[   86.102168] file system registered
[   86.104355] unloading
[   86.112204] ffs_data_put(): freeing
[   86.112796] ffs_data_put(): freeing
[   86.114321] file system registered
[   86.117999] unloading
[   86.124323] ffs_data_put(): freeing
[   86.124447] ffs_data_put(): freeing
[   86.127191] file system registered
[   86.129436] unloading
[   86.135224] ffs_data_put(): freeing
[   86.135407] ffs_data_put(): freeing
[   86.138014] file system registered
[   86.140236] unloading
[   86.149272] ffs_data_put(): freeing
[   86.151995] file system registered
[   86.155116] unloading
[   86.164932] file system registered
[   86.167483] unloading
[   86.173793] ffs_data_put(): freeing
[   86.176146] file system registered
[   86.178224] unloading
[   86.185121] ffs_data_put(): freeing
[   86.185200] ffs_data_put(): freeing
[   86.187446] file system registered
[   86.189483] unloading
[   86.199364] file system registered
[   86.200884] unloading
[   86.206212] ffs_data_put(): freeing
[   86.208093] file system registered
[   86.210287] unloading
[   86.225494] ffs_data_put(): freeing
[   86.226106] ffs_data_put(): freeing
[   86.227432] file system registered
[   86.229415] unloading
[   86.235459] ffs_data_put(): freeing
[   86.236881] ffs_data_put(): freeing
[   86.237095] ffs_data_put(): freeing
[   86.238287] file system registered
[   86.239668] unloading
[   86.246931] ffs_data_put(): freeing
[   86.251143] file system registered
[   86.255246] unloading
[   86.262419] ffs_data_put(): freeing
[   86.266315] file system registered
[   86.268338] unloading
[   86.277463] ffs_data_put(): freeing
[   86.280885] file system registered
[   86.284315] unloading
[   86.296799] file system registered
[   86.298368] unloading
[   86.312269] ffs_data_put(): freeing
[   86.312439] ffs_data_put(): freeing
[   86.314973] file system registered
[   86.317940] unloading
[   86.329397] ffs_data_put(): freeing
[   86.329701] ffs_data_put(): freeing
[   86.331444] file system registered
[   86.333489] unloading
[   86.343387] ffs_data_put(): freeing
[   86.345276] file system registered
[   86.348796] unloading
[   86.360761] ffs_data_put(): freeing
[   86.361419] ffs_data_put(): freeing
[   86.364470] file system registered
[   86.367998] unloading
[   86.376169] ffs_data_put(): freeing
[   86.379926] file system registered
[   86.382866] unloading
[   86.393214] file system registered
[   86.395420] unloading
[   86.401266] ffs_data_put(): freeing
[   86.401350] ffs_data_put(): freeing
[   86.403469] file system registered
[   86.406272] unloading
[   86.417484] ffs_data_put(): freeing
[   86.418016] ffs_data_put(): freeing
[   86.419351] file system registered
[   86.421247] unloading
[   86.431143] ffs_data_put(): freeing
[   86.431337] ffs_data_put(): freeing
[   86.434029] file system registered
[   86.436756] unloading
[   86.444476] ffs_data_put(): freeing
[   86.445503] file system registered
[   86.447355] unloading
[   86.454373] ffs_data_put(): freeing
[   86.454719] ffs_data_put(): freeing
[   86.457364] file system registered
[   86.459474] unloading
[   86.467396] ffs_data_put(): freeing
[   86.467807] ffs_data_put(): freeing
[   86.469191] file system registered
[   86.471209] unloading
[   86.482902] ffs_data_put(): freeing
[   86.483087] ffs_data_put(): freeing
[   86.484876] file system registered
[   86.487173] unloading
[   86.497048] ffs_data_put(): freeing
[   86.497337] ffs_data_put(): freeing
[   86.499814] file system registered
[   86.504262] unloading
[   86.511905] ffs_data_put(): freeing
[   86.512213] ffs_data_put(): freeing
[   86.514119] file system registered
[   86.516127] unloading
[   86.525991] ffs_data_put(): freeing
[   86.526164] ffs_data_put(): freeing
[   86.526374] ffs_data_put(): freeing
[   86.529251] file system registered
[   86.533245] unloading
[   86.543114] ffs_data_put(): freeing
[   86.543257] ffs_data_put(): freeing
[   86.546858] file system registered
[   86.550413] unloading
[   86.559954] file system registered
[   86.563392] unloading
[   86.573085] file system registered
[   86.576003] unloading
[   86.584372] ffs_data_put(): freeing
[   86.584461] ffs_data_put(): freeing
[   86.587417] file system registered
[   86.590952] unloading
[   86.596327] ffs_data_put(): freeing
[   86.598403] file system registered
[   86.600855] unloading
[   86.609410] ffs_data_put(): freeing
[   86.609791] ffs_data_put(): freeing
[   86.612011] file system registered
[   86.613947] unloading
[   86.619358] ffs_data_put(): freeing
[   86.619489] ffs_data_put(): freeing
[   86.622071] file system registered
[   86.625270] unloading
[   86.633139] ffs_data_put(): freeing
[   86.635178] file system registered
[   86.636877] unloading
[   86.642327] ffs_data_put(): freeing
[   86.642777] ffs_data_put(): freeing
[   86.645815] file system registered
[   86.649060] unloading
[   86.656314] ffs_data_put(): freeing
[   86.657364] file system registered
[   86.659583] unloading
[   86.665338] ffs_data_put(): freeing
[   86.665963] ffs_data_put(): freeing
[   86.666083] ffs_data_put(): freeing
[   86.667432] file system registered
[   86.669191] unloading
[   86.678214] ffs_data_put(): freeing
[   86.680433] file system registered
[   86.682135] unloading
[   86.691203] ffs_data_put(): freeing
[   86.691280] ffs_data_put(): freeing
[   86.692827] file system registered
[   86.694930] unloading
[   86.699403] ffs_data_put(): freeing
[   86.700952] ffs_data_put(): freeing
[   86.702365] file system registered
[   86.704214] unloading
[   86.711324] ffs_data_put(): freeing
[   86.713122] file system registered
[   86.714436] unloading
[   86.721454] ffs_data_put(): freeing
[   86.722145] ffs_data_put(): freeing
[   86.724194] file system registered
[   86.725800] unloading
[   86.733143] ffs_data_put(): freeing
[   86.733219] ffs_data_put(): freeing
[   86.735150] file system registered
[   86.736848] unloading
[   86.742374] ffs_data_put(): freeing
[   86.742948] ffs_data_put(): freeing
[   86.744444] file system registered
[   86.747042] unloading
[   86.756490] ffs_data_put(): freeing
[   86.756780] ffs_data_put(): freeing
[   86.757338] ffs_data_put(): freeing
[   86.759255] file system registered
[   86.761867] unloading
[   86.771875] ffs_data_put(): freeing
[   86.771913] ffs_data_put(): freeing
[   86.772045] ffs_data_put(): freeing
[   86.775238] file system registered
[   86.778380] unloading
[   86.787480] ffs_data_put(): freeing
[   86.790073] file system registered
[   86.792304] unloading
[   86.801011] ffs_data_put(): freeing
[   86.803744] file system registered
[   86.805443] unloading
[   86.810260] ffs_data_put(): freeing
[   86.813886] file system registered
[   86.815846] unloading
[   86.822745] file system registered
[   86.824406] unloading
[   86.831386] file system registered
[   86.833050] unloading
[   86.837199] ffs_data_put(): freeing
[   86.837290] ffs_data_put(): freeing
[   86.839932] file system registered
[   86.841251] unloading
[   86.846303] ffs_data_put(): freeing
[   86.849791] file system registered
[   86.852985] unloading
[   86.864139] ffs_data_put(): freeing
[   86.864345] ffs_data_put(): freeing
[   86.864452] ffs_data_put(): freeing
[   86.866086] file system registered
[   86.867988] unloading
[   86.872409] ffs_data_put(): freeing
[   86.873458] ffs_data_put(): freeing
[   86.876295] file system registered
[   86.878488] unloading
[   86.884380] file system registered
[   86.886229] unloading
[   86.896168] ffs_data_put(): freeing
[   86.898376] file system registered
[   86.900353] unloading
[   86.910229] ffs_data_put(): freeing
[   86.912018] file system registered
[   86.913372] unloading
[   86.921217] ffs_data_put(): freeing
[   86.923436] file system registered
[   86.925199] unloading
[   86.932127] ffs_data_put(): freeing
[   86.933863] file system registered
[   86.934592] unloading
[   86.940342] ffs_data_put(): freeing
[   86.943457] file system registered
[   86.946329] unloading
[   86.952333] ffs_data_put(): freeing
[   86.952473] ffs_data_put(): freeing
[   86.955243] file system registered
[   86.958365] unloading
[   86.966154] ffs_data_put(): freeing
[   86.966271] ffs_data_put(): freeing
[   86.969225] file system registered
[   86.972157] unloading
[   86.980077] file system registered
[   86.982087] unloading
[   86.992377] ffs_data_put(): freeing
[   86.995169] file system registered
[   86.997202] ffs_data_put(): freeing
[   86.997437] unloading
[   87.004247] ffs_data_put(): freeing
[   87.004355] ffs_data_put(): freeing
[   87.006921] file system registered
[   87.010100] unloading
[   87.023334] ffs_data_put(): freeing
[   87.023413] ffs_data_put(): freeing
[   87.025492] file system registered
[   87.028281] unloading
[   87.036803] ffs_data_put(): freeing
[   87.036985] ffs_data_put(): freeing
[   87.041271] file system registered
[   87.043166] unloading
[   87.051300] file system registered
[   87.053758] unloading
[   87.062732] file system registered
[   87.064135] unloading
[   87.072152] ffs_data_put(): freeing
[   87.073814] file system registered
[   87.074948] unloading
[   87.082317] ffs_data_put(): freeing
[   87.082354] ffs_data_put(): freeing
[   87.084363] file system registered
[   87.086021] unloading
[   87.091218] ffs_data_put(): freeing
[   87.091343] ffs_data_put(): freeing
[   87.093239] file system registered
[   87.095246] unloading
[   87.104255] ffs_data_put(): freeing
[   87.104400] ffs_data_put(): freeing
[   87.106985] file system registered
[   87.109445] unloading
[   87.119511] file system registered
[   87.123197] unloading
[   87.133248] ffs_data_put(): freeing
[   87.133897] ffs_data_put(): freeing
[   87.133919] ffs_data_put(): freeing
[   87.135471] file system registered
[   87.137105] unloading
[   87.150380] file system registered
[   87.153329] unloading
[   87.159434] ffs_data_put(): freeing
[   87.159794] ffs_data_put(): freeing
[   87.161885] file system registered
[   87.163915] unloading
[   87.172991] file system registered
[   87.175717] unloading
[   87.182204] ffs_data_put(): freeing
[   87.182298] ffs_data_put(): freeing
[   87.184331] file system registered
[   87.186281] unloading
[   87.195104] ffs_data_put(): freeing
[   87.197766] file system registered
[   87.199576] unloading
[   87.208384] ffs_data_put(): freeing
[   87.210088] file system registered
[   87.211700] unloading
[   87.222388] file system registered
[   87.223753] unloading
[   87.231469] file system registered
[   87.233383] unloading
[   87.242447] ffs_data_put(): freeing
[   87.246037] file system registered
[   87.247348] unloading
[   87.252072] ffs_data_put(): freeing
[   87.257150] file system registered
[   87.259855] unloading
[   87.266370] ffs_data_put(): freeing
[   87.266466] ffs_data_put(): freeing
[   87.268060] file system registered
[   87.269225] unloading
[   87.277234] ffs_data_put(): freeing
[   87.279799] file system registered
[   87.281388] unloading
[   87.290263] file system registered
[   87.291917] unloading
[   87.303105] ffs_data_put(): freeing
[   87.304959] file system registered
[   87.307249] unloading
[   87.316249] ffs_data_put(): freeing
[   87.316371] ffs_data_put(): freeing
[   87.316464] ffs_data_put(): freeing
[   87.318450] file system registered
[   87.320970] unloading
[   87.329185] ffs_data_put(): freeing
[   87.329302] ffs_data_put(): freeing
[   87.331371] file system registered
[   87.333328] unloading
[   87.345723] ffs_data_put(): freeing
[   87.348298] file system registered
[   87.350960] unloading
[   87.361449] file system registered
[   87.363096] unloading
[   87.369308] ffs_data_put(): freeing
[   87.372933] file system registered
[   87.375918] unloading
[   87.381226] ffs_data_put(): freeing
[   87.383209] file system registered
[   87.384482] unloading
[   87.391719] file system registered
[   87.393194] unloading
[   87.402205] ffs_data_put(): freeing
[   87.402349] ffs_data_put(): freeing
[   87.404195] file system registered
[   87.406058] unloading
[   87.415159] ffs_data_put(): freeing
[   87.417868] file system registered
[   87.420877] unloading
[   87.427240] ffs_data_put(): freeing
[   87.430026] file system registered
[   87.431987] unloading
[   87.438121] ffs_data_put(): freeing
[   87.438244] ffs_data_put(): freeing
[   87.440115] file system registered
[   87.442194] unloading
[   87.452293] file system registered
[   87.453833] unloading
[   87.463397] ffs_data_put(): freeing
[   87.466823] file system registered
[   87.469121] unloading
[   87.474249] ffs_data_put(): freeing
[   87.477402] file system registered
[   87.479285] unloading
[   87.485190] ffs_data_put(): freeing
[   87.487774] file system registered
[   87.489032] unloading
[   87.499320] file system registered
[   87.501172] unloading
[   87.510121] ffs_data_put(): freeing
[   87.512192] file system registered
[   87.514982] unloading
[   87.524209] ffs_data_put(): freeing
[   87.526219] file system registered
[   87.528765] unloading
[   87.536023] ffs_data_put(): freeing
[   87.539810] file system registered
[   87.541358] unloading
[   87.547131] ffs_data_put(): freeing
[   87.547278] ffs_data_put(): freeing
[   87.549247] file system registered
[   87.550937] unloading
[   87.560023] ffs_data_put(): freeing
[   87.561933] file system registered
[   87.563184] unloading
[   87.568282] ffs_data_put(): freeing
[   87.570299] file system registered
[   87.571453] unloading
[   87.578018] ffs_data_put(): freeing
[   87.578154] ffs_data_put(): freeing
[   87.578234] ffs_data_put(): freeing
[   87.579768] file system registered
[   87.581236] ffs_data_put(): freeing
[   87.581325] unloading
[   87.586437] ffs_data_put(): freeing
[   87.586801] ffs_data_put(): freeing
[   87.588253] file system registered
[   87.590879] unloading
[   87.595052] ffs_data_put(): freeing
[   87.597277] file system registered
[   87.599010] unloading
[   87.606119] file system registered
[   87.608060] unloading
[   87.620178] ffs_data_put(): freeing
[   87.620280] ffs_data_put(): freeing
[   87.623999] file system registered
[   87.626075] unloading
[   87.633906] file system registered
[   87.635269] unloading
[   87.642086] file system registered
[   87.644177] unloading
[   87.651128] ffs_data_put(): freeing
[   87.653523] file system registered
[   87.655459] unloading
[   87.663276] ffs_data_put(): freeing
[   87.663385] ffs_data_put(): freeing
[   87.666317] file system registered
[   87.669969] unloading
[   87.677093] ffs_data_put(): freeing
[   87.679672] file system registered
[   87.681370] unloading
[   87.689739] file system registered
[   87.691144] unloading
[   87.699228] file system registered
[   87.701104] unloading
[   87.709176] ffs_data_put(): freeing
[   87.710933] file system registered
[   87.713181] unloading
[   87.722204] ffs_data_put(): freeing
[   87.723023] ffs_data_put(): freeing
[   87.724521] file system registered
[   87.727350] unloading
[   87.737385] file system registered
[   87.741921] unloading
[   87.750198] ffs_data_put(): freeing
[   87.750380] ffs_data_put(): freeing
[   87.750487] ffs_data_put(): freeing
[   87.752982] file system registered
[   87.755155] unloading
[   87.762227] ffs_data_put(): freeing
[   87.766445] file system registered
[   87.768472] unloading
[   87.776098] ffs_data_put(): freeing
[   87.776204] ffs_data_put(): freeing
[   87.778241] file system registered
[   87.779998] unloading
[   87.790283] ffs_data_put(): freeing
[   87.793430] file system registered
[   87.798345] unloading
[   87.803357] ffs_data_put(): freeing
[   87.806213] file system registered
[   87.808315] unloading
[   87.816124] ffs_data_put(): freeing
[   87.818237] file system registered
[   87.820297] unloading
[   87.828366] ffs_data_put(): freeing
[   87.829427] file system registered
[   87.831132] unloading
[   87.841037] ffs_data_put(): freeing
[   87.841297] ffs_data_put(): freeing
[   87.841304] ffs_data_put(): freeing
[   87.843096] file system registered
[   87.844718] unloading
[   87.849507] ffs_data_put(): freeing
[   87.849768] ffs_data_put(): freeing
[   87.852123] file system registered
[   87.854449] unloading
[   87.864224] file system registered
[   87.867012] unloading
[   87.876403] ffs_data_put(): freeing
[   87.876870] ffs_data_put(): freeing
[   87.877017] ffs_data_put(): freeing
[   87.877473] ffs_data_put(): freeing
[   87.879114] file system registered
[   87.881185] unloading
[   87.889963] ffs_data_put(): freeing
[   87.890113] ffs_data_put(): freeing
[   87.894723] file system registered
[   87.896926] unloading
[   87.910881] file system registered
[   87.912949] unloading
[   87.920741] file system registered
[   87.922315] unloading
[   87.930396] ffs_data_put(): freeing
[   87.930671] ffs_data_put(): freeing
[   87.932370] file system registered
[   87.934306] unloading
[   87.943202] ffs_data_put(): freeing
[   87.943441] ffs_data_put(): freeing
[   87.943752] ffs_data_put(): freeing
[   87.946124] file system registered
[   87.949429] unloading
[   87.957472] ffs_data_put(): freeing
[   87.959512] file system registered
[   87.961258] unloading
[   87.966367] ffs_data_put(): freeing
[   87.972058] file system registered
[   87.975256] unloading
[   87.981309] ffs_data_put(): freeing
[   87.983819] file system registered
[   87.986050] unloading
[   87.995391] file system registered
[   87.998264] unloading
[   88.007891] file system registered
[   88.009304] unloading
[   88.018262] ffs_data_put(): freeing
[   88.018347] ffs_data_put(): freeing
[   88.020156] file system registered
[   88.022075] unloading
[   88.035416] ffs_data_put(): freeing
[   88.035734] ffs_data_put(): freeing
[   88.038116] file system registered
[   88.040090] unloading
[   88.046460] ffs_data_put(): freeing
[   88.049072] file system registered
[   88.051018] unloading
[   88.056437] ffs_data_put(): freeing
[   88.059930] file system registered
[   88.061298] unloading
[   88.068101] ffs_data_put(): freeing
[   88.068180] ffs_data_put(): freeing
[   88.070143] file system registered
[   88.072204] unloading
[   88.080207] ffs_data_put(): freeing
[   88.082048] file system registered
[   88.084174] unloading
[   88.095315] ffs_data_put(): freeing
[   88.098698] file system registered
[   88.100887] unloading
[   88.111477] file system registered
[   88.113779] ffs_data_put(): freeing
[   88.113928] unloading
[   88.119346] ffs_data_put(): freeing
[   88.121335] file system registered
[   88.123812] unloading
[   88.132072] ffs_data_put(): freeing
[   88.133692] file system registered
[   88.135244] unloading
[   88.144226] ffs_data_put(): freeing
[   88.144298] ffs_data_put(): freeing
[   88.145953] file system registered
[   88.147296] unloading
[   88.152694] ffs_data_put(): freeing
[   88.156433] file system registered
[   88.158965] unloading
[   88.167271] ffs_data_put(): freeing
[   88.170474] file system registered
[   88.173266] unloading
[   88.181975] ffs_data_put(): freeing
[   88.185717] file system registered
[   88.187809] unloading
[   88.194203] ffs_data_put(): freeing
[   88.196409] file system registered
[   88.197784] unloading
[   88.206238] ffs_data_put(): freeing
[   88.208742] file system registered
[   88.210291] unloading
[   88.219056] ffs_data_put(): freeing
[   88.221788] file system registered
[   88.223429] unloading
[   88.231212] ffs_data_put(): freeing
[   88.232950] file system registered
[   88.235060] unloading
[   88.242139] ffs_data_put(): freeing
[   88.244887] file system registered
[   88.246782] unloading
[   88.254220] ffs_data_put(): freeing
[   88.254305] ffs_data_put(): freeing
[   88.256281] file system registered
[   88.258045] unloading
[   88.271186] ffs_data_put(): freeing
[   88.273377] file system registered
[   88.275991] unloading
[   88.284142] ffs_data_put(): freeing
[   88.286417] file system registered
[   88.288226] unloading
[   88.295851] file system registered
[   88.297769] unloading
[   88.307455] file system registered
[   88.309290] unloading
[   88.315207] ffs_data_put(): freeing
[   88.317405] file system registered
[   88.319109] unloading
[   88.323227] ffs_data_put(): freeing
[   88.323322] ffs_data_put(): freeing
[   88.325102] file system registered
[   88.327412] unloading
[   88.333109] ffs_data_put(): freeing
[   88.333231] ffs_data_put(): freeing
[   88.333327] ffs_data_put(): freeing
[   88.335867] file system registered
[   88.337054] unloading
[   88.348312] file system registered
[   88.350211] unloading
[   88.356270] file system registered
[   88.358238] unloading
[   88.366072] ffs_data_put(): freeing
[   88.366200] ffs_data_put(): freeing
[   88.366286] ffs_data_put(): freeing
[   88.368329] file system registered
[   88.370099] unloading
[   88.379714] file system registered
[   88.381121] unloading
[   88.387814] ffs_data_put(): freeing
[   88.389397] file system registered
[   88.391250] unloading
[   88.399089] ffs_data_put(): freeing
[   88.399223] ffs_data_put(): freeing
[   88.401702] file system registered
[   88.402940] unloading
[   88.414895] file system registered
[   88.416808] unloading
[   88.424061] ffs_data_put(): freeing
[   88.424145] ffs_data_put(): freeing
[   88.427343] file system registered
[   88.429170] unloading
[   88.439179] ffs_data_put(): freeing
[   88.439274] ffs_data_put(): freeing
[   88.442092] file system registered
[   88.444446] unloading
[   88.454446] file system registered
[   88.455960] unloading
[   88.463075] ffs_data_put(): freeing
[   88.465188] file system registered
[   88.467786] unloading
[   88.474121] ffs_data_put(): freeing
[   88.477053] file system registered
[   88.479235] unloading
[   88.487977] file system registered
[   88.489297] unloading
[   88.496052] ffs_data_put(): freeing
[   88.496148] ffs_data_put(): freeing
[   88.499335] file system registered
[   88.500946] unloading
[   88.510158] file system registered
[   88.512020] unloading
[   88.521251] ffs_data_put(): freeing
[   88.521345] ffs_data_put(): freeing
[   88.523108] file system registered
[   88.524905] unloading
[   88.537304] ffs_data_put(): freeing
[   88.539535] file system registered
[   88.541131] unloading
[   88.553158] ffs_data_put(): freeing
[   88.554849] file system registered
[   88.557182] unloading
[   88.563288] ffs_data_put(): freeing
[   88.563810] ffs_data_put(): freeing
[   88.565994] file system registered
[   88.568221] unloading
[   88.576280] ffs_data_put(): freeing
[   88.576825] ffs_data_put(): freeing
[   88.576876] ffs_data_put(): freeing
[   88.576998] ffs_data_put(): freeing
[   88.578980] file system registered
[   88.581171] unloading
[   88.586410] ffs_data_put(): freeing
[   88.586744] ffs_data_put(): freeing
[   88.589221] file system registered
[   88.591964] unloading
[   88.600913] file system registered
[   88.603967] unloading
[   88.616129] ffs_data_put(): freeing
[   88.618830] file system registered
[   88.621866] unloading
[   88.627115] ffs_data_put(): freeing
[   88.629985] file system registered
[   88.631831] unloading
[   88.644267] ffs_data_put(): freeing
[   88.644347] ffs_data_put(): freeing
[   88.647098] file system registered
[   88.649392] unloading
[   88.660837] file system registered
[   88.663313] ffs_data_put(): freeing
[   88.664538] unloading
[   88.672202] ffs_data_put(): freeing
[   88.674326] file system registered
[   88.676853] unloading
[   88.683279] ffs_data_put(): freeing
[   88.685743] file system registered
[   88.687268] unloading
[   88.696190] ffs_data_put(): freeing
[   88.696276] ffs_data_put(): freeing
[   88.698282] file system registered
[   88.700104] unloading
[   88.708143] ffs_data_put(): freeing
[   88.710006] file system registered
[   88.711825] unloading
[   88.719058] ffs_data_put(): freeing
[   88.721490] file system registered
[   88.723361] unloading
[   88.729103] ffs_data_put(): freeing
[   88.730908] file system registered
[   88.732438] unloading
[   88.741117] ffs_data_put(): freeing
[   88.743766] file system registered
[   88.745991] ffs_data_put(): freeing
[   88.746250] unloading
[   88.756267] ffs_data_put(): freeing
[   88.758150] file system registered
[   88.759920] unloading
[   88.770101] ffs_data_put(): freeing
[   88.772990] file system registered
[   88.774353] unloading
[   88.781373] file system registered
[   88.782699] unloading
[   88.789448] file system registered
[   88.791018] unloading
[   88.799086] ffs_data_put(): freeing
[   88.799189] ffs_data_put(): freeing
[   88.800082] file system registered
[   88.801324] unloading
[   88.812311] ffs_data_put(): freeing
[   88.812468] ffs_data_put(): freeing
[   88.814123] file system registered
[   88.816150] unloading
[   88.825372] ffs_data_put(): freeing
[   88.825707] ffs_data_put(): freeing
[   88.827470] file system registered
[   88.829184] unloading
[   88.838317] ffs_data_put(): freeing
[   88.838415] ffs_data_put(): freeing
[   88.841874] file system registered
[   88.843469] unloading
[   88.852115] ffs_data_put(): freeing
[   88.854270] file system registered
[   88.856260] unloading
[   88.864447] ffs_data_put(): freeing
[   88.866390] file system registered
[   88.868121] unloading
[   88.876400] ffs_data_put(): freeing
[   88.878493] file system registered
[   88.880995] unloading
[   88.888252] ffs_data_put(): freeing
[   88.892033] file system registered
[   88.894350] unloading
[   88.901811] file system registered
[   88.903071] unloading
[   88.911168] file system registered
[   88.912897] unloading
[   88.919421] file system registered
[   88.920397] unloading
[   88.927102] ffs_data_put(): freeing
[   88.929388] file system registered
[   88.930972] unloading
[   88.939064] ffs_data_put(): freeing
[   88.939311] ffs_data_put(): freeing
[   88.941351] file system registered
[   88.943173] unloading
[   88.952297] ffs_data_put(): freeing
[   88.952447] ffs_data_put(): freeing
[   88.952674] ffs_data_put(): freeing
[   88.952775] ffs_data_put(): freeing
[   88.954431] file system registered
[   88.956356] unloading
[   88.968754] file system registered
[   88.971948] ffs_data_put(): freeing
[   88.972443] unloading
[   88.981445] ffs_data_put(): freeing
[   88.983738] file system registered
[   88.984957] unloading
[   88.993149] file system registered
[   88.995124] unloading
[   89.001215] ffs_data_put(): freeing
[   89.001289] ffs_data_put(): freeing
[   89.003983] file system registered
[   89.006024] unloading
[   89.012733] ffs_data_put(): freeing
[   89.012895] ffs_data_put(): freeing
[   89.014131] file system registered
[   89.016477] unloading
[   89.025078] ffs_data_put(): freeing
[   89.025179] ffs_data_put(): freeing
[   89.027332] file system registered
[   89.029870] unloading
[   89.036185] ffs_data_put(): freeing
[   89.038294] file system registered
[   89.039396] unloading
[   89.046030] ffs_data_put(): freeing
[   89.048142] file system registered
[   89.050087] unloading
[   89.057868] ffs_data_put(): freeing
[   89.058053] ffs_data_put(): freeing
[   89.059049] file system registered
[   89.059891] unloading
[   89.065319] file system registered
[   89.066948] unloading
[   89.078194] ffs_data_put(): freeing
[   89.078290] ffs_data_put(): freeing
[   89.080053] file system registered
[   89.082351] unloading
[   89.089399] ffs_data_put(): freeing
[   89.089714] ffs_data_put(): freeing
[   89.091026] file system registered
[   89.092358] unloading
[   89.098134] ffs_data_put(): freeing
[   89.099292] file system registered
[   89.101092] unloading
[   89.110446] file system registered
[   89.112205] unloading
[   89.123728] file system registered
[   89.125014] unloading
[   89.132217] ffs_data_put(): freeing
[   89.136060] file system registered
[   89.138386] unloading
[   89.146179] ffs_data_put(): freeing
[   89.148144] file system registered
[   89.150348] unloading
[   89.158394] ffs_data_put(): freeing
[   89.158479] ffs_data_put(): freeing
[   89.161655] file system registered
[   89.163021] unloading
[   89.169276] ffs_data_put(): freeing
[   89.171791] file system registered
[   89.174326] unloading
[   89.180163] ffs_data_put(): freeing
[   89.180345] ffs_data_put(): freeing
[   89.180453] ffs_data_put(): freeing
[   89.182229] file system registered
[   89.185222] unloading
[   89.195052] ffs_data_put(): freeing
[   89.196206] file system registered
[   89.199209] unloading
[   89.206471] ffs_data_put(): freeing
[   89.207858] ffs_data_put(): freeing
[   89.208760] ffs_data_put(): freeing
[   89.208948] file system registered
[   89.211141] unloading
[   89.216482] ffs_data_put(): freeing
[   89.217273] ffs_data_put(): freeing
[   89.217812] ffs_data_put(): freeing
[   89.220120] file system registered
[   89.222412] unloading
[   89.234413] ffs_data_put(): freeing
[   89.234704] ffs_data_put(): freeing
[   89.236818] file system registered
[   89.240128] unloading
[   89.247806] ffs_data_put(): freeing
[   89.248362] ffs_data_put(): freeing
[   89.249044] ffs_data_put(): freeing
[   89.252465] file system registered
[   89.257285] unloading
[   89.264864] ffs_data_put(): freeing
[   89.267299] file system registered
[   89.269179] unloading
[   89.273467] ffs_data_put(): freeing
[   89.275743] file system registered
[   89.279920] unloading
[   89.286168] ffs_data_put(): freeing
[   89.288438] file system registered
[   89.291234] unloading
[   89.296324] ffs_data_put(): freeing
[   89.300266] file system registered
[   89.303216] unloading
[   89.309133] ffs_data_put(): freeing
[   89.312159] file system registered
[   89.315434] unloading
[   89.323196] ffs_data_put(): freeing
[   89.325416] file system registered
[   89.327243] unloading
[   89.338216] file system registered
[   89.339882] unloading
[   89.346142] ffs_data_put(): freeing
[   89.348862] file system registered
[   89.350328] unloading
[   89.356204] ffs_data_put(): freeing
[   89.356334] ffs_data_put(): freeing
[   89.358761] file system registered
[   89.361089] unloading
[   89.370936] file system registered
[   89.373052] unloading
[   89.380236] file system registered
[   89.382186] unloading
[   89.393072] file system registered
[   89.395020] unloading
[   89.401056] file system registered
[   89.402181] unloading
[   89.414871] file system registered
[   89.416396] unloading
[   89.426323] ffs_data_put(): freeing
[   89.426414] ffs_data_put(): freeing
[   89.428817] file system registered
[   89.430113] unloading
[   89.440266] ffs_data_put(): freeing
[   89.442458] file system registered
[   89.443544] unloading
[   89.450050] ffs_data_put(): freeing
[   89.452167] file system registered
[   89.454258] unloading
[   89.462332] ffs_data_put(): freeing
[   89.462445] ffs_data_put(): freeing
[   89.464558] file system registered
[   89.466452] unloading
[   89.473328] ffs_data_put(): freeing
[   89.473410] ffs_data_put(): freeing
[   89.475119] file system registered
[   89.477110] unloading
[   89.484397] ffs_data_put(): freeing
[   89.484643] ffs_data_put(): freeing
[   89.487069] file system registered
[   89.489329] unloading
[   89.498279] ffs_data_put(): freeing
[   89.500438] file system registered
[   89.502152] unloading
[   89.508204] ffs_data_put(): freeing
[   89.508202] ffs_data_put(): freeing
[   89.509908] file system registered
[   89.511419] unloading
[   89.519022] file system registered
[   89.521139] unloading
[   89.528085] ffs_data_put(): freeing
[   89.528237] ffs_data_put(): freeing
[   89.530292] file system registered
[   89.532152] unloading
[   89.541413] ffs_data_put(): freeing
[   89.541847] ffs_data_put(): freeing
[   89.542204] ffs_data_put(): freeing
[   89.543472] file system registered
[   89.545878] ffs_data_put(): freeing
[   89.546181] unloading
[   89.552471] ffs_data_put(): freeing
[   89.552801] ffs_data_put(): freeing
[   89.554330] file system registered
[   89.557485] unloading
[   89.568387] ffs_data_put(): freeing
[   89.568792] ffs_data_put(): freeing
[   89.568950] ffs_data_put(): freeing
[   89.569118] ffs_data_put(): freeing
[   89.570848] file system registered
[   89.574129] unloading
[   89.585963] ffs_data_put(): freeing
[   89.586080] ffs_data_put(): freeing
[   89.590162] file system registered
[   89.595175] unloading
[   89.605367] ffs_data_put(): freeing
[   89.607528] file system registered
[   89.610038] unloading
[   89.620867] ffs_data_put(): freeing
[   89.626482] file system registered
[   89.629501] unloading
[   89.641313] file system registered
[   89.643740] unloading
[   89.651343] ffs_data_put(): freeing
[   89.653321] ffs_data_put(): freeing
[   89.653864] file system registered
[   89.656419] unloading
[   89.668232] ffs_data_put(): freeing
[   89.668371] ffs_data_put(): freeing
[   89.669965] ffs_data_put(): freeing
[   89.671036] file system registered
[   89.673931] ffs_data_put(): freeing
[   89.674399] unloading
[   89.682395] ffs_data_put(): freeing
[   89.683097] ffs_data_put(): freeing
[   89.683318] ffs_data_put(): freeing
[   89.684366] file system registered
[   89.686408] unloading
[   89.692098] ffs_data_put(): freeing
[   89.692319] ffs_data_put(): freeing
[   89.692891] ffs_data_put(): freeing
[   89.693138] ffs_data_put(): freeing
[   89.695138] file system registered
[   89.698201] unloading
[   89.704727] ffs_data_put(): freeing
[   89.704983] ffs_data_put(): freeing
[   89.705194] ffs_data_put(): freeing
[   89.705482] ffs_data_put(): freeing
[   89.710755] file system registered
[   89.716129] unloading
[   89.724117] file system registered
[   89.726972] unloading
[   89.734095] file system registered
[   89.736834] unloading
[   89.745167] ffs_data_put(): freeing
[   89.747829] file system registered
[   89.749342] unloading
[   89.759484] file system registered
[   89.761145] unloading
[   89.773909] file system registered
[   89.776344] unloading
[   89.781409] ffs_data_put(): freeing
[   89.783468] file system registered
[   89.785324] unloading
[   89.795193] ffs_data_put(): freeing
[   89.795317] ffs_data_put(): freeing
[   89.798304] file system registered
[   89.800979] unloading
[   89.808286] ffs_data_put(): freeing
[   89.811857] file system registered
[   89.813417] unloading
[   89.822495] file system registered
[   89.824953] unloading
[   89.831364] ffs_data_put(): freeing
[   89.831502] ffs_data_put(): freeing
[   89.831827] ffs_data_put(): freeing
[   89.833485] file system registered
[   89.835281] unloading
[   89.848336] ffs_data_put(): freeing
[   89.848440] ffs_data_put(): freeing
[   89.851135] file system registered
[   89.854279] unloading
[   89.872254] ffs_data_put(): freeing
[   89.872855] ffs_data_put(): freeing
[   89.875229] file system registered
[   89.880326] unloading
[   89.889420] ffs_data_put(): freeing
[   89.892070] file system registered
[   89.895929] unloading
[   89.902441] ffs_data_put(): freeing
[   89.904434] file system registered
[   89.906003] unloading
[   89.918899] file system registered
[   89.920818] unloading
[   89.925469] ffs_data_put(): freeing
[   89.925953] ffs_data_put(): freeing
[   89.926061] ffs_data_put(): freeing
[   89.928238] file system registered
[   89.930491] unloading
[   89.936145] ffs_data_put(): freeing
[   89.936263] ffs_data_put(): freeing
[   89.938153] file system registered
[   89.939937] unloading
[   89.949155] ffs_data_put(): freeing
[   89.949311] ffs_data_put(): freeing
[   89.952191] file system registered
[   89.955019] ffs_data_put(): freeing
[   89.955414] unloading
[   89.961272] ffs_data_put(): freeing
[   89.961466] ffs_data_put(): freeing
[   89.963332] file system registered
[   89.965333] unloading
[   89.972216] ffs_data_put(): freeing
[   89.972401] ffs_data_put(): freeing
[   89.974431] file system registered
[   89.976146] unloading
[   89.982806] ffs_data_put(): freeing
[   89.988162] file system registered
[   89.991203] unloading
[   90.001274] ffs_data_put(): freeing
[   90.004784] file system registered
[   90.007991] unloading
[   90.017238] ffs_data_put(): freeing
[   90.020234] file system registered
[   90.022886] unloading
[   90.030946] file system registered
[   90.033309] unloading
[   90.040179] ffs_data_put(): freeing
[   90.042100] file system registered
[   90.044093] unloading
[   90.053142] ffs_data_put(): freeing
[   90.056079] file system registered
[   90.060039] unloading
[   90.066137] ffs_data_put(): freeing
[   90.067898] file system registered
[   90.069406] unloading
[   90.074131] ffs_data_put(): freeing
[   90.076109] file system registered
[   90.077833] unloading
[   90.086379] file system registered
[   90.089082] unloading
[   90.095229] ffs_data_put(): freeing
[   90.095343] ffs_data_put(): freeing
[   90.097671] file system registered
[   90.099454] unloading
[   90.109678] file system registered
[   90.111246] unloading
[   90.115317] ffs_data_put(): freeing
[   90.117460] file system registered
[   90.119067] unloading
[   90.129169] ffs_data_put(): freeing
[   90.129355] ffs_data_put(): freeing
[   90.129453] ffs_data_put(): freeing
[   90.130271] file system registered
[   90.132129] unloading
[   90.138172] ffs_data_put(): freeing
[   90.138330] ffs_data_put(): freeing
[   90.138468] ffs_data_put(): freeing
[   90.141413] file system registered
[   90.144350] unloading
[   90.154874] file system registered
[   90.158403] unloading
[   90.167642] file system registered
[   90.169180] unloading
[   90.180224] file system registered
[   90.182129] unloading
[   90.187199] ffs_data_put(): freeing
[   90.190375] file system registered
[   90.192824] unloading
[   90.203360] ffs_data_put(): freeing
[   90.204050] ffs_data_put(): freeing
[   90.206044] file system registered
[   90.208292] unloading
[   90.215196] ffs_data_put(): freeing
[   90.217957] file system registered
[   90.220136] unloading
[   90.229301] file system registered
[   90.231101] unloading
[   90.240155] ffs_data_put(): freeing
[   90.240339] ffs_data_put(): freeing
[   90.240441] ffs_data_put(): freeing
[   90.242815] file system registered
[   90.245891] unloading
[   90.259388] file system registered
[   90.262174] unloading
[   90.270054] file system registered
[   90.271187] unloading
[   90.277301] ffs_data_put(): freeing
[   90.280028] file system registered
[   90.281279] unloading
[   90.293871] file system registered
[   90.296326] unloading
[   90.302117] ffs_data_put(): freeing
[   90.302250] ffs_data_put(): freeing
[   90.304964] file system registered
[   90.307315] unloading
[   90.315153] ffs_data_put(): freeing
[   90.318345] file system registered
[   90.320324] unloading
[   90.329317] file system registered
[   90.331142] unloading
[   90.340057] ffs_data_put(): freeing
[   90.340154] ffs_data_put(): freeing
[   90.342928] file system registered
[   90.345335] unloading
[   90.352264] ffs_data_put(): freeing
[   90.354290] file system registered
[   90.356390] unloading
[   90.363686] ffs_data_put(): freeing
[   90.363853] ffs_data_put(): freeing
[   90.365347] file system registered
[   90.367299] unloading
[   90.380376] file system registered
[   90.384037] unloading
[   90.392364] ffs_data_put(): freeing
[   90.392940] ffs_data_put(): freeing
[   90.393833] ffs_data_put(): freeing
[   90.396897] file system registered
[   90.399445] unloading
[   90.405271] ffs_data_put(): freeing
[   90.407905] file system registered
[   90.409931] unloading
[   90.417794] file system registered
[   90.419476] unloading
[   90.424187] ffs_data_put(): freeing
[   90.426416] file system registered
[   90.428140] unloading
[   90.439209] ffs_data_put(): freeing
[   90.439338] ffs_data_put(): freeing
[   90.441114] file system registered
[   90.442943] unloading
[   90.452716] ffs_data_put(): freeing
[   90.452793] ffs_data_put(): freeing
[   90.455141] file system registered
[   90.457955] unloading
[   90.465420] ffs_data_put(): freeing
[   90.465776] ffs_data_put(): freeing
[   90.467400] ffs_data_put(): freeing
[   90.468302] file system registered
[   90.470577] unloading
[   90.477441] ffs_data_put(): freeing
[   90.477948] ffs_data_put(): freeing
[   90.478164] ffs_data_put(): freeing
[   90.482205] file system registered
[   90.485321] unloading
[   90.494738] ffs_data_put(): freeing
[   90.498009] file system registered
[   90.501314] ffs_data_put(): freeing
[   90.502418] unloading
[   90.509427] ffs_data_put(): freeing
[   90.512041] file system registered
[   90.515329] unloading
[   90.527457] ffs_data_put(): freeing
[   90.527787] ffs_data_put(): freeing
[   90.528079] ffs_data_put(): freeing
[   90.528461] ffs_data_put(): freeing
[   90.531067] file system registered
[   90.533190] unloading
[   90.550194] file system registered
[   90.553454] ffs_data_put(): freeing
[   90.554486] unloading
[   90.565920] ffs_data_put(): freeing
[   90.567342] ffs_data_put(): freeing
[   90.568519] file system registered
[   90.572454] unloading
[   90.580395] ffs_data_put(): freeing
[   90.583861] file system registered
[   90.586228] unloading
[   90.595445] ffs_data_put(): freeing
[   90.596062] ffs_data_put(): freeing
[   90.598272] file system registered
[   90.601112] unloading
[   90.607314] ffs_data_put(): freeing
[   90.608367] ffs_data_put(): freeing
[   90.610988] file system registered
[   90.614168] unloading
[   90.624432] ffs_data_put(): freeing
[   90.628875] file system registered
[   90.633088] unloading
[   90.639248] ffs_data_put(): freeing
[   90.639391] ffs_data_put(): freeing
[   90.639751] ffs_data_put(): freeing
[   90.642464] file system registered
[   90.646019] unloading
[   90.652179] ffs_data_put(): freeing
[   90.653400] file system registered
[   90.655004] unloading
[   90.665894] ffs_data_put(): freeing
[   90.667136] file system registered
[   90.669061] unloading
[   90.676954] ffs_data_put(): freeing
[   90.678868] file system registered
[   90.680191] unloading
[   90.687220] ffs_data_put(): freeing
[   90.687345] ffs_data_put(): freeing
[   90.687470] ffs_data_put(): freeing
[   90.688767] file system registered
[   90.689780] unloading
[   90.697383] ffs_data_put(): freeing
[   90.697793] ffs_data_put(): freeing
[   90.700117] file system registered
[   90.701875] unloading
[   90.702832] ffs_data_put(): freeing
[   90.708769] ffs_data_put(): freeing
[   90.711132] file system registered
[   90.713431] unloading
[   90.721402] ffs_data_put(): freeing
[   90.721785] ffs_data_put(): freeing
[   90.723341] file system registered
[   90.726119] unloading
[   90.733260] ffs_data_put(): freeing
[   90.733383] ffs_data_put(): freeing
[   90.733928] ffs_data_put(): freeing
[   90.737014] file system registered
[   90.741258] unloading
[   90.751801] ffs_data_put(): freeing
[   90.754860] file system registered
[   90.757456] unloading
[   90.765245] ffs_data_put(): freeing
[   90.767137] file system registered
[   90.768958] unloading
[   90.778248] ffs_data_put(): freeing
[   90.781182] file system registered
[   90.783818] unloading
[   90.791384] file system registered
[   90.793282] unloading
[   90.801109] ffs_data_put(): freeing
[   90.803365] file system registered
[   90.805203] unloading
[   90.814187] ffs_data_put(): freeing
[   90.817114] file system registered
[   90.819326] unloading
[   90.827197] file system registered
[   90.828934] unloading
[   90.836911] file system registered
[   90.837021] ffs_data_put(): freeing
[   90.837434] ffs_data_put(): freeing
[   90.838179] unloading
[   90.847959] ffs_data_put(): freeing
[   90.848126] ffs_data_put(): freeing
[   90.849034] file system registered
[   90.850553] unloading
[   90.856362] ffs_data_put(): freeing
[   90.857017] ffs_data_put(): freeing
[   90.859858] file system registered
[   90.862296] unloading
[   90.871882] ffs_data_put(): freeing
[   90.871976] ffs_data_put(): freeing
[   90.873395] file system registered
[   90.875847] unloading
[   90.884398] ffs_data_put(): freeing
[   90.884783] ffs_data_put(): freeing
[   90.887366] file system registered
[   90.890318] unloading
[   90.898400] ffs_data_put(): freeing
[   90.900536] file system registered
[   90.903485] unloading
[   90.910420] ffs_data_put(): freeing
[   90.916314] file system registered
[   90.918767] unloading
[   90.927244] file system registered
[   90.929900] unloading
[   90.936377] ffs_data_put(): freeing
[   90.936479] ffs_data_put(): freeing
[   90.938810] file system registered
[   90.941022] unloading
[   90.946171] ffs_data_put(): freeing
[   90.946231] ffs_data_put(): freeing
[   90.946335] ffs_data_put(): freeing
[   90.949030] file system registered
[   90.951085] unloading
[   90.959339] file system registered
[   90.961177] unloading
[   90.968340] file system registered
[   90.970066] unloading
[   90.979272] ffs_data_put(): freeing
[   90.979396] ffs_data_put(): freeing
[   90.981525] file system registered
[   90.983202] unloading
[   90.996462] file system registered
[   90.998355] unloading
[   91.007487] ffs_data_put(): freeing
[   91.009711] file system registered
[   91.011852] unloading
[   91.020076] ffs_data_put(): freeing
[   91.022055] file system registered
[   91.023180] unloading
[   91.033305] file system registered
[   91.035264] unloading
[   91.046333] file system registered
[   91.049302] unloading
[   91.056298] ffs_data_put(): freeing
[   91.058113] file system registered
[   91.059945] unloading
[   91.070256] ffs_data_put(): freeing
[   91.070359] ffs_data_put(): freeing
[   91.073232] file system registered
[   91.075010] unloading
[   91.079295] ffs_data_put(): freeing
[   91.083250] file system registered
[   91.086356] unloading
[   91.094335] ffs_data_put(): freeing
[   91.094844] ffs_data_put(): freeing
[   91.098164] file system registered
[   91.100377] unloading
[   91.106170] ffs_data_put(): freeing
[   91.106336] ffs_data_put(): freeing
[   91.108000] file system registered
[   91.109884] unloading
[   91.119764] ffs_data_put(): freeing
[   91.119975] ffs_data_put(): freeing
[   91.121311] file system registered
[   91.123133] unloading
[   91.132062] ffs_data_put(): freeing
[   91.132211] ffs_data_put(): freeing
[   91.137118] file system registered
[   91.142295] unloading
[   91.149333] ffs_data_put(): freeing
[   91.152920] file system registered
[   91.155957] unloading
[   91.164478] ffs_data_put(): freeing
[   91.167079] file system registered
[   91.170125] ffs_data_put(): freeing
[   91.170980] unloading
[   91.178705] ffs_data_put(): freeing
[   91.178803] ffs_data_put(): freeing
[   91.181160] file system registered
[   91.183432] unloading
[   91.189214] ffs_data_put(): freeing
[   91.192288] file system registered
[   91.194066] unloading
[   91.203785] ffs_data_put(): freeing
[   91.205404] file system registered
[   91.207056] unloading
[   91.213273] ffs_data_put(): freeing
[   91.213419] ffs_data_put(): freeing
[   91.215207] file system registered
[   91.217155] unloading
[   91.222248] ffs_data_put(): freeing
[   91.222408] ffs_data_put(): freeing
[   91.224153] file system registered
[   91.225378] unloading
[   91.230263] ffs_data_put(): freeing
[   91.233470] file system registered
[   91.235405] unloading
[   91.243242] ffs_data_put(): freeing
[   91.243936] ffs_data_put(): freeing
[   91.245838] file system registered
[   91.248116] unloading
[   91.257436] ffs_data_put(): freeing
[   91.257764] ffs_data_put(): freeing
[   91.260160] file system registered
[   91.262744] unloading
[   91.268307] ffs_data_put(): freeing
[   91.269485] ffs_data_put(): freeing
[   91.272346] file system registered
[   91.275237] unloading
[   91.280811] ffs_data_put(): freeing
[   91.281238] ffs_data_put(): freeing
[   91.283387] file system registered
[   91.286146] unloading
[   91.293379] ffs_data_put(): freeing
[   91.296084] file system registered
[   91.299779] unloading
[   91.306326] ffs_data_put(): freeing
[   91.309155] file system registered
[   91.312096] unloading
[   91.318320] ffs_data_put(): freeing
[   91.318429] ffs_data_put(): freeing
[   91.319935] file system registered
[   91.321162] unloading
[   91.325181] ffs_data_put(): freeing
[   91.327395] file system registered
[   91.329240] unloading
[   91.338268] ffs_data_put(): freeing
[   91.340847] file system registered
[   91.342945] unloading
[   91.350179] ffs_data_put(): freeing
[   91.353324] file system registered
[   91.356305] ffs_data_put(): freeing
[   91.356770] unloading
[   91.363717] ffs_data_put(): freeing
[   91.364023] file system registered
[   91.366032] ffs_data_put(): freeing
[   91.366177] unloading
[   91.378483] ffs_data_put(): freeing
[   91.379021] ffs_data_put(): freeing
[   91.379175] ffs_data_put(): freeing
[   91.380237] file system registered
[   91.382231] unloading
[   91.394332] ffs_data_put(): freeing
[   91.394909] ffs_data_put(): freeing
[   91.395366] ffs_data_put(): freeing
[   91.397405] file system registered
[   91.402208] unloading
[   91.420841] ffs_data_put(): freeing
[   91.424321] file system registered
[   91.428972] unloading
[   91.436436] ffs_data_put(): freeing
[   91.436796] ffs_data_put(): freeing
[   91.438910] file system registered
[   91.441402] unloading
[   91.451377] ffs_data_put(): freeing
[   91.452708] file system registered
[   91.454067] unloading
[   91.460248] ffs_data_put(): freeing
[   91.460460] ffs_data_put(): freeing
[   91.460757] ffs_data_put(): freeing
[   91.463939] file system registered
[   91.467123] unloading
[   91.480285] file system registered
[   91.483183] unloading
[   91.489202] file system registered
[   91.491054] unloading
[   91.498798] file system registered
[   91.501067] unloading
[   91.509370] ffs_data_put(): freeing
[   91.510799] file system registered
[   91.512146] unloading
[   91.522294] ffs_data_put(): freeing
[   91.522393] ffs_data_put(): freeing
[   91.524177] file system registered
[   91.525150] unloading
[   91.531335] ffs_data_put(): freeing
[   91.534306] file system registered
[   91.536818] unloading
[   91.543115] ffs_data_put(): freeing
[   91.543213] ffs_data_put(): freeing
[   91.545981] file system registered
[   91.548416] unloading
[   91.557335] ffs_data_put(): freeing
[   91.557910] file system registered
[   91.559425] unloading
[   91.568149] ffs_data_put(): freeing
[   91.571106] file system registered
[   91.573258] unloading
[   91.583170] file system registered
[   91.584770] unloading
[   91.591417] file system registered
[   91.592943] unloading
[   91.602150] ffs_data_put(): freeing
[   91.604127] file system registered
[   91.605856] unloading
[   91.613032] ffs_data_put(): freeing
[   91.614841] file system registered
[   91.615692] unloading
[   91.620069] ffs_data_put(): freeing
[   91.621842] file system registered
[   91.623845] unloading
[   91.630243] ffs_data_put(): freeing
[   91.630440] ffs_data_put(): freeing
[   91.632306] file system registered
[   91.634298] unloading
[   91.644302] ffs_data_put(): freeing
[   91.647421] file system registered
[   91.649476] unloading
[   91.657278] ffs_data_put(): freeing
[   91.657373] ffs_data_put(): freeing
[   91.660032] file system registered
[   91.662139] unloading
[   91.671119] file system registered
[   91.673794] unloading
[   91.680125] ffs_data_put(): freeing
[   91.680282] ffs_data_put(): freeing
[   91.680395] ffs_data_put(): freeing
[   91.682402] file system registered
[   91.685217] unloading
[   91.696000] file system registered
[   91.698313] unloading
[   91.708023] file system registered
[   91.710185] unloading
[   91.717195] ffs_data_put(): freeing
[   91.719920] file system registered
[   91.721212] unloading
[   91.727115] ffs_data_put(): freeing
[   91.727252] ffs_data_put(): freeing
[   91.729743] file system registered
[   91.732077] unloading
[   91.741039] ffs_data_put(): freeing
[   91.741143] ffs_data_put(): freeing
[   91.742802] file system registered
[   91.745093] unloading
[   91.752204] ffs_data_put(): freeing
[   91.752332] ffs_data_put(): freeing
[   91.753960] file system registered
[   91.755708] unloading
[   91.763263] ffs_data_put(): freeing
[   91.763431] ffs_data_put(): freeing
[   91.764053] ffs_data_put(): freeing
[   91.766044] file system registered
[   91.770044] unloading
[   91.776234] file system registered
[   91.779891] unloading
[   91.791219] ffs_data_put(): freeing
[   91.791326] ffs_data_put(): freeing
[   91.793751] file system registered
[   91.795323] unloading
[   91.803404] file system registered
[   91.805819] unloading
[   91.815238] file system registered
[   91.818004] ffs_data_put(): freeing
[   91.819353] unloading
[   91.824362] ffs_data_put(): freeing
[   91.824754] ffs_data_put(): freeing
[   91.824912] ffs_data_put(): freeing
[   91.826333] file system registered
[   91.828025] unloading
[   91.833379] ffs_data_put(): freeing
[   91.833458] ffs_data_put(): freeing
[   91.835206] file system registered
[   91.838676] ffs_data_put(): freeing
[   91.840044] ffs_data_put(): freeing
[   91.841835] ffs_data_put(): freeing
[   91.842337] unloading
[   91.849714] ffs_data_put(): freeing
[   91.850195] ffs_data_put(): freeing
[   91.854215] file system registered
[   91.856204] unloading
[   91.863333] file system registered
[   91.865752] unloading
[   91.877255] file system registered
[   91.879194] unloading
[   91.884252] ffs_data_put(): freeing
[   91.886788] file system registered
[   91.888135] unloading
[   91.897082] ffs_data_put(): freeing
[   91.900265] file system registered
[   91.902989] unloading
[   91.913719] file system registered
[   91.917400] unloading
[   91.925231] ffs_data_put(): freeing
[   91.927450] file system registered
[   91.929243] unloading
[   91.935997] ffs_data_put(): freeing
[   91.937723] file system registered
[   91.940038] unloading
[   91.946203] ffs_data_put(): freeing
[   91.946350] ffs_data_put(): freeing
[   91.946470] ffs_data_put(): freeing
[   91.948481] file system registered
[   91.951259] unloading
[   91.960298] file system registered
[   91.962279] unloading
[   91.970482] ffs_data_put(): freeing
[   91.970802] ffs_data_put(): freeing
[   91.972458] file system registered
[   91.974026] unloading
[   91.981445] file system registered
[   91.983089] unloading
[   91.991924] ffs_data_put(): freeing
[   91.994392] file system registered
[   91.996343] unloading
[   92.005136] ffs_data_put(): freeing
[   92.007327] file system registered
[   92.008812] unloading
[   92.020291] file system registered
[   92.022049] unloading
[   92.031221] ffs_data_put(): freeing
[   92.033495] file system registered
[   92.035423] unloading
[   92.042094] ffs_data_put(): freeing
[   92.044900] file system registered
[   92.046365] unloading
[   92.052796] ffs_data_put(): freeing
[   92.052917] ffs_data_put(): freeing
[   92.054640] file system registered
[   92.056418] unloading
[   92.063259] ffs_data_put(): freeing
[   92.065902] file system registered
[   92.068054] unloading
[   92.078211] ffs_data_put(): freeing
[   92.078368] ffs_data_put(): freeing
[   92.080718] file system registered
[   92.082785] unloading
[   92.090350] ffs_data_put(): freeing
[   92.092167] file system registered
[   92.094036] unloading
[   92.103263] ffs_data_put(): freeing
[   92.106253] file system registered
[   92.108663] unloading
[   92.114142] ffs_data_put(): freeing
[   92.114221] ffs_data_put(): freeing
[   92.116872] file system registered
[   92.118444] unloading
[   92.123325] ffs_data_put(): freeing
[   92.125850] file system registered
[   92.128334] unloading
[   92.135551] ffs_data_put(): freeing
[   92.137784] file system registered
[   92.139186] unloading
[   92.151349] file system registered
[   92.152915] unloading
[   92.160336] ffs_data_put(): freeing
[   92.160453] ffs_data_put(): freeing
[   92.162393] file system registered
[   92.164328] unloading
[   92.169325] ffs_data_put(): freeing
[   92.171151] ffs_data_put(): freeing
[   92.172717] file system registered
[   92.173736] unloading
[   92.181344] file system registered
[   92.183046] unloading
[   92.193149] ffs_data_put(): freeing
[   92.194795] file system registered
[   92.197328] unloading
[   92.206151] ffs_data_put(): freeing
[   92.206259] ffs_data_put(): freeing
[   92.208799] file system registered
[   92.210978] unloading
[   92.219862] file system registered
[   92.222249] unloading
[   92.228403] ffs_data_put(): freeing
[   92.229385] ffs_data_put(): freeing
[   92.230346] file system registered
[   92.232209] unloading
[   92.238273] ffs_data_put(): freeing
[   92.238438] ffs_data_put(): freeing
[   92.238680] ffs_data_put(): freeing
[   92.238890] ffs_data_put(): freeing
[   92.240456] file system registered
[   92.243043] unloading
[   92.254894] file system registered
[   92.257026] unloading
[   92.264148] ffs_data_put(): freeing
[   92.266059] file system registered
[   92.268020] unloading
[   92.274155] ffs_data_put(): freeing
[   92.275895] file system registered
[   92.277200] unloading
[   92.285748] file system registered
[   92.288795] unloading
[   92.296271] ffs_data_put(): freeing
[   92.296398] ffs_data_put(): freeing
[   92.298332] file system registered
[   92.300020] unloading
[   92.309135] ffs_data_put(): freeing
[   92.311859] file system registered
[   92.314207] unloading
[   92.320490] ffs_data_put(): freeing
[   92.320768] ffs_data_put(): freeing
[   92.322991] file system registered
[   92.325223] unloading
[   92.334077] ffs_data_put(): freeing
[   92.337143] file system registered
[   92.340035] unloading
[   92.351944] file system registered
[   92.353315] unloading
[   92.366324] ffs_data_put(): freeing
[   92.368096] file system registered
[   92.369913] unloading
[   92.377138] file system registered
[   92.379183] unloading
[   92.391426] ffs_data_put(): freeing
[   92.391767] ffs_data_put(): freeing
[   92.395265] file system registered
[   92.399149] unloading
[   92.407190] ffs_data_put(): freeing
[   92.409453] file system registered
[   92.411820] ffs_data_put(): freeing
[   92.412034] unloading
[   92.418351] ffs_data_put(): freeing
[   92.421298] file system registered
[   92.425176] unloading
[   92.437167] file system registered
[   92.438965] unloading
[   92.444968] file system registered
[   92.446803] unloading
[   92.454104] ffs_data_put(): freeing
[   92.456270] file system registered
[   92.458134] unloading
[   92.466086] file system registered
[   92.468261] unloading
[   92.478336] file system registered
[   92.480031] unloading
[   92.488321] ffs_data_put(): freeing
[   92.489296] file system registered
[   92.491202] unloading
[   92.497222] ffs_data_put(): freeing
[   92.499829] file system registered
[   92.501275] unloading
[   92.509087] ffs_data_put(): freeing
[   92.511910] file system registered
[   92.514098] unloading
[   92.522286] file system registered
[   92.524165] unloading
[   92.533316] ffs_data_put(): freeing
[   92.533409] ffs_data_put(): freeing
[   92.535957] file system registered
[   92.539158] unloading
[   92.545448] file system registered
[   92.547130] unloading
[   92.553152] ffs_data_put(): freeing
[   92.555917] file system registered
[   92.557723] unloading
[   92.564122] ffs_data_put(): freeing
[   92.566207] file system registered
[   92.567655] unloading
[   92.572168] ffs_data_put(): freeing
[   92.573415] ffs_data_put(): freeing
[   92.573891] file system registered
[   92.575353] unloading
[   92.580170] ffs_data_put(): freeing
[   92.580269] ffs_data_put(): freeing
[   92.582305] file system registered
[   92.584064] unloading
[   92.591299] ffs_data_put(): freeing
[   92.591389] ffs_data_put(): freeing
[   92.594361] file system registered
[   92.597893] unloading
[   92.603760] file system registered
[   92.605364] unloading
[   92.614048] file system registered
[   92.615777] unloading
[   92.627128] ffs_data_put(): freeing
[   92.627222] ffs_data_put(): freeing
[   92.630144] file system registered
[   92.632476] unloading
[   92.642955] file system registered
[   92.645071] unloading
[   92.653358] ffs_data_put(): freeing
[   92.654108] ffs_data_put(): freeing
[   92.656084] file system registered
[   92.658435] unloading
[   92.669429] ffs_data_put(): freeing
[   92.669895] ffs_data_put(): freeing
[   92.674866] file system registered
[   92.678787] unloading
[   92.685837] file system registered
[   92.686044] ffs_data_put(): freeing
[   92.688883] unloading
[   92.696165] ffs_data_put(): freeing
[   92.697929] file system registered
[   92.699346] unloading
[   92.710236] ffs_data_put(): freeing
[   92.710333] ffs_data_put(): freeing
[   92.714865] file system registered
[   92.718238] unloading
[   92.731410] file system registered
[   92.733719] unloading
[   92.743201] file system registered
[   92.745420] unloading
[   92.749717] ffs_data_put(): freeing
[   92.751423] file system registered
[   92.753321] unloading
[   92.764215] file system registered
[   92.766290] unloading
[   92.774207] ffs_data_put(): freeing
[   92.776339] file system registered
[   92.777903] unloading
[   92.785276] file system registered
[   92.787135] unloading
[   92.793136] ffs_data_put(): freeing
[   92.793233] ffs_data_put(): freeing
[   92.796096] file system registered
[   92.798259] unloading
[   92.807073] file system registered
[   92.808898] unloading
[   92.815122] ffs_data_put(): freeing
[   92.815397] ffs_data_put(): freeing
[   92.817304] file system registered
[   92.818967] unloading
[   92.832760] file system registered
[   92.834148] unloading
[   92.841148] ffs_data_put(): freeing
[   92.843131] file system registered
[   92.845126] unloading
[   92.850122] ffs_data_put(): freeing
[   92.852888] file system registered
[   92.855318] unloading
[   92.864306] ffs_data_put(): freeing
[   92.867173] file system registered
[   92.869854] unloading
[   92.877317] ffs_data_put(): freeing
[   92.877419] ffs_data_put(): freeing
[   92.880263] file system registered
[   92.882891] unloading
[   92.894350] file system registered
[   92.896366] unloading
[   92.902295] ffs_data_put(): freeing
[   92.902415] ffs_data_put(): freeing
[   92.904959] file system registered
[   92.907083] unloading
[   92.913311] ffs_data_put(): freeing
[   92.917809] file system registered
[   92.920447] unloading
[   92.926117] ffs_data_put(): freeing
[   92.926332] ffs_data_put(): freeing
[   92.928241] file system registered
[   92.930213] unloading
[   92.939850] file system registered
[   92.942458] unloading
[   92.951425] ffs_data_put(): freeing
[   92.952066] ffs_data_put(): freeing
[   92.954442] file system registered
[   92.957352] unloading
[   92.966270] ffs_data_put(): freeing
[   92.967084] ffs_data_put(): freeing
[   92.968059] file system registered
[   92.970304] unloading
[   92.974425] ffs_data_put(): freeing
[   92.974934] ffs_data_put(): freeing
[   92.977836] file system registered
[   92.979982] unloading
[   92.986167] ffs_data_put(): freeing
[   92.988727] file system registered
[   92.990744] unloading
[   93.004343] file system registered
[   93.006838] unloading
[   93.016070] file system registered
[   93.018245] unloading
[   93.024236] ffs_data_put(): freeing
[   93.029017] file system registered
[   93.031367] unloading
[   93.035178] ffs_data_put(): freeing
[   93.037135] file system registered
[   93.038949] unloading
[   93.046871] ffs_data_put(): freeing
[   93.048095] file system registered
[   93.049753] unloading
[   93.054118] ffs_data_put(): freeing
[   93.054173] ffs_data_put(): freeing
[   93.056183] file system registered
[   93.059104] unloading
[   93.066237] ffs_data_put(): freeing
[   93.069051] file system registered
[   93.070715] unloading
[   93.078077] file system registered
[   93.078977] unloading
[   93.086080] ffs_data_put(): freeing
[   93.089443] file system registered
[   93.091367] unloading
[   93.100163] ffs_data_put(): freeing
[   93.103222] file system registered
[   93.106130] unloading
[   93.111199] ffs_data_put(): freeing
[   93.114170] file system registered
[   93.116233] unloading
[   93.124404] ffs_data_put(): freeing
[   93.124638] ffs_data_put(): freeing
[   93.127326] file system registered
[   93.129990] unloading
[   93.136369] ffs_data_put(): freeing
[   93.138207] file system registered
[   93.142189] unloading
[   93.152187] ffs_data_put(): freeing
[   93.154467] file system registered
[   93.156377] unloading
[   93.165239] ffs_data_put(): freeing
[   93.165315] ffs_data_put(): freeing
[   93.167464] file system registered
[   93.169062] unloading
[   93.173151] ffs_data_put(): freeing
[   93.174792] file system registered
[   93.175821] unloading
[   93.181203] ffs_data_put(): freeing
[   93.183966] file system registered
[   93.186230] unloading
[   93.192895] file system registered
[   93.194213] unloading
[   93.203055] ffs_data_put(): freeing
[   93.205401] file system registered
[   93.208129] unloading
[   93.221310] file system registered
[   93.224344] unloading
[   93.232286] file system registered
[   93.234219] unloading
[   93.241360] ffs_data_put(): freeing
[   93.243381] file system registered
[   93.244829] unloading
[   93.256311] ffs_data_put(): freeing
[   93.264922] file system registered
[   93.267237] ffs_data_put(): freeing
[   93.268083] unloading
[   93.274081] ffs_data_put(): freeing
[   93.274210] ffs_data_put(): freeing
[   93.276359] file system registered
[   93.278077] unloading
[   93.285131] file system registered
[   93.287072] unloading
[   93.298368] ffs_data_put(): freeing
[   93.300265] file system registered
[   93.302075] unloading
[   93.311298] file system registered
[   93.313207] unloading
[   93.322327] ffs_data_put(): freeing
[   93.324425] file system registered
[   93.327099] unloading
[   93.337287] ffs_data_put(): freeing
[   93.340858] file system registered
[   93.343007] unloading
[   93.350181] ffs_data_put(): freeing
[   93.352940] file system registered
[   93.354230] unloading
[   93.364309] file system registered
[   93.366511] unloading
[   93.375208] ffs_data_put(): freeing
[   93.375363] ffs_data_put(): freeing
[   93.375475] ffs_data_put(): freeing
[   93.378339] file system registered
[   93.381361] unloading
[   93.391336] file system registered
[   93.393070] unloading
[   93.405106] ffs_data_put(): freeing
[   93.406896] file system registered
[   93.408167] unloading
[   93.414213] ffs_data_put(): freeing
[   93.414397] ffs_data_put(): freeing
[   93.415928] file system registered
[   93.416808] unloading
[   93.424148] ffs_data_put(): freeing
[   93.426524] file system registered
[   93.428002] unloading
[   93.436284] ffs_data_put(): freeing
[   93.439199] file system registered
[   93.441102] unloading
[   93.454241] ffs_data_put(): freeing
[   93.457029] file system registered
[   93.458121] unloading
[   93.467393] file system registered
[   93.469366] unloading
[   93.476287] ffs_data_put(): freeing
[   93.478802] file system registered
[   93.480380] unloading
[   93.486317] ffs_data_put(): freeing
[   93.486409] ffs_data_put(): freeing
[   93.488031] file system registered
[   93.489237] unloading
[   93.498056] ffs_data_put(): freeing
[   93.500465] file system registered
[   93.504054] unloading
[   93.512108] file system registered
[   93.516012] ffs_data_put(): freeing
[   93.516927] unloading
[   93.522236] ffs_data_put(): freeing
[   93.522381] ffs_data_put(): freeing
[   93.522626] ffs_data_put(): freeing
[   93.524033] file system registered
[   93.526711] unloading
[   93.534036] ffs_data_put(): freeing
[   93.534199] ffs_data_put(): freeing
[   93.536294] file system registered
[   93.538112] unloading
[   93.549433] ffs_data_put(): freeing
[   93.549653] ffs_data_put(): freeing
[   93.551342] file system registered
[   93.553974] unloading
[   93.564953] ffs_data_put(): freeing
[   93.565297] ffs_data_put(): freeing
[   93.565415] ffs_data_put(): freeing
[   93.567211] file system registered
[   93.569442] unloading
[   93.583859] ffs_data_put(): freeing
[   93.584251] ffs_data_put(): freeing
[   93.584921] ffs_data_put(): freeing
[   93.584978] ffs_data_put(): freeing
[   93.587385] file system registered
[   93.591474] unloading
[   93.599853] ffs_data_put(): freeing
[   93.600117] ffs_data_put(): freeing
[   93.600365] ffs_data_put(): freeing
[   93.604910] file system registered
[   93.609044] unloading
[   93.619204] file system registered
[   93.622258] unloading
[   93.639324] file system registered
[   93.644274] unloading
[   93.656483] ffs_data_put(): freeing
[   93.657039] ffs_data_put(): freeing
[   93.660016] file system registered
[   93.662333] unloading
[   93.669413] ffs_data_put(): freeing
[   93.669777] ffs_data_put(): freeing
[   93.671922] file system registered
[   93.673363] unloading
[   93.683489] ffs_data_put(): freeing
[   93.683950] ffs_data_put(): freeing
[   93.686038] file system registered
[   93.688375] unloading
[   93.697307] ffs_data_put(): freeing
[   93.700857] file system registered
[   93.704061] unloading
[   93.710134] ffs_data_put(): freeing
[   93.710355] ffs_data_put(): freeing
[   93.713235] file system registered
[   93.715411] unloading
[   93.721254] ffs_data_put(): freeing
[   93.723630] file system registered
[   93.725992] unloading
[   93.736215] file system registered
[   93.738245] unloading
[   93.746830] ffs_data_put(): freeing
[   93.747466] file system registered
[   93.749467] unloading
[   93.759256] ffs_data_put(): freeing
[   93.759425] ffs_data_put(): freeing
[   93.759738] ffs_data_put(): freeing
[   93.761969] file system registered
[   93.765507] unloading
[   93.777891] file system registered
[   93.780419] unloading
[   93.789285] ffs_data_put(): freeing
[   93.789456] ffs_data_put(): freeing
[   93.791284] file system registered
[   93.793162] unloading
[   93.802303] ffs_data_put(): freeing
[   93.804463] file system registered
[   93.806894] unloading
[   93.814249] ffs_data_put(): freeing
[   93.814857] ffs_data_put(): freeing
[   93.815794] file system registered
[   93.817139] unloading
[   93.823250] ffs_data_put(): freeing
[   93.824948] ffs_data_put(): freeing
[   93.827400] file system registered
[   93.830941] unloading
[   93.846324] ffs_data_put(): freeing
[   93.850064] file system registered
[   93.852360] unloading
[   93.860331] ffs_data_put(): freeing
[   93.862302] file system registered
[   93.864772] unloading
[   93.874194] ffs_data_put(): freeing
[   93.875698] file system registered
[   93.878429] unloading
[   93.885304] ffs_data_put(): freeing
[   93.887118] file system registered
[   93.889300] unloading
[   93.899311] ffs_data_put(): freeing
[   93.901824] file system registered
[   93.904371] unloading
[   93.911362] ffs_data_put(): freeing
[   93.911455] ffs_data_put(): freeing
[   93.914297] file system registered
[   93.916724] unloading
[   93.922311] ffs_data_put(): freeing
[   93.922424] ffs_data_put(): freeing
[   93.924247] file system registered
[   93.926161] unloading
[   93.936125] file system registered
[   93.938227] unloading
[   93.945222] ffs_data_put(): freeing
[   93.947088] file system registered
[   93.948872] unloading
[   93.954258] ffs_data_put(): freeing
[   93.955179] ffs_data_put(): freeing
[   93.956407] file system registered
[   93.961298] unloading
[   93.970299] ffs_data_put(): freeing
[   93.970408] ffs_data_put(): freeing
[   93.973419] file system registered
[   93.975975] unloading
[   93.982756] ffs_data_put(): freeing
[   93.985199] file system registered
[   93.987320] unloading
[   93.993410] ffs_data_put(): freeing
[   93.993814] ffs_data_put(): freeing
[   93.993924] ffs_data_put(): freeing
[   93.995472] file system registered
[   93.997369] unloading
[   94.006942] ffs_data_put(): freeing
[   94.010329] file system registered
[   94.013426] unloading
[   94.028380] ffs_data_put(): freeing
[   94.028833] ffs_data_put(): freeing
[   94.031475] file system registered
[   94.033380] unloading
[   94.044094] ffs_data_put(): freeing
[   94.044310] ffs_data_put(): freeing
[   94.047138] file system registered
[   94.051007] ffs_data_put(): freeing
[   94.051093] unloading
[   94.057456] ffs_data_put(): freeing
[   94.057928] ffs_data_put(): freeing
[   94.058107] ffs_data_put(): freeing
[   94.059319] file system registered
[   94.061360] unloading
[   94.070811] ffs_data_put(): freeing
[   94.071229] ffs_data_put(): freeing
[   94.072878] file system registered
[   94.074795] unloading
[   94.084981] ffs_data_put(): freeing
[   94.085031] ffs_data_put(): freeing
[   94.087116] file system registered
[   94.090016] unloading
[   94.101027] ffs_data_put(): freeing
[   94.101190] ffs_data_put(): freeing
[   94.105138] file system registered
[   94.109017] unloading
[   94.122169] file system registered
[   94.124772] unloading
[   94.136051] ffs_data_put(): freeing
[   94.139307] file system registered
[   94.143721] unloading
[   94.148291] ffs_data_put(): freeing
[   94.149039] ffs_data_put(): freeing
[   94.151171] file system registered
[   94.153257] unloading
[   94.163747] file system registered
[   94.165508] unloading
[   94.173234] ffs_data_put(): freeing
[   94.173362] ffs_data_put(): freeing
[   94.176040] file system registered
[   94.178088] unloading
[   94.188774] file system registered
[   94.190130] unloading
[   94.196477] ffs_data_put(): freeing
[   94.196936] ffs_data_put(): freeing
[   94.197040] ffs_data_put(): freeing
[   94.198882] file system registered
[   94.201114] unloading
[   94.206072] ffs_data_put(): freeing
[   94.206803] ffs_data_put(): freeing
[   94.208924] file system registered
[   94.212282] unloading
[   94.219447] ffs_data_put(): freeing
[   94.219701] ffs_data_put(): freeing
[   94.222121] file system registered
[   94.224205] unloading
[   94.233428] file system registered
[   94.235423] unloading
[   94.247256] ffs_data_put(): freeing
[   94.247441] ffs_data_put(): freeing
[   94.247933] ffs_data_put(): freeing
[   94.249398] file system registered
[   94.251363] unloading
[   94.261795] ffs_data_put(): freeing
[   94.262117] ffs_data_put(): freeing
[   94.262468] ffs_data_put(): freeing
[   94.264884] file system registered
[   94.266421] unloading
[   94.273985] ffs_data_put(): freeing
[   94.274064] ffs_data_put(): freeing
[   94.275984] file system registered
[   94.278122] unloading
[   94.286338] ffs_data_put(): freeing
[   94.286925] ffs_data_put(): freeing
[   94.287249] ffs_data_put(): freeing
[   94.288216] file system registered
[   94.290390] unloading
[   94.297995] ffs_data_put(): freeing
[   94.300863] file system registered
[   94.303334] unloading
[   94.309440] ffs_data_put(): freeing
[   94.313068] file system registered
[   94.315141] unloading
[   94.322162] ffs_data_put(): freeing
[   94.324315] file system registered
[   94.326299] unloading
[   94.334151] ffs_data_put(): freeing
[   94.336456] file system registered
[   94.338771] unloading
[   94.347179] file system registered
[   94.348858] unloading
[   94.355141] ffs_data_put(): freeing
[   94.357206] file system registered
[   94.358732] unloading
[   94.363735] ffs_data_put(): freeing
[   94.365457] file system registered
[   94.367062] unloading
[   94.376331] file system registered
[   94.378046] unloading
[   94.383280] ffs_data_put(): freeing
[   94.383368] ffs_data_put(): freeing
[   94.385830] file system registered
[   94.387302] unloading
[   94.398481] ffs_data_put(): freeing
[   94.402979] file system registered
[   94.406790] unloading
[   94.413261] ffs_data_put(): freeing
[   94.413411] ffs_data_put(): freeing
[   94.414083] ffs_data_put(): freeing
[   94.415214] file system registered
[   94.417128] unloading
[   94.425141] ffs_data_put(): freeing
[   94.425324] ffs_data_put(): freeing
[   94.425760] ffs_data_put(): freeing
[   94.425800] ffs_data_put(): freeing
[   94.428163] file system registered
[   94.432065] unloading
[   94.440240] ffs_data_put(): freeing
[   94.440885] file system registered
[   94.443211] unloading
[   94.449911] ffs_data_put(): freeing
[   94.450784] ffs_data_put(): freeing
[   94.451288] file system registered
[   94.452918] unloading
[   94.464235] file system registered
[   94.467288] unloading
[   94.472110] ffs_data_put(): freeing
[   94.472187] ffs_data_put(): freeing
[   94.473780] file system registered
[   94.475478] ffs_data_put(): freeing
[   94.476067] unloading
[   94.482423] ffs_data_put(): freeing
[   94.484326] file system registered
[   94.486845] unloading
[   94.496220] file system registered
[   94.499107] unloading
[   94.504932] file system registered
[   94.506197] unloading
[   94.511099] ffs_data_put(): freeing
[   94.512777] file system registered
[   94.514031] unloading
[   94.521196] ffs_data_put(): freeing
[   94.523426] file system registered
[   94.525025] unloading
[   94.536238] ffs_data_put(): freeing
[   94.536405] ffs_data_put(): freeing
[   94.538273] file system registered
[   94.539413] unloading
[   94.547295] ffs_data_put(): freeing
[   94.547459] ffs_data_put(): freeing
[   94.549705] file system registered
[   94.551758] unloading
[   94.558894] ffs_data_put(): freeing
[   94.560981] file system registered
[   94.563326] unloading
[   94.569308] ffs_data_put(): freeing
[   94.573121] file system registered
[   94.575486] unloading
[   94.583521] file system registered
[   94.585252] unloading
[   94.594428] ffs_data_put(): freeing
[   94.597403] file system registered
[   94.599287] unloading
[   94.610275] file system registered
[   94.612347] unloading
[   94.619119] ffs_data_put(): freeing
[   94.621182] file system registered
[   94.623839] unloading
[   94.632194] ffs_data_put(): freeing
[   94.632305] ffs_data_put(): freeing
[   94.634424] file system registered
[   94.636202] unloading
[   94.646692] file system registered
[   94.648322] unloading
[   94.655793] file system registered
[   94.657308] unloading
[   94.661855] ffs_data_put(): freeing
[   94.663458] file system registered
[   94.665055] unloading
[   94.672478] file system registered
[   94.674131] unloading
[   94.679974] ffs_data_put(): freeing
[   94.682307] file system registered
[   94.684075] unloading
[   94.693473] ffs_data_put(): freeing
[   94.693891] ffs_data_put(): freeing
[   94.695277] file system registered
[   94.697236] unloading
[   94.703864] ffs_data_put(): freeing
[   94.704037] ffs_data_put(): freeing
[   94.704141] ffs_data_put(): freeing
[   94.705301] file system registered
[   94.707088] unloading
[   94.713201] ffs_data_put(): freeing
[   94.713479] ffs_data_put(): freeing
[   94.715725] file system registered
[   94.717378] unloading
[   94.725194] ffs_data_put(): freeing
[   94.725326] ffs_data_put(): freeing
[   94.727424] file system registered
[   94.729234] unloading
[   94.740436] file system registered
[   94.743286] unloading
[   94.752349] ffs_data_put(): freeing
[   94.752962] ffs_data_put(): freeing
[   94.754419] file system registered
[   94.756459] unloading
[   94.765368] ffs_data_put(): freeing
[   94.767445] file system registered
[   94.769194] unloading
[   94.780168] ffs_data_put(): freeing
[   94.780287] ffs_data_put(): freeing
[   94.782490] file system registered
[   94.785886] unloading
[   94.793460] ffs_data_put(): freeing
[   94.795314] file system registered
[   94.797260] unloading
[   94.808316] ffs_data_put(): freeing
[   94.810389] file system registered
[   94.812331] unloading
[   94.820807] ffs_data_put(): freeing
[   94.822432] file system registered
[   94.828159] unloading
[   94.835482] ffs_data_put(): freeing
[   94.836035] ffs_data_put(): freeing
[   94.837903] file system registered
[   94.840477] unloading
[   94.847419] file system registered
[   94.849409] unloading
[   94.854071] ffs_data_put(): freeing
[   94.854159] ffs_data_put(): freeing
[   94.856457] file system registered
[   94.858437] unloading
[   94.864122] ffs_data_put(): freeing
[   94.866414] file system registered
[   94.868205] unloading
[   94.877226] ffs_data_put(): freeing
[   94.879970] file system registered
[   94.883038] unloading
[   94.890713] ffs_data_put(): freeing
[   94.892033] file system registered
[   94.894771] unloading
[   94.905330] ffs_data_put(): freeing
[   94.906257] ffs_data_put(): freeing
[   94.910084] file system registered
[   94.912751] ffs_data_put(): freeing
[   94.913981] unloading
[   94.923280] ffs_data_put(): freeing
[   94.926190] file system registered
[   94.929042] unloading
[   94.941294] file system registered
[   94.943915] unloading
[   94.954277] ffs_data_put(): freeing
[   94.954376] ffs_data_put(): freeing
[   94.957176] file system registered
[   94.959355] unloading
[   94.970408] file system registered
[   94.972284] unloading
[   94.983807] file system registered
[   94.985359] unloading
[   94.995328] ffs_data_put(): freeing
[   94.998150] file system registered
[   95.000278] unloading
[   95.010848] file system registered
[   95.012002] unloading
[   95.022761] file system registered
[   95.024126] unloading
[   95.029148] ffs_data_put(): freeing
[   95.031353] file system registered
[   95.032991] unloading
[   95.039257] ffs_data_put(): freeing
[   95.041282] file system registered
[   95.042473] unloading
[   95.049992] file system registered
[   95.052217] unloading
[   95.062226] ffs_data_put(): freeing
[   95.065385] file system registered
[   95.067749] unloading
[   95.075172] ffs_data_put(): freeing
[   95.078073] file system registered
[   95.080290] unloading
[   95.089183] file system registered
[   95.091071] unloading
[   95.099173] ffs_data_put(): freeing
[   95.101148] file system registered
[   95.102657] unloading
[   95.108887] ffs_data_put(): freeing
[   95.108986] ffs_data_put(): freeing
[   95.110128] file system registered
[   95.111884] unloading
[   95.121281] ffs_data_put(): freeing
[   95.123042] file system registered
[   95.124826] unloading
[   95.130311] ffs_data_put(): freeing
[   95.132440] file system registered
[   95.134401] unloading
[   95.144184] ffs_data_put(): freeing
[   95.144341] ffs_data_put(): freeing
[   95.147996] file system registered
[   95.150886] unloading
[   95.158147] ffs_data_put(): freeing
[   95.160874] file system registered
[   95.163144] unloading
[   95.170220] ffs_data_put(): freeing
[   95.170373] ffs_data_put(): freeing
[   95.174215] file system registered
[   95.177869] unloading
[   95.187257] ffs_data_put(): freeing
[   95.189196] file system registered
[   95.191064] unloading
[   95.199327] ffs_data_put(): freeing
[   95.201100] file system registered
[   95.203234] unloading
[   95.215241] file system registered
[   95.218240] unloading
[   95.225113] ffs_data_put(): freeing
[   95.226298] file system registered
[   95.229496] unloading
[   95.234238] ffs_data_put(): freeing
[   95.238405] file system registered
[   95.240368] unloading
[   95.248200] ffs_data_put(): freeing
[   95.248292] ffs_data_put(): freeing
[   95.252079] file system registered
[   95.256065] unloading
[   95.265446] ffs_data_put(): freeing
[   95.265724] ffs_data_put(): freeing
[   95.266890] ffs_data_put(): freeing
[   95.268675] file system registered
[   95.271512] unloading
[   95.278203] ffs_data_put(): freeing
[   95.280438] file system registered
[   95.282333] unloading
[   95.290187] ffs_data_put(): freeing
[   95.291969] file system registered
[   95.293182] unloading
[   95.299269] ffs_data_put(): freeing
[   95.303329] file system registered
[   95.305788] unloading
[   95.311224] ffs_data_put(): freeing
[   95.313849] file system registered
[   95.315438] unloading
[   95.320182] ffs_data_put(): freeing
[   95.323478] file system registered
[   95.326021] unloading
[   95.335208] ffs_data_put(): freeing
[   95.335301] ffs_data_put(): freeing
[   95.338154] file system registered
[   95.340211] unloading
[   95.346258] ffs_data_put(): freeing
[   95.346380] ffs_data_put(): freeing
[   95.347577] file system registered
[   95.348989] unloading
[   95.357153] ffs_data_put(): freeing
[   95.359191] file system registered
[   95.361037] unloading
[   95.366233] ffs_data_put(): freeing
[   95.367369] ffs_data_put(): freeing
[   95.369000] file system registered
[   95.371362] unloading
[   95.381333] file system registered
[   95.383136] unloading
[   95.390841] file system registered
[   95.392471] unloading
[   95.398215] ffs_data_put(): freeing
[   95.398348] ffs_data_put(): freeing
[   95.400474] file system registered
[   95.402210] ffs_data_put(): freeing
[   95.402370] unloading
[   95.409415] ffs_data_put(): freeing
[   95.410889] file system registered
[   95.412081] unloading
[   95.423664] file system registered
[   95.425047] unloading
[   95.433050] ffs_data_put(): freeing
[   95.435101] file system registered
[   95.437008] unloading
[   95.444477] ffs_data_put(): freeing
[   95.447416] file system registered
[   95.450470] unloading
[   95.458202] ffs_data_put(): freeing
[   95.460371] file system registered
[   95.463064] unloading
[   95.472353] file system registered
[   95.474223] unloading
[   95.485663] file system registered
[   95.486981] unloading
[   95.493935] file system registered
[   95.495224] unloading
[   95.500117] ffs_data_put(): freeing
[   95.500203] ffs_data_put(): freeing
[   95.502132] file system registered
[   95.503689] ffs_data_put(): freeing
[   95.503885] unloading
[   95.515449] ffs_data_put(): freeing
[   95.517028] ffs_data_put(): freeing
[   95.517881] file system registered
[   95.520162] unloading
[   95.528349] ffs_data_put(): freeing
[   95.530769] file system registered
[   95.532214] unloading
[   95.538121] ffs_data_put(): freeing
[   95.540940] file system registered
[   95.542274] unloading
[   95.555386] file system registered
[   95.557472] unloading
[   95.565237] ffs_data_put(): freeing
[   95.569152] file system registered
[   95.571282] unloading
[   95.578210] ffs_data_put(): freeing
[   95.578323] ffs_data_put(): freeing
[   95.581175] file system registered
[   95.585955] unloading
[   95.591436] ffs_data_put(): freeing
[   95.591794] ffs_data_put(): freeing
[   95.593880] file system registered
[   95.596110] unloading
[   95.605167] ffs_data_put(): freeing
[   95.608021] file system registered
[   95.610052] unloading
[   95.620082] ffs_data_put(): freeing
[   95.620190] ffs_data_put(): freeing
[   95.623067] file system registered
[   95.625694] unloading
[   95.631166] ffs_data_put(): freeing
[   95.631277] ffs_data_put(): freeing
[   95.633738] file system registered
[   95.635302] unloading
[   95.643133] ffs_data_put(): freeing
[   95.645430] file system registered
[   95.648301] unloading
[   95.655450] file system registered
[   95.657143] unloading
[   95.672195] ffs_data_put(): freeing
[   95.672305] ffs_data_put(): freeing
[   95.674977] file system registered
[   95.678175] unloading
[   95.685284] ffs_data_put(): freeing
[   95.685372] ffs_data_put(): freeing
[   95.688360] file system registered
[   95.691048] unloading
[   95.697685] ffs_data_put(): freeing
[   95.699196] ffs_data_put(): freeing
[   95.699460] file system registered
[   95.701307] unloading
[   95.710313] ffs_data_put(): freeing
[   95.712942] file system registered
[   95.715144] unloading
[   95.722728] ffs_data_put(): freeing
[   95.726198] file system registered
[   95.728855] unloading
[   95.738041] file system registered
[   95.739148] unloading
[   95.746421] file system registered
[   95.748235] unloading
[   95.757317] ffs_data_put(): freeing
[   95.758110] file system registered
[   95.759797] unloading
[   95.764276] ffs_data_put(): freeing
[   95.764397] ffs_data_put(): freeing
[   95.765903] file system registered
[   95.767448] unloading
[   95.779340] ffs_data_put(): freeing
[   95.779485] ffs_data_put(): freeing
[   95.782028] file system registered
[   95.783235] unloading
[   95.788265] ffs_data_put(): freeing
[   95.788428] ffs_data_put(): freeing
[   95.788662] ffs_data_put(): freeing
[   95.792459] file system registered
[   95.797149] unloading
[   95.803391] ffs_data_put(): freeing
[   95.803693] ffs_data_put(): freeing
[   95.805273] file system registered
[   95.807258] unloading
[   95.818258] file system registered
[   95.821886] unloading
[   95.831149] file system registered
[   95.833201] unloading
[   95.842323] ffs_data_put(): freeing
[   95.845018] file system registered
[   95.847101] unloading
[   95.853846] ffs_data_put(): freeing
[   95.853942] ffs_data_put(): freeing
[   95.853960] ffs_data_put(): freeing
[   95.855132] file system registered
[   95.856990] unloading
[   95.866264] ffs_data_put(): freeing
[   95.866765] ffs_data_put(): freeing
[   95.867089] ffs_data_put(): freeing
[   95.869043] file system registered
[   95.872041] unloading
[   95.878365] ffs_data_put(): freeing
[   95.881002] file system registered
[   95.883258] unloading
[   95.891301] file system registered
[   95.893206] unloading
[   95.900166] ffs_data_put(): freeing
[   95.902891] file system registered
[   95.905271] unloading
[   95.913170] ffs_data_put(): freeing
[   95.913330] ffs_data_put(): freeing
[   95.914730] file system registered
[   95.916165] unloading
[   95.927885] ffs_data_put(): freeing
[   95.930073] ffs_data_put(): freeing
[   95.930380] ffs_data_put(): freeing
[   95.931351] file system registered
[   95.934716] unloading
[   95.945889] ffs_data_put(): freeing
[   95.946063] ffs_data_put(): freeing
[   95.946448] ffs_data_put(): freeing
[   95.946886] ffs_data_put(): freeing
[   95.951050] file system registered
[   95.955244] unloading
[   95.969767] file system registered
[   95.973232] unloading
[   95.984149] ffs_data_put(): freeing
[   95.988006] file system registered
[   95.992162] unloading
[   95.998340] ffs_data_put(): freeing
[   96.001709] file system registered
[   96.004205] unloading
[   96.013031] file system registered
[   96.014002] unloading
[   96.024254] file system registered
[   96.026129] unloading
[   96.035219] ffs_data_put(): freeing
[   96.037693] file system registered
[   96.039186] unloading
[   96.047071] ffs_data_put(): freeing
[   96.049135] file system registered
[   96.050690] unloading
[   96.056368] ffs_data_put(): freeing
[   96.056832] ffs_data_put(): freeing
[   96.057157] ffs_data_put(): freeing
[   96.058352] file system registered
[   96.060418] unloading
[   96.070387] ffs_data_put(): freeing
[   96.070474] ffs_data_put(): freeing
[   96.073429] file system registered
[   96.077369] unloading
[   96.081964] ffs_data_put(): freeing
[   96.083994] file system registered
[   96.085832] unloading
[   96.094713] file system registered
[   96.096022] unloading
[   96.104401] file system registered
[   96.106277] unloading
[   96.111197] ffs_data_put(): freeing
[   96.113726] file system registered
[   96.115445] unloading
[   96.125482] file system registered
[   96.127125] unloading
[   96.136103] ffs_data_put(): freeing
[   96.138805] file system registered
[   96.139916] unloading
[   96.151218] file system registered
[   96.153018] unloading
[   96.157234] ffs_data_put(): freeing
[   96.159442] file system registered
[   96.161157] unloading
[   96.174461] file system registered
[   96.176115] unloading
[   96.183837] file system registered
[   96.185267] unloading
[   96.195204] file system registered
[   96.196734] unloading
[   96.203198] ffs_data_put(): freeing
[   96.205361] file system registered
[   96.207377] unloading
[   96.215266] ffs_data_put(): freeing
[   96.217864] file system registered
[   96.220190] unloading
[   96.227043] file system registered
[   96.228207] unloading
[   96.235854] file system registered
[   96.237194] unloading
[   96.243064] ffs_data_put(): freeing
[   96.245099] file system registered
[   96.246876] unloading
[   96.256013] ffs_data_put(): freeing
[   96.259385] file system registered
[   96.261318] unloading
[   96.269138] ffs_data_put(): freeing
[   96.272000] file system registered
[   96.273950] unloading
[   96.283265] ffs_data_put(): freeing
[   96.286009] file system registered
[   96.287724] unloading
[   96.293235] ffs_data_put(): freeing
[   96.295890] file system registered
[   96.298992] ffs_data_put(): freeing
[   96.299180] unloading
[   96.305300] ffs_data_put(): freeing
[   96.307518] file system registered
[   96.309434] unloading
[   96.316197] ffs_data_put(): freeing
[   96.318370] file system registered
[   96.320150] unloading
[   96.334139] ffs_data_put(): freeing
[   96.334430] ffs_data_put(): freeing
[   96.335390] ffs_data_put(): freeing
[   96.337127] file system registered
[   96.340484] unloading
[   96.346258] ffs_data_put(): freeing
[   96.347006] ffs_data_put(): freeing
[   96.349029] file system registered
[   96.351480] unloading
[   96.359386] ffs_data_put(): freeing
[   96.359817] ffs_data_put(): freeing
[   96.360016] ffs_data_put(): freeing
[   96.362285] file system registered
[   96.365240] unloading
[   96.371469] ffs_data_put(): freeing
[   96.373016] ffs_data_put(): freeing
[   96.374495] file system registered
[   96.376245] unloading
[   96.381361] ffs_data_put(): freeing
[   96.382576] file system registered
[   96.385230] unloading
[   96.391296] ffs_data_put(): freeing
[   96.393995] file system registered
[   96.395909] unloading
[   96.403174] file system registered
[   96.405451] unloading
[   96.411945] ffs_data_put(): freeing
[   96.412052] ffs_data_put(): freeing
[   96.412158] ffs_data_put(): freeing
[   96.413311] file system registered
[   96.415385] unloading
[   96.425256] ffs_data_put(): freeing
[   96.425379] ffs_data_put(): freeing
[   96.426932] ffs_data_put(): freeing
[   96.428209] file system registered
[   96.431138] unloading
[   96.440144] ffs_data_put(): freeing
[   96.440253] ffs_data_put(): freeing
[   96.442927] file system registered
[   96.445371] unloading
[   96.452456] ffs_data_put(): freeing
[   96.452700] ffs_data_put(): freeing
[   96.454906] file system registered
[   96.456986] unloading
[   96.468421] ffs_data_put(): freeing
[   96.472227] file system registered
[   96.476496] unloading
[   96.485387] ffs_data_put(): freeing
[   96.490066] file system registered
[   96.492003] unloading
[   96.500250] file system registered
[   96.503292] unloading
[   96.511177] ffs_data_put(): freeing
[   96.511289] ffs_data_put(): freeing
[   96.514207] file system registered
[   96.515965] unloading
[   96.527323] ffs_data_put(): freeing
[   96.529855] file system registered
[   96.532160] unloading
[   96.540291] ffs_data_put(): freeing
[   96.543502] file system registered
[   96.546267] unloading
[   96.552477] ffs_data_put(): freeing
[   96.552793] ffs_data_put(): freeing
[   96.552885] ffs_data_put(): freeing
[   96.555239] file system registered
[   96.557337] unloading
[   96.569206] file system registered
[   96.570936] unloading
[   96.581303] file system registered
[   96.584397] unloading
[   96.595033] ffs_data_put(): freeing
[   96.597244] file system registered
[   96.599146] unloading
[   96.608782] file system registered
[   96.610460] unloading
[   96.615164] ffs_data_put(): freeing
[   96.615253] ffs_data_put(): freeing
[   96.618091] file system registered
[   96.620091] unloading
[   96.626285] ffs_data_put(): freeing
[   96.628206] file system registered
[   96.630253] unloading
[   96.638270] ffs_data_put(): freeing
[   96.639476] file system registered
[   96.641264] unloading
[   96.651168] ffs_data_put(): freeing
[   96.654180] file system registered
[   96.656849] unloading
[   96.664752] file system registered
[   96.666071] unloading
[   96.673134] file system registered
[   96.675677] unloading
[   96.681431] ffs_data_put(): freeing
[   96.683087] file system registered
[   96.684401] unloading
[   96.691803] file system registered
[   96.692968] unloading
[   96.700147] ffs_data_put(): freeing
[   96.700240] ffs_data_put(): freeing
[   96.703431] file system registered
[   96.706056] unloading
[   96.714169] ffs_data_put(): freeing
[   96.714246] ffs_data_put(): freeing
[   96.716274] file system registered
[   96.717984] unloading
[   96.729389] file system registered
[   96.731259] unloading
[   96.740210] ffs_data_put(): freeing
[   96.740321] ffs_data_put(): freeing
[   96.744400] file system registered
[   96.746924] unloading
[   96.755105] ffs_data_put(): freeing
[   96.758176] file system registered
[   96.760398] unloading
[   96.770408] ffs_data_put(): freeing
[   96.770976] ffs_data_put(): freeing
[   96.773827] file system registered
[   96.776964] unloading
[   96.785015] ffs_data_put(): freeing
[   96.786252] ffs_data_put(): freeing
[   96.787374] file system registered
[   96.789121] unloading
[   96.794222] ffs_data_put(): freeing
[   96.794396] ffs_data_put(): freeing
[   96.798455] file system registered
[   96.801859] unloading
[   96.810240] ffs_data_put(): freeing
[   96.813786] file system registered
[   96.816833] ffs_data_put(): freeing
[   96.816999] unloading
[   96.824806] ffs_data_put(): freeing
[   96.825271] ffs_data_put(): freeing
[   96.827047] file system registered
[   96.829418] unloading
[   96.842797] ffs_data_put(): freeing
[   96.843027] ffs_data_put(): freeing
[   96.843177] ffs_data_put(): freeing
[   96.845265] file system registered
[   96.846957] unloading
[   96.858802] ffs_data_put(): freeing
[   96.863161] file system registered
[   96.866154] unloading
[   96.875415] ffs_data_put(): freeing
[   96.877496] file system registered
[   96.879366] unloading
[   96.885227] ffs_data_put(): freeing
[   96.887475] file system registered
[   96.889356] unloading
[   96.897796] file system registered
[   96.899442] unloading
[   96.904177] ffs_data_put(): freeing
[   96.904285] ffs_data_put(): freeing
[   96.906853] file system registered
[   96.908438] unloading
[   96.917223] ffs_data_put(): freeing
[   96.917337] ffs_data_put(): freeing
[   96.919960] file system registered
[   96.922202] unloading
[   96.928276] ffs_data_put(): freeing
[   96.930850] file system registered
[   96.932921] unloading
[   96.941712] file system registered
[   96.943111] unloading
[   96.951134] ffs_data_put(): freeing
[   96.951265] ffs_data_put(): freeing
[   96.952691] file system registered
[   96.954455] unloading
[   96.963227] ffs_data_put(): freeing
[   96.963398] ffs_data_put(): freeing
[   96.963762] ffs_data_put(): freeing
[   96.964478] file system registered
[   96.967031] ffs_data_put(): freeing
[   96.967240] unloading
[   96.974236] ffs_data_put(): freeing
[   96.974770] ffs_data_put(): freeing
[   96.974788] ffs_data_put(): freeing
[   96.976202] file system registered
[   96.978980] unloading
[   96.984374] ffs_data_put(): freeing
[   96.984685] ffs_data_put(): freeing
[   96.985001] ffs_data_put(): freeing
[   96.987446] file system registered
[   96.989966] unloading
[   96.998996] file system registered
[   97.001869] unloading
[   97.011151] file system registered
[   97.013361] unloading
[   97.019170] ffs_data_put(): freeing
[   97.020399] file system registered
[   97.021933] unloading
[   97.028022] file system registered
[   97.030358] unloading
[   97.038214] ffs_data_put(): freeing
[   97.040058] file system registered
[   97.041798] unloading
[   97.049322] file system registered
[   97.051137] unloading
[   97.061258] ffs_data_put(): freeing
[   97.063931] file system registered
[   97.066224] unloading
[   97.078077] file system registered
[   97.079357] unloading
[   97.090191] file system registered
[   97.091806] unloading
[   97.101228] ffs_data_put(): freeing
[   97.101399] ffs_data_put(): freeing
[   97.103825] file system registered
[   97.105742] unloading
[   97.110298] ffs_data_put(): freeing
[   97.113098] ffs_data_put(): freeing
[   97.113472] file system registered
[   97.116298] unloading
[   97.123464] file system registered
[   97.124759] unloading
[   97.131081] ffs_data_put(): freeing
[   97.133464] file system registered
[   97.135170] unloading
[   97.139216] ffs_data_put(): freeing
[   97.141682] file system registered
[   97.143260] unloading
[   97.148058] ffs_data_put(): freeing
[   97.150379] file system registered
[   97.152877] unloading
[   97.161329] ffs_data_put(): freeing
[   97.164373] file system registered
[   97.166970] unloading
[   97.175332] ffs_data_put(): freeing
[   97.177275] file system registered
[   97.179125] unloading
[   97.188213] ffs_data_put(): freeing
[   97.188330] ffs_data_put(): freeing
[   97.189639] file system registered
[   97.191132] unloading
[   97.197158] ffs_data_put(): freeing
[   97.197278] ffs_data_put(): freeing
[   97.199466] file system registered
[   97.201312] ffs_data_put(): freeing
[   97.201385] unloading
[   97.213844] ffs_data_put(): freeing
[   97.216055] file system registered
[   97.218326] unloading
[   97.226718] file system registered
[   97.229196] unloading
[   97.238851] file system registered
[   97.241420] unloading
[   97.249311] ffs_data_put(): freeing
[   97.249406] ffs_data_put(): freeing
[   97.252219] file system registered
[   97.255266] unloading
[   97.263244] ffs_data_put(): freeing
[   97.266288] file system registered
[   97.269392] unloading
[   97.276392] ffs_data_put(): freeing
[   97.278865] file system registered
[   97.281617] unloading
[   97.292143] file system registered
[   97.294390] unloading
[   97.301275] ffs_data_put(): freeing
[   97.304036] file system registered
[   97.307070] unloading
[   97.316206] ffs_data_put(): freeing
[   97.316338] ffs_data_put(): freeing
[   97.318351] file system registered
[   97.320102] unloading
[   97.328387] file system registered
[   97.330099] unloading
[   97.340453] ffs_data_put(): freeing
[   97.340768] ffs_data_put(): freeing
[   97.340903] ffs_data_put(): freeing
[   97.343982] file system registered
[   97.347959] unloading
[   97.353217] ffs_data_put(): freeing
[   97.353326] ffs_data_put(): freeing
[   97.356028] file system registered
[   97.358988] unloading
[   97.370210] ffs_data_put(): freeing
[   97.372966] file system registered
[   97.377046] unloading
[   97.387152] ffs_data_put(): freeing
[   97.389460] file system registered
[   97.391248] unloading
[   97.401263] file system registered
[   97.403842] unloading
[   97.412187] ffs_data_put(): freeing
[   97.413852] file system registered
[   97.415254] unloading
[   97.424307] file system registered
[   97.426358] ffs_data_put(): freeing
[   97.427058] ffs_data_put(): freeing
[   97.427165] unloading
[   97.441239] ffs_data_put(): freeing
[   97.441352] ffs_data_put(): freeing
[   97.443890] file system registered
[   97.446971] unloading
[   97.454102] ffs_data_put(): freeing
[   97.457413] file system registered
[   97.459855] unloading
[   97.467460] ffs_data_put(): freeing
[   97.467805] ffs_data_put(): freeing
[   97.468875] file system registered
[   97.470479] unloading
[   97.476303] ffs_data_put(): freeing
[   97.476730] ffs_data_put(): freeing
[   97.479258] file system registered
[   97.481025] unloading
[   97.489161] file system registered
[   97.491102] unloading
[   97.497291] ffs_data_put(): freeing
[   97.499389] file system registered
[   97.501152] unloading
[   97.510275] file system registered
[   97.512233] unloading
[   97.517203] ffs_data_put(): freeing
[   97.519774] file system registered
[   97.521313] unloading
[   97.530032] ffs_data_put(): freeing
[   97.530206] ffs_data_put(): freeing
[   97.530280] ffs_data_put(): freeing
[   97.531360] file system registered
[   97.533146] unloading
[   97.543330] ffs_data_put(): freeing
[   97.544178] ffs_data_put(): freeing
[   97.544312] ffs_data_put(): freeing
[   97.546916] file system registered
[   97.549024] unloading
[   97.555933] ffs_data_put(): freeing
[   97.555927] ffs_data_put(): freeing
[   97.557476] file system registered
[   97.559753] unloading
[   97.572393] ffs_data_put(): freeing
[   97.573338] ffs_data_put(): freeing
[   97.578362] file system registered
[   97.584179] unloading
[   97.589406] ffs_data_put(): freeing
[   97.589741] ffs_data_put(): freeing
[   97.592258] file system registered
[   97.595842] unloading
[   97.605823] file system registered
[   97.608007] unloading
[   97.614214] ffs_data_put(): freeing
[   97.617853] file system registered
[   97.620129] unloading
[   97.633181] ffs_data_put(): freeing
[   97.635490] file system registered
[   97.638861] unloading
[   97.646320] ffs_data_put(): freeing
[   97.646449] ffs_data_put(): freeing
[   97.648779] file system registered
[   97.650333] unloading
[   97.661982] file system registered
[   97.663182] unloading
[   97.674742] file system registered
[   97.676916] unloading
[   97.683299] ffs_data_put(): freeing
[   97.683430] ffs_data_put(): freeing
[   97.686565] file system registered
[   97.688451] unloading
[   97.696266] ffs_data_put(): freeing
[   97.696385] ffs_data_put(): freeing
[   97.698255] file system registered
[   97.700128] unloading
[   97.706269] ffs_data_put(): freeing
[   97.706399] ffs_data_put(): freeing
[   97.708748] file system registered
[   97.710360] unloading
[   97.717212] ffs_data_put(): freeing
[   97.719352] file system registered
[   97.721314] unloading
[   97.729470] file system registered
[   97.731165] unloading
[   97.738151] file system registered
[   97.740138] unloading
[   97.748107] ffs_data_put(): freeing
[   97.750036] file system registered
[   97.751897] unloading
[   97.760305] ffs_data_put(): freeing
[   97.762975] file system registered
[   97.765274] unloading
[   97.772092] ffs_data_put(): freeing
[   97.772302] ffs_data_put(): freeing
[   97.774430] file system registered
[   97.776941] unloading
[   97.785930] file system registered
[   97.788449] unloading
[   97.795202] ffs_data_put(): freeing
[   97.795302] ffs_data_put(): freeing
[   97.797811] file system registered
[   97.799080] unloading
[   97.807181] file system registered
[   97.809347] unloading
[   97.818083] ffs_data_put(): freeing
[   97.818178] ffs_data_put(): freeing
[   97.819493] file system registered
[   97.821311] unloading
[   97.830164] ffs_data_put(): freeing
[   97.832935] file system registered
[   97.837018] unloading
[   97.843223] ffs_data_put(): freeing
[   97.845029] file system registered
[   97.847042] unloading
[   97.852201] ffs_data_put(): freeing
[   97.853994] file system registered
[   97.855344] unloading
[   97.864099] ffs_data_put(): freeing
[   97.866107] file system registered
[   97.868105] unloading
[   97.873195] ffs_data_put(): freeing
[   97.875405] file system registered
[   97.877787] unloading
[   97.890364] file system registered
[   97.892291] unloading
[   97.898167] ffs_data_put(): freeing
[   97.900269] file system registered
[   97.902293] unloading
[   97.912063] ffs_data_put(): freeing
[   97.914936] file system registered
[   97.917325] unloading
[   97.924353] ffs_data_put(): freeing
[   97.925719] file system registered
[   97.927315] unloading
[   97.934200] ffs_data_put(): freeing
[   97.934357] ffs_data_put(): freeing
[   97.936723] file system registered
[   97.939037] unloading
[   97.949340] ffs_data_put(): freeing
[   97.949472] ffs_data_put(): freeing
[   97.953208] file system registered
[   97.955270] unloading
[   97.962348] ffs_data_put(): freeing
[   97.964102] file system registered
[   97.966305] unloading
[   97.973164] ffs_data_put(): freeing
[   97.975433] file system registered
[   97.978060] unloading
[   97.985434] ffs_data_put(): freeing
[   97.985669] ffs_data_put(): freeing
[   97.986990] file system registered
[   97.988419] unloading
[   97.996191] ffs_data_put(): freeing
[   97.998272] file system registered
[   97.999920] unloading
[   98.007416] file system registered
[   98.012386] unloading
[   98.025204] ffs_data_put(): freeing
[   98.025370] ffs_data_put(): freeing
[   98.025476] ffs_data_put(): freeing
[   98.028883] file system registered
[   98.031835] unloading
[   98.040138] ffs_data_put(): freeing
[   98.042202] file system registered
[   98.044086] unloading
[   98.049174] ffs_data_put(): freeing
[   98.049320] ffs_data_put(): freeing
[   98.052889] file system registered
[   98.054352] unloading
[   98.062375] ffs_data_put(): freeing
[   98.065106] file system registered
[   98.067385] unloading
[   98.075156] ffs_data_put(): freeing
[   98.077895] file system registered
[   98.080313] unloading
[   98.091327] file system registered
[   98.094098] unloading
[   98.103162] ffs_data_put(): freeing
[   98.105358] file system registered
[   98.107329] unloading
[   98.115292] ffs_data_put(): freeing
[   98.117036] file system registered
[   98.119223] unloading
[   98.129120] ffs_data_put(): freeing
[   98.129214] ffs_data_put(): freeing
[   98.131753] file system registered
[   98.134052] unloading
[   98.141078] ffs_data_put(): freeing
[   98.143079] file system registered
[   98.145075] unloading
[   98.160455] ffs_data_put(): freeing
[   98.161113] ffs_data_put(): freeing
[   98.161319] ffs_data_put(): freeing
[   98.163369] file system registered
[   98.165801] unloading
[   98.176928] file system registered
[   98.181848] unloading
[   98.188090] ffs_data_put(): freeing
[   98.190062] file system registered
[   98.192149] unloading
[   98.201389] ffs_data_put(): freeing
[   98.201429] ffs_data_put(): freeing
[   98.202954] file system registered
[   98.204402] unloading
[   98.207340] ffs_data_put(): freeing
[   98.210837] file system registered
[   98.214408] unloading
[   98.223400] ffs_data_put(): freeing
[   98.225867] file system registered
[   98.228051] unloading
[   98.235217] ffs_data_put(): freeing
[   98.235827] ffs_data_put(): freeing
[   98.237129] file system registered
[   98.239230] unloading
[   98.244366] ffs_data_put(): freeing
[   98.244508] ffs_data_put(): freeing
[   98.246864] file system registered
[   98.249201] unloading
[   98.254334] ffs_data_put(): freeing
[   98.255488] ffs_data_put(): freeing
[   98.256434] file system registered
[   98.258448] unloading
[   98.265367] ffs_data_put(): freeing
[   98.270900] file system registered
[   98.273431] unloading
[   98.281236] ffs_data_put(): freeing
[   98.281310] ffs_data_put(): freeing
[   98.284172] file system registered
[   98.286135] unloading
[   98.297362] file system registered
[   98.299250] unloading
[   98.312240] ffs_data_put(): freeing
[   98.312367] ffs_data_put(): freeing
[   98.314065] file system registered
[   98.315099] unloading
[   98.321196] ffs_data_put(): freeing
[   98.324577] file system registered
[   98.326456] unloading
[   98.331435] ffs_data_put(): freeing
[   98.335182] file system registered
[   98.337706] unloading
[   98.346225] file system registered
[   98.348392] unloading
[   98.353208] ffs_data_put(): freeing
[   98.356940] file system registered
[   98.359279] unloading
[   98.366308] ffs_data_put(): freeing
[   98.366414] ffs_data_put(): freeing
[   98.369158] file system registered
[   98.371730] unloading
[   98.384729] ffs_data_put(): freeing
[   98.385123] ffs_data_put(): freeing
[   98.387127] file system registered
[   98.389609] unloading
[   98.397381] ffs_data_put(): freeing
[   98.397944] ffs_data_put(): freeing
[   98.400356] file system registered
[   98.404495] unloading
[   98.411246] ffs_data_put(): freeing
[   98.413845] file system registered
[   98.416267] unloading
[   98.424152] file system registered
[   98.427054] unloading
[   98.434321] ffs_data_put(): freeing
[   98.434447] ffs_data_put(): freeing
[   98.435043] ffs_data_put(): freeing
[   98.437051] file system registered
[   98.439336] unloading
[   98.448200] ffs_data_put(): freeing
[   98.450711] file system registered
[   98.452257] unloading
[   98.464486] ffs_data_put(): freeing
[   98.464732] ffs_data_put(): freeing
[   98.467899] file system registered
[   98.470890] unloading
[   98.478487] ffs_data_put(): freeing
[   98.479489] ffs_data_put(): freeing
[   98.479811] ffs_data_put(): freeing
[   98.481123] file system registered
[   98.484058] unloading
[   98.492442] ffs_data_put(): freeing
[   98.493038] ffs_data_put(): freeing
[   98.495037] file system registered
[   98.497812] unloading
[   98.503775] ffs_data_put(): freeing
[   98.504056] ffs_data_put(): freeing
[   98.507206] file system registered
[   98.510993] unloading
[   98.518310] ffs_data_put(): freeing
[   98.518426] ffs_data_put(): freeing
[   98.521864] file system registered
[   98.524928] unloading
[   98.531996] ffs_data_put(): freeing
[   98.533953] file system registered
[   98.537050] unloading
[   98.543348] ffs_data_put(): freeing
[   98.543447] ffs_data_put(): freeing
[   98.545226] file system registered
[   98.547122] unloading
[   98.552872] ffs_data_put(): freeing
[   98.553012] ffs_data_put(): freeing
[   98.555100] file system registered
[   98.557199] unloading
[   98.564177] ffs_data_put(): freeing
[   98.566317] file system registered
[   98.568314] unloading
[   98.576836] ffs_data_put(): freeing
[   98.579778] file system registered
[   98.581141] unloading
[   98.596327] ffs_data_put(): freeing
[   98.596721] ffs_data_put(): freeing
[   98.596768] ffs_data_put(): freeing
[   98.598501] file system registered
[   98.602122] unloading
[   98.611466] ffs_data_put(): freeing
[   98.611828] ffs_data_put(): freeing
[   98.611944] ffs_data_put(): freeing
[   98.615345] file system registered
[   98.618078] unloading
[   98.626298] ffs_data_put(): freeing
[   98.628958] file system registered
[   98.630887] unloading
[   98.646478] ffs_data_put(): freeing
[   98.649901] file system registered
[   98.653199] unloading
[   98.660104] ffs_data_put(): freeing
[   98.660391] ffs_data_put(): freeing
[   98.660680] ffs_data_put(): freeing
[   98.662138] file system registered
[   98.664642] unloading
[   98.677286] ffs_data_put(): freeing
[   98.677864] ffs_data_put(): freeing
[   98.678267] ffs_data_put(): freeing
[   98.680295] file system registered
[   98.684186] unloading
[   98.690822] ffs_data_put(): freeing
[   98.691731] ffs_data_put(): freeing
[   98.695475] file system registered
[   98.699198] unloading
[   98.710154] file system registered
[   98.713461] unloading
[   98.720272] ffs_data_put(): freeing
[   98.723146] file system registered
[   98.725339] unloading
[   98.731240] ffs_data_put(): freeing
[   98.731327] ffs_data_put(): freeing
[   98.733272] file system registered
[   98.734843] unloading
[   98.745492] ffs_data_put(): freeing
[   98.746063] ffs_data_put(): freeing
[   98.747841] file system registered
[   98.750276] unloading
[   98.758440] ffs_data_put(): freeing
[   98.762438] file system registered
[   98.764965] unloading
[   98.776165] file system registered
[   98.778115] unloading
[   98.785191] ffs_data_put(): freeing
[   98.785327] ffs_data_put(): freeing
[   98.787805] file system registered
[   98.789035] unloading
[   98.794111] ffs_data_put(): freeing
[   98.794224] ffs_data_put(): freeing
[   98.796210] file system registered
[   98.797895] unloading
[   98.803108] ffs_data_put(): freeing
[   98.803291] ffs_data_put(): freeing
[   98.805379] file system registered
[   98.810435] unloading
[   98.818240] ffs_data_put(): freeing
[   98.821051] file system registered
[   98.823214] unloading
[   98.830304] ffs_data_put(): freeing
[   98.830432] ffs_data_put(): freeing
[   98.830749] ffs_data_put(): freeing
[   98.832822] file system registered
[   98.834888] unloading
[   98.843903] file system registered
[   98.846023] unloading
[   98.853286] ffs_data_put(): freeing
[   98.853449] ffs_data_put(): freeing
[   98.853976] ffs_data_put(): freeing
[   98.855867] file system registered
[   98.857286] unloading
[   98.862225] ffs_data_put(): freeing
[   98.864748] file system registered
[   98.866467] unloading
[   98.874378] ffs_data_put(): freeing
[   98.874730] ffs_data_put(): freeing
[   98.876459] file system registered
[   98.879748] unloading
[   98.887374] ffs_data_put(): freeing
[   98.890088] file system registered
[   98.892064] unloading
[   98.899272] ffs_data_put(): freeing
[   98.899455] ffs_data_put(): freeing
[   98.901984] file system registered
[   98.904236] unloading
[   98.911297] ffs_data_put(): freeing
[   98.911392] ffs_data_put(): freeing
[   98.913163] file system registered
[   98.915094] unloading
[   98.923289] ffs_data_put(): freeing
[   98.923464] ffs_data_put(): freeing
[   98.925846] file system registered
[   98.927459] unloading
[   98.935326] ffs_data_put(): freeing
[   98.935444] ffs_data_put(): freeing
[   98.937440] file system registered
[   98.939297] unloading
[   98.948280] file system registered
[   98.950283] unloading
[   98.959188] ffs_data_put(): freeing
[   98.961269] file system registered
[   98.962421] unloading
[   98.968388] ffs_data_put(): freeing
[   98.971806] file system registered
[   98.976206] unloading
[   98.982047] ffs_data_put(): freeing
[   98.984439] file system registered
[   98.986168] unloading
[   98.991206] ffs_data_put(): freeing
[   98.991321] ffs_data_put(): freeing
[   98.993299] file system registered
[   98.995268] unloading
[   99.002213] ffs_data_put(): freeing
[   99.002366] ffs_data_put(): freeing
[   99.002443] ffs_data_put(): freeing
[   99.004851] file system registered
[   99.007223] unloading
[   99.016955] file system registered
[   99.019345] unloading
[   99.024139] ffs_data_put(): freeing
[   99.024295] ffs_data_put(): freeing
[   99.024491] ffs_data_put(): freeing
[   99.025019] ffs_data_put(): freeing
[   99.026500] file system registered
[   99.029049] unloading
[   99.036169] ffs_data_put(): freeing
[   99.036316] ffs_data_put(): freeing
[   99.038281] file system registered
[   99.040170] unloading
[   99.050200] ffs_data_put(): freeing
[   99.052381] file system registered
[   99.054471] unloading
[   99.061196] ffs_data_put(): freeing
[   99.063293] file system registered
[   99.065428] unloading
[   99.073435] ffs_data_put(): freeing
[   99.074066] ffs_data_put(): freeing
[   99.074171] ffs_data_put(): freeing
[   99.075482] file system registered
[   99.077196] unloading
[   99.082347] ffs_data_put(): freeing
[   99.082447] ffs_data_put(): freeing
[   99.085709] file system registered
[   99.087954] unloading
[   99.095297] ffs_data_put(): freeing
[   99.095633] ffs_data_put(): freeing
[   99.095749] ffs_data_put(): freeing
[   99.098353] file system registered
[   99.101453] unloading
[   99.108182] file system registered
[   99.110083] unloading
[   99.119176] ffs_data_put(): freeing
[   99.122413] file system registered
[   99.124723] unloading
[   99.130316] ffs_data_put(): freeing
[   99.132352] file system registered
[   99.134146] unloading
[   99.139374] ffs_data_put(): freeing
[   99.141709] file system registered
[   99.143737] unloading
[   99.149218] ffs_data_put(): freeing
[   99.152005] file system registered
[   99.152909] unloading
[   99.157079] ffs_data_put(): freeing
[   99.159094] file system registered
[   99.161187] unloading
[   99.167138] ffs_data_put(): freeing
[   99.167277] ffs_data_put(): freeing
[   99.167369] ffs_data_put(): freeing
[   99.169258] file system registered
[   99.171318] unloading
[   99.182140] ffs_data_put(): freeing
[   99.184486] file system registered
[   99.186131] unloading
[   99.197378] file system registered
[   99.199202] unloading
[   99.204054] ffs_data_put(): freeing
[   99.204168] ffs_data_put(): freeing
[   99.207009] file system registered
[   99.208371] unloading
[   99.216453] file system registered
[   99.217834] unloading
[   99.223186] ffs_data_put(): freeing
[   99.224435] file system registered
[   99.226220] unloading
[   99.233251] ffs_data_put(): freeing
[   99.233358] ffs_data_put(): freeing
[   99.236171] file system registered
[   99.238219] unloading
[   99.244250] ffs_data_put(): freeing
[   99.244398] ffs_data_put(): freeing
[   99.246913] file system registered
[   99.249006] unloading
[   99.258257] ffs_data_put(): freeing
[   99.258367] ffs_data_put(): freeing
[   99.262065] file system registered
[   99.267267] unloading
[   99.276338] file system registered
[   99.279228] unloading
[   99.288300] file system registered
[   99.289826] unloading
[   99.298018] file system registered
[   99.299848] unloading
[   99.310086] ffs_data_put(): freeing
[   99.312870] file system registered
[   99.315877] unloading
[   99.323229] ffs_data_put(): freeing
[   99.327769] file system registered
[   99.330215] unloading
[   99.337098] ffs_data_put(): freeing
[   99.337344] ffs_data_put(): freeing
[   99.337424] ffs_data_put(): freeing
[   99.338938] file system registered
[   99.340911] unloading
[   99.352421] ffs_data_put(): freeing
[   99.352762] ffs_data_put(): freeing
[   99.352989] ffs_data_put(): freeing
[   99.353100] ffs_data_put(): freeing
[   99.356129] file system registered
[   99.359084] unloading
[   99.370445] ffs_data_put(): freeing
[   99.373300] file system registered
[   99.376983] unloading
[   99.383331] ffs_data_put(): freeing
[   99.386773] file system registered
[   99.389912] unloading
[   99.397237] ffs_data_put(): freeing
[   99.397438] file system registered
[   99.399400] unloading
[   99.408201] ffs_data_put(): freeing
[   99.413436] file system registered
[   99.417304] ffs_data_put(): freeing
[   99.419433] unloading
[   99.428175] ffs_data_put(): freeing
[   99.428338] ffs_data_put(): freeing
[   99.428488] ffs_data_put(): freeing
[   99.430890] file system registered
[   99.433236] unloading
[   99.440401] ffs_data_put(): freeing
[   99.440796] ffs_data_put(): freeing
[   99.440911] ffs_data_put(): freeing
[   99.443369] file system registered
[   99.445842] unloading
[   99.453477] ffs_data_put(): freeing
[   99.454104] ffs_data_put(): freeing
[   99.456122] file system registered
[   99.458314] unloading
[   99.470384] ffs_data_put(): freeing
[   99.474154] file system registered
[   99.478547] unloading
[   99.486324] ffs_data_put(): freeing
[   99.487798] ffs_data_put(): freeing
[   99.489337] file system registered
[   99.491239] unloading
[   99.498311] ffs_data_put(): freeing
[   99.501553] file system registered
[   99.503965] unloading
[   99.512234] ffs_data_put(): freeing
[   99.515799] file system registered
[   99.518933] unloading
[   99.527304] ffs_data_put(): freeing
[   99.527466] ffs_data_put(): freeing
[   99.530306] file system registered
[   99.533113] unloading
[   99.542241] ffs_data_put(): freeing
[   99.542409] ffs_data_put(): freeing
[   99.545347] file system registered
[   99.548089] unloading
[   99.554090] ffs_data_put(): freeing
[   99.554285] ffs_data_put(): freeing
[   99.555768] file system registered
[   99.557479] unloading
[   99.563486] ffs_data_put(): freeing
[   99.563779] ffs_data_put(): freeing
[   99.565709] file system registered
[   99.567922] unloading
[   99.581437] ffs_data_put(): freeing
[   99.581815] ffs_data_put(): freeing
[   99.585348] file system registered
[   99.587799] unloading
[   99.595447] ffs_data_put(): freeing
[   99.597925] file system registered
[   99.600185] unloading
[   99.606421] ffs_data_put(): freeing
[   99.607228] ffs_data_put(): freeing
[   99.608416] file system registered
[   99.610351] unloading
[   99.618140] ffs_data_put(): freeing
[   99.618403] ffs_data_put(): freeing
[   99.619154] ffs_data_put(): freeing
[   99.619344] file system registered
[   99.619821] ffs_data_put(): freeing
[   99.621334] unloading
[   99.626284] ffs_data_put(): freeing
[   99.626844] ffs_data_put(): freeing
[   99.626964] ffs_data_put(): freeing
[   99.629435] file system registered
[   99.631985] unloading
[   99.643890] ffs_data_put(): freeing
[   99.644102] ffs_data_put(): freeing
[   99.648475] file system registered
[   99.653334] ffs_data_put(): freeing
[   99.653469] unloading
[   99.664018] ffs_data_put(): freeing
[   99.667136] file system registered
[   99.671714] unloading
[   99.679475] ffs_data_put(): freeing
[   99.682108] file system registered
[   99.683364] unloading
[   99.692289] ffs_data_put(): freeing
[   99.696367] file system registered
[   99.698247] unloading
[   99.706942] file system registered
[   99.710289] unloading
[   99.718195] ffs_data_put(): freeing
[   99.721093] file system registered
[   99.723449] unloading
[   99.735188] ffs_data_put(): freeing
[   99.735801] ffs_data_put(): freeing
[   99.735916] ffs_data_put(): freeing
[   99.737888] file system registered
[   99.740302] unloading
[   99.752212] file system registered
[   99.755929] unloading
[   99.765325] ffs_data_put(): freeing
[   99.765754] ffs_data_put(): freeing
[   99.765975] ffs_data_put(): freeing
[   99.767435] file system registered
[   99.770122] unloading
[   99.776470] ffs_data_put(): freeing
[   99.777142] ffs_data_put(): freeing
[   99.777311] ffs_data_put(): freeing
[   99.779400] file system registered
[   99.782870] unloading
[   99.793020] ffs_data_put(): freeing
[   99.795766] file system registered
[   99.798241] unloading
[   99.807137] file system registered
[   99.809227] unloading
[   99.818338] ffs_data_put(): freeing
[   99.821897] file system registered
[   99.823357] unloading
[   99.832253] file system registered
[   99.834508] unloading
[   99.844292] ffs_data_put(): freeing
[   99.844390] ffs_data_put(): freeing
[   99.846891] file system registered
[   99.849447] unloading
[   99.858164] file system registered
[   99.859978] unloading
[   99.864719] ffs_data_put(): freeing
[   99.864783] ffs_data_put(): freeing
[   99.866139] file system registered
[   99.867760] unloading
[   99.872120] ffs_data_put(): freeing
[   99.874432] file system registered
[   99.876190] unloading
[   99.884204] ffs_data_put(): freeing
[   99.884338] ffs_data_put(): freeing
[   99.886936] file system registered
[   99.888471] unloading
[   99.896104] ffs_data_put(): freeing
[   99.896217] ffs_data_put(): freeing
[   99.898324] file system registered
[   99.900076] unloading
[   99.913969] ffs_data_put(): freeing
[   99.914478] ffs_data_put(): freeing
[   99.917153] file system registered
[   99.920352] unloading
[   99.931349] file system registered
[   99.933481] unloading
[   99.943306] ffs_data_put(): freeing
[   99.946841] file system registered
[   99.948428] unloading
[   99.957227] file system registered
[   99.959081] unloading
[   99.964224] ffs_data_put(): freeing
[   99.966361] file system registered
[   99.967957] unloading
[   99.975436] ffs_data_put(): freeing
[   99.975716] ffs_data_put(): freeing
[   99.977254] file system registered
[   99.978922] unloading
[   99.984240] ffs_data_put(): freeing
[   99.984408] ffs_data_put(): freeing
[   99.985463] ffs_data_put(): freeing
[   99.988478] file system registered
[   99.990407] unloading
[   99.999339] file system registered
[  100.002209] unloading
[  100.007511] ffs_data_put(): freeing
[  100.007736] ffs_data_put(): freeing
[  100.009101] file system registered
[  100.010451] unloading
[  100.019452] ffs_data_put(): freeing
[  100.021219] file system registered
[  100.022988] unloading
[  100.028912] ffs_data_put(): freeing
[  100.029018] ffs_data_put(): freeing
[  100.030891] file system registered
[  100.032953] unloading
[  100.042222] file system registered
[  100.043955] unloading
[  100.049146] ffs_data_put(): freeing
[  100.051338] file system registered
[  100.052318] unloading
[  100.058210] ffs_data_put(): freeing
[  100.058291] ffs_data_put(): freeing
[  100.060353] file system registered
[  100.061947] unloading
[  100.069792] file system registered
[  100.071111] unloading
[  100.078193] ffs_data_put(): freeing
[  100.080755] file system registered
[  100.083018] unloading
[  100.092353] file system registered
[  100.094236] unloading
[  100.103436] file system registered
[  100.105079] unloading
[  100.113036] ffs_data_put(): freeing
[  100.113318] ffs_data_put(): freeing
[  100.115074] file system registered
[  100.116898] unloading
[  100.126187] ffs_data_put(): freeing
[  100.126303] ffs_data_put(): freeing
[  100.128251] file system registered
[  100.130417] unloading
[  100.139191] ffs_data_put(): freeing
[  100.139450] ffs_data_put(): freeing
[  100.141521] file system registered
[  100.143795] unloading
[  100.154920] ffs_data_put(): freeing
[  100.155477] ffs_data_put(): freeing
[  100.158049] file system registered
[  100.162026] unloading
[  100.173975] ffs_data_put(): freeing
[  100.177013] ffs_data_put(): freeing
[  100.178508] file system registered
[  100.184087] unloading
[  100.193446] ffs_data_put(): freeing
[  100.193944] ffs_data_put(): freeing
[  100.194282] ffs_data_put(): freeing
[  100.198990] file system registered
[  100.206018] unloading
[  100.215695] ffs_data_put(): freeing
[  100.215970] ffs_data_put(): freeing
[  100.220184] file system registered
[  100.224062] unloading
[  100.234367] ffs_data_put(): freeing
[  100.237422] file system registered
[  100.240399] unloading
[  100.247412] ffs_data_put(): freeing
[  100.251360] file system registered
[  100.254826] unloading
[  100.261784] ffs_data_put(): freeing
[  100.261924] ffs_data_put(): freeing
[  100.264784] file system registered
[  100.268064] unloading
[  100.276320] ffs_data_put(): freeing
[  100.278292] file system registered
[  100.281010] unloading
[  100.287236] ffs_data_put(): freeing
[  100.287366] ffs_data_put(): freeing
[  100.289881] file system registered
[  100.291816] unloading
[  100.300156] ffs_data_put(): freeing
[  100.300277] ffs_data_put(): freeing
[  100.302385] file system registered
[  100.304497] unloading
[  100.312202] ffs_data_put(): freeing
[  100.314116] file system registered
[  100.316035] unloading
[  100.323020] ffs_data_put(): freeing
[  100.324530] file system registered
[  100.326197] unloading
[  100.334528] file system registered
[  100.336095] unloading
[  100.344359] ffs_data_put(): freeing
[  100.344442] ffs_data_put(): freeing
[  100.347439] file system registered
[  100.349211] unloading
[  100.357358] ffs_data_put(): freeing
[  100.358372] file system registered
[  100.360376] unloading
[  100.368283] ffs_data_put(): freeing
[  100.371281] file system registered
[  100.372870] unloading
[  100.383346] file system registered
[  100.385031] unloading
[  100.393765] file system registered
[  100.395779] unloading
[  100.403066] ffs_data_put(): freeing
[  100.403288] ffs_data_put(): freeing
[  100.403371] ffs_data_put(): freeing
[  100.405129] file system registered
[  100.407278] unloading
[  100.420326] ffs_data_put(): freeing
[  100.420911] ffs_data_put(): freeing
[  100.422914] file system registered
[  100.425748] unloading
[  100.434303] ffs_data_put(): freeing
[  100.434983] ffs_data_put(): freeing
[  100.435404] ffs_data_put(): freeing
[  100.438177] file system registered
[  100.442251] unloading
[  100.450356] ffs_data_put(): freeing
[  100.451061] ffs_data_put(): freeing
[  100.451977] ffs_data_put(): freeing
[  100.452340] file system registered
[  100.454407] unloading
[  100.469316] file system registered
[  100.475091] unloading
[  100.486174] file system registered
[  100.488694] unloading
[  100.494103] ffs_data_put(): freeing
[  100.496028] file system registered
[  100.497381] unloading
[  100.505466] ffs_data_put(): freeing
[  100.506218] ffs_data_put(): freeing
[  100.506988] file system registered
[  100.508289] unloading
[  100.515086] ffs_data_put(): freeing
[  100.517900] file system registered
[  100.520176] unloading
[  100.529131] file system registered
[  100.531093] unloading
[  100.540317] file system registered
[  100.542976] unloading
[  100.550161] ffs_data_put(): freeing
[  100.550306] ffs_data_put(): freeing
[  100.550407] ffs_data_put(): freeing
[  100.552763] file system registered
[  100.554481] unloading
[  100.564216] ffs_data_put(): freeing
[  100.566334] file system registered
[  100.568451] unloading
[  100.578482] ffs_data_put(): freeing
[  100.580313] file system registered
[  100.582294] unloading
[  100.587365] ffs_data_put(): freeing
[  100.587455] ffs_data_put(): freeing
[  100.590907] file system registered
[  100.592915] unloading
[  100.597328] ffs_data_put(): freeing
[  100.600880] file system registered
[  100.602359] unloading
[  100.609960] file system registered
[  100.611776] unloading
[  100.617145] ffs_data_put(): freeing
[  100.620041] file system registered
[  100.622348] unloading
[  100.633154] ffs_data_put(): freeing
[  100.633360] ffs_data_put(): freeing
[  100.633485] ffs_data_put(): freeing
[  100.635435] file system registered
[  100.638426] unloading
[  100.644395] ffs_data_put(): freeing
[  100.647351] file system registered
[  100.650085] unloading
[  100.657669] file system registered
[  100.659233] unloading
[  100.669459] ffs_data_put(): freeing
[  100.673181] file system registered
[  100.676752] unloading
[  100.685282] ffs_data_put(): freeing
[  100.685402] ffs_data_put(): freeing
[  100.687443] file system registered
[  100.689073] unloading
[  100.700027] ffs_data_put(): freeing
[  100.703248] file system registered
[  100.706048] unloading
[  100.717431] file system registered
[  100.720129] unloading
[  100.728288] ffs_data_put(): freeing
[  100.729475] ffs_data_put(): freeing
[  100.730914] file system registered
[  100.732868] unloading
[  100.743363] ffs_data_put(): freeing
[  100.743471] ffs_data_put(): freeing
[  100.746260] file system registered
[  100.750129] unloading
[  100.757629] file system registered
[  100.759162] unloading
[  100.769389] file system registered
[  100.771228] unloading
[  100.776268] ffs_data_put(): freeing
[  100.776348] ffs_data_put(): freeing
[  100.778478] file system registered
[  100.780920] unloading
[  100.793430] ffs_data_put(): freeing
[  100.794105] ffs_data_put(): freeing
[  100.794235] ffs_data_put(): freeing
[  100.796235] file system registered
[  100.798886] unloading
[  100.804452] ffs_data_put(): freeing
[  100.804737] ffs_data_put(): freeing
[  100.807271] file system registered
[  100.810276] unloading
[  100.820449] ffs_data_put(): freeing
[  100.820676] ffs_data_put(): freeing
[  100.820850] ffs_data_put(): freeing
[  100.823471] file system registered
[  100.827234] unloading
[  100.836412] ffs_data_put(): freeing
[  100.839920] file system registered
[  100.843163] unloading
[  100.853451] ffs_data_put(): freeing
[  100.853694] ffs_data_put(): freeing
[  100.859051] file system registered
[  100.863317] unloading
[  100.872738] file system registered
[  100.875213] unloading
[  100.882328] ffs_data_put(): freeing
[  100.886291] file system registered
[  100.889483] ffs_data_put(): freeing
[  100.892371] ffs_data_put(): freeing
[  100.893714] ffs_data_put(): freeing
[  100.895103] unloading
[  100.901185] ffs_data_put(): freeing
[  100.901303] ffs_data_put(): freeing
[  100.901418] ffs_data_put(): freeing
[  100.903795] file system registered
[  100.905231] unloading
[  100.914472] ffs_data_put(): freeing
[  100.916850] file system registered
[  100.919150] unloading
[  100.929823] file system registered
[  100.931434] unloading
[  100.941191] ffs_data_put(): freeing
[  100.941271] ffs_data_put(): freeing
[  100.943496] file system registered
[  100.945401] unloading
[  100.954388] ffs_data_put(): freeing
[  100.954509] ffs_data_put(): freeing
[  100.958411] file system registered
[  100.960892] unloading
[  100.967285] ffs_data_put(): freeing
[  100.969275] file system registered
[  100.971146] unloading
[  100.980142] ffs_data_put(): freeing
[  100.980252] ffs_data_put(): freeing
[  100.982769] file system registered
[  100.984481] unloading
[  100.993250] ffs_data_put(): freeing
[  100.993348] ffs_data_put(): freeing
[  100.996096] file system registered
[  100.998422] unloading
[  101.004244] ffs_data_put(): freeing
[  101.007058] file system registered
[  101.009160] unloading
[  101.016353] ffs_data_put(): freeing
[  101.018532] file system registered
[  101.020170] unloading
[  101.028299] ffs_data_put(): freeing
[  101.031457] file system registered
[  101.034468] unloading
[  101.043251] ffs_data_put(): freeing
[  101.043411] ffs_data_put(): freeing
[  101.045199] file system registered
[  101.046743] unloading
[  101.055354] ffs_data_put(): freeing
[  101.055812] ffs_data_put(): freeing
[  101.056932] file system registered
[  101.059137] unloading
[  101.075472] ffs_data_put(): freeing
[  101.075866] ffs_data_put(): freeing
[  101.076396] ffs_data_put(): freeing
[  101.079076] file system registered
[  101.083410] unloading
[  101.091851] ffs_data_put(): freeing
[  101.093225] ffs_data_put(): freeing
[  101.093385] ffs_data_put(): freeing
[  101.095041] file system registered
[  101.098068] unloading
[  101.105872] ffs_data_put(): freeing
[  101.106061] ffs_data_put(): freeing
[  101.106171] ffs_data_put(): freeing
[  101.110046] file system registered
[  101.113744] unloading
[  101.121266] ffs_data_put(): freeing
[  101.124399] file system registered
[  101.128251] unloading
[  101.138453] file system registered
[  101.140738] unloading
[  101.148213] ffs_data_put(): freeing
[  101.151849] file system registered
[  101.154090] unloading
[  101.163172] file system registered
[  101.165347] unloading
[  101.175340] file system registered
[  101.177350] unloading
[  101.183180] ffs_data_put(): freeing
[  101.184923] file system registered
[  101.186277] unloading
[  101.192393] ffs_data_put(): freeing
[  101.195229] file system registered
[  101.197379] unloading
[  101.205145] ffs_data_put(): freeing
[  101.208285] file system registered
[  101.211093] ffs_data_put(): freeing
[  101.211451] unloading
[  101.216139] ffs_data_put(): freeing
[  101.218468] file system registered
[  101.220801] unloading
[  101.230250] ffs_data_put(): freeing
[  101.235749] file system registered
[  101.238205] unloading
[  101.247125] ffs_data_put(): freeing
[  101.250056] file system registered
[  101.253126] unloading
[  101.261414] file system registered
[  101.263398] unloading
[  101.271223] ffs_data_put(): freeing
[  101.271401] ffs_data_put(): freeing
[  101.272261] ffs_data_put(): freeing
[  101.273416] file system registered
[  101.275037] unloading
[  101.286163] file system registered
[  101.288401] unloading
[  101.295312] file system registered
[  101.297260] unloading
[  101.306348] ffs_data_put(): freeing
[  101.306456] ffs_data_put(): freeing
[  101.306872] ffs_data_put(): freeing
[  101.308897] file system registered
[  101.311943] unloading
[  101.318310] ffs_data_put(): freeing
[  101.320385] file system registered
[  101.322198] unloading
[  101.327383] ffs_data_put(): freeing
[  101.327492] ffs_data_put(): freeing
[  101.331040] file system registered
[  101.335120] unloading
[  101.344168] ffs_data_put(): freeing
[  101.346338] file system registered
[  101.348306] unloading
[  101.354069] ffs_data_put(): freeing
[  101.356586] file system registered
[  101.358220] unloading
[  101.365357] ffs_data_put(): freeing
[  101.365444] ffs_data_put(): freeing
[  101.368094] file system registered
[  101.370449] unloading
[  101.378188] ffs_data_put(): freeing
[  101.378382] ffs_data_put(): freeing
[  101.381036] file system registered
[  101.383267] unloading
[  101.389259] ffs_data_put(): freeing
[  101.389458] ffs_data_put(): freeing
[  101.391786] file system registered
[  101.393720] unloading
[  101.402481] ffs_data_put(): freeing
[  101.404450] file system registered
[  101.406179] unloading
[  101.416122] ffs_data_put(): freeing
[  101.419386] file system registered
[  101.421437] unloading
[  101.429047] file system registered
[  101.431087] unloading
[  101.439302] file system registered
[  101.441274] unloading
[  101.451390] ffs_data_put(): freeing
[  101.451823] ffs_data_put(): freeing
[  101.454102] file system registered
[  101.454301] ffs_data_put(): freeing
[  101.456303] unloading
[  101.465258] ffs_data_put(): freeing
[  101.467775] file system registered
[  101.470478] unloading
[  101.485215] ffs_data_put(): freeing
[  101.485340] ffs_data_put(): freeing
[  101.487290] file system registered
[  101.489357] unloading
[  101.498481] ffs_data_put(): freeing
[  101.500834] file system registered
[  101.503516] unloading
[  101.512466] ffs_data_put(): freeing
[  101.514887] file system registered
[  101.517149] unloading
[  101.524339] ffs_data_put(): freeing
[  101.524434] ffs_data_put(): freeing
[  101.526937] file system registered
[  101.529919] unloading
[  101.537436] ffs_data_put(): freeing
[  101.538985] ffs_data_put(): freeing
[  101.540338] file system registered
[  101.543396] unloading
[  101.552317] ffs_data_put(): freeing
[  101.554848] file system registered
[  101.557550] unloading
[  101.568871] ffs_data_put(): freeing
[  101.571321] file system registered
[  101.574005] unloading
[  101.584422] file system registered
[  101.586344] unloading
[  101.593377] file system registered
[  101.595531] unloading
[  101.602244] ffs_data_put(): freeing
[  101.602328] ffs_data_put(): freeing
[  101.604900] file system registered
[  101.607276] unloading
[  101.613228] ffs_data_put(): freeing
[  101.613329] ffs_data_put(): freeing
[  101.615267] file system registered
[  101.617905] unloading
[  101.625127] ffs_data_put(): freeing
[  101.625234] ffs_data_put(): freeing
[  101.625798] ffs_data_put(): freeing
[  101.627831] file system registered
[  101.630244] unloading
[  101.640479] file system registered
[  101.643306] unloading
[  101.657343] ffs_data_put(): freeing
[  101.657421] ffs_data_put(): freeing
[  101.661363] file system registered
[  101.663479] unloading
[  101.669100] ffs_data_put(): freeing
[  101.671853] file system registered
[  101.674400] unloading
[  101.681215] ffs_data_put(): freeing
[  101.684136] file system registered
[  101.686412] unloading
[  101.697143] ffs_data_put(): freeing
[  101.697264] ffs_data_put(): freeing
[  101.699353] file system registered
[  101.701464] unloading
[  101.709296] ffs_data_put(): freeing
[  101.712451] file system registered
[  101.715357] unloading
[  101.720295] ffs_data_put(): freeing
[  101.723807] file system registered
[  101.725250] unloading
[  101.735483] file system registered
[  101.737098] unloading
[  101.748339] file system registered
[  101.749918] unloading
[  101.761971] file system registered
[  101.764735] unloading
[  101.770149] ffs_data_put(): freeing
[  101.772263] file system registered
[  101.774360] unloading
[  101.784306] ffs_data_put(): freeing
[  101.784407] ffs_data_put(): freeing
[  101.788089] file system registered
[  101.790479] unloading
[  101.796135] ffs_data_put(): freeing
[  101.798458] file system registered
[  101.800955] unloading
[  101.808114] ffs_data_put(): freeing
[  101.810474] file system registered
[  101.813375] unloading
[  101.822425] file system registered
[  101.824456] unloading
[  101.838284] ffs_data_put(): freeing
[  101.838376] ffs_data_put(): freeing
[  101.841462] file system registered
[  101.843802] unloading
[  101.851192] ffs_data_put(): freeing
[  101.853829] file system registered
[  101.855990] unloading
[  101.864290] ffs_data_put(): freeing
[  101.864388] ffs_data_put(): freeing
[  101.866863] file system registered
[  101.869062] unloading
[  101.876463] ffs_data_put(): freeing
[  101.876713] ffs_data_put(): freeing
[  101.878200] file system registered
[  101.880300] unloading
[  101.889328] ffs_data_put(): freeing
[  101.889450] ffs_data_put(): freeing
[  101.889852] ffs_data_put(): freeing
[  101.892792] file system registered
[  101.896409] ffs_data_put(): freeing
[  101.897004] unloading
[  101.905268] ffs_data_put(): freeing
[  101.905816] file system registered
[  101.907406] unloading
[  101.916404] file system registered
[  101.919434] unloading
[  101.929228] ffs_data_put(): freeing
[  101.931677] file system registered
[  101.934019] unloading
[  101.942403] ffs_data_put(): freeing
[  101.945334] file system registered
[  101.946476] unloading
[  101.951436] ffs_data_put(): freeing
[  101.954211] file system registered
[  101.956175] unloading
[  101.966135] ffs_data_put(): freeing
[  101.968376] file system registered
[  101.970296] unloading
[  101.978197] ffs_data_put(): freeing
[  101.981127] file system registered
[  101.984343] unloading
[  101.991226] ffs_data_put(): freeing
[  101.991386] ffs_data_put(): freeing
[  101.995083] file system registered
[  101.998345] unloading
[  102.005310] ffs_data_put(): freeing
[  102.005487] ffs_data_put(): freeing
[  102.007370] file system registered
[  102.009292] unloading
[  102.016402] ffs_data_put(): freeing
[  102.016769] ffs_data_put(): freeing
[  102.017778] ffs_data_put(): freeing
[  102.020327] file system registered
[  102.022480] unloading
[  102.029282] ffs_data_put(): freeing
[  102.037040] file system registered
[  102.039255] unloading
[  102.046167] ffs_data_put(): freeing
[  102.048302] file system registered
[  102.049394] unloading
[  102.055815] file system registered
[  102.057461] unloading
[  102.068088] file system registered
[  102.070021] unloading
[  102.077823] file system registered
[  102.079270] unloading
[  102.091009] file system registered
[  102.093369] unloading
[  102.102387] ffs_data_put(): freeing
[  102.105892] file system registered
[  102.107953] unloading
[  102.115163] ffs_data_put(): freeing
[  102.117081] file system registered
[  102.118044] unloading
[  102.125854] file system registered
[  102.127347] unloading
[  102.136808] ffs_data_put(): freeing
[  102.138160] file system registered
[  102.140168] unloading
[  102.150268] ffs_data_put(): freeing
[  102.150407] ffs_data_put(): freeing
[  102.152239] file system registered
[  102.154551] unloading
[  102.161289] ffs_data_put(): freeing
[  102.164267] file system registered
[  102.166373] ffs_data_put(): freeing
[  102.166789] unloading
[  102.176851] file system registered
[  102.178315] unloading
[  102.189117] ffs_data_put(): freeing
[  102.191737] file system registered
[  102.193209] unloading
[  102.201194] ffs_data_put(): freeing
[  102.201282] ffs_data_put(): freeing
[  102.203031] file system registered
[  102.204420] unloading
[  102.211223] ffs_data_put(): freeing
[  102.214199] file system registered
[  102.216258] unloading
[  102.223148] ffs_data_put(): freeing
[  102.225459] file system registered
[  102.227348] unloading
[  102.235500] ffs_data_put(): freeing
[  102.239159] file system registered
[  102.241038] unloading
[  102.246210] ffs_data_put(): freeing
[  102.248192] file system registered
[  102.249174] unloading
[  102.255101] ffs_data_put(): freeing
[  102.257446] file system registered
[  102.259868] unloading
[  102.267359] ffs_data_put(): freeing
[  102.269264] file system registered
[  102.271009] unloading
[  102.279216] ffs_data_put(): freeing
[  102.281149] file system registered
[  102.283095] unloading
[  102.288139] ffs_data_put(): freeing
[  102.291023] file system registered
[  102.293553] unloading
[  102.301297] ffs_data_put(): freeing
[  102.303492] file system registered
[  102.304988] unloading
[  102.310760] file system registered
[  102.311849] unloading
[  102.319085] file system registered
[  102.320150] unloading
[  102.329069] file system registered
[  102.330333] unloading
[  102.338315] file system registered
[  102.340031] unloading
[  102.346056] ffs_data_put(): freeing
[  102.348052] file system registered
[  102.349201] unloading
[  102.354031] ffs_data_put(): freeing
[  102.354351] ffs_data_put(): freeing
[  102.355282] file system registered
[  102.356722] ffs_data_put(): freeing
[  102.358074] unloading
[  102.367780] ffs_data_put(): freeing
[  102.367879] ffs_data_put(): freeing
[  102.369305] file system registered
[  102.371209] unloading
[  102.378159] ffs_data_put(): freeing
[  102.378339] ffs_data_put(): freeing
[  102.381002] file system registered
[  102.384949] ffs_data_put(): freeing
[  102.389067] unloading
[  102.395192] ffs_data_put(): freeing
[  102.395360] ffs_data_put(): freeing
[  102.397525] file system registered
[  102.399295] unloading
[  102.409027] ffs_data_put(): freeing
[  102.409120] ffs_data_put(): freeing
[  102.411453] file system registered
[  102.414385] unloading
[  102.424704] ffs_data_put(): freeing
[  102.426314] file system registered
[  102.428314] unloading
[  102.437408] file system registered
[  102.439756] unloading
[  102.447319] ffs_data_put(): freeing
[  102.451068] file system registered
[  102.454045] unloading
[  102.460264] ffs_data_put(): freeing
[  102.462914] file system registered
[  102.464391] unloading
[  102.473424] ffs_data_put(): freeing
[  102.474459] ffs_data_put(): freeing
[  102.476138] file system registered
[  102.478919] unloading
[  102.485484] ffs_data_put(): freeing
[  102.485752] ffs_data_put(): freeing
[  102.488266] file system registered
[  102.490432] unloading
[  102.501122] file system registered
[  102.503971] unloading
[  102.515277] ffs_data_put(): freeing
[  102.515473] ffs_data_put(): freeing
[  102.517373] file system registered
[  102.520146] unloading
[  102.527287] ffs_data_put(): freeing
[  102.527828] ffs_data_put(): freeing
[  102.527823] ffs_data_put(): freeing
[  102.530380] file system registered
[  102.533709] unloading
[  102.543935] file system registered
[  102.546220] unloading
[  102.551343] ffs_data_put(): freeing
[  102.554789] file system registered
[  102.557398] unloading
[  102.566092] ffs_data_put(): freeing
[  102.566337] ffs_data_put(): freeing
[  102.568345] file system registered
[  102.570196] unloading
[  102.579958] ffs_data_put(): freeing
[  102.580213] ffs_data_put(): freeing
[  102.583209] file system registered
[  102.586466] unloading
[  102.592200] ffs_data_put(): freeing
[  102.595250] file system registered
[  102.596989] unloading
[  102.606746] file system registered
[  102.608342] unloading
[  102.614283] ffs_data_put(): freeing
[  102.617961] file system registered
[  102.619463] unloading
[  102.626261] ffs_data_put(): freeing
[  102.629097] file system registered
[  102.631112] unloading
[  102.640056] file system registered
[  102.641898] unloading
[  102.651250] ffs_data_put(): freeing
[  102.651343] ffs_data_put(): freeing
[  102.652924] file system registered
[  102.654154] unloading
[  102.659319] ffs_data_put(): freeing
[  102.661732] file system registered
[  102.663364] unloading
[  102.673265] ffs_data_put(): freeing
[  102.675137] file system registered
[  102.676923] unloading
[  102.681300] ffs_data_put(): freeing
[  102.684016] file system registered
[  102.686201] unloading
[  102.694546] ffs_data_put(): freeing
[  102.699189] file system registered
[  102.702284] unloading
[  102.711151] ffs_data_put(): freeing
[  102.712484] file system registered
[  102.715174] unloading
[  102.721080] ffs_data_put(): freeing
[  102.723484] file system registered
[  102.726812] unloading
[  102.735343] ffs_data_put(): freeing
[  102.736339] ffs_data_put(): freeing
[  102.736708] ffs_data_put(): freeing
[  102.738945] file system registered
[  102.741322] unloading
[  102.746437] ffs_data_put(): freeing
[  102.748015] file system registered
[  102.749226] unloading
[  102.754283] ffs_data_put(): freeing
[  102.754441] ffs_data_put(): freeing
[  102.757013] file system registered
[  102.758397] unloading
[  102.771208] ffs_data_put(): freeing
[  102.773812] file system registered
[  102.775968] unloading
[  102.780265] ffs_data_put(): freeing
[  102.783285] file system registered
[  102.785821] unloading
[  102.796932] file system registered
[  102.798847] unloading
[  102.808243] ffs_data_put(): freeing
[  102.808447] ffs_data_put(): freeing
[  102.809149] ffs_data_put(): freeing
[  102.810836] file system registered
[  102.812302] unloading
[  102.824049] file system registered
[  102.827440] unloading
[  102.833103] ffs_data_put(): freeing
[  102.835284] file system registered
[  102.837992] unloading
[  102.846300] file system registered
[  102.848261] unloading
[  102.857854] file system registered
[  102.860390] unloading
[  102.867160] ffs_data_put(): freeing
[  102.867259] ffs_data_put(): freeing
[  102.869497] file system registered
[  102.871816] unloading
[  102.879803] file system registered
[  102.881375] unloading
[  102.887199] ffs_data_put(): freeing
[  102.887290] ffs_data_put(): freeing
[  102.889933] file system registered
[  102.892462] unloading
[  102.901318] ffs_data_put(): freeing
[  102.901701] ffs_data_put(): freeing
[  102.901783] ffs_data_put(): freeing
[  102.903270] file system registered
[  102.905179] unloading
[  102.916734] ffs_data_put(): freeing
[  102.916731] ffs_data_put(): freeing
[  102.919825] file system registered
[  102.923824] unloading
[  102.933217] ffs_data_put(): freeing
[  102.933457] ffs_data_put(): freeing
[  102.933845] ffs_data_put(): freeing
[  102.935844] file system registered
[  102.939389] unloading
[  102.948051] ffs_data_put(): freeing
[  102.948099] ffs_data_put(): freeing
[  102.951012] file system registered
[  102.953245] unloading
[  102.959413] ffs_data_put(): freeing
[  102.961291] file system registered
[  102.963177] unloading
[  102.971273] ffs_data_put(): freeing
[  102.973954] file system registered
[  102.976143] unloading
[  102.988010] file system registered
[  102.991117] unloading
[  102.999037] ffs_data_put(): freeing
[  103.001483] file system registered
[  103.003468] unloading
[  103.011138] ffs_data_put(): freeing
[  103.011393] ffs_data_put(): freeing
[  103.013175] file system registered
[  103.015028] unloading
[  103.022150] ffs_data_put(): freeing
[  103.022340] ffs_data_put(): freeing
[  103.022456] ffs_data_put(): freeing
[  103.024187] file system registered
[  103.026265] unloading
[  103.037932] ffs_data_put(): freeing
[  103.038198] ffs_data_put(): freeing
[  103.038320] ffs_data_put(): freeing
[  103.041441] file system registered
[  103.044277] unloading
[  103.053233] file system registered
[  103.056869] unloading
[  103.066793] ffs_data_put(): freeing
[  103.070154] file system registered
[  103.072372] unloading
[  103.081346] ffs_data_put(): freeing
[  103.083250] file system registered
[  103.084228] unloading
[  103.091263] ffs_data_put(): freeing
[  103.091365] ffs_data_put(): freeing
[  103.093338] file system registered
[  103.096452] unloading
[  103.110115] file system registered
[  103.113276] unloading
[  103.120153] ffs_data_put(): freeing
[  103.120249] ffs_data_put(): freeing
[  103.122242] file system registered
[  103.124122] unloading
[  103.131305] file system registered
[  103.133464] unloading
[  103.141108] ffs_data_put(): freeing
[  103.141209] ffs_data_put(): freeing
[  103.142789] file system registered
[  103.144032] unloading
[  103.155305] file system registered
[  103.157237] unloading
[  103.163020] ffs_data_put(): freeing
[  103.165449] file system registered
[  103.167122] unloading
[  103.178471] file system registered
[  103.181290] unloading
[  103.188172] ffs_data_put(): freeing
[  103.188266] ffs_data_put(): freeing
[  103.190268] file system registered
[  103.191840] unloading
[  103.200206] ffs_data_put(): freeing
[  103.202078] file system registered
[  103.203195] unloading
[  103.208065] ffs_data_put(): freeing
[  103.210418] file system registered
[  103.212291] unloading
[  103.222274] ffs_data_put(): freeing
[  103.224407] file system registered
[  103.226212] unloading
[  103.239249] ffs_data_put(): freeing
[  103.240013] ffs_data_put(): freeing
[  103.240300] ffs_data_put(): freeing
[  103.241842] file system registered
[  103.243252] unloading
[  103.249318] ffs_data_put(): freeing
[  103.249894] ffs_data_put(): freeing
[  103.254258] file system registered
[  103.257016] unloading
[  103.265397] ffs_data_put(): freeing
[  103.268476] file system registered
[  103.271214] unloading
[  103.280000] file system registered
[  103.282283] unloading
[  103.288301] ffs_data_put(): freeing
[  103.290445] file system registered
[  103.292153] unloading
[  103.302122] file system registered
[  103.304924] unloading
[  103.312189] ffs_data_put(): freeing
[  103.314215] file system registered
[  103.315819] unloading
[  103.324102] ffs_data_put(): freeing
[  103.325911] file system registered
[  103.327276] unloading
[  103.332173] ffs_data_put(): freeing
[  103.334347] file system registered
[  103.336014] unloading
[  103.347481] ffs_data_put(): freeing
[  103.347870] ffs_data_put(): freeing
[  103.350265] file system registered
[  103.353863] unloading
[  103.365346] ffs_data_put(): freeing
[  103.366231] ffs_data_put(): freeing
[  103.366342] ffs_data_put(): freeing
[  103.369482] file system registered
[  103.373384] unloading
[  103.384829] ffs_data_put(): freeing
[  103.387024] file system registered
[  103.388967] unloading
[  103.398242] file system registered
[  103.401083] unloading
[  103.410254] ffs_data_put(): freeing
[  103.413145] file system registered
[  103.415451] unloading
[  103.425363] file system registered
[  103.427321] unloading
[  103.438324] file system registered
[  103.441896] unloading
[  103.450200] ffs_data_put(): freeing
[  103.450446] ffs_data_put(): freeing
[  103.452568] file system registered
[  103.455137] unloading
[  103.464266] ffs_data_put(): freeing
[  103.467333] file system registered
[  103.470786] unloading
[  103.478282] ffs_data_put(): freeing
[  103.478376] ffs_data_put(): freeing
[  103.480018] file system registered
[  103.482007] unloading
[  103.487072] ffs_data_put(): freeing
[  103.487235] ffs_data_put(): freeing
[  103.489262] file system registered
[  103.491011] unloading
[  103.500315] ffs_data_put(): freeing
[  103.500537] ffs_data_put(): freeing
[  103.502146] file system registered
[  103.504079] unloading
[  103.512280] ffs_data_put(): freeing
[  103.512739] ffs_data_put(): freeing
[  103.512914] ffs_data_put(): freeing
[  103.514358] file system registered
[  103.516355] unloading
[  103.525231] ffs_data_put(): freeing
[  103.526040] ffs_data_put(): freeing
[  103.526184] ffs_data_put(): freeing
[  103.527271] file system registered
[  103.529286] unloading
[  103.539272] ffs_data_put(): freeing
[  103.544158] file system registered
[  103.546375] unloading
[  103.552304] ffs_data_put(): freeing
[  103.556099] file system registered
[  103.558283] unloading
[  103.565198] ffs_data_put(): freeing
[  103.566990] file system registered
[  103.568859] unloading
[  103.574321] ffs_data_put(): freeing
[  103.576961] file system registered
[  103.579297] unloading
[  103.585254] ffs_data_put(): freeing
[  103.585407] ffs_data_put(): freeing
[  103.586327] ffs_data_put(): freeing
[  103.588113] file system registered
[  103.590736] unloading
[  103.596315] ffs_data_put(): freeing
[  103.596310] ffs_data_put(): freeing
[  103.598482] file system registered
[  103.600475] unloading
[  103.609041] ffs_data_put(): freeing
[  103.611466] file system registered
[  103.614374] unloading
[  103.622804] ffs_data_put(): freeing
[  103.622900] ffs_data_put(): freeing
[  103.624321] file system registered
[  103.626852] unloading
[  103.634317] ffs_data_put(): freeing
[  103.636371] file system registered
[  103.638170] unloading
[  103.649158] ffs_data_put(): freeing
[  103.652990] file system registered
[  103.657827] unloading
[  103.665309] ffs_data_put(): freeing
[  103.665451] ffs_data_put(): freeing
[  103.665758] ffs_data_put(): freeing
[  103.668170] file system registered
[  103.670233] unloading
[  103.677458] ffs_data_put(): freeing
[  103.681474] file system registered
[  103.685331] ffs_data_put(): freeing
[  103.686481] unloading
[  103.694447] ffs_data_put(): freeing
[  103.696794] file system registered
[  103.699354] unloading
[  103.709442] ffs_data_put(): freeing
[  103.714107] file system registered
[  103.716320] unloading
[  103.723130] ffs_data_put(): freeing
[  103.724031] ffs_data_put(): freeing
[  103.724972] ffs_data_put(): freeing
[  103.725303] file system registered
[  103.727265] unloading
[  103.732371] ffs_data_put(): freeing
[  103.736074] file system registered
[  103.738836] unloading
[  103.745158] ffs_data_put(): freeing
[  103.745851] ffs_data_put(): freeing
[  103.747183] file system registered
[  103.749194] unloading
[  103.755369] ffs_data_put(): freeing
[  103.755466] ffs_data_put(): freeing
[  103.758025] file system registered
[  103.760027] unloading
[  103.769262] ffs_data_put(): freeing
[  103.772395] file system registered
[  103.774147] unloading
[  103.784925] file system registered
[  103.787269] unloading
[  103.802414] ffs_data_put(): freeing
[  103.803129] ffs_data_put(): freeing
[  103.807293] file system registered
[  103.810860] unloading
[  103.820170] file system registered
[  103.822761] unloading
[  103.836871] file system registered
[  103.838456] unloading
[  103.844128] ffs_data_put(): freeing
[  103.846261] file system registered
[  103.848158] unloading
[  103.856241] ffs_data_put(): freeing
[  103.857779] file system registered
[  103.859063] unloading
[  103.866299] file system registered
[  103.867960] unloading
[  103.877182] ffs_data_put(): freeing
[  103.878886] file system registered
[  103.880392] unloading
[  103.888488] file system registered
[  103.890891] unloading
[  103.899812] file system registered
[  103.901345] unloading
[  103.908803] file system registered
[  103.910178] unloading
[  103.916810] file system registered
[  103.918011] unloading
[  103.924242] ffs_data_put(): freeing
[  103.927150] file system registered
[  103.928417] unloading
[  103.938152] ffs_data_put(): freeing
[  103.940243] file system registered
[  103.942367] unloading
[  103.951249] ffs_data_put(): freeing
[  103.952297] ffs_data_put(): freeing
[  103.953379] file system registered
[  103.955309] unloading
[  103.961987] ffs_data_put(): freeing
[  103.962171] ffs_data_put(): freeing
[  103.963958] file system registered
[  103.966346] unloading
[  103.975379] ffs_data_put(): freeing
[  103.975494] ffs_data_put(): freeing
[  103.977892] file system registered
[  103.980083] unloading
[  103.986873] file system registered
[  103.989262] unloading
[  103.996063] file system registered
[  103.997768] unloading
[  104.003250] ffs_data_put(): freeing
[  104.005865] file system registered
[  104.007203] unloading
[  104.012311] ffs_data_put(): freeing
[  104.014116] file system registered
[  104.015161] unloading
[  104.020247] ffs_data_put(): freeing
[  104.020325] ffs_data_put(): freeing
[  104.022302] file system registered
[  104.023301] unloading
[  104.028291] ffs_data_put(): freeing
[  104.029263] ffs_data_put(): freeing
[  104.030863] file system registered
[  104.032859] unloading
[  104.041283] ffs_data_put(): freeing
[  104.041457] ffs_data_put(): freeing
[  104.043485] file system registered
[  104.045071] unloading
[  104.058446] ffs_data_put(): freeing
[  104.058706] ffs_data_put(): freeing
[  104.061373] file system registered
[  104.064032] unloading
[  104.070399] ffs_data_put(): freeing
[  104.073939] file system registered
[  104.076413] unloading
[  104.089342] ffs_data_put(): freeing
[  104.091934] file system registered
[  104.094458] unloading
[  104.103918] file system registered
[  104.106848] unloading
[  104.114436] file system registered
[  104.115938] unloading
[  104.122176] ffs_data_put(): freeing
[  104.124335] file system registered
[  104.126060] unloading
[  104.137209] ffs_data_put(): freeing
[  104.139364] file system registered
[  104.141397] unloading
[  104.152408] file system registered
[  104.154223] unloading
[  104.160186] ffs_data_put(): freeing
[  104.163476] file system registered
[  104.166223] ffs_data_put(): freeing
[  104.166590] unloading
[  104.172111] ffs_data_put(): freeing
[  104.173373] file system registered
[  104.175115] unloading
[  104.183214] ffs_data_put(): freeing
[  104.185021] file system registered
[  104.187193] unloading
[  104.196385] ffs_data_put(): freeing
[  104.198434] file system registered
[  104.200874] unloading
[  104.207228] ffs_data_put(): freeing
[  104.209857] file system registered
[  104.212321] unloading
[  104.223296] file system registered
[  104.225337] unloading
[  104.233068] ffs_data_put(): freeing
[  104.233218] ffs_data_put(): freeing
[  104.234955] file system registered
[  104.236203] unloading
[  104.246095] ffs_data_put(): freeing
[  104.246344] ffs_data_put(): freeing
[  104.246554] ffs_data_put(): freeing
[  104.248269] file system registered
[  104.250151] ffs_data_put(): freeing
[  104.251043] ffs_data_put(): freeing
[  104.253162] unloading
[  104.265880] ffs_data_put(): freeing
[  104.265987] ffs_data_put(): freeing
[  104.268968] file system registered
[  104.273331] unloading
[  104.282848] ffs_data_put(): freeing
[  104.284432] ffs_data_put(): freeing
[  104.286913] file system registered
[  104.289962] unloading
[  104.301079] file system registered
[  104.304552] unloading
[  104.314768] file system registered
[  104.316375] unloading
[  104.324372] ffs_data_put(): freeing
[  104.326838] file system registered
[  104.328231] unloading
[  104.336193] file system registered
[  104.338291] unloading
[  104.343177] ffs_data_put(): freeing
[  104.343282] ffs_data_put(): freeing
[  104.345376] file system registered
[  104.347247] unloading
[  104.356394] ffs_data_put(): freeing
[  104.357807] ffs_data_put(): freeing
[  104.359035] file system registered
[  104.360992] unloading
[  104.374310] ffs_data_put(): freeing
[  104.374843] ffs_data_put(): freeing
[  104.375098] ffs_data_put(): freeing
[  104.377180] file system registered
[  104.380056] unloading
[  104.387382] ffs_data_put(): freeing
[  104.387758] ffs_data_put(): freeing
[  104.390343] file system registered
[  104.393299] unloading
[  104.402988] ffs_data_put(): freeing
[  104.406859] file system registered
[  104.411496] unloading
[  104.421441] ffs_data_put(): freeing
[  104.421811] ffs_data_put(): freeing
[  104.422039] ffs_data_put(): freeing
[  104.422210] ffs_data_put(): freeing
[  104.424939] file system registered
[  104.427466] unloading
[  104.436276] ffs_data_put(): freeing
[  104.438908] file system registered
[  104.441853] unloading
[  104.448438] ffs_data_put(): freeing
[  104.451233] file system registered
[  104.453201] unloading
[  104.462980] ffs_data_put(): freeing
[  104.464117] file system registered
[  104.467160] unloading
[  104.473200] ffs_data_put(): freeing
[  104.473402] ffs_data_put(): freeing
[  104.476483] file system registered
[  104.480162] unloading
[  104.488258] ffs_data_put(): freeing
[  104.491003] file system registered
[  104.493149] unloading
[  104.501792] ffs_data_put(): freeing
[  104.502399] ffs_data_put(): freeing
[  104.504698] file system registered
[  104.507452] unloading
[  104.515938] ffs_data_put(): freeing
[  104.516232] ffs_data_put(): freeing
[  104.516353] ffs_data_put(): freeing
[  104.517818] file system registered
[  104.520014] unloading
[  104.527392] ffs_data_put(): freeing
[  104.529301] ffs_data_put(): freeing
[  104.529802] file system registered
[  104.529959] ffs_data_put(): freeing
[  104.532402] unloading
[  104.542444] file system registered
[  104.544918] unloading
[  104.552444] ffs_data_put(): freeing
[  104.557372] file system registered
[  104.561880] unloading
[  104.569691] ffs_data_put(): freeing
[  104.572444] file system registered
[  104.575839] unloading
[  104.585487] file system registered
[  104.588114] unloading
[  104.595168] ffs_data_put(): freeing
[  104.597059] file system registered
[  104.599101] unloading
[  104.608409] ffs_data_put(): freeing
[  104.613209] file system registered
[  104.615833] unloading
[  104.623302] ffs_data_put(): freeing
[  104.626146] file system registered
[  104.628212] unloading
[  104.634361] ffs_data_put(): freeing
[  104.636242] file system registered
[  104.639313] unloading
[  104.645242] ffs_data_put(): freeing
[  104.647465] file system registered
[  104.649143] unloading
[  104.658185] ffs_data_put(): freeing
[  104.660998] file system registered
[  104.664450] unloading
[  104.669319] ffs_data_put(): freeing
[  104.669437] ffs_data_put(): freeing
[  104.671250] file system registered
[  104.673302] unloading
[  104.683248] file system registered
[  104.685392] unloading
[  104.692346] ffs_data_put(): freeing
[  104.694981] file system registered
[  104.697163] unloading
[  104.705320] file system registered
[  104.707225] unloading
[  104.715216] ffs_data_put(): freeing
[  104.715799] ffs_data_put(): freeing
[  104.717307] file system registered
[  104.719000] unloading
[  104.728119] ffs_data_put(): freeing
[  104.728349] ffs_data_put(): freeing
[  104.729424] file system registered
[  104.731415] unloading
[  104.741194] ffs_data_put(): freeing
[  104.741427] ffs_data_put(): freeing
[  104.741879] file system registered
[  104.743168] unloading
[  104.749191] ffs_data_put(): freeing
[  104.751424] file system registered
[  104.753245] unloading
[  104.763476] file system registered
[  104.765098] unloading
[  104.770298] ffs_data_put(): freeing
[  104.773167] file system registered
[  104.775130] unloading
[  104.783256] ffs_data_put(): freeing
[  104.785564] file system registered
[  104.787201] unloading
[  104.794398] ffs_data_put(): freeing
[  104.796871] file system registered
[  104.798968] unloading
[  104.807433] ffs_data_put(): freeing
[  104.808692] ffs_data_put(): freeing
[  104.809444] file system registered
[  104.812984] unloading
[  104.823038] ffs_data_put(): freeing
[  104.823343] ffs_data_put(): freeing
[  104.823891] ffs_data_put(): freeing
[  104.824105] ffs_data_put(): freeing
[  104.824483] file system registered
[  104.827154] unloading
[  104.840867] ffs_data_put(): freeing
[  104.841209] ffs_data_put(): freeing
[  104.841313] ffs_data_put(): freeing
[  104.844335] file system registered
[  104.848848] unloading
[  104.857092] ffs_data_put(): freeing
[  104.857334] ffs_data_put(): freeing
[  104.861139] file system registered
[  104.864469] unloading
[  104.870949] ffs_data_put(): freeing
[  104.871205] ffs_data_put(): freeing
[  104.874974] file system registered
[  104.878476] unloading
[  104.885409] ffs_data_put(): freeing
[  104.889414] file system registered
[  104.889847] ffs_data_put(): freeing
[  104.892101] unloading
[  104.897319] ffs_data_put(): freeing
[  104.897455] ffs_data_put(): freeing
[  104.902265] file system registered
[  104.904679] unloading
[  104.910298] ffs_data_put(): freeing
[  104.912967] file system registered
[  104.916262] unloading
[  104.923220] ffs_data_put(): freeing
[  104.923342] ffs_data_put(): freeing
[  104.924211] file system registered
[  104.926434] unloading
[  104.934133] ffs_data_put(): freeing
[  104.934229] ffs_data_put(): freeing
[  104.937257] file system registered
[  104.939745] unloading
[  104.949307] file system registered
[  104.951176] unloading
[  104.958139] ffs_data_put(): freeing
[  104.958264] ffs_data_put(): freeing
[  104.960019] file system registered
[  104.960948] unloading
[  104.965164] ffs_data_put(): freeing
[  104.968799] file system registered
[  104.971026] unloading
[  104.981725] file system registered
[  104.983333] unloading
[  104.990198] file system registered
[  104.992016] unloading
[  105.004650] file system registered
[  105.006972] unloading
[  105.016277] ffs_data_put(): freeing
[  105.016390] ffs_data_put(): freeing
[  105.018422] file system registered
[  105.020455] unloading
[  105.028423] file system registered
[  105.031200] unloading
[  105.038827] file system registered
[  105.040148] unloading
[  105.050115] ffs_data_put(): freeing
[  105.052045] file system registered
[  105.054019] unloading
[  105.062404] ffs_data_put(): freeing
[  105.065109] file system registered
[  105.068007] unloading
[  105.076369] ffs_data_put(): freeing
[  105.080048] file system registered
[  105.083152] unloading
[  105.091433] ffs_data_put(): freeing
[  105.091884] ffs_data_put(): freeing
[  105.094471] file system registered
[  105.096499] unloading
[  105.105242] ffs_data_put(): freeing
[  105.107948] file system registered
[  105.110251] unloading
[  105.118217] ffs_data_put(): freeing
[  105.121425] file system registered
[  105.124072] unloading
[  105.131418] ffs_data_put(): freeing
[  105.133325] file system registered
[  105.136651] unloading
[  105.144211] ffs_data_put(): freeing
[  105.144843] ffs_data_put(): freeing
[  105.144885] ffs_data_put(): freeing
[  105.147829] file system registered
[  105.149350] unloading
[  105.156238] ffs_data_put(): freeing
[  105.157937] file system registered
[  105.159272] unloading
[  105.165278] ffs_data_put(): freeing
[  105.165375] ffs_data_put(): freeing
[  105.167083] file system registered
[  105.169298] unloading
[  105.177151] ffs_data_put(): freeing
[  105.180305] file system registered
[  105.183048] unloading
[  105.190247] ffs_data_put(): freeing
[  105.190358] ffs_data_put(): freeing
[  105.192268] file system registered
[  105.194324] unloading
[  105.204074] ffs_data_put(): freeing
[  105.207455] file system registered
[  105.209895] unloading
[  105.216358] ffs_data_put(): freeing
[  105.216445] ffs_data_put(): freeing
[  105.219267] file system registered
[  105.221199] unloading
[  105.225389] ffs_data_put(): freeing
[  105.228086] file system registered
[  105.229965] unloading
[  105.239268] ffs_data_put(): freeing
[  105.239424] ffs_data_put(): freeing
[  105.241445] file system registered
[  105.242953] unloading
[  105.257375] ffs_data_put(): freeing
[  105.258127] ffs_data_put(): freeing
[  105.260009] file system registered
[  105.263240] unloading
[  105.275894] ffs_data_put(): freeing
[  105.276016] ffs_data_put(): freeing
[  105.277050] ffs_data_put(): freeing
[  105.280484] file system registered
[  105.287384] unloading
[  105.298903] file system registered
[  105.302166] unloading
[  105.308316] ffs_data_put(): freeing
[  105.310777] file system registered
[  105.312824] unloading
[  105.318268] ffs_data_put(): freeing
[  105.318428] ffs_data_put(): freeing
[  105.319933] ffs_data_put(): freeing
[  105.321413] file system registered
[  105.324262] unloading
[  105.331700] ffs_data_put(): freeing
[  105.333724] file system registered
[  105.335489] unloading
[  105.345980] file system registered
[  105.347443] unloading
[  105.354095] file system registered
[  105.356224] unloading
[  105.368931] file system registered
[  105.371255] unloading
[  105.378720] ffs_data_put(): freeing
[  105.380382] file system registered
[  105.382234] unloading
[  105.391055] ffs_data_put(): freeing
[  105.392864] file system registered
[  105.394302] unloading
[  105.405242] ffs_data_put(): freeing
[  105.406208] file system registered
[  105.407757] unloading
[  105.417741] file system registered
[  105.421239] unloading
[  105.426187] ffs_data_put(): freeing
[  105.428158] file system registered
[  105.429966] unloading
[  105.439191] ffs_data_put(): freeing
[  105.441237] file system registered
[  105.443285] unloading
[  105.453046] file system registered
[  105.454461] unloading
[  105.461010] file system registered
[  105.462193] unloading
[  105.473185] file system registered
[  105.475403] unloading
[  105.488319] ffs_data_put(): freeing
[  105.488804] ffs_data_put(): freeing
[  105.488853] ffs_data_put(): freeing
[  105.492125] file system registered
[  105.495102] unloading
[  105.505440] file system registered
[  105.508347] unloading
[  105.515160] ffs_data_put(): freeing
[  105.518872] file system registered
[  105.521220] unloading
[  105.528235] file system registered
[  105.530088] unloading
[  105.540304] ffs_data_put(): freeing
[  105.540555] ffs_data_put(): freeing
[  105.540869] ffs_data_put(): freeing
[  105.541017] ffs_data_put(): freeing
[  105.543423] file system registered
[  105.549250] unloading
[  105.557010] file system registered
[  105.559917] unloading
[  105.571737] file system registered
[  105.574230] unloading
[  105.580211] ffs_data_put(): freeing
[  105.580367] ffs_data_put(): freeing
[  105.580472] ffs_data_put(): freeing
[  105.582186] file system registered
[  105.583402] unloading
[  105.588321] ffs_data_put(): freeing
[  105.588407] ffs_data_put(): freeing
[  105.597834] file system registered
[  105.599357] unloading
[  105.609776] file system registered
[  105.611465] unloading
[  105.621492] file system registered
[  105.623253] unloading
[  105.633431] file system registered
[  105.635057] unloading
[  105.646139] ffs_data_put(): freeing
[  105.648032] file system registered
[  105.650094] unloading
[  105.661444] ffs_data_put(): freeing
[  105.661982] ffs_data_put(): freeing
[  105.664253] file system registered
[  105.666963] unloading
[  105.672255] ffs_data_put(): freeing
[  105.675163] file system registered
[  105.677788] unloading
[  105.685290] ffs_data_put(): freeing
[  105.687924] file system registered
[  105.690800] unloading
[  105.696198] ffs_data_put(): freeing
[  105.698064] file system registered
[  105.700391] unloading
[  105.707402] ffs_data_put(): freeing
[  105.707472] ffs_data_put(): freeing
[  105.709499] file system registered
[  105.711901] unloading
[  105.723235] ffs_data_put(): freeing
[  105.723314] ffs_data_put(): freeing
[  105.724465] ffs_data_put(): freeing
[  105.726399] file system registered
[  105.729742] unloading
[  105.740437] ffs_data_put(): freeing
[  105.744175] file system registered
[  105.746933] unloading
[  105.758126] file system registered
[  105.761242] unloading
[  105.769701] ffs_data_put(): freeing
[  105.771268] file system registered
[  105.773191] unloading
[  105.784015] file system registered
[  105.786231] unloading
[  105.800322] ffs_data_put(): freeing
[  105.800466] ffs_data_put(): freeing
[  105.803301] file system registered
[  105.805195] unloading
[  105.813225] ffs_data_put(): freeing
[  105.815269] file system registered
[  105.818304] unloading
[  105.826302] ffs_data_put(): freeing
[  105.826426] ffs_data_put(): freeing
[  105.831059] file system registered
[  105.834816] unloading
[  105.843162] ffs_data_put(): freeing
[  105.843365] ffs_data_put(): freeing
[  105.843673] ffs_data_put(): freeing
[  105.845298] file system registered
[  105.846870] unloading
[  105.854024] file system registered
[  105.855129] ffs_data_put(): freeing
[  105.855221] unloading
[  105.863924] file system registered
[  105.866754] unloading
[  105.877224] ffs_data_put(): freeing
[  105.877498] ffs_data_put(): freeing
[  105.879591] file system registered
[  105.882938] unloading
[  105.889427] ffs_data_put(): freeing
[  105.892277] file system registered
[  105.894490] unloading
[  105.899312] ffs_data_put(): freeing
[  105.899619] ffs_data_put(): freeing
[  105.901733] file system registered
[  105.903492] unloading
[  105.911351] ffs_data_put(): freeing
[  105.911830] ffs_data_put(): freeing
[  105.914083] file system registered
[  105.916300] unloading
[  105.922431] ffs_data_put(): freeing
[  105.922858] ffs_data_put(): freeing
[  105.924294] file system registered
[  105.926141] unloading
[  105.935231] ffs_data_put(): freeing
[  105.935489] ffs_data_put(): freeing
[  105.935770] ffs_data_put(): freeing
[  105.937326] file system registered
[  105.939289] unloading
[  105.954006] ffs_data_put(): freeing
[  105.954255] ffs_data_put(): freeing
[  105.954288] ffs_data_put(): freeing
[  105.956570] file system registered
[  105.960329] unloading
[  105.974085] ffs_data_put(): freeing
[  105.974471] ffs_data_put(): freeing
[  105.974859] ffs_data_put(): freeing
[  105.978179] file system registered
[  105.982180] unloading
[  105.992939] ffs_data_put(): freeing
[  105.993230] ffs_data_put(): freeing
[  105.995269] file system registered
[  105.999456] unloading
[  106.007149] ffs_data_put(): freeing
[  106.007846] ffs_data_put(): freeing
[  106.010383] file system registered
[  106.013206] unloading
[  106.021267] ffs_data_put(): freeing
[  106.029707] file system registered
[  106.031749] unloading
[  106.038331] file system registered
[  106.040368] unloading
[  106.045404] ffs_data_put(): freeing
[  106.045963] ffs_data_put(): freeing
[  106.047983] file system registered
[  106.049418] unloading
[  106.054290] ffs_data_put(): freeing
[  106.054433] ffs_data_put(): freeing
[  106.057338] file system registered
[  106.059405] unloading
[  106.066268] ffs_data_put(): freeing
[  106.066363] ffs_data_put(): freeing
[  106.068967] file system registered
[  106.071965] unloading
[  106.077944] ffs_data_put(): freeing
[  106.080298] file system registered
[  106.082352] unloading
[  106.087274] ffs_data_put(): freeing
[  106.090237] file system registered
[  106.092890] unloading
[  106.098261] ffs_data_put(): freeing
[  106.100206] file system registered
[  106.101156] ffs_data_put(): freeing
[  106.103455] unloading
[  106.115356] ffs_data_put(): freeing
[  106.115479] ffs_data_put(): freeing
[  106.118210] file system registered
[  106.121339] unloading
[  106.136356] file system registered
[  106.139226] unloading
[  106.146732] ffs_data_put(): freeing
[  106.149333] file system registered
[  106.151089] unloading
[  106.161258] ffs_data_put(): freeing
[  106.163568] file system registered
[  106.165108] unloading
[  106.171230] ffs_data_put(): freeing
[  106.171403] ffs_data_put(): freeing
[  106.174165] file system registered
[  106.176428] unloading
[  106.186389] file system registered
[  106.188293] unloading
[  106.197262] ffs_data_put(): freeing
[  106.200840] file system registered
[  106.204059] unloading
[  106.208289] ffs_data_put(): freeing
[  106.211019] ffs_data_put(): freeing
[  106.211284] file system registered
[  106.213846] unloading
[  106.222051] ffs_data_put(): freeing
[  106.224470] file system registered
[  106.226029] unloading
[  106.236802] file system registered
[  106.239159] unloading
[  106.251356] ffs_data_put(): freeing
[  106.255058] file system registered
[  106.258120] ffs_data_put(): freeing
[  106.258673] ffs_data_put(): freeing
[  106.259740] unloading
[  106.264810] ffs_data_put(): freeing
[  106.266910] file system registered
[  106.268414] unloading
[  106.279381] file system registered
[  106.281261] unloading
[  106.296510] ffs_data_put(): freeing
[  106.297030] ffs_data_put(): freeing
[  106.297467] ffs_data_put(): freeing
[  106.298276] file system registered
[  106.300299] unloading
[  106.312024] ffs_data_put(): freeing
[  106.312472] ffs_data_put(): freeing
[  106.312796] ffs_data_put(): freeing
[  106.315397] file system registered
[  106.319148] unloading
[  106.328828] ffs_data_put(): freeing
[  106.329959] ffs_data_put(): freeing
[  106.331437] file system registered
[  106.335146] unloading
[  106.343969] ffs_data_put(): freeing
[  106.344115] ffs_data_put(): freeing
[  106.346932] file system registered
[  106.349428] unloading
[  106.360479] ffs_data_put(): freeing
[  106.360996] ffs_data_put(): freeing
[  106.361281] ffs_data_put(): freeing
[  106.364779] file system registered
[  106.368418] unloading
[  106.377439] ffs_data_put(): freeing
[  106.380788] file system registered
[  106.384296] unloading
[  106.393179] ffs_data_put(): freeing
[  106.393243] ffs_data_put(): freeing
[  106.397116] file system registered
[  106.399837] unloading
[  106.406461] file system registered
[  106.408291] unloading
[  106.413303] ffs_data_put(): freeing
[  106.416474] file system registered
[  106.420005] unloading
[  106.437138] file system registered
[  106.439460] unloading
[  106.449921] file system registered
[  106.452885] unloading
[  106.458227] ffs_data_put(): freeing
[  106.460484] file system registered
[  106.462387] unloading
[  106.472652] file system registered
[  106.474240] unloading
[  106.479102] ffs_data_put(): freeing
[  106.479254] ffs_data_put(): freeing
[  106.479340] ffs_data_put(): freeing
[  106.481514] file system registered
[  106.483957] unloading
[  106.490088] ffs_data_put(): freeing
[  106.490185] ffs_data_put(): freeing
[  106.492776] file system registered
[  106.494309] unloading
[  106.506244] file system registered
[  106.508141] unloading
[  106.516690] file system registered
[  106.518330] unloading
[  106.523156] ffs_data_put(): freeing
[  106.525799] file system registered
[  106.527470] unloading
[  106.535164] ffs_data_put(): freeing
[  106.535303] ffs_data_put(): freeing
[  106.535451] ffs_data_put(): freeing
[  106.536021] ffs_data_put(): freeing
[  106.537267] file system registered
[  106.538995] unloading
[  106.544245] ffs_data_put(): freeing
[  106.544445] ffs_data_put(): freeing
[  106.544848] ffs_data_put(): freeing
[  106.547861] file system registered
[  106.550934] unloading
[  106.569270] file system registered
[  106.571989] unloading
[  106.580294] ffs_data_put(): freeing
[  106.580417] ffs_data_put(): freeing
[  106.583204] file system registered
[  106.586870] unloading
[  106.594846] file system registered
[  106.598992] unloading
[  106.610204] ffs_data_put(): freeing
[  106.610515] ffs_data_put(): freeing
[  106.612133] file system registered
[  106.614811] unloading
[  106.619371] ffs_data_put(): freeing
[  106.619918] ffs_data_put(): freeing
[  106.623839] file system registered
[  106.627205] unloading
[  106.638514] file system registered
[  106.641070] unloading
[  106.651271] ffs_data_put(): freeing
[  106.654778] file system registered
[  106.657222] unloading
[  106.662223] ffs_data_put(): freeing
[  106.664970] file system registered
[  106.668089] unloading
[  106.675155] ffs_data_put(): freeing
[  106.675258] ffs_data_put(): freeing
[  106.676801] file system registered
[  106.678209] unloading
[  106.683245] ffs_data_put(): freeing
[  106.683440] ffs_data_put(): freeing
[  106.683887] ffs_data_put(): freeing
[  106.685941] file system registered
[  106.687967] unloading
[  106.694244] ffs_data_put(): freeing
[  106.694350] ffs_data_put(): freeing
[  106.696355] file system registered
[  106.698391] unloading
[  106.706302] ffs_data_put(): freeing
[  106.706415] ffs_data_put(): freeing
[  106.709683] file system registered
[  106.711431] unloading
[  106.721342] ffs_data_put(): freeing
[  106.721468] ffs_data_put(): freeing
[  106.725028] file system registered
[  106.728293] unloading
[  106.741089] ffs_data_put(): freeing
[  106.741255] ffs_data_put(): freeing
[  106.742075] file system registered
[  106.744248] unloading
[  106.752371] ffs_data_put(): freeing
[  106.752461] ffs_data_put(): freeing
[  106.757096] file system registered
[  106.759481] unloading
[  106.769906] file system registered
[  106.772106] unloading
[  106.783360] ffs_data_put(): freeing
[  106.785855] file system registered
[  106.787430] unloading
[  106.798189] file system registered
[  106.800354] unloading
[  106.806100] ffs_data_put(): freeing
[  106.806244] ffs_data_put(): freeing
[  106.806340] ffs_data_put(): freeing
[  106.808446] file system registered
[  106.810370] unloading
[  106.816056] ffs_data_put(): freeing
[  106.817973] file system registered
[  106.819258] unloading
[  106.825465] ffs_data_put(): freeing
[  106.828442] file system registered
[  106.830389] unloading
[  106.837002] file system registered
[  106.839943] unloading
[  106.847163] ffs_data_put(): freeing
[  106.847281] ffs_data_put(): freeing
[  106.847381] ffs_data_put(): freeing
[  106.849308] file system registered
[  106.852067] unloading
[  106.857226] file system registered
[  106.858362] ffs_data_put(): freeing
[  106.859103] unloading
[  106.864787] file system registered
[  106.866348] unloading
[  106.873221] ffs_data_put(): freeing
[  106.875375] file system registered
[  106.877025] unloading
[  106.884190] ffs_data_put(): freeing
[  106.884300] ffs_data_put(): freeing
[  106.886023] file system registered
[  106.888132] unloading
[  106.898261] ffs_data_put(): freeing
[  106.898367] ffs_data_put(): freeing
[  106.900247] file system registered
[  106.902247] unloading
[  106.911281] ffs_data_put(): freeing
[  106.911448] ffs_data_put(): freeing
[  106.911862] ffs_data_put(): freeing
[  106.913253] file system registered
[  106.915452] unloading
[  106.924345] ffs_data_put(): freeing
[  106.924851] ffs_data_put(): freeing
[  106.925046] ffs_data_put(): freeing
[  106.926869] file system registered
[  106.928955] unloading
[  106.935857] ffs_data_put(): freeing
[  106.935886] ffs_data_put(): freeing
[  106.939106] file system registered
[  106.942023] unloading
[  106.952880] file system registered
[  106.954159] unloading
[  106.964145] file system registered
[  106.968711] unloading
[  106.974771] ffs_data_put(): freeing
[  106.974886] ffs_data_put(): freeing
[  106.974992] ffs_data_put(): freeing
[  106.976776] file system registered
[  106.978310] unloading
[  106.983694] ffs_data_put(): freeing
[  106.983862] ffs_data_put(): freeing
[  106.985813] file system registered
[  106.987239] unloading
[  106.991326] ffs_data_put(): freeing
[  106.991717] ffs_data_put(): freeing
[  106.994197] file system registered
[  106.996514] unloading
[  107.006889] ffs_data_put(): freeing
[  107.007982] ffs_data_put(): freeing
[  107.009280] file system registered
[  107.011228] unloading
[  107.019247] ffs_data_put(): freeing
[  107.019780] ffs_data_put(): freeing
[  107.021898] file system registered
[  107.024209] unloading
[  107.033407] ffs_data_put(): freeing
[  107.035328] ffs_data_put(): freeing
[  107.037366] file system registered
[  107.042317] unloading
[  107.055870] ffs_data_put(): freeing
[  107.059764] file system registered
[  107.062862] unloading
[  107.071994] file system registered
[  107.075490] unloading
[  107.082282] ffs_data_put(): freeing
[  107.085560] file system registered
[  107.087268] unloading
[  107.095342] file system registered
[  107.097173] unloading
[  107.103935] ffs_data_put(): freeing
[  107.104048] ffs_data_put(): freeing
[  107.107385] file system registered
[  107.110227] unloading
[  107.119424] file system registered
[  107.121981] unloading
[  107.132149] ffs_data_put(): freeing
[  107.135051] file system registered
[  107.137190] unloading
[  107.145300] file system registered
[  107.147043] unloading
[  107.156938] file system registered
[  107.157047] ffs_data_put(): freeing
[  107.158278] unloading
[  107.162153] ffs_data_put(): freeing
[  107.164108] file system registered
[  107.165465] unloading
[  107.175998] ffs_data_put(): freeing
[  107.177510] file system registered
[  107.179334] unloading
[  107.184155] ffs_data_put(): freeing
[  107.184275] ffs_data_put(): freeing
[  107.186289] file system registered
[  107.188010] unloading
[  107.199242] ffs_data_put(): freeing
[  107.201403] file system registered
[  107.203100] unloading
[  107.212111] ffs_data_put(): freeing
[  107.213185] file system registered
[  107.215334] unloading
[  107.222304] ffs_data_put(): freeing
[  107.224522] file system registered
[  107.226386] unloading
[  107.236181] ffs_data_put(): freeing
[  107.239272] file system registered
[  107.243147] unloading
[  107.255337] ffs_data_put(): freeing
[  107.258295] file system registered
[  107.260882] unloading
[  107.267902] ffs_data_put(): freeing
[  107.269343] file system registered
[  107.271866] unloading
[  107.279049] ffs_data_put(): freeing
[  107.281393] file system registered
[  107.283359] unloading
[  107.293157] ffs_data_put(): freeing
[  107.293352] ffs_data_put(): freeing
[  107.295265] file system registered
[  107.297179] unloading
[  107.304426] ffs_data_put(): freeing
[  107.305078] file system registered
[  107.307112] unloading
[  107.314443] ffs_data_put(): freeing
[  107.316673] file system registered
[  107.318463] unloading
[  107.327673] ffs_data_put(): freeing
[  107.329278] file system registered
[  107.331066] unloading
[  107.335351] ffs_data_put(): freeing
[  107.335515] ffs_data_put(): freeing
[  107.337300] file system registered
[  107.338997] unloading
[  107.345436] ffs_data_put(): freeing
[  107.347494] file system registered
[  107.349255] unloading
[  107.360221] ffs_data_put(): freeing
[  107.362382] file system registered
[  107.366052] unloading
[  107.375929] ffs_data_put(): freeing
[  107.375974] ffs_data_put(): freeing
[  107.377905] file system registered
[  107.380457] unloading
[  107.386795] ffs_data_put(): freeing
[  107.388412] file system registered
[  107.390444] unloading
[  107.403162] ffs_data_put(): freeing
[  107.403263] ffs_data_put(): freeing
[  107.405543] file system registered
[  107.407363] unloading
[  107.413388] ffs_data_put(): freeing
[  107.413923] ffs_data_put(): freeing
[  107.417925] file system registered
[  107.419953] unloading
[  107.432030] file system registered
[  107.434439] unloading
[  107.443281] ffs_data_put(): freeing
[  107.443378] ffs_data_put(): freeing
[  107.446192] file system registered
[  107.448416] unloading
[  107.457271] ffs_data_put(): freeing
[  107.460038] file system registered
[  107.462266] unloading
[  107.473440] ffs_data_put(): freeing
[  107.473771] ffs_data_put(): freeing
[  107.475893] file system registered
[  107.478368] unloading
[  107.488383] ffs_data_put(): freeing
[  107.491980] file system registered
[  107.495057] unloading
[  107.504140] ffs_data_put(): freeing
[  107.504292] ffs_data_put(): freeing
[  107.504370] file system registered
[  107.506039] unloading
[  107.511289] ffs_data_put(): freeing
[  107.514373] file system registered
[  107.519774] ffs_data_put(): freeing
[  107.521380] ffs_data_put(): freeing
[  107.521424] unloading
[  107.528302] ffs_data_put(): freeing
[  107.528560] ffs_data_put(): freeing
[  107.531904] file system registered
[  107.533359] unloading
[  107.543210] file system registered
[  107.545901] unloading
[  107.556328] file system registered
[  107.558156] unloading
[  107.569420] file system registered
[  107.571397] unloading
[  107.580139] ffs_data_put(): freeing
[  107.583049] file system registered
[  107.584965] ffs_data_put(): freeing
[  107.585074] unloading
[  107.594230] ffs_data_put(): freeing
[  107.595851] file system registered
[  107.599111] unloading
[  107.605261] ffs_data_put(): freeing
[  107.605369] ffs_data_put(): freeing
[  107.606950] file system registered
[  107.608238] unloading
[  107.613206] ffs_data_put(): freeing
[  107.617463] file system registered
[  107.619367] unloading
[  107.627304] ffs_data_put(): freeing
[  107.627402] ffs_data_put(): freeing
[  107.629855] file system registered
[  107.632089] unloading
[  107.640349] ffs_data_put(): freeing
[  107.640435] ffs_data_put(): freeing
[  107.642838] file system registered
[  107.644367] unloading
[  107.656380] ffs_data_put(): freeing
[  107.658447] ffs_data_put(): freeing
[  107.658747] file system registered
[  107.660914] unloading
[  107.665160] ffs_data_put(): freeing
[  107.668441] file system registered
[  107.671123] unloading
[  107.682016] file system registered
[  107.684150] unloading
[  107.695236] ffs_data_put(): freeing
[  107.698241] file system registered
[  107.700396] unloading
[  107.712996] file system registered
[  107.714252] unloading
[  107.723135] ffs_data_put(): freeing
[  107.725900] file system registered
[  107.729016] unloading
[  107.736131] ffs_data_put(): freeing
[  107.738963] file system registered
[  107.740284] unloading
[  107.748374] ffs_data_put(): freeing
[  107.750796] file system registered
[  107.752977] unloading
[  107.758163] ffs_data_put(): freeing
[  107.759093] ffs_data_put(): freeing
[  107.761313] file system registered
[  107.763753] unloading
[  107.775483] file system registered
[  107.777696] unloading
[  107.781355] ffs_data_put(): freeing
[  107.783716] file system registered
[  107.785266] unloading
[  107.796116] file system registered
[  107.797968] unloading
[  107.806130] ffs_data_put(): freeing
[  107.808223] file system registered
[  107.810018] unloading
[  107.819326] ffs_data_put(): freeing
[  107.819754] ffs_data_put(): freeing
[  107.820151] ffs_data_put(): freeing
[  107.821443] file system registered
[  107.824031] unloading
[  107.831259] ffs_data_put(): freeing
[  107.831444] ffs_data_put(): freeing
[  107.831777] ffs_data_put(): freeing
[  107.833461] file system registered
[  107.835101] unloading
[  107.846806] file system registered
[  107.850348] unloading
[  107.857052] ffs_data_put(): freeing
[  107.859775] file system registered
[  107.862466] unloading
[  107.871230] ffs_data_put(): freeing
[  107.871446] ffs_data_put(): freeing
[  107.873740] file system registered
[  107.875292] unloading
[  107.881293] ffs_data_put(): freeing
[  107.884005] file system registered
[  107.886441] unloading
[  107.893931] ffs_data_put(): freeing
[  107.894045] ffs_data_put(): freeing
[  107.895291] file system registered
[  107.896838] unloading
[  107.906355] ffs_data_put(): freeing
[  107.906465] ffs_data_put(): freeing
[  107.909437] file system registered
[  107.912307] unloading
[  107.918235] ffs_data_put(): freeing
[  107.921351] file system registered
[  107.924950] unloading
[  107.932181] ffs_data_put(): freeing
[  107.932301] ffs_data_put(): freeing
[  107.935148] file system registered
[  107.937755] unloading
[  107.943167] ffs_data_put(): freeing
[  107.945189] file system registered
[  107.947206] unloading
[  107.959339] file system registered
[  107.961443] unloading
[  107.969309] ffs_data_put(): freeing
[  107.969456] ffs_data_put(): freeing
[  107.971350] file system registered
[  107.973226] unloading
[  107.985249] ffs_data_put(): freeing
[  107.987498] file system registered
[  107.989826] unloading
[  107.996346] ffs_data_put(): freeing
[  107.996455] ffs_data_put(): freeing
[  107.998176] file system registered
[  108.000117] unloading
[  108.010403] ffs_data_put(): freeing
[  108.010734] ffs_data_put(): freeing
[  108.012962] file system registered
[  108.015111] unloading
[  108.023203] ffs_data_put(): freeing
[  108.026022] file system registered
[  108.028347] unloading
[  108.039939] file system registered
[  108.043337] unloading
[  108.049137] ffs_data_put(): freeing
[  108.051215] file system registered
[  108.052416] unloading
[  108.060252] file system registered
[  108.062363] unloading
[  108.070214] ffs_data_put(): freeing
[  108.070302] ffs_data_put(): freeing
[  108.073030] file system registered
[  108.075145] unloading
[  108.082229] ffs_data_put(): freeing
[  108.084372] file system registered
[  108.086492] unloading
[  108.097360] file system registered
[  108.098800] unloading
[  108.107196] ffs_data_put(): freeing
[  108.107278] ffs_data_put(): freeing
[  108.111185] file system registered
[  108.114116] unloading
[  108.123160] ffs_data_put(): freeing
[  108.124740] file system registered
[  108.126350] unloading
[  108.134148] ffs_data_put(): freeing
[  108.136192] file system registered
[  108.137981] unloading
[  108.148109] ffs_data_put(): freeing
[  108.148253] ffs_data_put(): freeing
[  108.150581] file system registered
[  108.153787] unloading
[  108.164443] file system registered
[  108.166729] unloading
[  108.176474] file system registered
[  108.179119] unloading
[  108.186422] ffs_data_put(): freeing
[  108.187131] file system registered
[  108.189408] unloading
[  108.196252] ffs_data_put(): freeing
[  108.196357] ffs_data_put(): freeing
[  108.198311] file system registered
[  108.200192] unloading
[  108.210268] ffs_data_put(): freeing
[  108.210413] ffs_data_put(): freeing
[  108.212465] file system registered
[  108.214912] unloading
[  108.223490] ffs_data_put(): freeing
[  108.223789] ffs_data_put(): freeing
[  108.224241] ffs_data_put(): freeing
[  108.226304] file system registered
[  108.228408] unloading
[  108.237731] ffs_data_put(): freeing
[  108.241277] file system registered
[  108.243879] unloading
[  108.250240] ffs_data_put(): freeing
[  108.253696] file system registered
[  108.256428] unloading
[  108.265263] ffs_data_put(): freeing
[  108.268061] file system registered
[  108.270790] unloading
[  108.282385] file system registered
[  108.283002] ffs_data_put(): freeing
[  108.285374] ffs_data_put(): freeing
[  108.285767] unloading
[  108.293335] ffs_data_put(): freeing
[  108.293761] ffs_data_put(): freeing
[  108.295282] file system registered
[  108.297002] unloading
[  108.302411] ffs_data_put(): freeing
[  108.305368] file system registered
[  108.307374] unloading
[  108.313238] ffs_data_put(): freeing
[  108.313383] ffs_data_put(): freeing
[  108.313483] ffs_data_put(): freeing
[  108.315425] file system registered
[  108.317367] unloading
[  108.324212] ffs_data_put(): freeing
[  108.326955] file system registered
[  108.330043] unloading
[  108.337243] ffs_data_put(): freeing
[  108.340345] file system registered
[  108.342461] unloading
[  108.349377] ffs_data_put(): freeing
[  108.350006] ffs_data_put(): freeing
[  108.350375] ffs_data_put(): freeing
[  108.350806] ffs_data_put(): freeing
[  108.351244] file system registered
[  108.353089] unloading
[  108.362450] ffs_data_put(): freeing
[  108.362814] ffs_data_put(): freeing
[  108.363016] ffs_data_put(): freeing
[  108.364729] file system registered
[  108.365983] unloading
[  108.370812] ffs_data_put(): freeing
[  108.371131] ffs_data_put(): freeing
[  108.371449] ffs_data_put(): freeing
[  108.375027] file system registered
[  108.378979] unloading
[  108.388482] ffs_data_put(): freeing
[  108.390897] file system registered
[  108.393769] unloading
[  108.399471] ffs_data_put(): freeing
[  108.402185] file system registered
[  108.404137] unloading
[  108.410202] ffs_data_put(): freeing
[  108.412489] file system registered
[  108.415937] unloading
[  108.424319] file system registered
[  108.426295] unloading
[  108.434086] ffs_data_put(): freeing
[  108.435375] file system registered
[  108.436979] unloading
[  108.442226] ffs_data_put(): freeing
[  108.445412] file system registered
[  108.447414] unloading
[  108.457231] ffs_data_put(): freeing
[  108.457332] ffs_data_put(): freeing
[  108.459730] file system registered
[  108.461360] unloading
[  108.468391] ffs_data_put(): freeing
[  108.471797] file system registered
[  108.473400] unloading
[  108.483466] ffs_data_put(): freeing
[  108.485179] file system registered
[  108.486885] unloading
[  108.495424] ffs_data_put(): freeing
[  108.496952] file system registered
[  108.498275] unloading
[  108.505297] file system registered
[  108.507305] unloading
[  108.515124] ffs_data_put(): freeing
[  108.517399] file system registered
[  108.519137] unloading
[  108.526171] ffs_data_put(): freeing
[  108.528921] file system registered
[  108.530944] unloading
[  108.538246] ffs_data_put(): freeing
[  108.538370] ffs_data_put(): freeing
[  108.538671] ffs_data_put(): freeing
[  108.540897] file system registered
[  108.542980] unloading
[  108.550266] ffs_data_put(): freeing
[  108.550451] ffs_data_put(): freeing
[  108.552117] file system registered
[  108.554916] unloading
[  108.562300] ffs_data_put(): freeing
[  108.562854] ffs_data_put(): freeing
[  108.562957] ffs_data_put(): freeing
[  108.563113] ffs_data_put(): freeing
[  108.565986] file system registered
[  108.568313] unloading
[  108.580776] file system registered
[  108.584070] unloading
[  108.590437] ffs_data_put(): freeing
[  108.594135] file system registered
[  108.596952] unloading
[  108.604448] file system registered
[  108.606486] unloading
[  108.616206] ffs_data_put(): freeing
[  108.618251] file system registered
[  108.620279] unloading
[  108.629267] file system registered
[  108.631447] unloading
[  108.638009] ffs_data_put(): freeing
[  108.639921] file system registered
[  108.641318] unloading
[  108.647155] ffs_data_put(): freeing
[  108.647293] ffs_data_put(): freeing
[  108.655683] file system registered
[  108.657477] unloading
[  108.664357] ffs_data_put(): freeing
[  108.666841] file system registered
[  108.668816] unloading
[  108.675361] ffs_data_put(): freeing
[  108.677496] file system registered
[  108.679779] unloading
[  108.688283] ffs_data_put(): freeing
[  108.691207] file system registered
[  108.693784] unloading
[  108.703134] ffs_data_put(): freeing
[  108.704431] file system registered
[  108.706128] unloading
[  108.713425] ffs_data_put(): freeing
[  108.714161] ffs_data_put(): freeing
[  108.716212] file system registered
[  108.718093] unloading
[  108.732306] file system registered
[  108.734954] unloading
[  108.745438] ffs_data_put(): freeing
[  108.745700] ffs_data_put(): freeing
[  108.747198] file system registered
[  108.749971] unloading
[  108.755396] ffs_data_put(): freeing
[  108.760725] file system registered
[  108.764431] unloading
[  108.778392] ffs_data_put(): freeing
[  108.780679] file system registered
[  108.782128] unloading
[  108.787335] ffs_data_put(): freeing
[  108.790996] file system registered
[  108.792898] unloading
[  108.799381] ffs_data_put(): freeing
[  108.801980] file system registered
[  108.803199] unloading
[  108.813830] file system registered
[  108.815175] unloading
[  108.822260] ffs_data_put(): freeing
[  108.822396] ffs_data_put(): freeing
[  108.825134] file system registered
[  108.827480] ffs_data_put(): freeing
[  108.827952] unloading
[  108.836133] ffs_data_put(): freeing
[  108.840706] file system registered
[  108.842404] unloading
[  108.852668] ffs_data_put(): freeing
[  108.854372] file system registered
[  108.856289] unloading
[  108.864300] ffs_data_put(): freeing
[  108.867351] file system registered
[  108.869991] unloading
[  108.875285] ffs_data_put(): freeing
[  108.878141] file system registered
[  108.880145] unloading
[  108.889164] ffs_data_put(): freeing
[  108.891928] file system registered
[  108.894231] unloading
[  108.900147] ffs_data_put(): freeing
[  108.902647] file system registered
[  108.904460] unloading
[  108.913370] file system registered
[  108.915755] unloading
[  108.922152] ffs_data_put(): freeing
[  108.924021] file system registered
[  108.926935] unloading
[  108.934057] ffs_data_put(): freeing
[  108.936881] file system registered
[  108.938417] unloading
[  108.944151] ffs_data_put(): freeing
[  108.944228] ffs_data_put(): freeing
[  108.945477] file system registered
[  108.947211] unloading
[  108.956163] ffs_data_put(): freeing
[  108.956327] ffs_data_put(): freeing
[  108.956439] ffs_data_put(): freeing
[  108.957991] file system registered
[  108.959918] unloading
[  108.972339] ffs_data_put(): freeing
[  108.975430] file system registered
[  108.977381] unloading
[  108.986207] file system registered
[  108.988280] unloading
[  108.996161] ffs_data_put(): freeing
[  108.998847] file system registered
[  109.000463] unloading
[  109.008366] ffs_data_put(): freeing
[  109.012484] file system registered
[  109.015314] unloading
[  109.021788] file system registered
[  109.023342] unloading
[  109.028758] ffs_data_put(): freeing
[  109.030238] file system registered
[  109.032325] unloading
[  109.040147] ffs_data_put(): freeing
[  109.043434] file system registered
[  109.045466] unloading
[  109.055134] ffs_data_put(): freeing
[  109.057904] file system registered
[  109.060049] unloading
[  109.072377] ffs_data_put(): freeing
[  109.072469] ffs_data_put(): freeing
[  109.074937] file system registered
[  109.077358] ffs_data_put(): freeing
[  109.077461] unloading
[  109.085120] file system registered
[  109.085319] ffs_data_put(): freeing
[  109.087395] unloading
[  109.097263] ffs_data_put(): freeing
[  109.097360] ffs_data_put(): freeing
[  109.100205] file system registered
[  109.102747] unloading
[  109.109391] ffs_data_put(): freeing
[  109.112373] file system registered
[  109.114955] unloading
[  109.120216] ffs_data_put(): freeing
[  109.122358] file system registered
[  109.123391] unloading
[  109.130360] file system registered
[  109.131725] unloading
[  109.137056] ffs_data_put(): freeing
[  109.139079] file system registered
[  109.140916] ffs_data_put(): freeing
[  109.141088] unloading
[  109.151200] ffs_data_put(): freeing
[  109.151300] ffs_data_put(): freeing
[  109.153301] file system registered
[  109.155444] unloading
[  109.163198] ffs_data_put(): freeing
[  109.165469] file system registered
[  109.167407] unloading
[  109.176282] ffs_data_put(): freeing
[  109.176779] ffs_data_put(): freeing
[  109.177228] ffs_data_put(): freeing
[  109.177880] file system registered
[  109.179324] unloading
[  109.184223] ffs_data_put(): freeing
[  109.185042] ffs_data_put(): freeing
[  109.185173] ffs_data_put(): freeing
[  109.193292] file system registered
[  109.195784] unloading
[  109.206436] ffs_data_put(): freeing
[  109.206851] ffs_data_put(): freeing
[  109.206944] ffs_data_put(): freeing
[  109.208269] file system registered
[  109.210233] unloading
[  109.221487] ffs_data_put(): freeing
[  109.222485] ffs_data_put(): freeing
[  109.222896] ffs_data_put(): freeing
[  109.227978] file system registered
[  109.231136] unloading
[  109.241940] file system registered
[  109.244558] unloading
[  109.253804] ffs_data_put(): freeing
[  109.256333] file system registered
[  109.260251] unloading
[  109.271820] ffs_data_put(): freeing
[  109.272094] ffs_data_put(): freeing
[  109.274867] file system registered
[  109.278118] unloading
[  109.284470] ffs_data_put(): freeing
[  109.286351] ffs_data_put(): freeing
[  109.288285] file system registered
[  109.291213] unloading
[  109.299775] ffs_data_put(): freeing
[  109.302721] file system registered
[  109.304359] unloading
[  109.315032] file system registered
[  109.316150] unloading
[  109.324167] file system registered
[  109.325967] unloading
[  109.334287] ffs_data_put(): freeing
[  109.336428] file system registered
[  109.338200] unloading
[  109.346165] ffs_data_put(): freeing
[  109.348810] file system registered
[  109.350738] unloading
[  109.359203] ffs_data_put(): freeing
[  109.361423] file system registered
[  109.363324] unloading
[  109.374266] file system registered
[  109.376011] unloading
[  109.386238] ffs_data_put(): freeing
[  109.386324] ffs_data_put(): freeing
[  109.388131] file system registered
[  109.389984] unloading
[  109.403957] ffs_data_put(): freeing
[  109.404098] ffs_data_put(): freeing
[  109.406930] file system registered
[  109.409122] unloading
[  109.413182] ffs_data_put(): freeing
[  109.413365] ffs_data_put(): freeing
[  109.419266] file system registered
[  109.422048] unloading
[  109.431218] ffs_data_put(): freeing
[  109.435171] file system registered
[  109.438018] unloading
[  109.449320] file system registered
[  109.451789] unloading
[  109.460131] ffs_data_put(): freeing
[  109.460249] ffs_data_put(): freeing
[  109.463889] file system registered
[  109.467473] unloading
[  109.478105] ffs_data_put(): freeing
[  109.481316] file system registered
[  109.483077] unloading
[  109.492870] file system registered
[  109.495476] unloading
[  109.501196] ffs_data_put(): freeing
[  109.503407] file system registered
[  109.505039] unloading
[  109.512160] ffs_data_put(): freeing
[  109.512412] ffs_data_put(): freeing
[  109.512628] ffs_data_put(): freeing
[  109.513360] file system registered
[  109.515247] unloading
[  109.522165] ffs_data_put(): freeing
[  109.522390] ffs_data_put(): freeing
[  109.522603] ffs_data_put(): freeing
[  109.523892] file system registered
[  109.525690] unloading
[  109.531363] ffs_data_put(): freeing
[  109.531778] ffs_data_put(): freeing
[  109.534313] file system registered
[  109.536274] unloading
[  109.546329] ffs_data_put(): freeing
[  109.547257] ffs_data_put(): freeing
[  109.547372] ffs_data_put(): freeing
[  109.548142] file system registered
[  109.549468] unloading
[  109.553740] ffs_data_put(): freeing
[  109.557266] file system registered
[  109.562021] unloading
[  109.570410] ffs_data_put(): freeing
[  109.572177] file system registered
[  109.572386] ffs_data_put(): freeing
[  109.574826] unloading
[  109.580811] ffs_data_put(): freeing
[  109.582895] file system registered
[  109.585369] unloading
[  109.595405] ffs_data_put(): freeing
[  109.598298] file system registered
[  109.600782] unloading
[  109.612865] ffs_data_put(): freeing
[  109.613008] ffs_data_put(): freeing
[  109.615920] file system registered
[  109.619171] unloading
[  109.622809] ffs_data_put(): freeing
[  109.626459] file system registered
[  109.629370] unloading
[  109.636030] file system registered
[  109.637860] unloading
[  109.653260] file system registered
[  109.655453] unloading
[  109.663445] file system registered
[  109.665369] unloading
[  109.674091] file system registered
[  109.675448] unloading
[  109.684967] file system registered
[  109.686304] unloading
[  109.692194] ffs_data_put(): freeing
[  109.692273] ffs_data_put(): freeing
[  109.695229] file system registered
[  109.697473] unloading
[  109.706001] file system registered
[  109.707662] unloading
[  109.712298] ffs_data_put(): freeing
[  109.713937] file system registered
[  109.715217] unloading
[  109.725182] ffs_data_put(): freeing
[  109.725310] ffs_data_put(): freeing
[  109.727434] file system registered
[  109.729456] unloading
[  109.739416] file system registered
[  109.741284] unloading
[  109.751185] ffs_data_put(): freeing
[  109.751300] ffs_data_put(): freeing
[  109.755233] file system registered
[  109.757879] unloading
[  109.765337] ffs_data_put(): freeing
[  109.766486] file system registered
[  109.768026] unloading
[  109.774142] ffs_data_put(): freeing
[  109.775763] file system registered
[  109.777063] unloading
[  109.787120] ffs_data_put(): freeing
[  109.787249] ffs_data_put(): freeing
[  109.789095] file system registered
[  109.790946] unloading
[  109.796250] ffs_data_put(): freeing
[  109.796422] ffs_data_put(): freeing
[  109.798417] file system registered
[  109.800307] unloading
[  109.814321] ffs_data_put(): freeing
[  109.816468] file system registered
[  109.817693] unloading
[  109.825336] file system registered
[  109.828040] unloading
[  109.835091] file system registered
[  109.837173] unloading
[  109.842696] file system registered
[  109.843949] unloading
[  109.852265] ffs_data_put(): freeing
[  109.856038] file system registered
[  109.858379] unloading
[  109.869238] ffs_data_put(): freeing
[  109.869341] ffs_data_put(): freeing
[  109.872297] file system registered
[  109.874444] unloading
[  109.882448] ffs_data_put(): freeing
[  109.885198] file system registered
[  109.887185] unloading
[  109.896360] ffs_data_put(): freeing
[  109.896468] ffs_data_put(): freeing
[  109.899956] file system registered
[  109.902348] unloading
[  109.910476] ffs_data_put(): freeing
[  109.913873] file system registered
[  109.916218] unloading
[  109.927981] ffs_data_put(): freeing
[  109.928346] ffs_data_put(): freeing
[  109.928451] ffs_data_put(): freeing
[  109.932473] file system registered
[  109.938129] unloading
[  109.945788] ffs_data_put(): freeing
[  109.948885] file system registered
[  109.951943] unloading
[  109.960722] file system registered
[  109.962415] unloading
[  109.968397] file system registered
[  109.970936] unloading
[  109.978358] ffs_data_put(): freeing
[  109.978464] ffs_data_put(): freeing
[  109.980448] file system registered
[  109.982339] unloading
[  109.990180] ffs_data_put(): freeing
[  109.992152] file system registered
[  109.993927] unloading
[  110.000205] ffs_data_put(): freeing
[  110.001917] file system registered
[  110.003366] unloading
[  110.014248] ffs_data_put(): freeing
[  110.014362] ffs_data_put(): freeing
[  110.017036] file system registered
[  110.018927] unloading
[  110.028418] ffs_data_put(): freeing
[  110.028654] ffs_data_put(): freeing
[  110.030625] file system registered
[  110.032058] unloading
[  110.041473] ffs_data_put(): freeing
[  110.044969] file system registered
[  110.047702] unloading
[  110.052376] ffs_data_put(): freeing
[  110.054969] file system registered
[  110.057208] unloading
[  110.062279] ffs_data_put(): freeing
[  110.064388] file system registered
[  110.066494] unloading
[  110.073551] ffs_data_put(): freeing
[  110.075254] file system registered
[  110.077296] unloading
[  110.086907] file system registered
[  110.088413] unloading
[  110.093189] ffs_data_put(): freeing
[  110.095824] file system registered
[  110.097188] unloading
[  110.107278] file system registered
[  110.109117] unloading
[  110.118146] ffs_data_put(): freeing
[  110.118249] ffs_data_put(): freeing
[  110.120736] file system registered
[  110.122393] unloading
[  110.132316] ffs_data_put(): freeing
[  110.134693] file system registered
[  110.137003] unloading
[  110.143171] ffs_data_put(): freeing
[  110.145308] file system registered
[  110.147241] unloading
[  110.154265] ffs_data_put(): freeing
[  110.156870] file system registered
[  110.157829] unloading
[  110.162056] ffs_data_put(): freeing
[  110.164347] file system registered
[  110.166449] unloading
[  110.175169] ffs_data_put(): freeing
[  110.177350] file system registered
[  110.179293] unloading
[  110.191273] ffs_data_put(): freeing
[  110.193967] file system registered
[  110.196746] ffs_data_put(): freeing
[  110.197173] unloading
[  110.202156] ffs_data_put(): freeing
[  110.204298] file system registered
[  110.206293] unloading
[  110.217678] file system registered
[  110.219209] unloading
[  110.226072] ffs_data_put(): freeing
[  110.226185] ffs_data_put(): freeing
[  110.228240] file system registered
[  110.231039] unloading
[  110.239226] ffs_data_put(): freeing
[  110.239426] ffs_data_put(): freeing
[  110.239679] ffs_data_put(): freeing
[  110.242252] file system registered
[  110.249255] ffs_data_put(): freeing
[  110.250507] unloading
[  110.259445] ffs_data_put(): freeing
[  110.259743] ffs_data_put(): freeing
[  110.260990] ffs_data_put(): freeing
[  110.268251] file system registered
[  110.271839] unloading
[  110.277310] ffs_data_put(): freeing
[  110.277473] ffs_data_put(): freeing
[  110.281914] file system registered
[  110.284482] unloading
[  110.290329] ffs_data_put(): freeing
[  110.293090] file system registered
[  110.296466] unloading
[  110.304223] ffs_data_put(): freeing
[  110.304313] ffs_data_put(): freeing
[  110.306826] file system registered
[  110.309316] unloading
[  110.318334] ffs_data_put(): freeing
[  110.321310] file system registered
[  110.324231] unloading
[  110.331727] file system registered
[  110.333399] unloading
[  110.343184] ffs_data_put(): freeing
[  110.343285] ffs_data_put(): freeing
[  110.345945] file system registered
[  110.347899] unloading
[  110.354326] ffs_data_put(): freeing
[  110.356975] file system registered
[  110.359998] unloading
[  110.366260] ffs_data_put(): freeing
[  110.366446] ffs_data_put(): freeing
[  110.366731] ffs_data_put(): freeing
[  110.368256] file system registered
[  110.370246] unloading
[  110.375208] ffs_data_put(): freeing
[  110.375342] ffs_data_put(): freeing
[  110.378338] file system registered
[  110.381016] unloading
[  110.390267] ffs_data_put(): freeing
[  110.392846] file system registered
[  110.395347] unloading
[  110.401268] ffs_data_put(): freeing
[  110.405309] file system registered
[  110.408365] unloading
[  110.416228] ffs_data_put(): freeing
[  110.418776] file system registered
[  110.421378] unloading
[  110.430269] ffs_data_put(): freeing
[  110.430387] ffs_data_put(): freeing
[  110.432008] file system registered
[  110.433187] unloading
[  110.449884] ffs_data_put(): freeing
[  110.450339] ffs_data_put(): freeing
[  110.451089] ffs_data_put(): freeing
[  110.455147] file system registered
[  110.461054] unloading
[  110.469056] ffs_data_put(): freeing
[  110.469329] ffs_data_put(): freeing
[  110.471428] file system registered
[  110.474019] unloading
[  110.479741] ffs_data_put(): freeing
[  110.484052] file system registered
[  110.486894] unloading
[  110.493450] ffs_data_put(): freeing
[  110.493680] ffs_data_put(): freeing
[  110.496082] file system registered
[  110.498418] unloading
[  110.508988] ffs_data_put(): freeing
[  110.509296] ffs_data_put(): freeing
[  110.511396] file system registered
[  110.514857] unloading
[  110.522963] ffs_data_put(): freeing
[  110.523482] ffs_data_put(): freeing
[  110.523807] ffs_data_put(): freeing
[  110.525978] file system registered
[  110.528167] unloading
[  110.533987] ffs_data_put(): freeing
[  110.536388] file system registered
[  110.536797] ffs_data_put(): freeing
[  110.539443] unloading
[  110.546862] ffs_data_put(): freeing
[  110.546910] ffs_data_put(): freeing
[  110.550482] file system registered
[  110.553855] unloading
[  110.562306] ffs_data_put(): freeing
[  110.566217] file system registered
[  110.569888] unloading
[  110.579481] ffs_data_put(): freeing
[  110.583294] file system registered
[  110.585970] unloading
[  110.597801] file system registered
[  110.599002] unloading
[  110.607247] ffs_data_put(): freeing
[  110.607361] ffs_data_put(): freeing
[  110.609364] file system registered
[  110.612767] unloading
[  110.621691] file system registered
[  110.623371] unloading
[  110.630253] ffs_data_put(): freeing
[  110.630416] ffs_data_put(): freeing
[  110.631984] file system registered
[  110.633351] unloading
[  110.644296] ffs_data_put(): freeing
[  110.644469] ffs_data_put(): freeing
[  110.645008] ffs_data_put(): freeing
[  110.647012] file system registered
[  110.649254] unloading
[  110.656489] ffs_data_put(): freeing
[  110.656937] ffs_data_put(): freeing
[  110.659213] file system registered
[  110.662170] unloading
[  110.668458] ffs_data_put(): freeing
[  110.672119] file system registered
[  110.674486] unloading
[  110.683420] ffs_data_put(): freeing
[  110.684332] ffs_data_put(): freeing
[  110.686159] file system registered
[  110.689910] unloading
[  110.697343] ffs_data_put(): freeing
[  110.697795] ffs_data_put(): freeing
[  110.697915] ffs_data_put(): freeing
[  110.698091] ffs_data_put(): freeing
[  110.699939] file system registered
[  110.703006] unloading
[  110.714156] ffs_data_put(): freeing
[  110.714336] ffs_data_put(): freeing
[  110.714941] file system registered
[  110.718090] unloading
[  110.727389] ffs_data_put(): freeing
[  110.728158] ffs_data_put(): freeing
[  110.728410] ffs_data_put(): freeing
[  110.732953] file system registered
[  110.738887] unloading
[  110.749886] ffs_data_put(): freeing
[  110.754062] file system registered
[  110.756275] unloading
[  110.764769] ffs_data_put(): freeing
[  110.766451] file system registered
[  110.767068] ffs_data_put(): freeing
[  110.769186] unloading
[  110.779298] file system registered
[  110.781900] unloading
[  110.791239] file system registered
[  110.793503] unloading
[  110.798442] ffs_data_put(): freeing
[  110.800393] file system registered
[  110.802263] unloading
[  110.812159] ffs_data_put(): freeing
[  110.813996] file system registered
[  110.815247] unloading
[  110.820236] ffs_data_put(): freeing
[  110.820344] ffs_data_put(): freeing
[  110.822153] file system registered
[  110.823248] unloading
[  110.831066] ffs_data_put(): freeing
[  110.831185] ffs_data_put(): freeing
[  110.833468] file system registered
[  110.835305] unloading
[  110.844269] ffs_data_put(): freeing
[  110.847012] file system registered
[  110.849273] unloading
[  110.856227] ffs_data_put(): freeing
[  110.858423] file system registered
[  110.860387] unloading
[  110.868178] ffs_data_put(): freeing
[  110.871267] file system registered
[  110.874134] unloading
[  110.883135] ffs_data_put(): freeing
[  110.886751] file system registered
[  110.888740] unloading
[  110.895165] file system registered
[  110.897671] unloading
[  110.906092] ffs_data_put(): freeing
[  110.906213] ffs_data_put(): freeing
[  110.908866] file system registered
[  110.912067] unloading
[  110.927292] file system registered
[  110.930020] unloading
[  110.937186] ffs_data_put(): freeing
[  110.940039] file system registered
[  110.942303] unloading
[  110.950296] ffs_data_put(): freeing
[  110.952352] file system registered
[  110.953908] unloading
[  110.959132] ffs_data_put(): freeing
[  110.960468] file system registered
[  110.962284] unloading
[  110.969136] ffs_data_put(): freeing
[  110.971371] file system registered
[  110.973364] unloading
[  110.983147] ffs_data_put(): freeing
[  110.983244] ffs_data_put(): freeing
[  110.984971] file system registered
[  110.986777] unloading
[  110.995339] ffs_data_put(): freeing
[  110.995434] ffs_data_put(): freeing
[  110.996938] file system registered
[  110.998426] unloading
[  111.008268] ffs_data_put(): freeing
[  111.008483] ffs_data_put(): freeing
[  111.010948] file system registered
[  111.013331] unloading
[  111.020884] ffs_data_put(): freeing
[  111.020924] ffs_data_put(): freeing
[  111.023432] file system registered
[  111.028093] unloading
[  111.036150] ffs_data_put(): freeing
[  111.038984] file system registered
[  111.041982] unloading
[  111.052481] ffs_data_put(): freeing
[  111.052804] ffs_data_put(): freeing
[  111.055380] file system registered
[  111.057404] unloading
[  111.066196] ffs_data_put(): freeing
[  111.066413] ffs_data_put(): freeing
[  111.070938] file system registered
[  111.073465] unloading
[  111.083045] file system registered
[  111.085377] unloading
[  111.091228] ffs_data_put(): freeing
[  111.093778] file system registered
[  111.095467] unloading
[  111.103930] ffs_data_put(): freeing
[  111.105068] ffs_data_put(): freeing
[  111.106029] file system registered
[  111.108289] unloading
[  111.115062] ffs_data_put(): freeing
[  111.119173] file system registered
[  111.122180] unloading
[  111.128439] ffs_data_put(): freeing
[  111.131998] file system registered
[  111.134282] unloading
[  111.144876] ffs_data_put(): freeing
[  111.145266] ffs_data_put(): freeing
[  111.146816] file system registered
[  111.148325] unloading
[  111.155365] ffs_data_put(): freeing
[  111.157390] ffs_data_put(): freeing
[  111.158816] file system registered
[  111.161198] unloading
[  111.167923] ffs_data_put(): freeing
[  111.170137] file system registered
[  111.170325] ffs_data_put(): freeing
[  111.173054] unloading
[  111.183189] file system registered
[  111.185413] unloading
[  111.191304] ffs_data_put(): freeing
[  111.193350] file system registered
[  111.195232] unloading
[  111.205213] ffs_data_put(): freeing
[  111.207709] file system registered
[  111.209202] unloading
[  111.219270] ffs_data_put(): freeing
[  111.219404] ffs_data_put(): freeing
[  111.220963] file system registered
[  111.222466] unloading
[  111.234976] ffs_data_put(): freeing
[  111.235230] ffs_data_put(): freeing
[  111.235445] ffs_data_put(): freeing
[  111.238386] file system registered
[  111.244127] unloading
[  111.250846] ffs_data_put(): freeing
[  111.254085] file system registered
[  111.256798] unloading
[  111.263294] ffs_data_put(): freeing
[  111.263816] ffs_data_put(): freeing
[  111.265441] file system registered
[  111.268011] unloading
[  111.278185] ffs_data_put(): freeing
[  111.278296] ffs_data_put(): freeing
[  111.280419] file system registered
[  111.283332] unloading
[  111.291376] ffs_data_put(): freeing
[  111.294434] file system registered
[  111.298056] unloading
[  111.304357] ffs_data_put(): freeing
[  111.307373] file system registered
[  111.310054] unloading
[  111.317209] ffs_data_put(): freeing
[  111.317370] ffs_data_put(): freeing
[  111.319920] file system registered
[  111.322073] unloading
[  111.332793] ffs_data_put(): freeing
[  111.332929] ffs_data_put(): freeing
[  111.334951] file system registered
[  111.337138] unloading
[  111.346817] ffs_data_put(): freeing
[  111.347010] ffs_data_put(): freeing
[  111.348411] file system registered
[  111.350035] unloading
[  111.358220] ffs_data_put(): freeing
[  111.358748] ffs_data_put(): freeing
[  111.358973] ffs_data_put(): freeing
[  111.359491] file system registered
[  111.361132] unloading
[  111.372305] file system registered
[  111.375891] unloading
[  111.384843] ffs_data_put(): freeing
[  111.385050] ffs_data_put(): freeing
[  111.387509] file system registered
[  111.390058] unloading
[  111.396691] ffs_data_put(): freeing
[  111.398926] file system registered
[  111.402145] unloading
[  111.407174] ffs_data_put(): freeing
[  111.409212] file system registered
[  111.411099] unloading
[  111.419777] ffs_data_put(): freeing
[  111.421219] file system registered
[  111.423171] unloading
[  111.433962] ffs_data_put(): freeing
[  111.435473] file system registered
[  111.437718] unloading
[  111.446984] file system registered
[  111.450824] unloading
[  111.460060] ffs_data_put(): freeing
[  111.462335] file system registered
[  111.464396] unloading
[  111.474418] file system registered
[  111.476310] unloading
[  111.485194] ffs_data_put(): freeing
[  111.485434] ffs_data_put(): freeing
[  111.485608] ffs_data_put(): freeing
[  111.487935] file system registered
[  111.489416] unloading
[  111.499386] file system registered
[  111.501105] unloading
[  111.509134] file system registered
[  111.512003] unloading
[  111.520370] ffs_data_put(): freeing
[  111.522156] file system registered
[  111.524365] unloading
[  111.534351] ffs_data_put(): freeing
[  111.534975] ffs_data_put(): freeing
[  111.536832] file system registered
[  111.538804] unloading
[  111.547398] ffs_data_put(): freeing
[  111.547725] ffs_data_put(): freeing
[  111.549475] file system registered
[  111.551676] unloading
[  111.560337] ffs_data_put(): freeing
[  111.560464] ffs_data_put(): freeing
[  111.562819] file system registered
[  111.565377] unloading
[  111.577423] ffs_data_put(): freeing
[  111.579109] ffs_data_put(): freeing
[  111.579250] ffs_data_put(): freeing
[  111.580479] file system registered
[  111.584023] unloading
[  111.594057] ffs_data_put(): freeing
[  111.594437] ffs_data_put(): freeing
[  111.594741] ffs_data_put(): freeing
[  111.597450] file system registered
[  111.601012] unloading
[  111.609856] ffs_data_put(): freeing
[  111.610120] ffs_data_put(): freeing
[  111.614023] file system registered
[  111.618009] unloading
[  111.626762] file system registered
[  111.627942] unloading
[  111.633389] ffs_data_put(): freeing
[  111.637362] file system registered
[  111.640151] unloading
[  111.650811] file system registered
[  111.652765] unloading
[  111.664447] file system registered
[  111.666136] unloading
[  111.671459] ffs_data_put(): freeing
[  111.673941] file system registered
[  111.674674] unloading
[  111.680132] ffs_data_put(): freeing
[  111.681927] file system registered
[  111.683216] unloading
[  111.693817] ffs_data_put(): freeing
[  111.694152] ffs_data_put(): freeing
[  111.694240] ffs_data_put(): freeing
[  111.695368] file system registered
[  111.697453] unloading
[  111.707132] ffs_data_put(): freeing
[  111.710141] file system registered
[  111.712103] unloading
[  111.717388] ffs_data_put(): freeing
[  111.717819] ffs_data_put(): freeing
[  111.718213] ffs_data_put(): freeing
[  111.720853] file system registered
[  111.724285] unloading
[  111.730887] ffs_data_put(): freeing
[  111.732470] file system registered
[  111.735413] unloading
[  111.743160] ffs_data_put(): freeing
[  111.743460] ffs_data_put(): freeing
[  111.745736] file system registered
[  111.747412] unloading
[  111.757148] ffs_data_put(): freeing
[  111.757330] ffs_data_put(): freeing
[  111.757897] ffs_data_put(): freeing
[  111.760001] file system registered
[  111.762184] unloading
[  111.765714] ffs_data_put(): freeing
[  111.772242] ffs_data_put(): freeing
[  111.772561] ffs_data_put(): freeing
[  111.773097] ffs_data_put(): freeing
[  111.776345] file system registered
[  111.780451] unloading
[  111.791884] ffs_data_put(): freeing
[  111.792272] ffs_data_put(): freeing
[  111.792469] ffs_data_put(): freeing
[  111.794434] file system registered
[  111.801191] unloading
[  111.814008] ffs_data_put(): freeing
[  111.814350] ffs_data_put(): freeing
[  111.814948] ffs_data_put(): freeing
[  111.816829] file system registered
[  111.820070] unloading
[  111.835316] ffs_data_put(): freeing
[  111.835940] ffs_data_put(): freeing
[  111.837189] ffs_data_put(): freeing
[  111.837434] file system registered
[  111.837882] ffs_data_put(): freeing
[  111.841267] unloading
[  111.851016] ffs_data_put(): freeing
[  111.856234] file system registered
[  111.861279] unloading
[  111.868360] ffs_data_put(): freeing
[  111.872209] file system registered
[  111.877388] unloading
[  111.887214] ffs_data_put(): freeing
[  111.887352] ffs_data_put(): freeing
[  111.889612] file system registered
[  111.892149] unloading
[  111.900908] ffs_data_put(): freeing
[  111.901134] ffs_data_put(): freeing
[  111.912323] file system registered
[  111.915371] unloading
[  111.925380] ffs_data_put(): freeing
[  111.926266] ffs_data_put(): freeing
[  111.928194] file system registered
[  111.931308] unloading
[  111.938182] ffs_data_put(): freeing
[  111.941011] file system registered
[  111.943377] unloading
[  111.951486] ffs_data_put(): freeing
[  111.954238] file system registered
[  111.956986] unloading
[  111.963294] ffs_data_put(): freeing
[  111.967074] file system registered
[  111.969890] unloading
[  111.975372] ffs_data_put(): freeing
[  111.978166] file system registered
[  111.980328] unloading
[  111.987360] file system registered
[  111.989331] unloading
[  111.996223] ffs_data_put(): freeing
[  111.996370] ffs_data_put(): freeing
[  111.996464] ffs_data_put(): freeing
[  111.998073] file system registered
[  111.999718] unloading
[  112.004219] ffs_data_put(): freeing
[  112.006851] file system registered
[  112.008168] unloading
[  112.019072] file system registered
[  112.021105] unloading
[  112.030472] ffs_data_put(): freeing
[  112.030705] ffs_data_put(): freeing
[  112.032768] file system registered
[  112.034350] unloading
[  112.041146] file system registered
[  112.043960] unloading
[  112.054458] file system registered
[  112.056147] unloading
[  112.065866] file system registered
[  112.067354] unloading
[  112.074340] ffs_data_put(): freeing
[  112.074448] ffs_data_put(): freeing
[  112.077347] file system registered
[  112.079440] unloading
[  112.085097] ffs_data_put(): freeing
[  112.087983] file system registered
[  112.090103] unloading
[  112.100872] file system registered
[  112.102303] unloading
[  112.110083] file system registered
[  112.113191] unloading
[  112.120118] ffs_data_put(): freeing
[  112.120211] ffs_data_put(): freeing
[  112.121356] file system registered
[  112.123221] ffs_data_put(): freeing
[  112.123275] unloading
[  112.129315] ffs_data_put(): freeing
[  112.129680] ffs_data_put(): freeing
[  112.129811] ffs_data_put(): freeing
[  112.131257] file system registered
[  112.133217] unloading
[  112.142490] ffs_data_put(): freeing
[  112.142797] ffs_data_put(): freeing
[  112.145034] file system registered
[  112.147356] unloading
[  112.157064] file system registered
[  112.158856] unloading
[  112.166274] ffs_data_put(): freeing
[  112.166458] ffs_data_put(): freeing
[  112.168059] file system registered
[  112.170249] unloading
[  112.175741] ffs_data_put(): freeing
[  112.178441] file system registered
[  112.180374] unloading
[  112.190166] ffs_data_put(): freeing
[  112.192947] file system registered
[  112.195416] unloading
[  112.203693] ffs_data_put(): freeing
[  112.203852] ffs_data_put(): freeing
[  112.205834] file system registered
[  112.208820] unloading
[  112.215457] ffs_data_put(): freeing
[  112.216381] ffs_data_put(): freeing
[  112.218239] file system registered
[  112.221022] unloading
[  112.226345] ffs_data_put(): freeing
[  112.229179] file system registered
[  112.231075] unloading
[  112.239156] ffs_data_put(): freeing
[  112.239457] ffs_data_put(): freeing
[  112.239691] ffs_data_put(): freeing
[  112.240941] file system registered
[  112.242940] unloading
[  112.250376] ffs_data_put(): freeing
[  112.250869] ffs_data_put(): freeing
[  112.251166] ffs_data_put(): freeing
[  112.253166] file system registered
[  112.254839] unloading
[  112.261366] ffs_data_put(): freeing
[  112.261784] ffs_data_put(): freeing
[  112.261963] ffs_data_put(): freeing
[  112.264752] file system registered
[  112.267096] unloading
[  112.277207] ffs_data_put(): freeing
[  112.277928] ffs_data_put(): freeing
[  112.279296] file system registered
[  112.282101] unloading
[  112.292810] file system registered
[  112.295084] unloading
[  112.304844] file system registered
[  112.306888] unloading
[  112.315346] ffs_data_put(): freeing
[  112.315796] ffs_data_put(): freeing
[  112.318300] file system registered
[  112.321181] unloading
[  112.329415] ffs_data_put(): freeing
[  112.330211] ffs_data_put(): freeing
[  112.330392] ffs_data_put(): freeing
[  112.333080] file system registered
[  112.335338] unloading
[  112.342949] ffs_data_put(): freeing
[  112.345499] file system registered
[  112.348806] unloading
[  112.354857] ffs_data_put(): freeing
[  112.355081] ffs_data_put(): freeing
[  112.356762] file system registered
[  112.358864] unloading
[  112.369988] ffs_data_put(): freeing
[  112.370115] ffs_data_put(): freeing
[  112.371143] file system registered
[  112.373873] unloading
[  112.384473] ffs_data_put(): freeing
[  112.384814] ffs_data_put(): freeing
[  112.385014] ffs_data_put(): freeing
[  112.388136] file system registered
[  112.391445] unloading
[  112.398411] ffs_data_put(): freeing
[  112.399834] ffs_data_put(): freeing
[  112.401944] file system registered
[  112.403378] unloading
[  112.412467] file system registered
[  112.414163] unloading
[  112.419906] ffs_data_put(): freeing
[  112.423113] file system registered
[  112.425830] unloading
[  112.431353] ffs_data_put(): freeing
[  112.431433] ffs_data_put(): freeing
[  112.433908] file system registered
[  112.436140] unloading
[  112.446411] ffs_data_put(): freeing
[  112.446918] ffs_data_put(): freeing
[  112.449362] file system registered
[  112.451895] unloading
[  112.458280] ffs_data_put(): freeing
[  112.460838] file system registered
[  112.462357] unloading
[  112.475212] ffs_data_put(): freeing
[  112.475326] ffs_data_put(): freeing
[  112.477583] file system registered
[  112.479522] unloading
[  112.487363] ffs_data_put(): freeing
[  112.487489] ffs_data_put(): freeing
[  112.490006] file system registered
[  112.492198] unloading
[  112.500723] ffs_data_put(): freeing
[  112.500949] ffs_data_put(): freeing
[  112.501094] ffs_data_put(): freeing
[  112.502420] file system registered
[  112.504842] unloading
[  112.513356] ffs_data_put(): freeing
[  112.513907] ffs_data_put(): freeing
[  112.516425] file system registered
[  112.519383] unloading
[  112.526911] ffs_data_put(): freeing
[  112.527142] ffs_data_put(): freeing
[  112.529226] file system registered
[  112.531476] unloading
[  112.540466] ffs_data_put(): freeing
[  112.540884] ffs_data_put(): freeing
[  112.544046] file system registered
[  112.547865] unloading
[  112.553459] ffs_data_put(): freeing
[  112.556502] file system registered
[  112.558364] unloading
[  112.568038] file system registered
[  112.571089] unloading
[  112.578453] ffs_data_put(): freeing
[  112.578821] ffs_data_put(): freeing
[  112.580846] file system registered
[  112.582474] unloading
[  112.587391] ffs_data_put(): freeing
[  112.589864] file system registered
[  112.591308] unloading
[  112.601371] file system registered
[  112.603362] unloading
[  112.611300] ffs_data_put(): freeing
[  112.611409] ffs_data_put(): freeing
[  112.614031] file system registered
[  112.616748] unloading
[  112.627445] ffs_data_put(): freeing
[  112.628798] ffs_data_put(): freeing
[  112.629008] ffs_data_put(): freeing
[  112.630130] file system registered
[  112.633107] unloading
[  112.640381] ffs_data_put(): freeing
[  112.641118] ffs_data_put(): freeing
[  112.641373] ffs_data_put(): freeing
[  112.643205] file system registered
[  112.645951] unloading
[  112.653387] ffs_data_put(): freeing
[  112.654302] ffs_data_put(): freeing
[  112.655358] file system registered
[  112.657400] unloading
[  112.666450] ffs_data_put(): freeing
[  112.666950] ffs_data_put(): freeing
[  112.667236] ffs_data_put(): freeing
[  112.670188] file system registered
[  112.674552] unloading
[  112.681768] ffs_data_put(): freeing
[  112.682134] ffs_data_put(): freeing
[  112.682349] ffs_data_put(): freeing
[  112.684192] file system registered
[  112.687076] unloading
[  112.696800] ffs_data_put(): freeing
[  112.697099] ffs_data_put(): freeing
[  112.700237] file system registered
[  112.703495] unloading
[  112.714130] ffs_data_put(): freeing
[  112.714321] ffs_data_put(): freeing
[  112.720263] file system registered
[  112.726896] unloading
[  112.735740] ffs_data_put(): freeing
[  112.739324] file system registered
[  112.742321] unloading
[  112.750027] ffs_data_put(): freeing
[  112.750999] file system registered
[  112.753298] unloading
[  112.761123] ffs_data_put(): freeing
[  112.761213] ffs_data_put(): freeing
[  112.763350] file system registered
[  112.765197] unloading
[  112.774293] ffs_data_put(): freeing
[  112.774444] ffs_data_put(): freeing
[  112.776457] file system registered
[  112.778621] unloading
[  112.785331] ffs_data_put(): freeing
[  112.785497] ffs_data_put(): freeing
[  112.787862] file system registered
[  112.790264] unloading
[  112.797373] file system registered
[  112.799370] unloading
[  112.806136] ffs_data_put(): freeing
[  112.806372] ffs_data_put(): freeing
[  112.809168] file system registered
[  112.811433] unloading
[  112.820525] file system registered
[  112.822400] unloading
[  112.830059] file system registered
[  112.831914] unloading
[  112.839281] ffs_data_put(): freeing
[  112.839418] ffs_data_put(): freeing
[  112.839545] ffs_data_put(): freeing
[  112.841264] file system registered
[  112.842917] unloading
[  112.850407] ffs_data_put(): freeing
[  112.853287] file system registered
[  112.855191] unloading
[  112.863618] ffs_data_put(): freeing
[  112.863837] ffs_data_put(): freeing
[  112.864549] file system registered
[  112.866166] unloading
[  112.874313] ffs_data_put(): freeing
[  112.876712] ffs_data_put(): freeing
[  112.876898] file system registered
[  112.878515] unloading
[  112.883728] ffs_data_put(): freeing
[  112.886662] file system registered
[  112.890388] unloading
[  112.895271] ffs_data_put(): freeing
[  112.895410] ffs_data_put(): freeing
[  112.897352] file system registered
[  112.899936] unloading
[  112.908381] ffs_data_put(): freeing
[  112.908507] ffs_data_put(): freeing
[  112.911890] file system registered
[  112.914103] unloading
[  112.920157] ffs_data_put(): freeing
[  112.922909] file system registered
[  112.924875] unloading
[  112.933038] ffs_data_put(): freeing
[  112.935349] file system registered
[  112.937309] unloading
[  112.946135] ffs_data_put(): freeing
[  112.948266] file system registered
[  112.950444] unloading
[  112.962876] ffs_data_put(): freeing
[  112.964281] file system registered
[  112.965916] unloading
[  112.974312] ffs_data_put(): freeing
[  112.976336] file system registered
[  112.977899] unloading
[  112.985102] ffs_data_put(): freeing
[  112.985198] ffs_data_put(): freeing
[  112.987774] file system registered
[  112.989978] unloading
[  112.998165] file system registered
[  113.000958] unloading
[  113.008340] file system registered
[  113.010386] unloading
[  113.020302] file system registered
[  113.022230] unloading
[  113.032056] ffs_data_put(): freeing
[  113.033838] file system registered
[  113.035374] unloading
[  113.040237] ffs_data_put(): freeing
[  113.040348] ffs_data_put(): freeing
[  113.042840] file system registered
[  113.044369] unloading
[  113.049274] ffs_data_put(): freeing
[  113.054353] file system registered
[  113.056479] unloading
[  113.062225] ffs_data_put(): freeing
[  113.062298] ffs_data_put(): freeing
[  113.065005] file system registered
[  113.067385] unloading
[  113.074074] ffs_data_put(): freeing
[  113.075803] file system registered
[  113.077292] unloading
[  113.084160] file system registered
[  113.085823] unloading
[  113.092973] ffs_data_put(): freeing
[  113.094995] file system registered
[  113.096927] ffs_data_put(): freeing
[  113.097810] unloading
[  113.106055] ffs_data_put(): freeing
[  113.107861] file system registered
[  113.109247] unloading
[  113.115872] file system registered
[  113.118207] unloading
[  113.132846] ffs_data_put(): freeing
[  113.132956] ffs_data_put(): freeing
[  113.133098] ffs_data_put(): freeing
[  113.135250] file system registered
[  113.137412] unloading
[  113.145253] ffs_data_put(): freeing
[  113.148980] file system registered
[  113.151435] unloading
[  113.159393] ffs_data_put(): freeing
[  113.161193] file system registered
[  113.163229] unloading
[  113.170185] ffs_data_put(): freeing
[  113.172958] file system registered
[  113.176121] unloading
[  113.185422] ffs_data_put(): freeing
[  113.187231] file system registered
[  113.189085] unloading
[  113.194176] ffs_data_put(): freeing
[  113.196895] file system registered
[  113.199476] unloading
[  113.207209] ffs_data_put(): freeing
[  113.209851] file system registered
[  113.212291] unloading
[  113.222150] ffs_data_put(): freeing
[  113.224348] file system registered
[  113.226835] unloading
[  113.236342] ffs_data_put(): freeing
[  113.239272] file system registered
[  113.241341] unloading
[  113.250041] ffs_data_put(): freeing
[  113.252174] file system registered
[  113.255670] unloading
[  113.263142] ffs_data_put(): freeing
[  113.265632] file system registered
[  113.267131] unloading
[  113.276326] ffs_data_put(): freeing
[  113.276394] ffs_data_put(): freeing
[  113.278008] file system registered
[  113.279675] unloading
[  113.287331] ffs_data_put(): freeing
[  113.287480] ffs_data_put(): freeing
[  113.289853] file system registered
[  113.293052] unloading
[  113.301837] ffs_data_put(): freeing
[  113.301841] ffs_data_put(): freeing
[  113.304223] file system registered
[  113.306849] unloading
[  113.313994] ffs_data_put(): freeing
[  113.316429] file system registered
[  113.318176] unloading
[  113.329463] file system registered
[  113.331318] unloading
[  113.341344] ffs_data_put(): freeing
[  113.341770] ffs_data_put(): freeing
[  113.343925] file system registered
[  113.347375] unloading
[  113.352326] ffs_data_put(): freeing
[  113.355223] file system registered
[  113.357400] unloading
[  113.368266] file system registered
[  113.369500] unloading
[  113.378308] ffs_data_put(): freeing
[  113.387101] file system registered
[  113.389951] unloading
[  113.403255] ffs_data_put(): freeing
[  113.403429] ffs_data_put(): freeing
[  113.404155] ffs_data_put(): freeing
[  113.404387] ffs_data_put(): freeing
[  113.407478] file system registered
[  113.411427] unloading
[  113.422914] file system registered
[  113.425999] unloading
[  113.434268] ffs_data_put(): freeing
[  113.436660] file system registered
[  113.438160] unloading
[  113.446328] ffs_data_put(): freeing
[  113.449472] file system registered
[  113.452476] unloading
[  113.460944] ffs_data_put(): freeing
[  113.463959] file system registered
[  113.466989] unloading
[  113.472915] file system registered
[  113.474988] unloading
[  113.488898] file system registered
[  113.490419] unloading
[  113.497147] ffs_data_put(): freeing
[  113.500190] file system registered
[  113.502284] unloading
[  113.507805] ffs_data_put(): freeing
[  113.507927] ffs_data_put(): freeing
[  113.510503] file system registered
[  113.513844] unloading
[  113.523382] ffs_data_put(): freeing
[  113.525271] file system registered
[  113.528440] unloading
[  113.535993] ffs_data_put(): freeing
[  113.539454] file system registered
[  113.542440] unloading
[  113.551434] ffs_data_put(): freeing
[  113.553090] ffs_data_put(): freeing
[  113.554368] file system registered
[  113.556358] unloading
[  113.564334] ffs_data_put(): freeing
[  113.564470] ffs_data_put(): freeing
[  113.567347] file system registered
[  113.569313] unloading
[  113.575215] ffs_data_put(): freeing
[  113.577900] file system registered
[  113.579426] unloading
[  113.588676] file system registered
[  113.589817] unloading
[  113.597813] file system registered
[  113.599125] unloading
[  113.610952] file system registered
[  113.612419] unloading
[  113.618172] ffs_data_put(): freeing
[  113.618316] ffs_data_put(): freeing
[  113.621259] file system registered
[  113.623304] unloading
[  113.632319] ffs_data_put(): freeing
[  113.632481] ffs_data_put(): freeing
[  113.632674] ffs_data_put(): freeing
[  113.634906] file system registered
[  113.637376] unloading
[  113.644302] ffs_data_put(): freeing
[  113.644915] ffs_data_put(): freeing
[  113.645546] ffs_data_put(): freeing
[  113.647280] file system registered
[  113.650048] unloading
[  113.658410] ffs_data_put(): freeing
[  113.658919] ffs_data_put(): freeing
[  113.662220] file system registered
[  113.667155] unloading
[  113.677228] ffs_data_put(): freeing
[  113.677357] ffs_data_put(): freeing
[  113.677445] ffs_data_put(): freeing
[  113.680156] file system registered
[  113.683252] unloading
[  113.695966] file system registered
[  113.698368] unloading
[  113.705268] file system registered
[  113.706874] unloading
[  113.717995] file system registered
[  113.720967] unloading
[  113.729064] file system registered
[  113.729991] unloading
[  113.735131] ffs_data_put(): freeing
[  113.736848] file system registered
[  113.737829] unloading
[  113.748024] ffs_data_put(): freeing
[  113.750363] file system registered
[  113.752200] unloading
[  113.757277] ffs_data_put(): freeing
[  113.757387] ffs_data_put(): freeing
[  113.759665] file system registered
[  113.761525] unloading
[  113.766193] ffs_data_put(): freeing
[  113.766397] ffs_data_put(): freeing
[  113.768418] file system registered
[  113.770267] unloading
[  113.776443] ffs_data_put(): freeing
[  113.776609] ffs_data_put(): freeing
[  113.781828] file system registered
[  113.785217] unloading
[  113.793329] ffs_data_put(): freeing
[  113.793448] ffs_data_put(): freeing
[  113.796347] file system registered
[  113.799249] unloading
[  113.806350] ffs_data_put(): freeing
[  113.808850] file system registered
[  113.811298] unloading
[  113.821199] ffs_data_put(): freeing
[  113.821375] ffs_data_put(): freeing
[  113.821479] ffs_data_put(): freeing
[  113.825934] file system registered
[  113.828530] unloading
[  113.839377] ffs_data_put(): freeing
[  113.841408] file system registered
[  113.843167] unloading
[  113.850197] ffs_data_put(): freeing
[  113.852322] file system registered
[  113.855142] unloading
[  113.860223] ffs_data_put(): freeing
[  113.860342] ffs_data_put(): freeing
[  113.863223] file system registered
[  113.865877] unloading
[  113.874259] file system registered
[  113.876137] unloading
[  113.881409] ffs_data_put(): freeing
[  113.883429] file system registered
[  113.885020] unloading
[  113.901419] file system registered
[  113.903300] unloading
[  113.911144] ffs_data_put(): freeing
[  113.911269] ffs_data_put(): freeing
[  113.913141] file system registered
[  113.915378] unloading
[  113.929375] file system registered
[  113.931846] unloading
[  113.941176] ffs_data_put(): freeing
[  113.941300] ffs_data_put(): freeing
[  113.943958] file system registered
[  113.946228] unloading
[  113.955271] ffs_data_put(): freeing
[  113.956204] ffs_data_put(): freeing
[  113.956358] ffs_data_put(): freeing
[  113.957341] file system registered
[  113.959320] ffs_data_put(): freeing
[  113.960432] unloading
[  113.972394] ffs_data_put(): freeing
[  113.972700] ffs_data_put(): freeing
[  113.976343] file system registered
[  113.978846] unloading
[  113.985219] ffs_data_put(): freeing
[  113.985326] ffs_data_put(): freeing
[  113.988136] file system registered
[  113.990878] unloading
[  113.998415] ffs_data_put(): freeing
[  113.998741] ffs_data_put(): freeing
[  114.000477] file system registered
[  114.002866] unloading
[  114.015320] file system registered
[  114.017752] unloading
[  114.023322] ffs_data_put(): freeing
[  114.025233] file system registered
[  114.027358] unloading
[  114.035221] ffs_data_put(): freeing
[  114.037918] file system registered
[  114.040328] unloading
[  114.053378] ffs_data_put(): freeing
[  114.056203] file system registered
[  114.058136] unloading
[  114.067460] ffs_data_put(): freeing
[  114.072270] file system registered
[  114.075123] unloading
[  114.082424] ffs_data_put(): freeing
[  114.085190] file system registered
[  114.088434] unloading
[  114.095855] file system registered
[  114.097152] unloading
[  114.103311] ffs_data_put(): freeing
[  114.103424] ffs_data_put(): freeing
[  114.105909] file system registered
[  114.108437] unloading
[  114.114130] ffs_data_put(): freeing
[  114.116307] file system registered
[  114.118317] unloading
[  114.127175] ffs_data_put(): freeing
[  114.127255] ffs_data_put(): freeing
[  114.129451] file system registered
[  114.130744] unloading
[  114.141055] ffs_data_put(): freeing
[  114.145076] file system registered
[  114.147756] unloading
[  114.153171] ffs_data_put(): freeing
[  114.155230] file system registered
[  114.157031] unloading
[  114.163266] ffs_data_put(): freeing
[  114.167247] file system registered
[  114.169137] unloading
[  114.179722] file system registered
[  114.181128] unloading
[  114.186129] ffs_data_put(): freeing
[  114.188223] file system registered
[  114.189784] unloading
[  114.195376] ffs_data_put(): freeing
[  114.195483] ffs_data_put(): freeing
[  114.197755] file system registered
[  114.199421] unloading
[  114.211146] ffs_data_put(): freeing
[  114.211252] ffs_data_put(): freeing
[  114.213445] file system registered
[  114.215439] unloading
[  114.224252] ffs_data_put(): freeing
[  114.226474] file system registered
[  114.228423] unloading
[  114.235441] ffs_data_put(): freeing
[  114.236181] ffs_data_put(): freeing
[  114.237841] file system registered
[  114.240062] unloading
[  114.247372] ffs_data_put(): freeing
[  114.247706] ffs_data_put(): freeing
[  114.251292] file system registered
[  114.253177] unloading
[  114.262723] file system registered
[  114.265022] unloading
[  114.276391] ffs_data_put(): freeing
[  114.279338] file system registered
[  114.281284] unloading
[  114.291792] ffs_data_put(): freeing
[  114.292842] ffs_data_put(): freeing
[  114.292863] ffs_data_put(): freeing
[  114.293180] file system registered
[  114.295128] unloading
[  114.307199] ffs_data_put(): freeing
[  114.307234] ffs_data_put(): freeing
[  114.309048] file system registered
[  114.311321] unloading
[  114.319185] ffs_data_put(): freeing
[  114.319366] ffs_data_put(): freeing
[  114.321255] file system registered
[  114.324172] unloading
[  114.339849] ffs_data_put(): freeing
[  114.339881] ffs_data_put(): freeing
[  114.344126] file system registered
[  114.347198] unloading
[  114.356920] ffs_data_put(): freeing
[  114.357158] ffs_data_put(): freeing
[  114.361221] file system registered
[  114.363735] unloading
[  114.375430] file system registered
[  114.377982] unloading
[  114.388449] ffs_data_put(): freeing
[  114.392860] file system registered
[  114.396039] unloading
[  114.406701] ffs_data_put(): freeing
[  114.409516] file system registered
[  114.413146] unloading
[  114.419453] ffs_data_put(): freeing
[  114.421358] file system registered
[  114.423743] unloading
[  114.431407] ffs_data_put(): freeing
[  114.432760] file system registered
[  114.434314] unloading
[  114.439323] ffs_data_put(): freeing
[  114.442137] file system registered
[  114.444419] unloading
[  114.450383] ffs_data_put(): freeing
[  114.450698] ffs_data_put(): freeing
[  114.452350] file system registered
[  114.453945] unloading
[  114.458449] ffs_data_put(): freeing
[  114.458811] ffs_data_put(): freeing
[  114.460472] file system registered
[  114.462047] unloading
[  114.478074] ffs_data_put(): freeing
[  114.478348] ffs_data_put(): freeing
[  114.478457] ffs_data_put(): freeing
[  114.481217] file system registered
[  114.484878] unloading
[  114.499472] ffs_data_put(): freeing
[  114.499869] ffs_data_put(): freeing
[  114.503285] file system registered
[  114.507097] unloading
[  114.513902] ffs_data_put(): freeing
[  114.518395] file system registered
[  114.522338] ffs_data_put(): freeing
[  114.523358] unloading
[  114.531470] ffs_data_put(): freeing
[  114.534328] file system registered
[  114.536817] unloading
[  114.552850] file system registered
[  114.556292] unloading
[  114.564202] ffs_data_put(): freeing
[  114.565156] file system registered
[  114.567156] unloading
[  114.576157] ffs_data_put(): freeing
[  114.579322] file system registered
[  114.582176] unloading
[  114.591450] ffs_data_put(): freeing
[  114.591892] ffs_data_put(): freeing
[  114.592017] ffs_data_put(): freeing
[  114.593281] file system registered
[  114.595094] unloading
[  114.609272] ffs_data_put(): freeing
[  114.609440] ffs_data_put(): freeing
[  114.609660] ffs_data_put(): freeing
[  114.613328] file system registered
[  114.618309] unloading
[  114.627426] ffs_data_put(): freeing
[  114.631195] file system registered
[  114.634389] unloading
[  114.639789] ffs_data_put(): freeing
[  114.640878] ffs_data_put(): freeing
[  114.641371] file system registered
[  114.643195] unloading
[  114.652333] ffs_data_put(): freeing
[  114.654501] file system registered
[  114.657414] unloading
[  114.669781] file system registered
[  114.671377] unloading
[  114.679114] ffs_data_put(): freeing
[  114.681918] file system registered
[  114.684760] unloading
[  114.694276] file system registered
[  114.696872] ffs_data_put(): freeing
[  114.697165] unloading
[  114.703114] ffs_data_put(): freeing
[  114.703286] ffs_data_put(): freeing
[  114.703392] ffs_data_put(): freeing
[  114.705387] file system registered
[  114.707295] unloading
[  114.716784] file system registered
[  114.719349] unloading
[  114.726285] ffs_data_put(): freeing
[  114.729011] file system registered
[  114.731348] unloading
[  114.742363] file system registered
[  114.745492] unloading
[  114.753995] file system registered
[  114.756096] unloading
[  114.762123] ffs_data_put(): freeing
[  114.762263] ffs_data_put(): freeing
[  114.764095] file system registered
[  114.765786] unloading
[  114.774383] ffs_data_put(): freeing
[  114.774481] ffs_data_put(): freeing
[  114.776243] file system registered
[  114.777954] unloading
[  114.790280] ffs_data_put(): freeing
[  114.792309] file system registered
[  114.794883] unloading
[  114.804097] ffs_data_put(): freeing
[  114.806358] file system registered
[  114.808399] unloading
[  114.816192] file system registered
[  114.817935] unloading
[  114.824315] ffs_data_put(): freeing
[  114.826289] file system registered
[  114.828125] unloading
[  114.838131] ffs_data_put(): freeing
[  114.840136] file system registered
[  114.842381] unloading
[  114.851201] ffs_data_put(): freeing
[  114.851350] ffs_data_put(): freeing
[  114.852256] file system registered
[  114.853998] unloading
[  114.864468] ffs_data_put(): freeing
[  114.864814] ffs_data_put(): freeing
[  114.864926] ffs_data_put(): freeing
[  114.868050] file system registered
[  114.870999] unloading
[  114.881177] file system registered
[  114.883817] unloading
[  114.895278] ffs_data_put(): freeing
[  114.897852] file system registered
[  114.900489] unloading
[  114.911368] file system registered
[  114.913839] unloading
[  114.919155] ffs_data_put(): freeing
[  114.919339] ffs_data_put(): freeing
[  114.919419] ffs_data_put(): freeing
[  114.921504] file system registered
[  114.923301] unloading
[  114.932120] ffs_data_put(): freeing
[  114.934387] file system registered
[  114.937072] unloading
[  114.948162] file system registered
[  114.950143] unloading
[  114.959807] file system registered
[  114.961391] unloading
[  114.968490] file system registered
[  114.970188] unloading
[  114.978815] ffs_data_put(): freeing
[  114.981295] file system registered
[  114.983299] unloading
[  114.989044] ffs_data_put(): freeing
[  114.990808] file system registered
[  114.992116] unloading
[  114.996136] ffs_data_put(): freeing
[  114.996222] ffs_data_put(): freeing
[  114.998221] file system registered
[  114.999836] unloading
[  115.008195] file system registered
[  115.010324] unloading
[  115.019358] ffs_data_put(): freeing
[  115.020102] ffs_data_put(): freeing
[  115.020263] ffs_data_put(): freeing
[  115.021937] file system registered
[  115.024055] ffs_data_put(): freeing
[  115.024393] unloading
[  115.033455] ffs_data_put(): freeing
[  115.036179] file system registered
[  115.039092] unloading
[  115.046367] ffs_data_put(): freeing
[  115.049962] file system registered
[  115.052365] unloading
[  115.060385] ffs_data_put(): freeing
[  115.060489] ffs_data_put(): freeing
[  115.063329] file system registered
[  115.065062] unloading
[  115.073708] file system registered
[  115.074634] unloading
[  115.080128] ffs_data_put(): freeing
[  115.080221] ffs_data_put(): freeing
[  115.082194] file system registered
[  115.083845] unloading
[  115.090767] file system registered
[  115.092432] unloading
[  115.104257] ffs_data_put(): freeing
[  115.107122] file system registered
[  115.110330] unloading
[  115.119319] ffs_data_put(): freeing
[  115.119435] ffs_data_put(): freeing
[  115.123418] file system registered
[  115.129128] unloading
[  115.135376] ffs_data_put(): freeing
[  115.135703] ffs_data_put(): freeing
[  115.135825] ffs_data_put(): freeing
[  115.140224] file system registered
[  115.143446] unloading
[  115.153724] file system registered
[  115.155970] unloading
[  115.164194] ffs_data_put(): freeing
[  115.164334] ffs_data_put(): freeing
[  115.164442] ffs_data_put(): freeing
[  115.166763] file system registered
[  115.168885] unloading
[  115.179018] file system registered
[  115.181471] unloading
[  115.191181] file system registered
[  115.192973] unloading
[  115.203251] ffs_data_put(): freeing
[  115.203332] ffs_data_put(): freeing
[  115.204961] file system registered
[  115.206289] unloading
[  115.212339] ffs_data_put(): freeing
[  115.212476] ffs_data_put(): freeing
[  115.214859] file system registered
[  115.218108] unloading
[  115.226895] ffs_data_put(): freeing
[  115.227812] ffs_data_put(): freeing
[  115.230104] file system registered
[  115.232478] unloading
[  115.240036] ffs_data_put(): freeing
[  115.241518] file system registered
[  115.243439] unloading
[  115.252141] ffs_data_put(): freeing
[  115.254246] file system registered
[  115.255272] unloading
[  115.264115] ffs_data_put(): freeing
[  115.266227] file system registered
[  115.268083] unloading
[  115.276181] ffs_data_put(): freeing
[  115.278865] file system registered
[  115.281436] unloading
[  115.290542] ffs_data_put(): freeing
[  115.294705] file system registered
[  115.297270] unloading
[  115.308291] ffs_data_put(): freeing
[  115.310784] file system registered
[  115.312346] unloading
[  115.321307] ffs_data_put(): freeing
[  115.321407] ffs_data_put(): freeing
[  115.324317] file system registered
[  115.327088] unloading
[  115.333436] ffs_data_put(): freeing
[  115.334898] ffs_data_put(): freeing
[  115.335872] file system registered
[  115.337762] unloading
[  115.343784] ffs_data_put(): freeing
[  115.343789] ffs_data_put(): freeing
[  115.346152] file system registered
[  115.348343] unloading
[  115.357036] file system registered
[  115.358260] unloading
[  115.363248] ffs_data_put(): freeing
[  115.365123] file system registered
[  115.367487] unloading
[  115.374461] ffs_data_put(): freeing
[  115.374732] ffs_data_put(): freeing
[  115.375795] file system registered
[  115.376976] unloading
[  115.383758] ffs_data_put(): freeing
[  115.385405] file system registered
[  115.387277] unloading
[  115.392240] ffs_data_put(): freeing
[  115.392463] ffs_data_put(): freeing
[  115.394293] file system registered
[  115.396751] unloading
[  115.405364] ffs_data_put(): freeing
[  115.407713] file system registered
[  115.409012] unloading
[  115.423888] ffs_data_put(): freeing
[  115.429221] file system registered
[  115.433357] unloading
[  115.444335] ffs_data_put(): freeing
[  115.447821] file system registered
[  115.451414] unloading
[  115.463422] file system registered
[  115.465332] unloading
[  115.477304] ffs_data_put(): freeing
[  115.477409] ffs_data_put(): freeing
[  115.479287] file system registered
[  115.481906] unloading
[  115.489381] ffs_data_put(): freeing
[  115.489913] ffs_data_put(): freeing
[  115.492246] file system registered
[  115.496177] ffs_data_put(): freeing
[  115.500198] ffs_data_put(): freeing
[  115.501053] ffs_data_put(): freeing
[  115.501403] ffs_data_put(): freeing
[  115.504165] unloading
[  115.510810] ffs_data_put(): freeing
[  115.511099] ffs_data_put(): freeing
[  115.513817] file system registered
[  115.516352] unloading
[  115.529835] file system registered
[  115.531434] unloading
[  115.540146] ffs_data_put(): freeing
[  115.542459] file system registered
[  115.544186] unloading
[  115.554229] ffs_data_put(): freeing
[  115.554335] ffs_data_put(): freeing
[  115.556491] file system registered
[  115.558410] unloading
[  115.564193] ffs_data_put(): freeing
[  115.566449] file system registered
[  115.568159] unloading
[  115.577273] file system registered
[  115.579958] unloading
[  115.588784] file system registered
[  115.590399] unloading
[  115.599279] ffs_data_put(): freeing
[  115.602304] file system registered
[  115.604369] unloading
[  115.612749] file system registered
[  115.614239] unloading
[  115.622032] ffs_data_put(): freeing
[  115.622748] file system registered
[  115.624276] unloading
[  115.631207] ffs_data_put(): freeing
[  115.631303] ffs_data_put(): freeing
[  115.632131] file system registered
[  115.634172] unloading
[  115.644288] ffs_data_put(): freeing
[  115.644885] ffs_data_put(): freeing
[  115.645015] ffs_data_put(): freeing
[  115.646854] file system registered
[  115.649832] unloading
[  115.657477] ffs_data_put(): freeing
[  115.659305] file system registered
[  115.661050] unloading
[  115.665429] ffs_data_put(): freeing
[  115.668874] file system registered
[  115.671492] unloading
[  115.678271] ffs_data_put(): freeing
[  115.680444] file system registered
[  115.682801] unloading
[  115.689897] file system registered
[  115.691934] unloading
[  115.702993] file system registered
[  115.704914] unloading
[  115.712128] file system registered
[  115.714462] unloading
[  115.722377] ffs_data_put(): freeing
[  115.722739] ffs_data_put(): freeing
[  115.722978] ffs_data_put(): freeing
[  115.725028] file system registered
[  115.726949] unloading
[  115.737701] file system registered
[  115.739950] unloading
[  115.748081] ffs_data_put(): freeing
[  115.751084] file system registered
[  115.754970] unloading
[  115.763912] file system registered
[  115.765310] unloading
[  115.770054] ffs_data_put(): freeing
[  115.772390] file system registered
[  115.773452] unloading
[  115.779164] ffs_data_put(): freeing
[  115.782231] file system registered
[  115.784062] unloading
[  115.788341] ffs_data_put(): freeing
[  115.792029] file system registered
[  115.794471] unloading
[  115.801189] ffs_data_put(): freeing
[  115.801333] ffs_data_put(): freeing
[  115.803800] file system registered
[  115.805731] unloading
[  115.813172] ffs_data_put(): freeing
[  115.813300] ffs_data_put(): freeing
[  115.816120] file system registered
[  115.818113] unloading
[  115.825364] file system registered
[  115.827171] unloading
[  115.834040] ffs_data_put(): freeing
[  115.836360] file system registered
[  115.838063] unloading
[  115.846119] ffs_data_put(): freeing
[  115.846231] ffs_data_put(): freeing
[  115.848304] file system registered
[  115.850253] unloading
[  115.860222] ffs_data_put(): freeing
[  115.862380] file system registered
[  115.864448] unloading
[  115.873182] file system registered
[  115.875408] unloading
[  115.884174] ffs_data_put(): freeing
[  115.884300] ffs_data_put(): freeing
[  115.891977] file system registered
[  115.894097] ffs_data_put(): freeing
[  115.895093] unloading
[  115.902395] ffs_data_put(): freeing
[  115.902922] ffs_data_put(): freeing
[  115.904246] file system registered
[  115.906005] unloading
[  115.915391] ffs_data_put(): freeing
[  115.915756] ffs_data_put(): freeing
[  115.917280] file system registered
[  115.919192] unloading
[  115.927149] ffs_data_put(): freeing
[  115.927330] ffs_data_put(): freeing
[  115.929894] file system registered
[  115.932773] unloading
[  115.941876] file system registered
[  115.944254] unloading
[  115.951790] file system registered
[  115.953404] unloading
[  115.957469] ffs_data_put(): freeing
[  115.959862] file system registered
[  115.961847] unloading
[  115.970077] ffs_data_put(): freeing
[  115.972901] file system registered
[  115.974908] unloading
[  115.979276] ffs_data_put(): freeing
[  115.979405] ffs_data_put(): freeing
[  115.983890] file system registered
[  115.986315] unloading
[  115.992207] ffs_data_put(): freeing
[  115.992338] ffs_data_put(): freeing
[  115.992435] ffs_data_put(): freeing
[  115.994982] file system registered
[  115.996856] unloading
[  116.005237] ffs_data_put(): freeing
[  116.005488] ffs_data_put(): freeing
[  116.007173] file system registered
[  116.009307] unloading
[  116.018324] ffs_data_put(): freeing
[  116.018468] ffs_data_put(): freeing
[  116.021535] file system registered
[  116.026253] ffs_data_put(): freeing
[  116.027070] unloading
[  116.036348] ffs_data_put(): freeing
[  116.038996] file system registered
[  116.041504] unloading
[  116.051985] file system registered
[  116.054824] unloading
[  116.059435] ffs_data_put(): freeing
[  116.059715] ffs_data_put(): freeing
[  116.062436] file system registered
[  116.064880] unloading
[  116.070473] ffs_data_put(): freeing
[  116.072818] file system registered
[  116.074259] unloading
[  116.081424] ffs_data_put(): freeing
[  116.081804] ffs_data_put(): freeing
[  116.084441] file system registered
[  116.086782] unloading
[  116.093047] ffs_data_put(): freeing
[  116.094911] file system registered
[  116.096636] ffs_data_put(): freeing
[  116.096776] unloading
[  116.110723] ffs_data_put(): freeing
[  116.110969] ffs_data_put(): freeing
[  116.114042] file system registered
[  116.117150] unloading
[  116.124293] ffs_data_put(): freeing
[  116.127422] file system registered
[  116.129466] unloading
[  116.137276] ffs_data_put(): freeing
[  116.140553] file system registered
[  116.143151] unloading
[  116.148334] ffs_data_put(): freeing
[  116.151410] file system registered
[  116.153211] unloading
[  116.162860] file system registered
[  116.164267] unloading
[  116.172740] file system registered
[  116.174155] unloading
[  116.180419] ffs_data_put(): freeing
[  116.183115] file system registered
[  116.185215] unloading
[  116.191874] file system registered
[  116.192756] unloading
[  116.199063] ffs_data_put(): freeing
[  116.201283] file system registered
[  116.203443] unloading
[  116.211139] ffs_data_put(): freeing
[  116.211301] ffs_data_put(): freeing
[  116.213205] file system registered
[  116.214880] unloading
[  116.220417] ffs_data_put(): freeing
[  116.220739] ffs_data_put(): freeing
[  116.223738] file system registered
[  116.225336] unloading
[  116.233329] ffs_data_put(): freeing
[  116.235320] file system registered
[  116.237164] unloading
[  116.242175] ffs_data_put(): freeing
[  116.245048] file system registered
[  116.247353] unloading
[  116.258073] ffs_data_put(): freeing
[  116.260090] file system registered
[  116.262001] unloading
[  116.272253] ffs_data_put(): freeing
[  116.274452] file system registered
[  116.277427] unloading
[  116.283209] ffs_data_put(): freeing
[  116.285442] file system registered
[  116.288106] unloading
[  116.295074] ffs_data_put(): freeing
[  116.297382] file system registered
[  116.299084] unloading
[  116.307763] ffs_data_put(): freeing
[  116.308151] ffs_data_put(): freeing
[  116.309404] file system registered
[  116.311358] unloading
[  116.319159] ffs_data_put(): freeing
[  116.319434] ffs_data_put(): freeing
[  116.321048] ffs_data_put(): freeing
[  116.321412] file system registered
[  116.323388] unloading
[  116.337012] ffs_data_put(): freeing
[  116.337342] ffs_data_put(): freeing
[  116.337540] ffs_data_put(): freeing
[  116.340902] file system registered
[  116.344891] ffs_data_put(): freeing
[  116.345816] unloading
[  116.356818] ffs_data_put(): freeing
[  116.361128] file system registered
[  116.366493] unloading
[  116.374390] ffs_data_put(): freeing
[  116.374802] ffs_data_put(): freeing
[  116.374982] ffs_data_put(): freeing
[  116.378011] file system registered
[  116.380277] unloading
[  116.389784] ffs_data_put(): freeing
[  116.396515] file system registered
[  116.401924] unloading
[  116.408245] ffs_data_put(): freeing
[  116.411454] file system registered
[  116.413359] unloading
[  116.420415] ffs_data_put(): freeing
[  116.421281] ffs_data_put(): freeing
[  116.423463] file system registered
[  116.426454] unloading
[  116.433175] ffs_data_put(): freeing
[  116.435121] file system registered
[  116.437369] unloading
[  116.444700] ffs_data_put(): freeing
[  116.446991] file system registered
[  116.448965] unloading
[  116.458299] ffs_data_put(): freeing
[  116.461023] file system registered
[  116.463101] unloading
[  116.474126] file system registered
[  116.476181] unloading
[  116.485202] ffs_data_put(): freeing
[  116.487472] file system registered
[  116.489451] unloading
[  116.496191] file system registered
[  116.497955] unloading
[  116.504065] ffs_data_put(): freeing
[  116.506689] file system registered
[  116.508181] unloading
[  116.517980] ffs_data_put(): freeing
[  116.519316] file system registered
[  116.520707] unloading
[  116.527254] ffs_data_put(): freeing
[  116.530294] file system registered
[  116.533156] unloading
[  116.545270] ffs_data_put(): freeing
[  116.545403] ffs_data_put(): freeing
[  116.547496] file system registered
[  116.549377] unloading
[  116.557420] ffs_data_put(): freeing
[  116.557750] ffs_data_put(): freeing
[  116.559231] file system registered
[  116.561224] unloading
[  116.566199] ffs_data_put(): freeing
[  116.566265] ffs_data_put(): freeing
[  116.568917] file system registered
[  116.570118] unloading
[  116.576201] ffs_data_put(): freeing
[  116.576374] ffs_data_put(): freeing
[  116.577926] file system registered
[  116.579166] unloading
[  116.585297] ffs_data_put(): freeing
[  116.585727] ffs_data_put(): freeing
[  116.586159] file system registered
[  116.587866] unloading
[  116.597147] file system registered
[  116.598809] unloading
[  116.604339] ffs_data_put(): freeing
[  116.607050] file system registered
[  116.608348] unloading
[  116.618310] ffs_data_put(): freeing
[  116.621002] file system registered
[  116.624354] unloading
[  116.631204] ffs_data_put(): freeing
[  116.631371] ffs_data_put(): freeing
[  116.633266] file system registered
[  116.635147] unloading
[  116.645781] ffs_data_put(): freeing
[  116.652098] file system registered
[  116.655876] unloading
[  116.663174] ffs_data_put(): freeing
[  116.663335] ffs_data_put(): freeing
[  116.666183] file system registered
[  116.669002] unloading
[  116.676349] file system registered
[  116.678041] unloading
[  116.685206] ffs_data_put(): freeing
[  116.687153] file system registered
[  116.688809] unloading
[  116.699196] ffs_data_put(): freeing
[  116.701756] file system registered
[  116.703469] unloading
[  116.711232] ffs_data_put(): freeing
[  116.711407] ffs_data_put(): freeing
[  116.711731] ffs_data_put(): freeing
[  116.713863] file system registered
[  116.717745] unloading
[  116.725426] ffs_data_put(): freeing
[  116.725714] ffs_data_put(): freeing
[  116.728456] file system registered
[  116.731215] unloading
[  116.745050] file system registered
[  116.747298] unloading
[  116.759421] ffs_data_put(): freeing
[  116.764365] file system registered
[  116.765956] unloading
[  116.776374] file system registered
[  116.778472] unloading
[  116.786874] ffs_data_put(): freeing
[  116.787186] ffs_data_put(): freeing
[  116.790171] file system registered
[  116.792250] unloading
[  116.799227] ffs_data_put(): freeing
[  116.801943] file system registered
[  116.805767] unloading
[  116.812320] file system registered
[  116.812679] ffs_data_put(): freeing
[  116.815770] unloading
[  116.823242] ffs_data_put(): freeing
[  116.823492] ffs_data_put(): freeing
[  116.823837] ffs_data_put(): freeing
[  116.825758] file system registered
[  116.827293] unloading
[  116.837176] file system registered
[  116.839320] unloading
[  116.848761] file system registered
[  116.850318] unloading
[  116.855188] ffs_data_put(): freeing
[  116.855310] ffs_data_put(): freeing
[  116.857843] file system registered
[  116.859256] unloading
[  116.866949] file system registered
[  116.869124] unloading
[  116.877107] ffs_data_put(): freeing
[  116.877247] ffs_data_put(): freeing
[  116.878887] file system registered
[  116.880250] unloading
[  116.893179] ffs_data_put(): freeing
[  116.893293] ffs_data_put(): freeing
[  116.896521] file system registered
[  116.901026] unloading
[  116.909323] ffs_data_put(): freeing
[  116.911334] file system registered
[  116.913419] unloading
[  116.920390] ffs_data_put(): freeing
[  116.922453] file system registered
[  116.924302] unloading
[  116.933227] file system registered
[  116.935801] unloading
[  116.940992] ffs_data_put(): freeing
[  116.943257] file system registered
[  116.945087] unloading
[  116.953099] ffs_data_put(): freeing
[  116.955377] file system registered
[  116.957269] unloading
[  116.965109] ffs_data_put(): freeing
[  116.965353] ffs_data_put(): freeing
[  116.965441] ffs_data_put(): freeing
[  116.967402] file system registered
[  116.969355] unloading
[  116.978749] ffs_data_put(): freeing
[  116.978778] ffs_data_put(): freeing
[  116.981343] file system registered
[  116.985254] unloading
[  116.993362] ffs_data_put(): freeing
[  116.994254] file system registered
[  116.996176] unloading
[  117.002214] ffs_data_put(): freeing
[  117.004125] file system registered
[  117.006227] unloading
[  117.019100] file system registered
[  117.020775] unloading
[  117.026226] ffs_data_put(): freeing
[  117.028204] file system registered
[  117.030128] unloading
[  117.040017] ffs_data_put(): freeing
[  117.043085] file system registered
[  117.044897] unloading
[  117.051206] ffs_data_put(): freeing
[  117.051328] ffs_data_put(): freeing
[  117.053410] file system registered
[  117.055156] unloading
[  117.061119] ffs_data_put(): freeing
[  117.063341] file system registered
[  117.065147] unloading
[  117.074207] ffs_data_put(): freeing
[  117.074326] ffs_data_put(): freeing
[  117.077285] file system registered
[  117.080190] ffs_data_put(): freeing
[  117.082153] unloading
[  117.087407] ffs_data_put(): freeing
[  117.087801] ffs_data_put(): freeing
[  117.087961] ffs_data_put(): freeing
[  117.089980] file system registered
[  117.092222] unloading
[  117.105020] file system registered
[  117.107231] unloading
[  117.114101] ffs_data_put(): freeing
[  117.114235] ffs_data_put(): freeing
[  117.116714] file system registered
[  117.119018] unloading
[  117.127320] ffs_data_put(): freeing
[  117.130220] file system registered
[  117.132153] unloading
[  117.138856] ffs_data_put(): freeing
[  117.140387] file system registered
[  117.142003] unloading
[  117.147307] ffs_data_put(): freeing
[  117.147431] ffs_data_put(): freeing
[  117.149840] file system registered
[  117.150988] unloading
[  117.156105] ffs_data_put(): freeing
[  117.156280] ffs_data_put(): freeing
[  117.158438] file system registered
[  117.160748] unloading
[  117.167254] ffs_data_put(): freeing
[  117.169738] file system registered
[  117.171170] unloading
[  117.175178] ffs_data_put(): freeing
[  117.175298] ffs_data_put(): freeing
[  117.177489] file system registered
[  117.179449] unloading
[  117.190303] ffs_data_put(): freeing
[  117.193357] file system registered
[  117.196246] unloading
[  117.207168] ffs_data_put(): freeing
[  117.207276] ffs_data_put(): freeing
[  117.209183] file system registered
[  117.210861] unloading
[  117.215302] ffs_data_put(): freeing
[  117.215439] ffs_data_put(): freeing
[  117.218440] file system registered
[  117.220291] unloading
[  117.228228] file system registered
[  117.230987] unloading
[  117.241956] file system registered
[  117.244190] unloading
[  117.252949] file system registered
[  117.255296] unloading
[  117.260299] ffs_data_put(): freeing
[  117.262869] file system registered
[  117.264232] unloading
[  117.268159] ffs_data_put(): freeing
[  117.270075] file system registered
[  117.271735] unloading
[  117.278463] file system registered
[  117.280267] unloading
[  117.285219] ffs_data_put(): freeing
[  117.287301] file system registered
[  117.288981] unloading
[  117.297680] file system registered
[  117.299129] unloading
[  117.304061] ffs_data_put(): freeing
[  117.304176] ffs_data_put(): freeing
[  117.306157] file system registered
[  117.307954] unloading
[  117.316020] ffs_data_put(): freeing
[  117.318001] file system registered
[  117.320065] unloading
[  117.328132] ffs_data_put(): freeing
[  117.328358] ffs_data_put(): freeing
[  117.328487] ffs_data_put(): freeing
[  117.331805] file system registered
[  117.333420] unloading
[  117.339332] ffs_data_put(): freeing
[  117.342405] file system registered
[  117.345021] unloading
[  117.353769] file system registered
[  117.355375] unloading
[  117.365989] file system registered
[  117.367367] unloading
[  117.372266] ffs_data_put(): freeing
[  117.376197] file system registered
[  117.378269] unloading
[  117.386102] ffs_data_put(): freeing
[  117.389087] file system registered
[  117.392160] unloading
[  117.398113] ffs_data_put(): freeing
[  117.400696] file system registered
[  117.402098] unloading
[  117.411158] ffs_data_put(): freeing
[  117.411273] ffs_data_put(): freeing
[  117.413453] file system registered
[  117.416124] unloading
[  117.424431] ffs_data_put(): freeing
[  117.425144] ffs_data_put(): freeing
[  117.427413] file system registered
[  117.430406] unloading
[  117.438466] file system registered
[  117.441178] unloading
[  117.447117] ffs_data_put(): freeing
[  117.449478] file system registered
[  117.451803] unloading
[  117.459190] ffs_data_put(): freeing
[  117.461260] file system registered
[  117.462861] unloading
[  117.472120] ffs_data_put(): freeing
[  117.474472] file system registered
[  117.476790] unloading
[  117.484144] ffs_data_put(): freeing
[  117.486705] file system registered
[  117.488324] unloading
[  117.496406] ffs_data_put(): freeing
[  117.498223] file system registered
[  117.499960] unloading
[  117.511803] ffs_data_put(): freeing
[  117.513986] file system registered
[  117.516415] unloading
[  117.522966] ffs_data_put(): freeing
[  117.525550] file system registered
[  117.527775] unloading
[  117.536255] ffs_data_put(): freeing
[  117.536342] ffs_data_put(): freeing
[  117.539339] file system registered
[  117.540627] unloading
[  117.545230] ffs_data_put(): freeing
[  117.547019] file system registered
[  117.548287] unloading
[  117.555124] ffs_data_put(): freeing
[  117.556244] file system registered
[  117.559161] unloading
[  117.568242] ffs_data_put(): freeing
[  117.568577] ffs_data_put(): freeing
[  117.569410] file system registered
[  117.571117] unloading
[  117.576399] ffs_data_put(): freeing
[  117.580005] file system registered
[  117.583160] unloading
[  117.594202] ffs_data_put(): freeing
[  117.594328] ffs_data_put(): freeing
[  117.595094] ffs_data_put(): freeing
[  117.595239] ffs_data_put(): freeing
[  117.596140] file system registered
[  117.598408] unloading
[  117.607274] ffs_data_put(): freeing
[  117.607750] ffs_data_put(): freeing
[  117.610751] file system registered
[  117.612352] unloading
[  117.620391] file system registered
[  117.625208] unloading
[  117.635300] ffs_data_put(): freeing
[  117.635477] ffs_data_put(): freeing
[  117.635658] ffs_data_put(): freeing
[  117.637468] file system registered
[  117.640280] unloading
[  117.647317] ffs_data_put(): freeing
[  117.647871] ffs_data_put(): freeing
[  117.650462] file system registered
[  117.653837] unloading
[  117.661993] ffs_data_put(): freeing
[  117.663475] file system registered
[  117.665472] unloading
[  117.671438] ffs_data_put(): freeing
[  117.672010] ffs_data_put(): freeing
[  117.674183] file system registered
[  117.676777] unloading
[  117.682405] ffs_data_put(): freeing
[  117.688184] file system registered
[  117.690617] unloading
[  117.696408] ffs_data_put(): freeing
[  117.696878] ffs_data_put(): freeing
[  117.699059] file system registered
[  117.701285] unloading
[  117.711425] ffs_data_put(): freeing
[  117.712327] ffs_data_put(): freeing
[  117.712454] ffs_data_put(): freeing
[  117.714113] file system registered
[  117.717226] unloading
[  117.724329] ffs_data_put(): freeing
[  117.724445] ffs_data_put(): freeing
[  117.724697] ffs_data_put(): freeing
[  117.727381] file system registered
[  117.730866] unloading
[  117.736467] ffs_data_put(): freeing
[  117.739226] file system registered
[  117.741359] unloading
[  117.750975] ffs_data_put(): freeing
[  117.752963] file system registered
[  117.755335] unloading
[  117.767189] ffs_data_put(): freeing
[  117.767432] ffs_data_put(): freeing
[  117.767705] ffs_data_put(): freeing
[  117.769490] file system registered
[  117.774195] unloading
[  117.780925] ffs_data_put(): freeing
[  117.781341] ffs_data_put(): freeing
[  117.783437] file system registered
[  117.786125] unloading
[  117.795828] ffs_data_put(): freeing
[  117.796076] ffs_data_put(): freeing
[  117.796196] ffs_data_put(): freeing
[  117.798186] file system registered
[  117.800456] unloading
[  117.809950] ffs_data_put(): freeing
[  117.810239] ffs_data_put(): freeing
[  117.813770] file system registered
[  117.817256] unloading
[  117.822850] ffs_data_put(): freeing
[  117.823078] ffs_data_put(): freeing
[  117.825091] file system registered
[  117.827343] unloading
[  117.836259] ffs_data_put(): freeing
[  117.836377] ffs_data_put(): freeing
[  117.836874] ffs_data_put(): freeing
[  117.838513] file system registered
[  117.842782] unloading
[  117.849982] ffs_data_put(): freeing
[  117.850321] ffs_data_put(): freeing
[  117.850419] ffs_data_put(): freeing
[  117.853481] file system registered
[  117.856943] unloading
[  117.862467] ffs_data_put(): freeing
[  117.862880] ffs_data_put(): freeing
[  117.865201] file system registered
[  117.867372] unloading
[  117.873367] ffs_data_put(): freeing
[  117.876067] file system registered
[  117.878293] unloading
[  117.885304] ffs_data_put(): freeing
[  117.885409] ffs_data_put(): freeing
[  117.887288] file system registered
[  117.889028] unloading
[  117.893218] ffs_data_put(): freeing
[  117.893779] ffs_data_put(): freeing
[  117.894743] ffs_data_put(): freeing
[  117.895280] file system registered
[  117.896753] unloading
[  117.901437] ffs_data_put(): freeing
[  117.904706] file system registered
[  117.906397] unloading
[  117.911132] ffs_data_put(): freeing
[  117.912845] file system registered
[  117.914205] unloading
[  117.921124] ffs_data_put(): freeing
[  117.922791] file system registered
[  117.924182] unloading
[  117.929294] ffs_data_put(): freeing
[  117.931443] file system registered
[  117.933375] unloading
[  117.939420] ffs_data_put(): freeing
[  117.941185] file system registered
[  117.944382] unloading
[  117.953310] ffs_data_put(): freeing
[  117.953415] ffs_data_put(): freeing
[  117.954771] ffs_data_put(): freeing
[  117.956966] file system registered
[  117.961204] unloading
[  117.968257] ffs_data_put(): freeing
[  117.970800] file system registered
[  117.972096] unloading
[  117.979338] ffs_data_put(): freeing
[  117.982131] file system registered
[  117.984148] unloading
[  117.992265] ffs_data_put(): freeing
[  117.996345] file system registered
[  117.998813] unloading
[  118.008301] file system registered
[  118.010074] unloading
[  118.019072] ffs_data_put(): freeing
[  118.021788] file system registered
[  118.024838] unloading
[  118.033759] file system registered
[  118.035216] unloading
[  118.042285] ffs_data_put(): freeing
[  118.043830] file system registered
[  118.045032] unloading
[  118.053306] file system registered
[  118.056468] unloading
[  118.068089] ffs_data_put(): freeing
[  118.068189] ffs_data_put(): freeing
[  118.070466] file system registered
[  118.073911] unloading
[  118.083887] file system registered
[  118.085425] unloading
[  118.094119] file system registered
[  118.095875] unloading
[  118.104139] ffs_data_put(): freeing
[  118.105314] file system registered
[  118.107346] unloading
[  118.116115] ffs_data_put(): freeing
[  118.117861] file system registered
[  118.119348] unloading
[  118.128066] file system registered
[  118.130222] unloading
[  118.137232] ffs_data_put(): freeing
[  118.139940] file system registered
[  118.142520] unloading
[  118.149086] ffs_data_put(): freeing
[  118.151151] file system registered
[  118.153142] unloading
[  118.160451] ffs_data_put(): freeing
[  118.162904] file system registered
[  118.165319] unloading
[  118.173330] ffs_data_put(): freeing
[  118.173468] ffs_data_put(): freeing
[  118.175697] file system registered
[  118.177302] unloading
[  118.185095] ffs_data_put(): freeing
[  118.187471] file system registered
[  118.190760] unloading
[  118.196010] ffs_data_put(): freeing
[  118.196219] ffs_data_put(): freeing
[  118.196341] ffs_data_put(): freeing
[  118.197266] file system registered
[  118.198873] unloading
[  118.209132] ffs_data_put(): freeing
[  118.209438] ffs_data_put(): freeing
[  118.209730] ffs_data_put(): freeing
[  118.210845] file system registered
[  118.212047] unloading
[  118.219164] ffs_data_put(): freeing
[  118.220353] file system registered
[  118.223111] unloading
[  118.231509] ffs_data_put(): freeing
[  118.234780] file system registered
[  118.238047] unloading
[  118.246491] ffs_data_put(): freeing
[  118.246814] ffs_data_put(): freeing
[  118.248867] file system registered
[  118.250297] unloading
[  118.263383] ffs_data_put(): freeing
[  118.266364] file system registered
[  118.268315] unloading
[  118.276282] ffs_data_put(): freeing
[  118.279080] file system registered
[  118.282855] unloading
[  118.292402] ffs_data_put(): freeing
[  118.292707] ffs_data_put(): freeing
[  118.294308] file system registered
[  118.296862] unloading
[  118.307286] ffs_data_put(): freeing
[  118.309917] file system registered
[  118.312263] unloading
[  118.322224] ffs_data_put(): freeing
[  118.324965] file system registered
[  118.327283] unloading
[  118.335376] ffs_data_put(): freeing
[  118.337733] file system registered
[  118.339023] unloading
[  118.348922] file system registered
[  118.350347] unloading
[  118.359135] ffs_data_put(): freeing
[  118.361207] file system registered
[  118.362858] unloading
[  118.372128] ffs_data_put(): freeing
[  118.374789] file system registered
[  118.376413] unloading
[  118.388128] ffs_data_put(): freeing
[  118.388327] ffs_data_put(): freeing
[  118.389818] file system registered
[  118.391200] unloading
[  118.396433] ffs_data_put(): freeing
[  118.396802] ffs_data_put(): freeing
[  118.398775] file system registered
[  118.400262] unloading
[  118.408235] ffs_data_put(): freeing
[  118.408453] ffs_data_put(): freeing
[  118.410255] file system registered
[  118.412366] unloading
[  118.422426] ffs_data_put(): freeing
[  118.422883] ffs_data_put(): freeing
[  118.423016] ffs_data_put(): freeing
[  118.425523] file system registered
[  118.428182] unloading
[  118.440492] ffs_data_put(): freeing
[  118.440775] ffs_data_put(): freeing
[  118.441277] ffs_data_put(): freeing
[  118.441396] ffs_data_put(): freeing
[  118.443458] file system registered
[  118.447778] unloading
[  118.456046] ffs_data_put(): freeing
[  118.456229] ffs_data_put(): freeing
[  118.456410] ffs_data_put(): freeing
[  118.456812] ffs_data_put(): freeing
[  118.459511] file system registered
[  118.463119] unloading
[  118.472252] ffs_data_put(): freeing
[  118.472966] ffs_data_put(): freeing
[  118.476901] file system registered
[  118.482091] unloading
[  118.489379] ffs_data_put(): freeing
[  118.492094] file system registered
[  118.495292] unloading
[  118.504890] file system registered
[  118.507091] unloading
[  118.513187] ffs_data_put(): freeing
[  118.515813] file system registered
[  118.517395] unloading
[  118.526073] ffs_data_put(): freeing
[  118.528555] file system registered
[  118.530857] unloading
[  118.539211] ffs_data_put(): freeing
[  118.540914] file system registered
[  118.542298] unloading
[  118.549961] file system registered
[  118.551275] unloading
[  118.559109] ffs_data_put(): freeing
[  118.561061] file system registered
[  118.563925] unloading
[  118.571443] ffs_data_put(): freeing
[  118.571752] ffs_data_put(): freeing
[  118.572554] file system registered
[  118.574289] unloading
[  118.579403] ffs_data_put(): freeing
[  118.579714] ffs_data_put(): freeing
[  118.580882] file system registered
[  118.582141] unloading
[  118.588221] ffs_data_put(): freeing
[  118.590492] file system registered
[  118.592143] unloading
[  118.599304] file system registered
[  118.601251] unloading
[  118.610156] ffs_data_put(): freeing
[  118.612219] file system registered
[  118.614236] unloading
[  118.623150] file system registered
[  118.625339] unloading
[  118.640266] ffs_data_put(): freeing
[  118.640421] ffs_data_put(): freeing
[  118.640768] ffs_data_put(): freeing
[  118.641401] ffs_data_put(): freeing
[  118.643468] file system registered
[  118.645404] unloading
[  118.655349] ffs_data_put(): freeing
[  118.659712] file system registered
[  118.661491] unloading
[  118.670165] ffs_data_put(): freeing
[  118.672750] file system registered
[  118.674878] unloading
[  118.678390] ffs_data_put(): freeing
[  118.681994] file system registered
[  118.684098] unloading
[  118.692016] file system registered
[  118.693820] unloading
[  118.698472] file system registered
[  118.699953] unloading
[  118.707003] ffs_data_put(): freeing
[  118.708190] file system registered
[  118.709819] unloading
[  118.715263] ffs_data_put(): freeing
[  118.715453] ffs_data_put(): freeing
[  118.716471] ffs_data_put(): freeing
[  118.718431] file system registered
[  118.720930] unloading
[  118.729099] file system registered
[  118.730165] ffs_data_put(): freeing
[  118.730987] unloading
[  118.735153] ffs_data_put(): freeing
[  118.737796] file system registered
[  118.739204] unloading
[  118.744100] ffs_data_put(): freeing
[  118.746407] file system registered
[  118.749282] unloading
[  118.757220] ffs_data_put(): freeing
[  118.760171] file system registered
[  118.762960] unloading
[  118.774195] file system registered
[  118.776355] unloading
[  118.785315] ffs_data_put(): freeing
[  118.790948] file system registered
[  118.792820] ffs_data_put(): freeing
[  118.793274] unloading
[  118.803204] ffs_data_put(): freeing
[  118.807228] file system registered
[  118.812369] unloading
[  118.817136] ffs_data_put(): freeing
[  118.817265] ffs_data_put(): freeing
[  118.817400] ffs_data_put(): freeing
[  118.817714] ffs_data_put(): freeing
[  118.819767] file system registered
[  118.821420] unloading
[  118.831348] file system registered
[  118.832934] unloading
[  118.841098] file system registered
[  118.843731] unloading
[  118.853087] ffs_data_put(): freeing
[  118.853190] ffs_data_put(): freeing
[  118.855217] file system registered
[  118.857175] unloading
[  118.866092] ffs_data_put(): freeing
[  118.866228] ffs_data_put(): freeing
[  118.869020] file system registered
[  118.871187] unloading
[  118.878198] ffs_data_put(): freeing
[  118.878399] ffs_data_put(): freeing
[  118.879918] file system registered
[  118.881195] unloading
[  118.888438] ffs_data_put(): freeing
[  118.891070] file system registered
[  118.893900] unloading
[  118.903454] ffs_data_put(): freeing
[  118.904495] ffs_data_put(): freeing
[  118.907041] file system registered
[  118.909483] unloading
[  118.916892] ffs_data_put(): freeing
[  118.917039] ffs_data_put(): freeing
[  118.919847] file system registered
[  118.922185] unloading
[  118.936295] file system registered
[  118.938055] unloading
[  118.950479] file system registered
[  118.953065] unloading
[  118.960252] ffs_data_put(): freeing
[  118.960370] ffs_data_put(): freeing
[  118.962397] file system registered
[  118.964092] unloading
[  118.969410] ffs_data_put(): freeing
[  118.972282] file system registered
[  118.974235] unloading
[  118.981216] ffs_data_put(): freeing
[  118.984468] file system registered
[  118.987395] unloading
[  118.993238] ffs_data_put(): freeing
[  118.995382] file system registered
[  118.997282] unloading
[  119.004974] file system registered
[  119.006479] unloading
[  119.013191] ffs_data_put(): freeing
[  119.013291] ffs_data_put(): freeing
[  119.015088] file system registered
[  119.017385] unloading
[  119.025160] ffs_data_put(): freeing
[  119.028088] file system registered
[  119.030405] unloading
[  119.037733] ffs_data_put(): freeing
[  119.037937] ffs_data_put(): freeing
[  119.038029] ffs_data_put(): freeing
[  119.040048] file system registered
[  119.043088] unloading
[  119.053262] ffs_data_put(): freeing
[  119.054967] file system registered
[  119.056463] unloading
[  119.062256] ffs_data_put(): freeing
[  119.064700] file system registered
[  119.066426] unloading
[  119.076162] file system registered
[  119.077777] unloading
[  119.083268] ffs_data_put(): freeing
[  119.083367] ffs_data_put(): freeing
[  119.086025] file system registered
[  119.088285] unloading
[  119.100385] ffs_data_put(): freeing
[  119.103021] file system registered
[  119.104238] unloading
[  119.113248] ffs_data_put(): freeing
[  119.115946] file system registered
[  119.118077] ffs_data_put(): freeing
[  119.118474] unloading
[  119.125184] ffs_data_put(): freeing
[  119.126158] ffs_data_put(): freeing
[  119.127447] file system registered
[  119.129257] unloading
[  119.134140] ffs_data_put(): freeing
[  119.134322] ffs_data_put(): freeing
[  119.135467] file system registered
[  119.137142] unloading
[  119.142159] ffs_data_put(): freeing
[  119.144046] file system registered
[  119.145929] unloading
[  119.154296] ffs_data_put(): freeing
[  119.154370] ffs_data_put(): freeing
[  119.156018] file system registered
[  119.157906] unloading
[  119.165402] ffs_data_put(): freeing
[  119.165880] ffs_data_put(): freeing
[  119.166060] ffs_data_put(): freeing
[  119.169995] file system registered
[  119.172326] unloading
[  119.178994] file system registered
[  119.180802] unloading
[  119.185258] ffs_data_put(): freeing
[  119.187907] file system registered
[  119.189399] unloading
[  119.196117] ffs_data_put(): freeing
[  119.198359] file system registered
[  119.200369] unloading
[  119.206280] file system registered
[  119.207851] unloading
[  119.213449] ffs_data_put(): freeing
[  119.217424] file system registered
[  119.219320] unloading
[  119.226188] ffs_data_put(): freeing
[  119.228396] file system registered
[  119.230392] unloading
[  119.238345] ffs_data_put(): freeing
[  119.240782] file system registered
[  119.242295] unloading
[  119.251074] ffs_data_put(): freeing
[  119.251375] ffs_data_put(): freeing
[  119.253123] file system registered
[  119.254931] unloading
[  119.264363] ffs_data_put(): freeing
[  119.267001] file system registered
[  119.269925] unloading
[  119.278168] ffs_data_put(): freeing
[  119.278270] ffs_data_put(): freeing
[  119.278366] ffs_data_put(): freeing
[  119.282264] file system registered
[  119.284832] unloading
[  119.292226] file system registered
[  119.294098] unloading
[  119.302470] file system registered
[  119.303769] unloading
[  119.309374] ffs_data_put(): freeing
[  119.312467] file system registered
[  119.317103] unloading
[  119.323450] ffs_data_put(): freeing
[  119.323860] ffs_data_put(): freeing
[  119.323972] ffs_data_put(): freeing
[  119.325250] file system registered
[  119.327275] unloading
[  119.332317] ffs_data_put(): freeing
[  119.333763] file system registered
[  119.336013] unloading
[  119.345306] ffs_data_put(): freeing
[  119.345399] ffs_data_put(): freeing
[  119.348032] file system registered
[  119.351008] unloading
[  119.361728] file system registered
[  119.364458] unloading
[  119.370137] ffs_data_put(): freeing
[  119.370224] ffs_data_put(): freeing
[  119.373070] file system registered
[  119.374774] unloading
[  119.385871] file system registered
[  119.387856] unloading
[  119.393101] ffs_data_put(): freeing
[  119.394018] ffs_data_put(): freeing
[  119.395158] file system registered
[  119.397243] ffs_data_put(): freeing
[  119.397383] unloading
[  119.406388] ffs_data_put(): freeing
[  119.406909] ffs_data_put(): freeing
[  119.407442] ffs_data_put(): freeing
[  119.409938] file system registered
[  119.412817] unloading
[  119.423331] ffs_data_put(): freeing
[  119.426203] file system registered
[  119.429884] unloading
[  119.439994] file system registered
[  119.442109] ffs_data_put(): freeing
[  119.442903] unloading
[  119.454171] ffs_data_put(): freeing
[  119.454279] ffs_data_put(): freeing
[  119.454385] ffs_data_put(): freeing
[  119.456929] file system registered
[  119.459847] unloading
[  119.467034] ffs_data_put(): freeing
[  119.469996] file system registered
[  119.473444] unloading
[  119.479722] ffs_data_put(): freeing
[  119.479862] ffs_data_put(): freeing
[  119.482237] file system registered
[  119.485019] unloading
[  119.492280] ffs_data_put(): freeing
[  119.495092] file system registered
[  119.497082] unloading
[  119.504183] ffs_data_put(): freeing
[  119.506072] file system registered
[  119.508202] unloading
[  119.516310] ffs_data_put(): freeing
[  119.518859] file system registered
[  119.521212] unloading
[  119.529041] ffs_data_put(): freeing
[  119.531749] file system registered
[  119.534672] unloading
[  119.543243] ffs_data_put(): freeing
[  119.543343] ffs_data_put(): freeing
[  119.545828] file system registered
[  119.548835] unloading
[  119.555192] ffs_data_put(): freeing
[  119.557275] file system registered
[  119.559160] unloading
[  119.567239] ffs_data_put(): freeing
[  119.567802] ffs_data_put(): freeing
[  119.569073] file system registered
[  119.571014] unloading
[  119.577319] ffs_data_put(): freeing
[  119.577847] ffs_data_put(): freeing
[  119.579812] file system registered
[  119.581326] unloading
[  119.589328] ffs_data_put(): freeing
[  119.592039] file system registered
[  119.594505] unloading
[  119.603455] ffs_data_put(): freeing
[  119.607082] file system registered
[  119.609828] unloading
[  119.620334] ffs_data_put(): freeing
[  119.623178] file system registered
[  119.625844] unloading
[  119.631262] ffs_data_put(): freeing
[  119.632964] file system registered
[  119.634980] unloading
[  119.641129] ffs_data_put(): freeing
[  119.641234] ffs_data_put(): freeing
[  119.643314] file system registered
[  119.645097] unloading
[  119.654236] ffs_data_put(): freeing
[  119.656318] file system registered
[  119.658216] unloading
[  119.671185] file system registered
[  119.673895] unloading
[  119.680185] ffs_data_put(): freeing
[  119.680321] ffs_data_put(): freeing
[  119.680485] ffs_data_put(): freeing
[  119.682765] file system registered
[  119.684477] unloading
[  119.693206] ffs_data_put(): freeing
[  119.696231] file system registered
[  119.698970] unloading
[  119.710380] ffs_data_put(): freeing
[  119.710933] ffs_data_put(): freeing
[  119.711027] ffs_data_put(): freeing
[  119.712892] file system registered
[  119.715467] unloading
[  119.729011] ffs_data_put(): freeing
[  119.730453] ffs_data_put(): freeing
[  119.733295] file system registered
[  119.737168] unloading
[  119.744398] ffs_data_put(): freeing
[  119.744862] ffs_data_put(): freeing
[  119.745056] ffs_data_put(): freeing
[  119.745177] ffs_data_put(): freeing
[  119.747250] file system registered
[  119.750180] unloading
[  119.765200] ffs_data_put(): freeing
[  119.765459] ffs_data_put(): freeing
[  119.770219] file system registered
[  119.776412] unloading
[  119.785809] ffs_data_put(): freeing
[  119.792204] file system registered
[  119.796073] unloading
[  119.803382] ffs_data_put(): freeing
[  119.803860] ffs_data_put(): freeing
[  119.806791] file system registered
[  119.809047] unloading
[  119.821462] file system registered
[  119.824094] unloading
[  119.830103] ffs_data_put(): freeing
[  119.830367] ffs_data_put(): freeing
[  119.832345] file system registered
[  119.834388] unloading
[  119.841203] ffs_data_put(): freeing
[  119.844065] file system registered
[  119.846103] unloading
[  119.852342] ffs_data_put(): freeing
[  119.852428] ffs_data_put(): freeing
[  119.854172] file system registered
[  119.855838] unloading
[  119.863386] ffs_data_put(): freeing
[  119.865372] file system registered
[  119.867979] unloading
[  119.879740] file system registered
[  119.881239] unloading
[  119.890264] ffs_data_put(): freeing
[  119.891352] ffs_data_put(): freeing
[  119.891887] ffs_data_put(): freeing
[  119.892346] file system registered
[  119.893950] unloading
[  119.900400] ffs_data_put(): freeing
[  119.900688] ffs_data_put(): freeing
[  119.901864] file system registered
[  119.904947] unloading
[  119.915362] ffs_data_put(): freeing
[  119.915471] ffs_data_put(): freeing
[  119.917779] file system registered
[  119.920169] unloading
[  119.927792] ffs_data_put(): freeing
[  119.929886] file system registered
[  119.932012] unloading
[  119.939482] ffs_data_put(): freeing
[  119.942422] file system registered
[  119.944466] unloading
[  119.950500] ffs_data_put(): freeing
[  119.954391] file system registered
[  119.957114] unloading
[  119.965217] ffs_data_put(): freeing
[  119.965347] ffs_data_put(): freeing
[  119.967353] file system registered
[  119.969362] unloading
[  119.976271] ffs_data_put(): freeing
[  119.978445] file system registered
[  119.980079] unloading
[  119.990294] ffs_data_put(): freeing
[  119.990410] ffs_data_put(): freeing
[  119.993801] file system registered
[  119.996191] unloading
[  120.004936] file system registered
[  120.007702] unloading
[  120.016101] file system registered
[  120.018209] unloading
[  120.024767] ffs_data_put(): freeing
[  120.027273] file system registered
[  120.029841] unloading
[  120.038158] ffs_data_put(): freeing
[  120.038284] ffs_data_put(): freeing
[  120.040334] file system registered
[  120.042420] unloading
[  120.049111] ffs_data_put(): freeing
[  120.051454] file system registered
[  120.053443] unloading
[  120.063338] ffs_data_put(): freeing
[  120.063690] ffs_data_put(): freeing
[  120.063770] ffs_data_put(): freeing
[  120.065398] file system registered
[  120.067349] unloading
[  120.076387] ffs_data_put(): freeing
[  120.076679] ffs_data_put(): freeing
[  120.081352] file system registered
[  120.084295] unloading
[  120.093325] file system registered
[  120.095313] unloading
[  120.108300] ffs_data_put(): freeing
[  120.111723] file system registered
[  120.115147] unloading
[  120.124261] ffs_data_put(): freeing
[  120.124462] ffs_data_put(): freeing
[  120.127365] file system registered
[  120.130198] unloading
[  120.138937] ffs_data_put(): freeing
[  120.142422] file system registered
[  120.145330] unloading
[  120.153140] ffs_data_put(): freeing
[  120.157528] file system registered
[  120.159327] unloading
[  120.165143] ffs_data_put(): freeing
[  120.167407] file system registered
[  120.169190] unloading
[  120.180039] ffs_data_put(): freeing
[  120.183253] file system registered
[  120.187159] unloading
[  120.196319] ffs_data_put(): freeing
[  120.196484] ffs_data_put(): freeing
[  120.196841] ffs_data_put(): freeing
[  120.198459] file system registered
[  120.201026] unloading
[  120.211311] ffs_data_put(): freeing
[  120.215023] file system registered
[  120.218055] unloading
[  120.223214] ffs_data_put(): freeing
[  120.223310] ffs_data_put(): freeing
[  120.225487] file system registered
[  120.227360] unloading
[  120.233325] file system registered
[  120.233456] ffs_data_put(): freeing
[  120.235385] unloading
[  120.240112] ffs_data_put(): freeing
[  120.243122] file system registered
[  120.245032] unloading
[  120.250153] ffs_data_put(): freeing
[  120.253275] file system registered
[  120.256335] ffs_data_put(): freeing
[  120.257203] ffs_data_put(): freeing
[  120.257712] ffs_data_put(): freeing
[  120.258194] unloading
[  120.268452] ffs_data_put(): freeing
[  120.270927] file system registered
[  120.273968] unloading
[  120.288050] file system registered
[  120.290228] unloading
[  120.300122] ffs_data_put(): freeing
[  120.300302] ffs_data_put(): freeing
[  120.302016] ffs_data_put(): freeing
[  120.302533] file system registered
[  120.305725] unloading
[  120.313332] ffs_data_put(): freeing
[  120.313772] ffs_data_put(): freeing
[  120.313930] ffs_data_put(): freeing
[  120.316047] file system registered
[  120.318052] unloading
[  120.330401] file system registered
[  120.335907] ffs_data_put(): freeing
[  120.336983] unloading
[  120.342332] ffs_data_put(): freeing
[  120.342452] ffs_data_put(): freeing
[  120.344851] file system registered
[  120.347155] unloading
[  120.354065] ffs_data_put(): freeing
[  120.354176] ffs_data_put(): freeing
[  120.356493] file system registered
[  120.358733] unloading
[  120.365284] ffs_data_put(): freeing
[  120.365415] ffs_data_put(): freeing
[  120.367318] file system registered
[  120.369195] unloading
[  120.375337] ffs_data_put(): freeing
[  120.378246] file system registered
[  120.381416] unloading
[  120.386317] ffs_data_put(): freeing
[  120.390446] file system registered
[  120.394105] ffs_data_put(): freeing
[  120.394407] unloading
[  120.407305] ffs_data_put(): freeing
[  120.407504] ffs_data_put(): freeing
[  120.408354] ffs_data_put(): freeing
[  120.409896] file system registered
[  120.411923] unloading
[  120.418882] ffs_data_put(): freeing
[  120.418945] ffs_data_put(): freeing
[  120.420863] file system registered
[  120.423224] unloading
[  120.432383] ffs_data_put(): freeing
[  120.435412] file system registered
[  120.437842] unloading
[  120.446781] file system registered
[  120.449016] unloading
[  120.456402] ffs_data_put(): freeing
[  120.460138] file system registered
[  120.462835] unloading
[  120.469476] file system registered
[  120.471399] unloading
[  120.479115] ffs_data_put(): freeing
[  120.481415] file system registered
[  120.483349] unloading
[  120.495221] ffs_data_put(): freeing
[  120.497741] file system registered
[  120.499269] unloading
[  120.507108] ffs_data_put(): freeing
[  120.510995] file system registered
[  120.514306] unloading
[  120.522576] ffs_data_put(): freeing
[  120.524338] file system registered
[  120.526312] unloading
[  120.530215] ffs_data_put(): freeing
[  120.530326] ffs_data_put(): freeing
[  120.532954] file system registered
[  120.535887] unloading
[  120.546140] ffs_data_put(): freeing
[  120.546700] ffs_data_put(): freeing
[  120.547882] file system registered
[  120.549127] unloading
[  120.556349] ffs_data_put(): freeing
[  120.556430] ffs_data_put(): freeing
[  120.558967] file system registered
[  120.561117] unloading
[  120.570314] ffs_data_put(): freeing
[  120.570426] ffs_data_put(): freeing
[  120.571993] file system registered
[  120.574361] unloading
[  120.581304] ffs_data_put(): freeing
[  120.581773] ffs_data_put(): freeing
[  120.586917] file system registered
[  120.591103] unloading
[  120.603460] ffs_data_put(): freeing
[  120.604923] ffs_data_put(): freeing
[  120.606970] file system registered
[  120.611428] unloading
[  120.620887] ffs_data_put(): freeing
[  120.621061] ffs_data_put(): freeing
[  120.623144] file system registered
[  120.626343] unloading
[  120.633240] ffs_data_put(): freeing
[  120.636216] file system registered
[  120.638304] unloading
[  120.647819] ffs_data_put(): freeing
[  120.647998] ffs_data_put(): freeing
[  120.650055] file system registered
[  120.652997] unloading
[  120.661836] ffs_data_put(): freeing
[  120.661978] ffs_data_put(): freeing
[  120.662156] ffs_data_put(): freeing
[  120.664928] file system registered
[  120.668369] unloading
[  120.676414] ffs_data_put(): freeing
[  120.679185] file system registered
[  120.683396] unloading
[  120.693801] ffs_data_put(): freeing
[  120.694074] ffs_data_put(): freeing
[  120.694203] ffs_data_put(): freeing
[  120.698114] file system registered
[  120.702328] unloading
[  120.711774] file system registered
[  120.714102] unloading
[  120.724351] file system registered
[  120.727323] unloading
[  120.733199] ffs_data_put(): freeing
[  120.735108] file system registered
[  120.739299] unloading
[  120.748150] ffs_data_put(): freeing
[  120.748397] ffs_data_put(): freeing
[  120.748917] ffs_data_put(): freeing
[  120.749341] ffs_data_put(): freeing
[  120.750472] file system registered
[  120.752332] unloading
[  120.762265] ffs_data_put(): freeing
[  120.762893] ffs_data_put(): freeing
[  120.762967] ffs_data_put(): freeing
[  120.765678] file system registered
[  120.770096] ffs_data_put(): freeing
[  120.770983] unloading
[  120.778891] ffs_data_put(): freeing
[  120.779019] ffs_data_put(): freeing
[  120.782417] file system registered
[  120.784426] unloading
[  120.797681] file system registered
[  120.799424] unloading
[  120.808392] ffs_data_put(): freeing
[  120.808767] ffs_data_put(): freeing
[  120.810040] file system registered
[  120.811437] unloading
[  120.817339] ffs_data_put(): freeing
[  120.819098] ffs_data_put(): freeing
[  120.821330] file system registered
[  120.824284] unloading
[  120.830473] ffs_data_put(): freeing
[  120.830817] ffs_data_put(): freeing
[  120.832976] file system registered
[  120.835096] unloading
[  120.840287] ffs_data_put(): freeing
[  120.840424] ffs_data_put(): freeing
[  120.844110] file system registered
[  120.847729] unloading
[  120.855112] file system registered
[  120.857743] unloading
[  120.869793] file system registered
[  120.871241] unloading
[  120.881240] file system registered
[  120.883764] unloading
[  120.890181] ffs_data_put(): freeing
[  120.890279] ffs_data_put(): freeing
[  120.892971] file system registered
[  120.895323] unloading
[  120.903280] ffs_data_put(): freeing
[  120.905363] file system registered
[  120.907821] unloading
[  120.913139] ffs_data_put(): freeing
[  120.916093] file system registered
[  120.917157] unloading
[  120.924152] ffs_data_put(): freeing
[  120.926099] file system registered
[  120.928100] unloading
[  120.936111] ffs_data_put(): freeing
[  120.938476] file system registered
[  120.941166] unloading
[  120.949741] file system registered
[  120.951301] unloading
[  120.961955] file system registered
[  120.964192] unloading
[  120.972805] ffs_data_put(): freeing
[  120.975164] file system registered
[  120.977895] unloading
[  120.985274] ffs_data_put(): freeing
[  120.988154] file system registered
[  120.990153] unloading
[  121.000458] ffs_data_put(): freeing
[  121.000811] ffs_data_put(): freeing
[  121.001115] file system registered
[  121.002976] unloading
[  121.011741] ffs_data_put(): freeing
[  121.016307] file system registered
[  121.019399] unloading
[  121.030393] ffs_data_put(): freeing
[  121.033075] file system registered
[  121.035310] unloading
[  121.045171] file system registered
[  121.046827] unloading
[  121.056281] ffs_data_put(): freeing
[  121.056411] ffs_data_put(): freeing
[  121.058260] file system registered
[  121.060061] unloading
[  121.068310] ffs_data_put(): freeing
[  121.068430] ffs_data_put(): freeing
[  121.069469] ffs_data_put(): freeing
[  121.071367] file system registered
[  121.077817] unloading
[  121.088107] ffs_data_put(): freeing
[  121.091389] file system registered
[  121.094037] unloading
[  121.100254] ffs_data_put(): freeing
[  121.105377] file system registered
[  121.108014] unloading
[  121.116140] ffs_data_put(): freeing
[  121.116313] ffs_data_put(): freeing
[  121.116418] ffs_data_put(): freeing
[  121.119265] file system registered
[  121.121448] unloading
[  121.131257] file system registered
[  121.133997] unloading
[  121.140301] ffs_data_put(): freeing
[  121.142976] file system registered
[  121.145005] unloading
[  121.152292] ffs_data_put(): freeing
[  121.156487] file system registered
[  121.159142] unloading
[  121.169286] file system registered
[  121.171220] unloading
[  121.181139] ffs_data_put(): freeing
[  121.181271] ffs_data_put(): freeing
[  121.181357] ffs_data_put(): freeing
[  121.182986] file system registered
[  121.185276] unloading
[  121.198797] ffs_data_put(): freeing
[  121.198933] ffs_data_put(): freeing
[  121.201989] file system registered
[  121.204888] unloading
[  121.215385] file system registered
[  121.217382] unloading
[  121.222751] ffs_data_put(): freeing
[  121.226495] file system registered
[  121.229742] unloading
[  121.236282] ffs_data_put(): freeing
[  121.238361] file system registered
[  121.240233] unloading
[  121.245310] ffs_data_put(): freeing
[  121.247404] file system registered
[  121.249064] unloading
[  121.255394] ffs_data_put(): freeing
[  121.255767] ffs_data_put(): freeing
[  121.258707] file system registered
[  121.261076] unloading
[  121.266032] ffs_data_put(): freeing
[  121.268704] file system registered
[  121.270909] unloading
[  121.278124] ffs_data_put(): freeing
[  121.278249] ffs_data_put(): freeing
[  121.281033] file system registered
[  121.283712] unloading
[  121.291257] ffs_data_put(): freeing
[  121.291377] ffs_data_put(): freeing
[  121.293353] file system registered
[  121.295867] unloading
[  121.302222] ffs_data_put(): freeing
[  121.302357] ffs_data_put(): freeing
[  121.305169] file system registered
[  121.308067] unloading
[  121.315166] ffs_data_put(): freeing
[  121.317851] file system registered
[  121.320066] unloading
[  121.325408] ffs_data_put(): freeing
[  121.325658] ffs_data_put(): freeing
[  121.327818] file system registered
[  121.329905] unloading
[  121.337763] file system registered
[  121.339262] unloading
[  121.344020] ffs_data_put(): freeing
[  121.346529] file system registered
[  121.348389] unloading
[  121.355228] ffs_data_put(): freeing
[  121.355335] ffs_data_put(): freeing
[  121.357837] file system registered
[  121.359270] unloading
[  121.365029] ffs_data_put(): freeing
[  121.367952] file system registered
[  121.370967] unloading
[  121.377278] ffs_data_put(): freeing
[  121.380043] file system registered
[  121.382134] unloading
[  121.392425] file system registered
[  121.394047] unloading
[  121.404065] ffs_data_put(): freeing
[  121.404184] ffs_data_put(): freeing
[  121.404295] ffs_data_put(): freeing
[  121.405820] file system registered
[  121.408015] unloading
[  121.417173] ffs_data_put(): freeing
[  121.417279] ffs_data_put(): freeing
[  121.420095] file system registered
[  121.422865] unloading
[  121.433208] ffs_data_put(): freeing
[  121.433348] ffs_data_put(): freeing
[  121.436254] file system registered
[  121.440073] unloading
[  121.453851] file system registered
[  121.456046] unloading
[  121.466423] file system registered
[  121.468478] unloading
[  121.473357] ffs_data_put(): freeing
[  121.473472] ffs_data_put(): freeing
[  121.475953] file system registered
[  121.477880] unloading
[  121.482089] ffs_data_put(): freeing
[  121.483939] file system registered
[  121.485253] unloading
[  121.490059] ffs_data_put(): freeing
[  121.491922] file system registered
[  121.493115] unloading
[  121.499167] ffs_data_put(): freeing
[  121.499265] ffs_data_put(): freeing
[  121.501964] file system registered
[  121.503935] unloading
[  121.514213] ffs_data_put(): freeing
[  121.514309] ffs_data_put(): freeing
[  121.516913] file system registered
[  121.519398] unloading
[  121.527252] ffs_data_put(): freeing
[  121.529990] file system registered
[  121.532235] unloading
[  121.541332] file system registered
[  121.543276] unloading
[  121.551229] ffs_data_put(): freeing
[  121.553400] file system registered
[  121.555312] unloading
[  121.563839] file system registered
[  121.565350] unloading
[  121.574137] ffs_data_put(): freeing
[  121.575829] file system registered
[  121.576656] unloading
[  121.583863] file system registered
[  121.585203] unloading
[  121.593184] file system registered
[  121.594982] unloading
[  121.605245] ffs_data_put(): freeing
[  121.605381] ffs_data_put(): freeing
[  121.607491] file system registered
[  121.609359] unloading
[  121.619836] file system registered
[  121.621601] unloading
[  121.629329] ffs_data_put(): freeing
[  121.629462] ffs_data_put(): freeing
[  121.629806] ffs_data_put(): freeing
[  121.631313] file system registered
[  121.633400] unloading
[  121.640466] ffs_data_put(): freeing
[  121.640972] ffs_data_put(): freeing
[  121.643173] file system registered
[  121.645341] unloading
[  121.657038] ffs_data_put(): freeing
[  121.657286] ffs_data_put(): freeing
[  121.660753] file system registered
[  121.662306] unloading
[  121.671464] file system registered
[  121.673332] unloading
[  121.682208] ffs_data_put(): freeing
[  121.682387] ffs_data_put(): freeing
[  121.686007] file system registered
[  121.688307] unloading
[  121.697088] file system registered
[  121.700934] unloading
[  121.711182] ffs_data_put(): freeing
[  121.713300] file system registered
[  121.715216] unloading
[  121.725955] ffs_data_put(): freeing
[  121.726054] ffs_data_put(): freeing
[  121.727014] file system registered
[  121.729220] unloading
[  121.738179] ffs_data_put(): freeing
[  121.740358] file system registered
[  121.742404] unloading
[  121.751938] file system registered
[  121.754423] unloading
[  121.761951] file system registered
[  121.763715] unloading
[  121.769042] ffs_data_put(): freeing
[  121.772493] file system registered
[  121.775160] unloading
[  121.785143] ffs_data_put(): freeing
[  121.785302] ffs_data_put(): freeing
[  121.788716] file system registered
[  121.790985] unloading
[  121.802064] ffs_data_put(): freeing
[  121.804922] file system registered
[  121.806772] unloading
[  121.815365] ffs_data_put(): freeing
[  121.817253] file system registered
[  121.819923] unloading
[  121.829912] ffs_data_put(): freeing
[  121.830233] ffs_data_put(): freeing
[  121.830346] ffs_data_put(): freeing
[  121.833203] file system registered
[  121.835339] unloading
[  121.844233] file system registered
[  121.845917] unloading
[  121.852442] ffs_data_put(): freeing
[  121.852798] ffs_data_put(): freeing
[  121.854308] file system registered
[  121.856016] unloading
[  121.865840] ffs_data_put(): freeing
[  121.865975] ffs_data_put(): freeing
[  121.867337] file system registered
[  121.869133] unloading
[  121.878412] ffs_data_put(): freeing
[  121.881422] file system registered
[  121.884369] unloading
[  121.891970] ffs_data_put(): freeing
[  121.894095] file system registered
[  121.896917] unloading
[  121.902225] ffs_data_put(): freeing
[  121.902323] ffs_data_put(): freeing
[  121.904842] file system registered
[  121.907453] unloading
[  121.914303] ffs_data_put(): freeing
[  121.915077] ffs_data_put(): freeing
[  121.915156] ffs_data_put(): freeing
[  121.917437] file system registered
[  121.921054] unloading
[  121.927340] ffs_data_put(): freeing
[  121.929892] file system registered
[  121.931218] unloading
[  121.940286] ffs_data_put(): freeing
[  121.940567] ffs_data_put(): freeing
[  121.940803] ffs_data_put(): freeing
[  121.942121] file system registered
[  121.944007] unloading
[  121.956832] ffs_data_put(): freeing
[  121.957142] ffs_data_put(): freeing
[  121.957714] ffs_data_put(): freeing
[  121.958397] file system registered
[  121.960393] unloading
[  121.966352] ffs_data_put(): freeing
[  121.966724] ffs_data_put(): freeing
[  121.966869] ffs_data_put(): freeing
[  121.970123] file system registered
[  121.975137] ffs_data_put(): freeing
[  121.976258] unloading
[  121.982780] ffs_data_put(): freeing
[  121.982937] ffs_data_put(): freeing
[  121.986446] file system registered
[  121.990150] unloading
[  121.998082] ffs_data_put(): freeing
[  122.000726] file system registered
[  122.003281] unloading
[  122.010900] file system registered
[  122.013433] unloading
[  122.021297] ffs_data_put(): freeing
[  122.021406] ffs_data_put(): freeing
[  122.023471] file system registered
[  122.025065] unloading
[  122.035370] ffs_data_put(): freeing
[  122.036896] file system registered
[  122.038059] unloading
[  122.045374] file system registered
[  122.047423] unloading
[  122.056229] file system registered
[  122.058333] unloading
[  122.067669] file system registered
[  122.069133] unloading
[  122.079390] ffs_data_put(): freeing
[  122.080461] ffs_data_put(): freeing
[  122.081817] file system registered
[  122.083151] unloading
[  122.089182] file system registered
[  122.090941] unloading
[  122.101362] ffs_data_put(): freeing
[  122.103419] file system registered
[  122.105414] unloading
[  122.118734] ffs_data_put(): freeing
[  122.120158] ffs_data_put(): freeing
[  122.124689] file system registered
[  122.127156] unloading
[  122.135179] ffs_data_put(): freeing
[  122.137314] file system registered
[  122.139132] unloading
[  122.150405] ffs_data_put(): freeing
[  122.154879] file system registered
[  122.157963] unloading
[  122.166378] ffs_data_put(): freeing
[  122.169251] file system registered
[  122.171923] unloading
[  122.179272] ffs_data_put(): freeing
[  122.179394] ffs_data_put(): freeing
[  122.182325] file system registered
[  122.184743] unloading
[  122.189132] ffs_data_put(): freeing
[  122.192314] file system registered
[  122.194993] unloading
[  122.204276] ffs_data_put(): freeing
[  122.204776] ffs_data_put(): freeing
[  122.206950] file system registered
[  122.209255] unloading
[  122.222347] ffs_data_put(): freeing
[  122.222492] ffs_data_put(): freeing
[  122.225224] file system registered
[  122.227928] unloading
[  122.234894] ffs_data_put(): freeing
[  122.237888] file system registered
[  122.240190] unloading
[  122.248380] ffs_data_put(): freeing
[  122.250775] file system registered
[  122.252447] unloading
[  122.260105] ffs_data_put(): freeing
[  122.262830] file system registered
[  122.264310] unloading
[  122.271189] file system registered
[  122.273250] unloading
[  122.278033] ffs_data_put(): freeing
[  122.281054] file system registered
[  122.283785] unloading
[  122.290049] ffs_data_put(): freeing
[  122.291199] file system registered
[  122.293058] unloading
[  122.298184] ffs_data_put(): freeing
[  122.300443] file system registered
[  122.301713] unloading
[  122.307180] ffs_data_put(): freeing
[  122.307268] ffs_data_put(): freeing
[  122.310485] file system registered
[  122.312401] unloading
[  122.317264] ffs_data_put(): freeing
[  122.319366] file system registered
[  122.321271] unloading
[  122.331297] ffs_data_put(): freeing
[  122.333305] file system registered
[  122.335171] unloading
[  122.341827] ffs_data_put(): freeing
[  122.343794] file system registered
[  122.346069] unloading
[  122.356233] file system registered
[  122.358244] unloading
[  122.366112] ffs_data_put(): freeing
[  122.368195] file system registered
[  122.370057] unloading
[  122.378227] ffs_data_put(): freeing
[  122.378343] ffs_data_put(): freeing
[  122.380705] file system registered
[  122.382263] unloading
[  122.391259] ffs_data_put(): freeing
[  122.393429] file system registered
[  122.395170] unloading
[  122.400339] ffs_data_put(): freeing
[  122.403100] file system registered
[  122.404488] unloading
[  122.412483] ffs_data_put(): freeing
[  122.412772] ffs_data_put(): freeing
[  122.414377] file system registered
[  122.416445] unloading
[  122.421432] ffs_data_put(): freeing
[  122.421620] ffs_data_put(): freeing
[  122.425245] file system registered
[  122.427230] unloading
[  122.435197] file system registered
[  122.437256] unloading
[  122.444218] ffs_data_put(): freeing
[  122.444325] ffs_data_put(): freeing
[  122.446761] file system registered
[  122.448355] unloading
[  122.459440] file system registered
[  122.461465] unloading
[  122.467138] ffs_data_put(): freeing
[  122.467453] ffs_data_put(): freeing
[  122.471415] file system registered
[  122.475837] unloading
[  122.485145] ffs_data_put(): freeing
[  122.485244] ffs_data_put(): freeing
[  122.487386] file system registered
[  122.489128] unloading
[  122.501866] file system registered
[  122.504083] unloading
[  122.512244] file system registered
[  122.514453] unloading
[  122.522941] file system registered
[  122.524407] unloading
[  122.529364] ffs_data_put(): freeing
[  122.531374] file system registered
[  122.533157] unloading
[  122.542225] ffs_data_put(): freeing
[  122.542391] ffs_data_put(): freeing
[  122.542797] ffs_data_put(): freeing
[  122.544562] file system registered
[  122.546269] unloading
[  122.558433] ffs_data_put(): freeing
[  122.558728] ffs_data_put(): freeing
[  122.558951] ffs_data_put(): freeing
[  122.561157] file system registered
[  122.563595] unloading
[  122.575490] ffs_data_put(): freeing
[  122.575848] ffs_data_put(): freeing
[  122.576056] ffs_data_put(): freeing
[  122.580278] file system registered
[  122.584455] unloading
[  122.594769] ffs_data_put(): freeing
[  122.594852] ffs_data_put(): freeing
[  122.599098] file system registered
[  122.604380] unloading
[  122.616938] file system registered
[  122.620285] unloading
[  122.632197] ffs_data_put(): freeing
[  122.633269] file system registered
[  122.635746] unloading
[  122.643439] ffs_data_put(): freeing
[  122.643689] ffs_data_put(): freeing
[  122.645614] file system registered
[  122.649017] unloading
[  122.657018] file system registered
[  122.657173] ffs_data_put(): freeing
[  122.659413] unloading
[  122.667299] ffs_data_put(): freeing
[  122.667411] ffs_data_put(): freeing
[  122.669801] file system registered
[  122.671763] ffs_data_put(): freeing
[  122.672386] unloading
[  122.684288] ffs_data_put(): freeing
[  122.688124] file system registered
[  122.692169] unloading
[  122.701220] ffs_data_put(): freeing
[  122.701327] ffs_data_put(): freeing
[  122.702973] file system registered
[  122.707474] unloading
[  122.713203] ffs_data_put(): freeing
[  122.713313] ffs_data_put(): freeing
[  122.715226] file system registered
[  122.717178] unloading
[  122.726694] ffs_data_put(): freeing
[  122.728970] file system registered
[  122.732241] unloading
[  122.739481] file system registered
[  122.741237] unloading
[  122.751322] ffs_data_put(): freeing
[  122.751396] ffs_data_put(): freeing
[  122.753067] file system registered
[  122.754986] unloading
[  122.763618] ffs_data_put(): freeing
[  122.765988] file system registered
[  122.769186] unloading
[  122.775994] ffs_data_put(): freeing
[  122.776404] ffs_data_put(): freeing
[  122.779076] file system registered
[  122.781088] unloading
[  122.794769] file system registered
[  122.796395] unloading
[  122.801181] ffs_data_put(): freeing
[  122.803441] file system registered
[  122.805189] unloading
[  122.816333] file system registered
[  122.819148] unloading
[  122.828838] file system registered
[  122.830924] unloading
[  122.838266] ffs_data_put(): freeing
[  122.840396] file system registered
[  122.842185] unloading
[  122.853142] ffs_data_put(): freeing
[  122.856122] file system registered
[  122.858266] unloading
[  122.866760] ffs_data_put(): freeing
[  122.867004] ffs_data_put(): freeing
[  122.868327] file system registered
[  122.870141] unloading
[  122.881240] file system registered
[  122.883790] unloading
[  122.892790] file system registered
[  122.894970] unloading
[  122.906267] ffs_data_put(): freeing
[  122.906360] ffs_data_put(): freeing
[  122.908131] file system registered
[  122.909661] unloading
[  122.914325] ffs_data_put(): freeing
[  122.914420] ffs_data_put(): freeing
[  122.916913] file system registered
[  122.918976] unloading
[  122.928338] ffs_data_put(): freeing
[  122.930813] file system registered
[  122.932313] unloading
[  122.941133] ffs_data_put(): freeing
[  122.943816] file system registered
[  122.945373] unloading
[  122.952269] ffs_data_put(): freeing
[  122.954894] file system registered
[  122.956479] unloading
[  122.965466] ffs_data_put(): freeing
[  122.968674] file system registered
[  122.970984] unloading
[  122.979242] ffs_data_put(): freeing
[  122.979414] ffs_data_put(): freeing
[  122.982389] file system registered
[  122.986248] unloading
[  122.994978] ffs_data_put(): freeing
[  122.997304] file system registered
[  122.999472] unloading
[  123.009837] file system registered
[  123.011463] unloading
[  123.019158] ffs_data_put(): freeing
[  123.019253] ffs_data_put(): freeing
[  123.020385] file system registered
[  123.022222] unloading
[  123.033276] ffs_data_put(): freeing
[  123.035286] file system registered
[  123.036868] unloading
[  123.043375] ffs_data_put(): freeing
[  123.043499] ffs_data_put(): freeing
[  123.045113] file system registered
[  123.046991] unloading
[  123.058478] ffs_data_put(): freeing
[  123.058732] ffs_data_put(): freeing
[  123.060272] file system registered
[  123.062767] unloading
[  123.071808] ffs_data_put(): freeing
[  123.072938] ffs_data_put(): freeing
[  123.074037] file system registered
[  123.076977] unloading
[  123.086425] ffs_data_put(): freeing
[  123.086786] ffs_data_put(): freeing
[  123.086927] ffs_data_put(): freeing
[  123.089188] file system registered
[  123.092168] unloading
[  123.099819] ffs_data_put(): freeing
[  123.103151] file system registered
[  123.105801] unloading
[  123.113471] ffs_data_put(): freeing
[  123.116003] file system registered
[  123.117866] unloading
[  123.125253] ffs_data_put(): freeing
[  123.125404] ffs_data_put(): freeing
[  123.128998] file system registered
[  123.132463] unloading
[  123.140157] ffs_data_put(): freeing
[  123.142901] file system registered
[  123.144368] unloading
[  123.151957] ffs_data_put(): freeing
[  123.154830] file system registered
[  123.157667] unloading
[  123.165426] file system registered
[  123.167368] unloading
[  123.180316] ffs_data_put(): freeing
[  123.184518] file system registered
[  123.186791] unloading
[  123.194292] ffs_data_put(): freeing
[  123.197075] file system registered
[  123.199269] unloading
[  123.208350] file system registered
[  123.210746] unloading
[  123.218270] ffs_data_put(): freeing
[  123.220075] file system registered
[  123.221475] unloading
[  123.228837] ffs_data_put(): freeing
[  123.231322] file system registered
[  123.233296] unloading
[  123.242958] ffs_data_put(): freeing
[  123.244099] ffs_data_put(): freeing
[  123.244314] file system registered
[  123.248445] ffs_data_put(): freeing
[  123.249044] unloading
[  123.262324] ffs_data_put(): freeing
[  123.262420] ffs_data_put(): freeing
[  123.263899] file system registered
[  123.266259] unloading
[  123.274306] ffs_data_put(): freeing
[  123.278011] file system registered
[  123.281320] unloading
[  123.292883] file system registered
[  123.294544] unloading
[  123.307195] file system registered
[  123.309356] unloading
[  123.313356] ffs_data_put(): freeing
[  123.315472] file system registered
[  123.316963] unloading
[  123.327113] ffs_data_put(): freeing
[  123.328314] file system registered
[  123.331001] unloading
[  123.341761] ffs_data_put(): freeing
[  123.342234] ffs_data_put(): freeing
[  123.345052] file system registered
[  123.347473] unloading
[  123.353886] ffs_data_put(): freeing
[  123.356017] file system registered
[  123.359148] unloading
[  123.370188] ffs_data_put(): freeing
[  123.370332] ffs_data_put(): freeing
[  123.370494] ffs_data_put(): freeing
[  123.372721] file system registered
[  123.375135] unloading
[  123.389882] file system registered
[  123.393870] unloading
[  123.399458] ffs_data_put(): freeing
[  123.402006] file system registered
[  123.405429] unloading
[  123.412217] ffs_data_put(): freeing
[  123.412320] ffs_data_put(): freeing
[  123.414321] file system registered
[  123.416300] unloading
[  123.427447] ffs_data_put(): freeing
[  123.427949] ffs_data_put(): freeing
[  123.431270] file system registered
[  123.434060] unloading
[  123.447130] file system registered
[  123.448926] unloading
[  123.459333] file system registered
[  123.461482] unloading
[  123.469174] ffs_data_put(): freeing
[  123.469268] ffs_data_put(): freeing
[  123.470715] file system registered
[  123.472111] unloading
[  123.480218] ffs_data_put(): freeing
[  123.480399] ffs_data_put(): freeing
[  123.481295] ffs_data_put(): freeing
[  123.485986] file system registered
[  123.488399] unloading
[  123.498415] ffs_data_put(): freeing
[  123.501250] file system registered
[  123.504746] unloading
[  123.513212] ffs_data_put(): freeing
[  123.513369] ffs_data_put(): freeing
[  123.515661] file system registered
[  123.518123] unloading
[  123.525240] ffs_data_put(): freeing
[  123.525476] ffs_data_put(): freeing
[  123.525736] ffs_data_put(): freeing
[  123.527033] file system registered
[  123.528453] unloading
[  123.534177] ffs_data_put(): freeing
[  123.534417] ffs_data_put(): freeing
[  123.534642] ffs_data_put(): freeing
[  123.535971] file system registered
[  123.537429] unloading
[  123.550923] ffs_data_put(): freeing
[  123.551329] ffs_data_put(): freeing
[  123.552993] file system registered
[  123.555337] unloading
[  123.560892] ffs_data_put(): freeing
[  123.565380] file system registered
[  123.571124] unloading
[  123.580403] ffs_data_put(): freeing
[  123.580692] ffs_data_put(): freeing
[  123.584813] file system registered
[  123.590839] unloading
[  123.596348] ffs_data_put(): freeing
[  123.596761] ffs_data_put(): freeing
[  123.599881] file system registered
[  123.602282] unloading
[  123.609728] ffs_data_put(): freeing
[  123.609781] ffs_data_put(): freeing
[  123.612104] file system registered
[  123.614861] unloading
[  123.622336] file system registered
[  123.625053] unloading
[  123.633310] ffs_data_put(): freeing
[  123.633658] ffs_data_put(): freeing
[  123.633945] ffs_data_put(): freeing
[  123.636149] file system registered
[  123.638786] unloading
[  123.647213] file system registered
[  123.649823] unloading
[  123.656458] file system registered
[  123.658341] unloading
[  123.667502] ffs_data_put(): freeing
[  123.668983] file system registered
[  123.670960] unloading
[  123.681093] ffs_data_put(): freeing
[  123.683406] file system registered
[  123.685176] unloading
[  123.693897] file system registered
[  123.696900] unloading
[  123.705119] ffs_data_put(): freeing
[  123.707191] file system registered
[  123.709797] unloading
[  123.716062] ffs_data_put(): freeing
[  123.718010] file system registered
[  123.719123] unloading
[  123.727282] ffs_data_put(): freeing
[  123.729796] file system registered
[  123.731209] unloading
[  123.742471] file system registered
[  123.744255] unloading
[  123.750026] ffs_data_put(): freeing
[  123.752202] file system registered
[  123.753299] unloading
[  123.761232] ffs_data_put(): freeing
[  123.763440] file system registered
[  123.765066] unloading
[  123.775381] ffs_data_put(): freeing
[  123.776162] ffs_data_put(): freeing
[  123.776828] file system registered
[  123.778386] unloading
[  123.784161] ffs_data_put(): freeing
[  123.790812] file system registered
[  123.793192] ffs_data_put(): freeing
[  123.794934] unloading
[  123.802126] ffs_data_put(): freeing
[  123.802271] ffs_data_put(): freeing
[  123.802376] ffs_data_put(): freeing
[  123.805380] file system registered
[  123.807489] unloading
[  123.818046] file system registered
[  123.819026] unloading
[  123.824081] ffs_data_put(): freeing
[  123.824247] ffs_data_put(): freeing
[  123.826454] file system registered
[  123.828376] unloading
[  123.842143] ffs_data_put(): freeing
[  123.842385] ffs_data_put(): freeing
[  123.844779] file system registered
[  123.847372] unloading
[  123.860865] ffs_data_put(): freeing
[  123.861082] ffs_data_put(): freeing
[  123.863414] file system registered
[  123.868373] unloading
[  123.878306] ffs_data_put(): freeing
[  123.878751] ffs_data_put(): freeing
[  123.884103] file system registered
[  123.888192] unloading
[  123.894422] ffs_data_put(): freeing
[  123.897489] file system registered
[  123.900868] unloading
[  123.908077] file system registered
[  123.909989] unloading
[  123.918749] ffs_data_put(): freeing
[  123.924163] file system registered
[  123.927063] unloading
[  123.941398] file system registered
[  123.944090] unloading
[  123.953176] ffs_data_put(): freeing
[  123.953288] ffs_data_put(): freeing
[  123.955368] file system registered
[  123.958815] unloading
[  123.967363] ffs_data_put(): freeing
[  123.969886] file system registered
[  123.972352] unloading
[  123.981076] ffs_data_put(): freeing
[  123.982410] file system registered
[  123.984089] unloading
[  123.996282] ffs_data_put(): freeing
[  123.996377] ffs_data_put(): freeing
[  123.999870] file system registered
[  124.005354] unloading
[  124.012279] ffs_data_put(): freeing
[  124.014001] ffs_data_put(): freeing
[  124.014337] file system registered
[  124.017017] unloading
[  124.028182] ffs_data_put(): freeing
[  124.030583] file system registered
[  124.033245] unloading
[  124.047356] ffs_data_put(): freeing
[  124.048384] ffs_data_put(): freeing
[  124.049926] ffs_data_put(): freeing
[  124.052430] file system registered
[  124.057845] unloading
[  124.065380] ffs_data_put(): freeing
[  124.065824] ffs_data_put(): freeing
[  124.065896] ffs_data_put(): freeing
[  124.068262] file system registered
[  124.071426] unloading
[  124.078447] ffs_data_put(): freeing
[  124.079450] ffs_data_put(): freeing
[  124.079970] ffs_data_put(): freeing
[  124.080753] file system registered
[  124.083465] unloading
[  124.090319] ffs_data_put(): freeing
[  124.090782] ffs_data_put(): freeing
[  124.090816] ffs_data_put(): freeing
[  124.093339] file system registered
[  124.096160] unloading
[  124.104270] ffs_data_put(): freeing
[  124.106809] file system registered
[  124.108735] unloading
[  124.119056] ffs_data_put(): freeing
[  124.121913] file system registered
[  124.124923] unloading
[  124.131214] ffs_data_put(): freeing
[  124.135312] file system registered
[  124.138375] unloading
[  124.147382] ffs_data_put(): freeing
[  124.150136] file system registered
[  124.153283] ffs_data_put(): freeing
[  124.156710] unloading
[  124.167366] ffs_data_put(): freeing
[  124.168136] ffs_data_put(): freeing
[  124.168753] ffs_data_put(): freeing
[  124.171261] file system registered
[  124.174204] unloading
[  124.181212] ffs_data_put(): freeing
[  124.181620] ffs_data_put(): freeing
[  124.184143] file system registered
[  124.187190] unloading
[  124.195355] ffs_data_put(): freeing
[  124.198083] file system registered
[  124.200175] unloading
[  124.211484] ffs_data_put(): freeing
[  124.211959] ffs_data_put(): freeing
[  124.214096] file system registered
[  124.216294] unloading
[  124.227857] ffs_data_put(): freeing
[  124.228220] ffs_data_put(): freeing
[  124.234324] file system registered
[  124.237506] unloading
[  124.247186] file system registered
[  124.250390] unloading
[  124.263327] ffs_data_put(): freeing
[  124.263454] ffs_data_put(): freeing
[  124.263735] ffs_data_put(): freeing
[  124.268039] file system registered
[  124.274182] unloading
[  124.286078] file system registered
[  124.289022] unloading
[  124.294211] ffs_data_put(): freeing
[  124.294344] ffs_data_put(): freeing
[  124.296418] file system registered
[  124.298265] unloading
[  124.306000] ffs_data_put(): freeing
[  124.309119] file system registered
[  124.311479] unloading
[  124.319136] ffs_data_put(): freeing
[  124.319248] ffs_data_put(): freeing
[  124.321309] file system registered
[  124.323796] unloading
[  124.331107] ffs_data_put(): freeing
[  124.333305] file system registered
[  124.336396] unloading
[  124.342151] ffs_data_put(): freeing
[  124.342274] ffs_data_put(): freeing
[  124.345018] file system registered
[  124.347033] unloading
[  124.356165] ffs_data_put(): freeing
[  124.359077] file system registered
[  124.362381] unloading
[  124.372391] ffs_data_put(): freeing
[  124.374771] file system registered
[  124.377209] unloading
[  124.386320] file system registered
[  124.390857] ffs_data_put(): freeing
[  124.391356] ffs_data_put(): freeing
[  124.394410] unloading
[  124.405026] ffs_data_put(): freeing
[  124.405152] ffs_data_put(): freeing
[  124.405481] ffs_data_put(): freeing
[  124.406413] file system registered
[  124.408077] unloading
[  124.417047] ffs_data_put(): freeing
[  124.417173] ffs_data_put(): freeing
[  124.418823] file system registered
[  124.421482] unloading
[  124.427405] ffs_data_put(): freeing
[  124.427774] ffs_data_put(): freeing
[  124.429373] file system registered
[  124.431274] unloading
[  124.437080] ffs_data_put(): freeing
[  124.439685] file system registered
[  124.441290] unloading
[  124.450213] ffs_data_put(): freeing
[  124.450810] ffs_data_put(): freeing
[  124.453080] file system registered
[  124.455972] unloading
[  124.462300] ffs_data_put(): freeing
[  124.462765] ffs_data_put(): freeing
[  124.462838] ffs_data_put(): freeing
[  124.464891] file system registered
[  124.467269] unloading
[  124.478397] ffs_data_put(): freeing
[  124.478746] ffs_data_put(): freeing
[  124.479063] ffs_data_put(): freeing
[  124.479198] ffs_data_put(): freeing
[  124.482005] file system registered
[  124.484048] unloading
[  124.492758] ffs_data_put(): freeing
[  124.496376] file system registered
[  124.499217] unloading
[  124.505207] ffs_data_put(): freeing
[  124.508190] file system registered
[  124.511420] unloading
[  124.520202] ffs_data_put(): freeing
[  124.522565] file system registered
[  124.523938] unloading
[  124.531983] file system registered
[  124.533907] unloading
[  124.539327] ffs_data_put(): freeing
[  124.541399] file system registered
[  124.543398] unloading
[  124.552414] ffs_data_put(): freeing
[  124.555070] file system registered
[  124.557474] unloading
[  124.567035] ffs_data_put(): freeing
[  124.567112] ffs_data_put(): freeing
[  124.569850] file system registered
[  124.572091] unloading
[  124.577228] ffs_data_put(): freeing
[  124.579364] file system registered
[  124.581103] unloading
[  124.593090] file system registered
[  124.595309] unloading
[  124.602425] ffs_data_put(): freeing
[  124.602788] ffs_data_put(): freeing
[  124.604781] file system registered
[  124.607476] unloading
[  124.617799] file system registered
[  124.619382] unloading
[  124.626666] ffs_data_put(): freeing
[  124.628423] file system registered
[  124.630870] unloading
[  124.637211] ffs_data_put(): freeing
[  124.640462] file system registered
[  124.643657] unloading
[  124.651066] ffs_data_put(): freeing
[  124.652330] file system registered
[  124.654312] unloading
[  124.663079] ffs_data_put(): freeing
[  124.663194] ffs_data_put(): freeing
[  124.665220] file system registered
[  124.667189] unloading
[  124.678055] ffs_data_put(): freeing
[  124.678263] ffs_data_put(): freeing
[  124.678488] ffs_data_put(): freeing
[  124.681246] file system registered
[  124.683334] unloading
[  124.692810] file system registered
[  124.695306] unloading
[  124.704277] ffs_data_put(): freeing
[  124.704348] ffs_data_put(): freeing
[  124.706947] file system registered
[  124.708496] unloading
[  124.715374] ffs_data_put(): freeing
[  124.715494] ffs_data_put(): freeing
[  124.720136] file system registered
[  124.724042] unloading
[  124.731270] ffs_data_put(): freeing
[  124.734429] file system registered
[  124.737399] unloading
[  124.748197] ffs_data_put(): freeing
[  124.748363] ffs_data_put(): freeing
[  124.748482] ffs_data_put(): freeing
[  124.750983] file system registered
[  124.752686] unloading
[  124.761751] ffs_data_put(): freeing
[  124.762875] ffs_data_put(): freeing
[  124.762979] ffs_data_put(): freeing
[  124.764398] file system registered
[  124.766155] unloading
[  124.779876] ffs_data_put(): freeing
[  124.779980] ffs_data_put(): freeing
[  124.788458] file system registered
[  124.792186] unloading
[  124.801330] ffs_data_put(): freeing
[  124.801880] ffs_data_put(): freeing
[  124.806159] file system registered
[  124.809084] unloading
[  124.814888] ffs_data_put(): freeing
[  124.816331] ffs_data_put(): freeing
[  124.817079] file system registered
[  124.819373] unloading
[  124.826310] ffs_data_put(): freeing
[  124.826480] ffs_data_put(): freeing
[  124.829024] file system registered
[  124.831417] unloading
[  124.840421] ffs_data_put(): freeing
[  124.842997] file system registered
[  124.845483] unloading
[  124.856209] ffs_data_put(): freeing
[  124.858764] file system registered
[  124.861050] unloading
[  124.873234] ffs_data_put(): freeing
[  124.876100] file system registered
[  124.878242] unloading
[  124.887222] ffs_data_put(): freeing
[  124.889425] file system registered
[  124.891829] unloading
[  124.900289] ffs_data_put(): freeing
[  124.902912] file system registered
[  124.904965] unloading
[  124.910457] ffs_data_put(): freeing
[  124.912788] file system registered
[  124.915291] unloading
[  124.923117] ffs_data_put(): freeing
[  124.923296] ffs_data_put(): freeing
[  124.923388] ffs_data_put(): freeing
[  124.926312] file system registered
[  124.928415] unloading
[  124.935275] ffs_data_put(): freeing
[  124.937911] file system registered
[  124.940236] unloading
[  124.948297] ffs_data_put(): freeing
[  124.950256] file system registered
[  124.953564] unloading
[  124.961420] ffs_data_put(): freeing
[  124.961652] ffs_data_put(): freeing
[  124.964147] file system registered
[  124.967076] unloading
[  124.978391] file system registered
[  124.982021] unloading
[  124.993162] ffs_data_put(): freeing
[  124.993340] ffs_data_put(): freeing
[  124.994080] ffs_data_put(): freeing
[  124.996950] file system registered
[  124.999829] unloading
[  125.007342] ffs_data_put(): freeing
[  125.010963] file system registered
[  125.014896] unloading
[  125.023211] ffs_data_put(): freeing
[  125.023331] ffs_data_put(): freeing
[  125.026187] file system registered
[  125.029949] unloading
[  125.039461] file system registered
[  125.041872] unloading
[  125.050047] ffs_data_put(): freeing
[  125.052361] file system registered
[  125.054830] unloading
[  125.062245] ffs_data_put(): freeing
[  125.064952] file system registered
[  125.067774] unloading
[  125.075364] ffs_data_put(): freeing
[  125.075448] ffs_data_put(): freeing
[  125.077962] file system registered
[  125.081251] unloading
[  125.091243] ffs_data_put(): freeing
[  125.094015] file system registered
[  125.096324] unloading
[  125.106287] ffs_data_put(): freeing
[  125.106385] ffs_data_put(): freeing
[  125.108170] file system registered
[  125.110205] unloading
[  125.118256] ffs_data_put(): freeing
[  125.118389] ffs_data_put(): freeing
[  125.120226] file system registered
[  125.122463] unloading
[  125.131386] ffs_data_put(): freeing
[  125.131754] ffs_data_put(): freeing
[  125.134735] file system registered
[  125.137260] unloading
[  125.145437] ffs_data_put(): freeing
[  125.145736] ffs_data_put(): freeing
[  125.145887] ffs_data_put(): freeing
[  125.147265] file system registered
[  125.149037] unloading
[  125.159066] ffs_data_put(): freeing
[  125.159154] ffs_data_put(): freeing
[  125.161481] file system registered
[  125.166389] unloading
[  125.172946] ffs_data_put(): freeing
[  125.177787] file system registered
[  125.181976] unloading
[  125.193016] file system registered
[  125.195983] unloading
[  125.205205] file system registered
[  125.207474] unloading
[  125.216097] ffs_data_put(): freeing
[  125.218161] file system registered
[  125.219914] unloading
[  125.227115] ffs_data_put(): freeing
[  125.227270] ffs_data_put(): freeing
[  125.227406] ffs_data_put(): freeing
[  125.228450] file system registered
[  125.230298] unloading
[  125.242290] ffs_data_put(): freeing
[  125.242433] ffs_data_put(): freeing
[  125.243479] ffs_data_put(): freeing
[  125.245433] file system registered
[  125.249250] unloading
[  125.261070] file system registered
[  125.263719] unloading
[  125.273270] ffs_data_put(): freeing
[  125.275933] file system registered
[  125.277280] unloading
[  125.283384] ffs_data_put(): freeing
[  125.286256] file system registered
[  125.288425] unloading
[  125.294209] ffs_data_put(): freeing
[  125.297364] file system registered
[  125.299990] unloading
[  125.311693] ffs_data_put(): freeing
[  125.314832] file system registered
[  125.316128] unloading
[  125.323263] ffs_data_put(): freeing
[  125.323351] ffs_data_put(): freeing
[  125.324322] file system registered
[  125.325873] unloading
[  125.331184] ffs_data_put(): freeing
[  125.331336] ffs_data_put(): freeing
[  125.331764] ffs_data_put(): freeing
[  125.338039] file system registered
[  125.341995] ffs_data_put(): freeing
[  125.342371] unloading
[  125.350369] ffs_data_put(): freeing
[  125.350705] ffs_data_put(): freeing
[  125.353488] file system registered
[  125.356478] unloading
[  125.365023] ffs_data_put(): freeing
[  125.367157] file system registered
[  125.368837] unloading
[  125.374959] ffs_data_put(): freeing
[  125.377252] file system registered
[  125.379450] unloading
[  125.386880] ffs_data_put(): freeing
[  125.388221] file system registered
[  125.389442] unloading
[  125.394114] ffs_data_put(): freeing
[  125.395917] file system registered
[  125.397217] unloading
[  125.402214] ffs_data_put(): freeing
[  125.404183] file system registered
[  125.406009] unloading
[  125.412166] ffs_data_put(): freeing
[  125.412345] ffs_data_put(): freeing
[  125.414228] file system registered
[  125.416168] unloading
[  125.425092] ffs_data_put(): freeing
[  125.427145] file system registered
[  125.429138] unloading
[  125.436726] file system registered
[  125.438411] unloading
[  125.444225] ffs_data_put(): freeing
[  125.444697] ffs_data_put(): freeing
[  125.446365] file system registered
[  125.448400] unloading
[  125.457136] ffs_data_put(): freeing
[  125.457225] ffs_data_put(): freeing
[  125.460276] file system registered
[  125.462292] unloading
[  125.471491] file system registered
[  125.473478] unloading
[  125.482103] ffs_data_put(): freeing
[  125.483780] file system registered
[  125.485155] unloading
[  125.490250] ffs_data_put(): freeing
[  125.490347] ffs_data_put(): freeing
[  125.491986] file system registered
[  125.493265] unloading
[  125.502760] file system registered
[  125.504035] unloading
[  125.514415] ffs_data_put(): freeing
[  125.514788] ffs_data_put(): freeing
[  125.518115] file system registered
[  125.524085] unloading
[  125.530224] ffs_data_put(): freeing
[  125.530385] ffs_data_put(): freeing
[  125.530767] ffs_data_put(): freeing
[  125.533477] file system registered
[  125.536257] unloading
[  125.543376] ffs_data_put(): freeing
[  125.549162] file system registered
[  125.551284] unloading
[  125.564123] file system registered
[  125.566292] unloading
[  125.571181] ffs_data_put(): freeing
[  125.571363] ffs_data_put(): freeing
[  125.574023] file system registered
[  125.576049] unloading
[  125.583298] file system registered
[  125.585735] unloading
[  125.591198] ffs_data_put(): freeing
[  125.591285] ffs_data_put(): freeing
[  125.593446] file system registered
[  125.595240] unloading
[  125.603192] ffs_data_put(): freeing
[  125.605833] file system registered
[  125.608238] unloading
[  125.615839] file system registered
[  125.617192] unloading
[  125.630954] file system registered
[  125.632278] unloading
[  125.643284] file system registered
[  125.645253] unloading
[  125.651100] ffs_data_put(): freeing
[  125.653061] file system registered
[  125.654867] unloading
[  125.661112] ffs_data_put(): freeing
[  125.663089] file system registered
[  125.664445] unloading
[  125.671429] ffs_data_put(): freeing
[  125.672126] ffs_data_put(): freeing
[  125.675825] file system registered
[  125.677817] unloading
[  125.682176] ffs_data_put(): freeing
[  125.684965] file system registered
[  125.687099] unloading
[  125.700263] ffs_data_put(): freeing
[  125.702465] file system registered
[  125.705143] unloading
[  125.716085] file system registered
[  125.718839] unloading
[  125.725386] ffs_data_put(): freeing
[  125.725457] ffs_data_put(): freeing
[  125.730399] file system registered
[  125.733401] unloading
[  125.740393] ffs_data_put(): freeing
[  125.742795] file system registered
[  125.744948] unloading
[  125.755986] ffs_data_put(): freeing
[  125.756216] ffs_data_put(): freeing
[  125.756237] ffs_data_put(): freeing
[  125.757894] file system registered
[  125.760482] unloading
[  125.769391] ffs_data_put(): freeing
[  125.769471] ffs_data_put(): freeing
[  125.773279] file system registered
[  125.777275] unloading
[  125.786461] ffs_data_put(): freeing
[  125.789193] file system registered
[  125.791487] unloading
[  125.802209] ffs_data_put(): freeing
[  125.802356] ffs_data_put(): freeing
[  125.804361] file system registered
[  125.807336] unloading
[  125.815457] ffs_data_put(): freeing
[  125.815838] ffs_data_put(): freeing
[  125.816033] ffs_data_put(): freeing
[  125.817914] file system registered
[  125.821352] unloading
[  125.829283] ffs_data_put(): freeing
[  125.829903] ffs_data_put(): freeing
[  125.831295] ffs_data_put(): freeing
[  125.831664] file system registered
[  125.831838] ffs_data_put(): freeing
[  125.833232] unloading
[  125.841775] ffs_data_put(): freeing
[  125.842033] ffs_data_put(): freeing
[  125.844231] file system registered
[  125.848921] unloading
[  125.860868] ffs_data_put(): freeing
[  125.861054] ffs_data_put(): freeing
[  125.863093] file system registered
[  125.866098] unloading
[  125.878130] ffs_data_put(): freeing
[  125.878362] ffs_data_put(): freeing
[  125.882948] file system registered
[  125.885436] unloading
[  125.894118] file system registered
[  125.896358] unloading
[  125.903237] ffs_data_put(): freeing
[  125.906165] file system registered
[  125.908286] unloading
[  125.918272] file system registered
[  125.919907] unloading
[  125.924300] ffs_data_put(): freeing
[  125.924468] ffs_data_put(): freeing
[  125.927441] file system registered
[  125.929290] unloading
[  125.938775] ffs_data_put(): freeing
[  125.938934] ffs_data_put(): freeing
[  125.942332] file system registered
[  125.947060] unloading
[  125.955441] ffs_data_put(): freeing
[  125.960434] file system registered
[  125.965115] unloading
[  125.972281] ffs_data_put(): freeing
[  125.972399] ffs_data_put(): freeing
[  125.976327] file system registered
[  125.979939] ffs_data_put(): freeing
[  125.980192] unloading
[  125.991250] ffs_data_put(): freeing
[  125.991400] ffs_data_put(): freeing
[  125.995105] file system registered
[  125.999173] unloading
[  126.007157] ffs_data_put(): freeing
[  126.007429] ffs_data_put(): freeing
[  126.008415] ffs_data_put(): freeing
[  126.009185] ffs_data_put(): freeing
[  126.010044] file system registered
[  126.011749] ffs_data_put(): freeing
[  126.012288] unloading
[  126.020840] ffs_data_put(): freeing
[  126.020943] ffs_data_put(): freeing
[  126.023281] file system registered
[  126.025968] unloading
[  126.035781] ffs_data_put(): freeing
[  126.036996] file system registered
[  126.039455] unloading
[  126.046419] ffs_data_put(): freeing
[  126.049744] file system registered
[  126.052916] unloading
[  126.060361] ffs_data_put(): freeing
[  126.063315] file system registered
[  126.066190] unloading
[  126.073238] ffs_data_put(): freeing
[  126.077060] file system registered
[  126.080844] unloading
[  126.099227] ffs_data_put(): freeing
[  126.099355] ffs_data_put(): freeing
[  126.101847] file system registered
[  126.104093] unloading
[  126.111418] ffs_data_put(): freeing
[  126.111864] ffs_data_put(): freeing
[  126.115394] file system registered
[  126.118366] unloading
[  126.124213] ffs_data_put(): freeing
[  126.127249] file system registered
[  126.129785] unloading
[  126.139177] ffs_data_put(): freeing
[  126.139238] ffs_data_put(): freeing
[  126.142038] file system registered
[  126.144027] unloading
[  126.151234] file system registered
[  126.152958] unloading
[  126.165384] file system registered
[  126.167180] unloading
[  126.176191] ffs_data_put(): freeing
[  126.176352] ffs_data_put(): freeing
[  126.181113] file system registered
[  126.183197] unloading
[  126.189368] ffs_data_put(): freeing
[  126.191739] file system registered
[  126.193288] unloading
[  126.199195] ffs_data_put(): freeing
[  126.201306] file system registered
[  126.203403] unloading
[  126.213213] ffs_data_put(): freeing
[  126.215972] file system registered
[  126.218753] unloading
[  126.230141] file system registered
[  126.232348] unloading
[  126.244195] ffs_data_put(): freeing
[  126.246378] file system registered
[  126.248081] unloading
[  126.258167] ffs_data_put(): freeing
[  126.260448] file system registered
[  126.262183] unloading
[  126.266199] ffs_data_put(): freeing
[  126.268920] file system registered
[  126.271179] unloading
[  126.279292] file system registered
[  126.281406] unloading
[  126.290188] ffs_data_put(): freeing
[  126.292424] file system registered
[  126.294858] unloading
[  126.300394] ffs_data_put(): freeing
[  126.302498] file system registered
[  126.305135] unloading
[  126.311197] ffs_data_put(): freeing
[  126.311327] ffs_data_put(): freeing
[  126.313373] file system registered
[  126.315277] unloading
[  126.326425] file system registered
[  126.328419] unloading
[  126.335162] ffs_data_put(): freeing
[  126.335476] ffs_data_put(): freeing
[  126.337264] file system registered
[  126.339320] unloading
[  126.344856] file system registered
[  126.346547] unloading
[  126.356122] file system registered
[  126.358187] unloading
[  126.367097] ffs_data_put(): freeing
[  126.369269] file system registered
[  126.371263] unloading
[  126.380294] file system registered
[  126.381939] unloading
[  126.391203] ffs_data_put(): freeing
[  126.393123] file system registered
[  126.394470] unloading
[  126.403152] ffs_data_put(): freeing
[  126.405870] file system registered
[  126.407414] unloading
[  126.417391] ffs_data_put(): freeing
[  126.419864] file system registered
[  126.421762] unloading
[  126.429337] file system registered
[  126.430016] ffs_data_put(): freeing
[  126.431374] unloading
[  126.436200] ffs_data_put(): freeing
[  126.436297] ffs_data_put(): freeing
[  126.439009] file system registered
[  126.440346] unloading
[  126.447156] ffs_data_put(): freeing
[  126.447369] ffs_data_put(): freeing
[  126.449120] file system registered
[  126.450360] unloading
[  126.460258] file system registered
[  126.462224] unloading
[  126.473077] file system registered
[  126.475274] unloading
[  126.481206] ffs_data_put(): freeing
[  126.483934] file system registered
[  126.485781] unloading
[  126.498367] ffs_data_put(): freeing
[  126.498723] ffs_data_put(): freeing
[  126.502227] file system registered
[  126.504859] unloading
[  126.512822] file system registered
[  126.515056] unloading
[  126.525263] ffs_data_put(): freeing
[  126.528412] file system registered
[  126.532775] unloading
[  126.540787] ffs_data_put(): freeing
[  126.540789] ffs_data_put(): freeing
[  126.543913] file system registered
[  126.546918] unloading
[  126.556312] ffs_data_put(): freeing
[  126.559358] file system registered
[  126.562191] unloading
[  126.573475] file system registered
[  126.575244] unloading
[  126.582085] file system registered
[  126.584976] unloading
[  126.594233] ffs_data_put(): freeing
[  126.594346] ffs_data_put(): freeing
[  126.594480] ffs_data_put(): freeing
[  126.595115] ffs_data_put(): freeing
[  126.595819] file system registered
[  126.596976] unloading
[  126.602039] ffs_data_put(): freeing
[  126.602209] ffs_data_put(): freeing
[  126.604501] file system registered
[  126.606448] ffs_data_put(): freeing
[  126.607310] unloading
[  126.621908] ffs_data_put(): freeing
[  126.622240] ffs_data_put(): freeing
[  126.622391] ffs_data_put(): freeing
[  126.625401] file system registered
[  126.629100] unloading
[  126.637917] ffs_data_put(): freeing
[  126.638204] ffs_data_put(): freeing
[  126.640937] file system registered
[  126.643813] unloading
[  126.653404] ffs_data_put(): freeing
[  126.653804] ffs_data_put(): freeing
[  126.654306] ffs_data_put(): freeing
[  126.660171] file system registered
[  126.663420] unloading
[  126.673306] file system registered
[  126.676315] unloading
[  126.686863] file system registered
[  126.689341] unloading
[  126.698289] ffs_data_put(): freeing
[  126.698956] ffs_data_put(): freeing
[  126.699395] ffs_data_put(): freeing
[  126.701531] file system registered
[  126.704930] ffs_data_put(): freeing
[  126.705376] unloading
[  126.713712] ffs_data_put(): freeing
[  126.713879] ffs_data_put(): freeing
[  126.715899] file system registered
[  126.719288] unloading
[  126.728847] file system registered
[  126.731858] unloading
[  126.740916] file system registered
[  126.743979] ffs_data_put(): freeing
[  126.744249] unloading
[  126.750267] ffs_data_put(): freeing
[  126.752797] file system registered
[  126.755478] unloading
[  126.762223] ffs_data_put(): freeing
[  126.762313] ffs_data_put(): freeing
[  126.764794] file system registered
[  126.766414] unloading
[  126.777175] file system registered
[  126.779243] unloading
[  126.785089] ffs_data_put(): freeing
[  126.787988] file system registered
[  126.788759] unloading
[  126.795354] ffs_data_put(): freeing
[  126.795424] ffs_data_put(): freeing
[  126.798867] file system registered
[  126.800954] unloading
[  126.812269] file system registered
[  126.814323] unloading
[  126.824406] ffs_data_put(): freeing
[  126.826476] file system registered
[  126.829053] unloading
[  126.838087] ffs_data_put(): freeing
[  126.840251] file system registered
[  126.842207] unloading
[  126.847357] ffs_data_put(): freeing
[  126.850938] file system registered
[  126.854204] unloading
[  126.861351] ffs_data_put(): freeing
[  126.864255] file system registered
[  126.866497] unloading
[  126.872497] ffs_data_put(): freeing
[  126.874108] file system registered
[  126.875988] unloading
[  126.885221] ffs_data_put(): freeing
[  126.887098] file system registered
[  126.888377] unloading
[  126.895415] file system registered
[  126.897018] unloading
[  126.910334] ffs_data_put(): freeing
[  126.914436] file system registered
[  126.916875] unloading
[  126.923243] ffs_data_put(): freeing
[  126.925801] file system registered
[  126.927326] unloading
[  126.935461] file system registered
[  126.937887] unloading
[  126.943993] file system registered
[  126.945100] unloading
[  126.954161] file system registered
[  126.957117] unloading
[  126.966378] ffs_data_put(): freeing
[  126.968298] file system registered
[  126.970026] unloading
[  126.980229] ffs_data_put(): freeing
[  126.982725] file system registered
[  126.984218] unloading
[  126.993234] ffs_data_put(): freeing
[  126.993299] ffs_data_put(): freeing
[  126.995179] file system registered
[  126.997023] unloading
[  127.003128] ffs_data_put(): freeing
[  127.003216] ffs_data_put(): freeing
[  127.005394] file system registered
[  127.008466] unloading
[  127.014260] ffs_data_put(): freeing
[  127.014348] ffs_data_put(): freeing
[  127.016275] file system registered
[  127.017968] unloading
[  127.030040] file system registered
[  127.032286] unloading
[  127.038320] ffs_data_put(): freeing
[  127.038414] ffs_data_put(): freeing
[  127.041304] file system registered
[  127.043338] unloading
[  127.051182] ffs_data_put(): freeing
[  127.051319] ffs_data_put(): freeing
[  127.052890] file system registered
[  127.055112] unloading
[  127.063550] ffs_data_put(): freeing
[  127.063919] ffs_data_put(): freeing
[  127.064033] ffs_data_put(): freeing
[  127.067814] file system registered
[  127.069968] unloading
[  127.080327] file system registered
[  127.083719] unloading
[  127.088399] ffs_data_put(): freeing
[  127.090438] file system registered
[  127.092066] unloading
[  127.096467] ffs_data_put(): freeing
[  127.098705] file system registered
[  127.100420] unloading
[  127.109384] ffs_data_put(): freeing
[  127.112460] file system registered
[  127.116072] unloading
[  127.125917] file system registered
[  127.128274] unloading
[  127.137048] ffs_data_put(): freeing
[  127.139839] file system registered
[  127.142224] unloading
[  127.154245] ffs_data_put(): freeing
[  127.154328] ffs_data_put(): freeing
[  127.156902] file system registered
[  127.159050] unloading
[  127.167341] file system registered
[  127.170253] unloading
[  127.176177] ffs_data_put(): freeing
[  127.178934] file system registered
[  127.181167] unloading
[  127.188205] ffs_data_put(): freeing
[  127.188423] ffs_data_put(): freeing
[  127.188755] ffs_data_put(): freeing
[  127.189093] ffs_data_put(): freeing
[  127.190308] file system registered
[  127.193129] unloading
[  127.201380] ffs_data_put(): freeing
[  127.201473] ffs_data_put(): freeing
[  127.203469] file system registered
[  127.205427] unloading
[  127.213145] ffs_data_put(): freeing
[  127.213350] ffs_data_put(): freeing
[  127.215153] file system registered
[  127.217258] unloading
[  127.224441] ffs_data_put(): freeing
[  127.226355] ffs_data_put(): freeing
[  127.227290] file system registered
[  127.229436] unloading
[  127.238292] ffs_data_put(): freeing
[  127.238807] ffs_data_put(): freeing
[  127.241097] file system registered
[  127.243246] unloading
[  127.253478] ffs_data_put(): freeing
[  127.253763] ffs_data_put(): freeing
[  127.254014] ffs_data_put(): freeing
[  127.255963] file system registered
[  127.259112] unloading
[  127.267032] ffs_data_put(): freeing
[  127.267411] ffs_data_put(): freeing
[  127.267893] ffs_data_put(): freeing
[  127.268085] ffs_data_put(): freeing
[  127.269405] file system registered
[  127.272271] unloading
[  127.283933] ffs_data_put(): freeing
[  127.284082] ffs_data_put(): freeing
[  127.286248] file system registered
[  127.289208] unloading
[  127.294457] ffs_data_put(): freeing
[  127.296148] ffs_data_put(): freeing
[  127.296962] file system registered
[  127.299323] unloading
[  127.305308] ffs_data_put(): freeing
[  127.309260] file system registered
[  127.311886] unloading
[  127.320245] ffs_data_put(): freeing
[  127.320455] ffs_data_put(): freeing
[  127.331761] file system registered
[  127.334178] unloading
[  127.343460] file system registered
[  127.345845] unloading
[  127.353483] ffs_data_put(): freeing
[  127.354213] ffs_data_put(): freeing
[  127.355585] file system registered
[  127.357999] unloading
[  127.363293] ffs_data_put(): freeing
[  127.363694] ffs_data_put(): freeing
[  127.366055] file system registered
[  127.368011] unloading
[  127.372466] ffs_data_put(): freeing
[  127.374192] ffs_data_put(): freeing
[  127.374309] file system registered
[  127.376247] unloading
[  127.385900] ffs_data_put(): freeing
[  127.386849] ffs_data_put(): freeing
[  127.387120] file system registered
[  127.389111] unloading
[  127.393295] ffs_data_put(): freeing
[  127.393797] ffs_data_put(): freeing
[  127.394110] ffs_data_put(): freeing
[  127.396095] file system registered
[  127.398086] unloading
[  127.406797] ffs_data_put(): freeing
[  127.406874] ffs_data_put(): freeing
[  127.408794] file system registered
[  127.410334] unloading
[  127.415785] ffs_data_put(): freeing
[  127.416096] ffs_data_put(): freeing
[  127.416368] ffs_data_put(): freeing
[  127.418199] file system registered
[  127.420247] unloading
[  127.428249] ffs_data_put(): freeing
[  127.428920] ffs_data_put(): freeing
[  127.429370] ffs_data_put(): freeing
[  127.430700] file system registered
[  127.433398] unloading
[  127.445885] ffs_data_put(): freeing
[  127.446110] ffs_data_put(): freeing
[  127.446406] ffs_data_put(): freeing
[  127.450444] file system registered
[  127.455198] unloading
[  127.465953] ffs_data_put(): freeing
[  127.466310] ffs_data_put(): freeing
[  127.466419] ffs_data_put(): freeing
[  127.470951] file system registered
[  127.474414] unloading
[  127.480456] ffs_data_put(): freeing
[  127.484242] file system registered
[  127.487399] unloading
[  127.494318] ffs_data_put(): freeing
[  127.494476] ffs_data_put(): freeing
[  127.496686] file system registered
[  127.498493] unloading
[  127.512978] file system registered
[  127.515357] unloading
[  127.523273] ffs_data_put(): freeing
[  127.526249] file system registered
[  127.529023] unloading
[  127.536881] file system registered
[  127.540266] unloading
[  127.549215] file system registered
[  127.551731] unloading
[  127.557134] ffs_data_put(): freeing
[  127.557352] ffs_data_put(): freeing
[  127.559419] file system registered
[  127.561266] unloading
[  127.568982] ffs_data_put(): freeing
[  127.572132] file system registered
[  127.574882] unloading
[  127.581208] ffs_data_put(): freeing
[  127.581304] ffs_data_put(): freeing
[  127.582954] file system registered
[  127.584210] unloading
[  127.594888] ffs_data_put(): freeing
[  127.597010] file system registered
[  127.599394] unloading
[  127.607307] ffs_data_put(): freeing
[  127.607475] ffs_data_put(): freeing
[  127.607756] ffs_data_put(): freeing
[  127.608947] file system registered
[  127.611136] ffs_data_put(): freeing
[  127.611411] unloading
[  127.621485] ffs_data_put(): freeing
[  127.622875] ffs_data_put(): freeing
[  127.630989] file system registered
[  127.633038] unloading
[  127.642236] ffs_data_put(): freeing
[  127.642359] ffs_data_put(): freeing
[  127.644220] file system registered
[  127.646339] unloading
[  127.656453] ffs_data_put(): freeing
[  127.657175] ffs_data_put(): freeing
[  127.659027] file system registered
[  127.661462] unloading
[  127.669795] ffs_data_put(): freeing
[  127.669840] ffs_data_put(): freeing
[  127.670009] ffs_data_put(): freeing
[  127.671407] file system registered
[  127.673596] unloading
[  127.683290] ffs_data_put(): freeing
[  127.684103] ffs_data_put(): freeing
[  127.686914] file system registered
[  127.690210] unloading
[  127.699057] ffs_data_put(): freeing
[  127.699260] ffs_data_put(): freeing
[  127.701467] file system registered
[  127.704544] unloading
[  127.712584] ffs_data_put(): freeing
[  127.712822] ffs_data_put(): freeing
[  127.713010] ffs_data_put(): freeing
[  127.717181] file system registered
[  127.720378] unloading
[  127.731152] file system registered
[  127.733810] unloading
[  127.738991] ffs_data_put(): freeing
[  127.738996] ffs_data_put(): freeing
[  127.741170] file system registered
[  127.743246] unloading
[  127.750118] ffs_data_put(): freeing
[  127.750411] ffs_data_put(): freeing
[  127.751212] ffs_data_put(): freeing
[  127.751284] file system registered
[  127.751417] ffs_data_put(): freeing
[  127.753117] unloading
[  127.758307] ffs_data_put(): freeing
[  127.758456] ffs_data_put(): freeing
[  127.761227] file system registered
[  127.763070] unloading
[  127.767239] ffs_data_put(): freeing
[  127.767403] ffs_data_put(): freeing
[  127.768051] ffs_data_put(): freeing
[  127.768411] file system registered
[  127.768849] ffs_data_put(): freeing
[  127.770253] unloading
[  127.776143] ffs_data_put(): freeing
[  127.776247] ffs_data_put(): freeing
[  127.778898] file system registered
[  127.781330] unloading
[  127.789367] ffs_data_put(): freeing
[  127.789684] ffs_data_put(): freeing
[  127.789879] ffs_data_put(): freeing
[  127.791459] file system registered
[  127.795853] unloading
[  127.804166] ffs_data_put(): freeing
[  127.804378] file system registered
[  127.806913] unloading
[  127.814434] ffs_data_put(): freeing
[  127.817221] file system registered
[  127.819118] unloading
[  127.830782] file system registered
[  127.832387] unloading
[  127.838130] ffs_data_put(): freeing
[  127.840770] file system registered
[  127.842342] unloading
[  127.852380] file system registered
[  127.854797] unloading
[  127.861406] ffs_data_put(): freeing
[  127.861485] ffs_data_put(): freeing
[  127.862428] file system registered
[  127.864007] unloading
[  127.870134] ffs_data_put(): freeing
[  127.870441] ffs_data_put(): freeing
[  127.872005] file system registered
[  127.875235] unloading
[  127.881375] ffs_data_put(): freeing
[  127.881674] ffs_data_put(): freeing
[  127.881911] ffs_data_put(): freeing
[  127.884963] file system registered
[  127.887329] unloading
[  127.897489] ffs_data_put(): freeing
[  127.897804] ffs_data_put(): freeing
[  127.900109] file system registered
[  127.902880] unloading
[  127.909280] ffs_data_put(): freeing
[  127.910098] ffs_data_put(): freeing
[  127.910389] ffs_data_put(): freeing
[  127.912249] file system registered
[  127.914357] unloading
[  127.924913] ffs_data_put(): freeing
[  127.925070] ffs_data_put(): freeing
[  127.929444] file system registered
[  127.933976] ffs_data_put(): freeing
[  127.934248] unloading
[  127.944341] ffs_data_put(): freeing
[  127.944450] ffs_data_put(): freeing
[  127.948097] file system registered
[  127.951243] unloading
[  127.957346] ffs_data_put(): freeing
[  127.960815] file system registered
[  127.964096] unloading
[  127.970193] ffs_data_put(): freeing
[  127.972974] file system registered
[  127.975237] unloading
[  127.983080] ffs_data_put(): freeing
[  127.984716] file system registered
[  127.986118] unloading
[  127.990097] ffs_data_put(): freeing
[  127.990850] ffs_data_put(): freeing
[  127.993042] file system registered
[  127.994342] unloading
[  128.001251] file system registered
[  128.003159] unloading
[  128.008245] ffs_data_put(): freeing
[  128.010358] file system registered
[  128.012357] unloading
[  128.018113] ffs_data_put(): freeing
[  128.019931] file system registered
[  128.021076] unloading
[  128.027117] ffs_data_put(): freeing
[  128.030457] file system registered
[  128.032233] unloading
[  128.037152] ffs_data_put(): freeing
[  128.039308] file system registered
[  128.040892] unloading
[  128.046169] ffs_data_put(): freeing
[  128.046284] ffs_data_put(): freeing
[  128.048466] file system registered
[  128.051238] unloading
[  128.058160] ffs_data_put(): freeing
[  128.061086] file system registered
[  128.063356] unloading
[  128.071115] ffs_data_put(): freeing
[  128.073152] file system registered
[  128.075104] unloading
[  128.087179] ffs_data_put(): freeing
[  128.088916] file system registered
[  128.090192] unloading
[  128.097341] ffs_data_put(): freeing
[  128.099400] file system registered
[  128.102105] unloading
[  128.117383] ffs_data_put(): freeing
[  128.118867] ffs_data_put(): freeing
[  128.120806] file system registered
[  128.124049] unloading
[  128.136051] ffs_data_put(): freeing
[  128.137933] ffs_data_put(): freeing
[  128.139355] file system registered
[  128.142071] unloading
[  128.152862] ffs_data_put(): freeing
[  128.155924] file system registered
[  128.159269] unloading
[  128.165313] ffs_data_put(): freeing
[  128.167845] file system registered
[  128.169392] unloading
[  128.176269] ffs_data_put(): freeing
[  128.176433] ffs_data_put(): freeing
[  128.178355] file system registered
[  128.180076] unloading
[  128.188379] ffs_data_put(): freeing
[  128.190904] file system registered
[  128.192310] unloading
[  128.198205] ffs_data_put(): freeing
[  128.198427] ffs_data_put(): freeing
[  128.199997] file system registered
[  128.201919] unloading
[  128.213194] ffs_data_put(): freeing
[  128.213395] ffs_data_put(): freeing
[  128.215400] file system registered
[  128.217182] unloading
[  128.232351] ffs_data_put(): freeing
[  128.232949] ffs_data_put(): freeing
[  128.233128] ffs_data_put(): freeing
[  128.236307] file system registered
[  128.241019] ffs_data_put(): freeing
[  128.242403] ffs_data_put(): freeing
[  128.243133] unloading
[  128.251418] ffs_data_put(): freeing
[  128.251732] ffs_data_put(): freeing
[  128.254835] file system registered
[  128.257410] unloading
[  128.265002] ffs_data_put(): freeing
[  128.268110] file system registered
[  128.271960] unloading
[  128.280403] ffs_data_put(): freeing
[  128.282202] file system registered
[  128.284345] unloading
[  128.291189] ffs_data_put(): freeing
[  128.294922] file system registered
[  128.297355] unloading
[  128.303791] ffs_data_put(): freeing
[  128.304355] ffs_data_put(): freeing
[  128.310783] file system registered
[  128.312806] unloading
[  128.324107] file system registered
[  128.325431] unloading
[  128.330166] ffs_data_put(): freeing
[  128.333787] file system registered
[  128.335788] unloading
[  128.341180] ffs_data_put(): freeing
[  128.342870] file system registered
[  128.343924] unloading
[  128.355180] file system registered
[  128.357141] unloading
[  128.365188] ffs_data_put(): freeing
[  128.367319] file system registered
[  128.369239] unloading
[  128.382390] ffs_data_put(): freeing
[  128.382501] ffs_data_put(): freeing
[  128.385091] file system registered
[  128.386368] unloading
[  128.401202] file system registered
[  128.403333] unloading
[  128.410428] ffs_data_put(): freeing
[  128.412969] file system registered
[  128.416352] unloading
[  128.422289] ffs_data_put(): freeing
[  128.424189] file system registered
[  128.425900] unloading
[  128.435731] file system registered
[  128.437174] unloading
[  128.450063] file system registered
[  128.453221] unloading
[  128.459182] ffs_data_put(): freeing
[  128.459277] ffs_data_put(): freeing
[  128.461355] file system registered
[  128.462949] unloading
[  128.471286] file system registered
[  128.472940] unloading
[  128.481156] ffs_data_put(): freeing
[  128.481237] ffs_data_put(): freeing
[  128.482783] file system registered
[  128.484121] unloading
[  128.494212] ffs_data_put(): freeing
[  128.494336] ffs_data_put(): freeing
[  128.496362] file system registered
[  128.498124] unloading
[  128.504214] ffs_data_put(): freeing
[  128.504910] ffs_data_put(): freeing
[  128.504976] ffs_data_put(): freeing
[  128.507014] file system registered
[  128.509215] unloading
[  128.513379] ffs_data_put(): freeing
[  128.516046] file system registered
[  128.518319] unloading
[  128.527986] ffs_data_put(): freeing
[  128.528024] ffs_data_put(): freeing
[  128.529700] file system registered
[  128.531400] unloading
[  128.537186] ffs_data_put(): freeing
[  128.537422] ffs_data_put(): freeing
[  128.540363] file system registered
[  128.542285] unloading
[  128.554451] ffs_data_put(): freeing
[  128.554711] ffs_data_put(): freeing
[  128.558163] file system registered
[  128.561031] unloading
[  128.567388] ffs_data_put(): freeing
[  128.567750] ffs_data_put(): freeing
[  128.570094] file system registered
[  128.572185] unloading
[  128.581205] file system registered
[  128.583286] unloading
[  128.591384] ffs_data_put(): freeing
[  128.593936] file system registered
[  128.596415] unloading
[  128.605376] file system registered
[  128.607394] unloading
[  128.619357] ffs_data_put(): freeing
[  128.622864] file system registered
[  128.625364] unloading
[  128.631416] ffs_data_put(): freeing
[  128.633823] file system registered
[  128.635056] unloading
[  128.648783] ffs_data_put(): freeing
[  128.651172] file system registered
[  128.653129] unloading
[  128.664249] ffs_data_put(): freeing
[  128.666382] file system registered
[  128.669005] unloading
[  128.679377] file system registered
[  128.681390] unloading
[  128.687351] ffs_data_put(): freeing
[  128.689319] file system registered
[  128.690555] unloading
[  128.698748] file system registered
[  128.700260] unloading
[  128.706638] ffs_data_put(): freeing
[  128.706765] ffs_data_put(): freeing
[  128.708015] file system registered
[  128.709122] unloading
[  128.714024] ffs_data_put(): freeing
[  128.715933] file system registered
[  128.717329] unloading
[  128.728065] ffs_data_put(): freeing
[  128.728222] ffs_data_put(): freeing
[  128.728354] ffs_data_put(): freeing
[  128.730371] file system registered
[  128.733347] unloading
[  128.740020] ffs_data_put(): freeing
[  128.740391] ffs_data_put(): freeing
[  128.740657] ffs_data_put(): freeing
[  128.744026] file system registered
[  128.746671] unloading
[  128.751397] ffs_data_put(): freeing
[  128.751502] ffs_data_put(): freeing
[  128.752848] file system registered
[  128.754382] unloading
[  128.764172] file system registered
[  128.766445] unloading
[  128.775240] ffs_data_put(): freeing
[  128.775431] ffs_data_put(): freeing
[  128.775626] ffs_data_put(): freeing
[  128.778408] file system registered
[  128.781789] unloading
[  128.787453] ffs_data_put(): freeing
[  128.788979] file system registered
[  128.792384] unloading
[  128.798877] ffs_data_put(): freeing
[  128.801271] file system registered
[  128.803294] unloading
[  128.812461] file system registered
[  128.814913] unloading
[  128.824180] ffs_data_put(): freeing
[  128.826327] file system registered
[  128.827996] unloading
[  128.837426] file system registered
[  128.839185] unloading
[  128.849464] ffs_data_put(): freeing
[  128.849757] ffs_data_put(): freeing
[  128.851168] file system registered
[  128.852901] unloading
[  128.860400] file system registered
[  128.863686] unloading
[  128.870120] ffs_data_put(): freeing
[  128.872257] file system registered
[  128.873885] unloading
[  128.885460] file system registered
[  128.887889] unloading
[  128.896820] file system registered
[  128.898810] unloading
[  128.903178] ffs_data_put(): freeing
[  128.905428] file system registered
[  128.907093] unloading
[  128.912171] ffs_data_put(): freeing
[  128.914768] file system registered
[  128.916066] unloading
[  128.928464] ffs_data_put(): freeing
[  128.929217] ffs_data_put(): freeing
[  128.933473] file system registered
[  128.935466] unloading
[  128.946141] file system registered
[  128.949408] unloading
[  128.960276] ffs_data_put(): freeing
[  128.960435] ffs_data_put(): freeing
[  128.961990] file system registered
[  128.963960] unloading
[  128.972140] ffs_data_put(): freeing
[  128.972290] ffs_data_put(): freeing
[  128.972388] ffs_data_put(): freeing
[  128.974837] file system registered
[  128.976460] unloading
[  128.985316] ffs_data_put(): freeing
[  128.988163] file system registered
[  128.991152] unloading
[  128.998257] ffs_data_put(): freeing
[  129.001279] file system registered
[  129.004333] unloading
[  129.010202] ffs_data_put(): freeing
[  129.013893] file system registered
[  129.016231] unloading
[  129.025875] ffs_data_put(): freeing
[  129.025979] ffs_data_put(): freeing
[  129.030012] file system registered
[  129.032428] unloading
[  129.042107] file system registered
[  129.044083] unloading
[  129.053296] file system registered
[  129.055155] unloading
[  129.063198] file system registered
[  129.064401] unloading
[  129.070197] ffs_data_put(): freeing
[  129.073444] file system registered
[  129.075295] unloading
[  129.085254] file system registered
[  129.087339] unloading
[  129.097095] ffs_data_put(): freeing
[  129.097186] ffs_data_put(): freeing
[  129.100019] file system registered
[  129.101420] unloading
[  129.110317] ffs_data_put(): freeing
[  129.112258] file system registered
[  129.113814] unloading
[  129.124316] file system registered
[  129.126185] unloading
[  129.136086] ffs_data_put(): freeing
[  129.138395] file system registered
[  129.140226] unloading
[  129.145234] ffs_data_put(): freeing
[  129.148140] file system registered
[  129.151485] ffs_data_put(): freeing
[  129.151942] unloading
[  129.159186] ffs_data_put(): freeing
[  129.161070] file system registered
[  129.163346] unloading
[  129.173010] file system registered
[  129.174228] unloading
[  129.180235] ffs_data_put(): freeing
[  129.182226] file system registered
[  129.184998] unloading
[  129.199166] ffs_data_put(): freeing
[  129.199267] ffs_data_put(): freeing
[  129.209210] file system registered
[  129.212175] unloading
[  129.218207] ffs_data_put(): freeing
[  129.221189] file system registered
[  129.223354] unloading
[  129.230733] file system registered
[  129.232218] unloading
[  129.238164] ffs_data_put(): freeing
[  129.240426] file system registered
[  129.242197] unloading
[  129.252218] ffs_data_put(): freeing
[  129.252321] ffs_data_put(): freeing
[  129.254176] file system registered
[  129.256350] unloading
[  129.263255] ffs_data_put(): freeing
[  129.264934] file system registered
[  129.266727] unloading
[  129.273329] ffs_data_put(): freeing
[  129.273440] ffs_data_put(): freeing
[  129.275436] file system registered
[  129.276874] unloading
[  129.282247] ffs_data_put(): freeing
[  129.284727] file system registered
[  129.286139] unloading
[  129.292192] ffs_data_put(): freeing
[  129.295298] file system registered
[  129.297283] unloading
[  129.307189] ffs_data_put(): freeing
[  129.307266] ffs_data_put(): freeing
[  129.310033] file system registered
[  129.311972] unloading
[  129.322755] file system registered
[  129.324305] unloading
[  129.334827] file system registered
[  129.336222] unloading
[  129.341094] ffs_data_put(): freeing
[  129.341186] ffs_data_put(): freeing
[  129.343454] file system registered
[  129.345327] unloading
[  129.351082] ffs_data_put(): freeing
[  129.351206] ffs_data_put(): freeing
[  129.353861] file system registered
[  129.355388] unloading
[  129.365206] ffs_data_put(): freeing
[  129.368065] file system registered
[  129.370069] unloading
[  129.376215] ffs_data_put(): freeing
[  129.378389] file system registered
[  129.380333] unloading
[  129.391438] file system registered
[  129.393125] unloading
[  129.400106] ffs_data_put(): freeing
[  129.403354] file system registered
[  129.405894] unloading
[  129.413269] ffs_data_put(): freeing
[  129.415441] file system registered
[  129.417523] unloading
[  129.425318] ffs_data_put(): freeing
[  129.425414] ffs_data_put(): freeing
[  129.428240] file system registered
[  129.432782] unloading
[  129.439351] ffs_data_put(): freeing
[  129.439474] ffs_data_put(): freeing
[  129.441789] file system registered
[  129.442818] unloading
[  129.449449] file system registered
[  129.451776] unloading
[  129.459225] ffs_data_put(): freeing
[  129.461187] file system registered
[  129.462752] unloading
[  129.468122] ffs_data_put(): freeing
[  129.468253] ffs_data_put(): freeing
[  129.471496] file system registered
[  129.473302] unloading
[  129.481851] file system registered
[  129.483945] unloading
[  129.492024] ffs_data_put(): freeing
[  129.494940] file system registered
[  129.496370] unloading
[  129.503065] ffs_data_put(): freeing
[  129.504437] file system registered
[  129.505701] unloading
[  129.514117] ffs_data_put(): freeing
[  129.514214] ffs_data_put(): freeing
[  129.516834] file system registered
[  129.519001] unloading
[  129.529430] file system registered
[  129.531441] unloading
[  129.539375] ffs_data_put(): freeing
[  129.539501] ffs_data_put(): freeing
[  129.542432] file system registered
[  129.544854] unloading
[  129.552246] ffs_data_put(): freeing
[  129.555165] file system registered
[  129.557253] unloading
[  129.565272] ffs_data_put(): freeing
[  129.565390] ffs_data_put(): freeing
[  129.567495] file system registered
[  129.569363] unloading
[  129.587400] file system registered
[  129.589287] unloading
[  129.593289] ffs_data_put(): freeing
[  129.597074] file system registered
[  129.601250] unloading
[  129.611294] ffs_data_put(): freeing
[  129.613780] file system registered
[  129.616071] unloading
[  129.622172] ffs_data_put(): freeing
[  129.624487] file system registered
[  129.626359] unloading
[  129.632095] ffs_data_put(): freeing
[  129.634254] file system registered
[  129.636135] unloading
[  129.645431] ffs_data_put(): freeing
[  129.647420] file system registered
[  129.649856] ffs_data_put(): freeing
[  129.650637] ffs_data_put(): freeing
[  129.651153] unloading
[  129.656084] ffs_data_put(): freeing
[  129.657876] file system registered
[  129.659221] unloading
[  129.670787] file system registered
[  129.672293] unloading
[  129.681248] ffs_data_put(): freeing
[  129.681416] ffs_data_put(): freeing
[  129.683443] file system registered
[  129.685191] unloading
[  129.692272] ffs_data_put(): freeing
[  129.692394] ffs_data_put(): freeing
[  129.694044] file system registered
[  129.695418] unloading
[  129.705423] ffs_data_put(): freeing
[  129.706038] ffs_data_put(): freeing
[  129.707532] file system registered
[  129.709092] unloading
[  129.720470] ffs_data_put(): freeing
[  129.722474] file system registered
[  129.725274] unloading
[  129.733098] ffs_data_put(): freeing
[  129.735167] file system registered
[  129.736481] unloading
[  129.742182] ffs_data_put(): freeing
[  129.744828] file system registered
[  129.747115] unloading
[  129.754720] file system registered
[  129.756178] unloading
[  129.762022] ffs_data_put(): freeing
[  129.764898] file system registered
[  129.767429] unloading
[  129.775200] ffs_data_put(): freeing
[  129.777437] file system registered
[  129.779177] ffs_data_put(): freeing
[  129.779356] unloading
[  129.784302] ffs_data_put(): freeing
[  129.787139] file system registered
[  129.789379] unloading
[  129.804356] ffs_data_put(): freeing
[  129.804429] ffs_data_put(): freeing
[  129.807174] file system registered
[  129.809164] unloading
[  129.817773] ffs_data_put(): freeing
[  129.818158] file system registered
[  129.820959] unloading
[  129.832305] ffs_data_put(): freeing
[  129.832433] ffs_data_put(): freeing
[  129.838000] file system registered
[  129.840963] unloading
[  129.851878] ffs_data_put(): freeing
[  129.852822] ffs_data_put(): freeing
[  129.854744] file system registered
[  129.858170] unloading
[  129.871252] ffs_data_put(): freeing
[  129.871418] ffs_data_put(): freeing
[  129.875338] file system registered
[  129.880415] unloading
[  129.890320] ffs_data_put(): freeing
[  129.893327] file system registered
[  129.895941] unloading
[  129.906197] file system registered
[  129.909189] unloading
[  129.914322] ffs_data_put(): freeing
[  129.914463] ffs_data_put(): freeing
[  129.921879] file system registered
[  129.924342] unloading
[  129.938183] ffs_data_put(): freeing
[  129.938365] ffs_data_put(): freeing
[  129.940987] file system registered
[  129.944389] unloading
[  129.952809] file system registered
[  129.954308] unloading
[  129.964165] ffs_data_put(): freeing
[  129.966397] file system registered
[  129.968210] unloading
[  129.976234] ffs_data_put(): freeing
[  129.978548] file system registered
[  129.981020] unloading
[  129.986189] ffs_data_put(): freeing
[  129.989122] file system registered
[  129.991993] unloading
[  130.003364] file system registered
[  130.005832] unloading
[  130.014208] file system registered
[  130.016071] unloading
[  130.020261] ffs_data_put(): freeing
[  130.020375] ffs_data_put(): freeing
[  130.020463] ffs_data_put(): freeing
[  130.022432] file system registered
[  130.024046] unloading
[  130.030741] ffs_data_put(): freeing
[  130.030885] ffs_data_put(): freeing
[  130.031011] ffs_data_put(): freeing
[  130.032387] file system registered
[  130.034889] unloading
[  130.041287] ffs_data_put(): freeing
[  130.043872] file system registered
[  130.046062] unloading
[  130.054244] ffs_data_put(): freeing
[  130.054477] ffs_data_put(): freeing
[  130.056396] file system registered
[  130.058800] unloading
[  130.065280] ffs_data_put(): freeing
[  130.065801] ffs_data_put(): freeing
[  130.068477] file system registered
[  130.070396] unloading
[  130.076319] ffs_data_put(): freeing
[  130.076802] ffs_data_put(): freeing
[  130.079400] file system registered
[  130.081248] unloading
[  130.090073] ffs_data_put(): freeing
[  130.090423] ffs_data_put(): freeing
[  130.090960] ffs_data_put(): freeing
[  130.092421] file system registered
[  130.095471] unloading
[  130.104748] ffs_data_put(): freeing
[  130.108146] file system registered
[  130.111338] unloading
[  130.117393] ffs_data_put(): freeing
[  130.121995] file system registered
[  130.125263] unloading
[  130.138213] file system registered
[  130.141472] unloading
[  130.150759] file system registered
[  130.152916] unloading
[  130.158927] ffs_data_put(): freeing
[  130.160232] file system registered
[  130.161124] ffs_data_put(): freeing
[  130.161951] unloading
[  130.169376] ffs_data_put(): freeing
[  130.169972] ffs_data_put(): freeing
[  130.171437] file system registered
[  130.174401] unloading
[  130.184422] ffs_data_put(): freeing
[  130.184780] ffs_data_put(): freeing
[  130.186922] file system registered
[  130.189230] unloading
[  130.203230] ffs_data_put(): freeing
[  130.203770] ffs_data_put(): freeing
[  130.203976] ffs_data_put(): freeing
[  130.207248] file system registered
[  130.212453] unloading
[  130.218422] ffs_data_put(): freeing
[  130.221982] file system registered
[  130.224146] unloading
[  130.230337] ffs_data_put(): freeing
[  130.232772] file system registered
[  130.234163] unloading
[  130.247902] file system registered
[  130.249313] unloading
[  130.257344] ffs_data_put(): freeing
[  130.257902] ffs_data_put(): freeing
[  130.259097] file system registered
[  130.260897] unloading
[  130.266136] ffs_data_put(): freeing
[  130.266249] ffs_data_put(): freeing
[  130.267905] file system registered
[  130.269184] unloading
[  130.275136] ffs_data_put(): freeing
[  130.275299] ffs_data_put(): freeing
[  130.277998] file system registered
[  130.280102] unloading
[  130.285187] ffs_data_put(): freeing
[  130.286283] ffs_data_put(): freeing
[  130.286979] file system registered
[  130.289159] unloading
[  130.296144] ffs_data_put(): freeing
[  130.296310] ffs_data_put(): freeing
[  130.297380] file system registered
[  130.299223] unloading
[  130.309235] ffs_data_put(): freeing
[  130.312150] file system registered
[  130.314021] unloading
[  130.326346] file system registered
[  130.329182] unloading
[  130.337697] file system registered
[  130.338428] unloading
[  130.345407] ffs_data_put(): freeing
[  130.348024] file system registered
[  130.350118] unloading
[  130.362171] ffs_data_put(): freeing
[  130.362311] ffs_data_put(): freeing
[  130.362424] ffs_data_put(): freeing
[  130.365555] file system registered
[  130.371064] unloading
[  130.382788] file system registered
[  130.384932] unloading
[  130.392985] ffs_data_put(): freeing
[  130.393104] ffs_data_put(): freeing
[  130.395983] file system registered
[  130.398882] unloading
[  130.407218] ffs_data_put(): freeing
[  130.410279] file system registered
[  130.413188] unloading
[  130.420198] ffs_data_put(): freeing
[  130.423311] file system registered
[  130.426450] unloading
[  130.433136] ffs_data_put(): freeing
[  130.435707] file system registered
[  130.437466] unloading
[  130.443407] ffs_data_put(): freeing
[  130.444324] ffs_data_put(): freeing
[  130.446125] file system registered
[  130.448490] ffs_data_put(): freeing
[  130.448855] unloading
[  130.456489] ffs_data_put(): freeing
[  130.456960] ffs_data_put(): freeing
[  130.457982] file system registered
[  130.458939] unloading
[  130.464310] ffs_data_put(): freeing
[  130.467764] file system registered
[  130.470789] unloading
[  130.478090] ffs_data_put(): freeing
[  130.481074] file system registered
[  130.483325] unloading
[  130.492292] ffs_data_put(): freeing
[  130.494858] file system registered
[  130.526699] unloading
stats: mount_ok=1816 mount_err=39770 umount=1816 mkdir=7125 rmdir=7125
repro finished without killing the box
=== repro exited rc=0, checking dmesg ===
[  103.609041] ffs_data_put(): freeing
[  103.622804] ffs_data_put(): freeing
[  103.622900] ffs_data_put(): freeing
[  103.634317] ffs_data_put(): freeing
[  103.649158] ffs_data_put(): freeing
[  103.665309] ffs_data_put(): freeing
[  103.665451] ffs_data_put(): freeing
[  103.665758] ffs_data_put(): freeing
[  103.677458] ffs_data_put(): freeing
[  103.685331] ffs_data_put(): freeing
[  103.694447] ffs_data_put(): freeing
[  103.709442] ffs_data_put(): freeing
[  103.723130] ffs_data_put(): freeing
[  103.724031] ffs_data_put(): freeing
[  103.724972] ffs_data_put(): freeing
[  103.732371] ffs_data_put(): freeing
[  103.745158] ffs_data_put(): freeing
[  103.745851] ffs_data_put(): freeing
[  103.755369] ffs_data_put(): freeing
[  103.755466] ffs_data_put(): freeing
[  103.769262] ffs_data_put(): freeing
[  103.802414] ffs_data_put(): freeing
[  103.803129] ffs_data_put(): freeing
[  103.844128] ffs_data_put(): freeing
[  103.856241] ffs_data_put(): freeing
[  103.877182] ffs_data_put(): freeing
[  103.924242] ffs_data_put(): freeing
[  103.938152] ffs_data_put(): freeing
[  103.951249] ffs_data_put(): freeing
[  103.952297] ffs_data_put(): freeing
[  103.961987] ffs_data_put(): freeing
[  103.962171] ffs_data_put(): freeing
[  103.975379] ffs_data_put(): freeing
[  103.975494] ffs_data_put(): freeing
[  104.003250] ffs_data_put(): freeing
[  104.012311] ffs_data_put(): freeing
[  104.020247] ffs_data_put(): freeing
[  104.020325] ffs_data_put(): freeing
[  104.028291] ffs_data_put(): freeing
[  104.029263] ffs_data_put(): freeing
[  104.041283] ffs_data_put(): freeing
[  104.041457] ffs_data_put(): freeing
[  104.058446] ffs_data_put(): freeing
[  104.058706] ffs_data_put(): freeing
[  104.070399] ffs_data_put(): freeing
[  104.089342] ffs_data_put(): freeing
[  104.122176] ffs_data_put(): freeing
[  104.137209] ffs_data_put(): freeing
[  104.160186] ffs_data_put(): freeing
[  104.166223] ffs_data_put(): freeing
[  104.172111] ffs_data_put(): freeing
[  104.183214] ffs_data_put(): freeing
[  104.196385] ffs_data_put(): freeing
[  104.207228] ffs_data_put(): freeing
[  104.233068] ffs_data_put(): freeing
[  104.233218] ffs_data_put(): freeing
[  104.246095] ffs_data_put(): freeing
[  104.246344] ffs_data_put(): freeing
[  104.246554] ffs_data_put(): freeing
[  104.250151] ffs_data_put(): freeing
=== VERDICT_CHECK_DONE ===
[  151.949054] ACPI: PM: Preparing to enter system sleep state S5
[  151.961276] reboot: Power down
