c[?7l[2J[0mSeaBIOS (version 1.15.0-1)


iPXE (https://ipxe.org) 00:03.0 CA00 PCI2.10 PnP PMM+BFF8B340+BFECB340 CA00
Press Ctrl-B to configure iPXE (PCI 00:03.0)...
                                                                               


Booting from ROM...
c[?7l[2J[    0.000000] Linux version 7.3.0-rc6-00011-g22a04c627691 (builder@buildhost.local) (gcc (Ubuntu 11.4.0-1ubuntu1~22.04.3) 11.4.0, GNU ld (GNU Binutils for Ubuntu) 2.38) #6 SMP PREEMPT_DYNAMIC Tue Oct  6 16:39:26 CDT 2026
[    0.000000] Command line: console=ttyS0 panic=-1 kasan.multi_shot=1 REPRO_SECS=60
[    0.000000] BIOS-provided physical RAM map:
[    0.000000] BIOS-e820: [mem 0x0000000000000000-0x000000000009fbff]  System RAM
[    0.000000] BIOS-e820: [mem 0x000000000009fc00-0x000000000009ffff]  device reserved
[    0.000000] BIOS-e820: [gap 0x00000000000a0000-0x00000000000effff]
[    0.000000] BIOS-e820: [mem 0x00000000000f0000-0x00000000000fffff]  device reserved
[    0.000000] BIOS-e820: [mem 0x0000000000100000-0x00000000bffdffff]  System RAM
[    0.000000] BIOS-e820: [mem 0x00000000bffe0000-0x00000000bfffffff]  device reserved
[    0.000000] BIOS-e820: [gap 0x00000000c0000000-0x00000000fffbffff]
[    0.000000] BIOS-e820: [mem 0x00000000fffc0000-0x00000000ffffffff]  device reserved
[    0.000000] BIOS-e820: [mem 0x0000000100000000-0x000000013fffffff]  System RAM
[    0.000000] NX (Execute Disable) protection: active
[    0.000000] APIC: Static calls initialized
[    0.000000] DMI: SMBIOS 2.8 present.
[    0.000000] DMI: QEMU Standard PC (i440FX + PIIX, 1996), BIOS 1.15.0-1 04/01/2014
[    0.000000] DMI: Memory slots populated: 1/1
[    0.000000] last_pfn = 0x140000 max_arch_pfn = 0x400000000
[    0.000000] MTRR map: 4 entries (3 fixed + 1 variable; max 19), built from 8 variable MTRRs
[    0.000000] x86/PAT: Configuration [0-7]: WB  WC  UC- UC  WB  WP  UC- WT  
[    0.000000] last_pfn = 0xbffe0 max_arch_pfn = 0x400000000
[    0.000000] found SMP MP-table at [mem 0x000f5ba0-0x000f5baf]
[    0.000000] RAMDISK: [mem 0xbfe71000-0xbffdffff]
[    0.000000] ACPI: Early table checksum verification disabled
[    0.000000] ACPI: RSDP 0x00000000000F59C0 000014 (v00 BOCHS )
[    0.000000] ACPI: RSDT 0x00000000BFFE1B95 000034 (v01 BOCHS  BXPC     00000001 BXPC 00000001)
[    0.000000] ACPI: FACP 0x00000000BFFE1A11 000074 (v01 BOCHS  BXPC     00000001 BXPC 00000001)
[    0.000000] ACPI: DSDT 0x00000000BFFE0040 0019D1 (v01 BOCHS  BXPC     00000001 BXPC 00000001)
[    0.000000] ACPI: FACS 0x00000000BFFE0000 000040
[    0.000000] ACPI: APIC 0x00000000BFFE1A85 0000B0 (v01 BOCHS  BXPC     00000001 BXPC 00000001)
[    0.000000] ACPI: HPET 0x00000000BFFE1B35 000038 (v01 BOCHS  BXPC     00000001 BXPC 00000001)
[    0.000000] ACPI: WAET 0x00000000BFFE1B6D 000028 (v01 BOCHS  BXPC     00000001 BXPC 00000001)
[    0.000000] ACPI: Reserving FACP table memory at [mem 0xbffe1a11-0xbffe1a84]
[    0.000000] ACPI: Reserving DSDT table memory at [mem 0xbffe0040-0xbffe1a10]
[    0.000000] ACPI: Reserving FACS table memory at [mem 0xbffe0000-0xbffe003f]
[    0.000000] ACPI: Reserving APIC table memory at [mem 0xbffe1a85-0xbffe1b34]
[    0.000000] ACPI: Reserving HPET table memory at [mem 0xbffe1b35-0xbffe1b6c]
[    0.000000] ACPI: Reserving WAET table memory at [mem 0xbffe1b6d-0xbffe1b94]
[    0.000000] No NUMA configuration found
[    0.000000] Faking a node at [mem 0x0000000000000000-0x000000013fffffff]
[    0.000000] NODE_DATA(0) allocated [mem 0x13fff9680-0x13fffcfff]
[    0.000000] KernelAddressSanitizer initialized (generic)
[    0.000000] ACPI: PM-Timer IO Port: 0x608
[    0.000000] ACPI: LAPIC_NMI (acpi_id[0xff] dfl dfl lint[0x1])
[    0.000000] IOAPIC[0]: apic_id 0, version 32, address 0xfec00000, GSI 0-23
[    0.000000] ACPI: INT_SRC_OVR (bus 0 bus_irq 0 global_irq 2 dfl dfl)
[    0.000000] ACPI: INT_SRC_OVR (bus 0 bus_irq 5 global_irq 5 high level)
[    0.000000] ACPI: INT_SRC_OVR (bus 0 bus_irq 9 global_irq 9 high level)
[    0.000000] ACPI: INT_SRC_OVR (bus 0 bus_irq 10 global_irq 10 high level)
[    0.000000] ACPI: INT_SRC_OVR (bus 0 bus_irq 11 global_irq 11 high level)
[    0.000000] ACPI: Using ACPI (MADT) for SMP configuration information
[    0.000000] ACPI: HPET id: 0x8086a201 base: 0xfed00000
[    0.000000] CPU topo: Max. logical packages:   1
[    0.000000] CPU topo: Max. logical nodes:      1
[    0.000000] CPU topo: Num. nodes per package:  1
[    0.000000] CPU topo: Max. logical dies:       1
[    0.000000] CPU topo: Max. dies per package:   1
[    0.000000] CPU topo: Max. threads per core:   1
[    0.000000] CPU topo: Num. cores per package:     8
[    0.000000] CPU topo: Num. threads per package:   8
[    0.000000] CPU topo: Allowing 8 present CPUs plus 0 hotplug CPUs
[    0.000000] PM: hibernation: Registered nosave memory: [mem 0x00000000-0x00000fff]
[    0.000000] PM: hibernation: Registered nosave memory: [mem 0x0009f000-0x000fffff]
[    0.000000] PM: hibernation: Registered nosave memory: [mem 0xbffe0000-0xffffffff]
[    0.000000] [gap 0xc0000000-0xfffbffff] available for PCI devices
[    0.000000] Booting paravirtualized kernel on bare hardware
[    0.000000] clocksource: refined-jiffies: mask: 0xffffffff max_cycles: 0xffffffff, max_idle_ns: 1910969940391419 ns
[    0.000000] Zone ranges:
[    0.000000]   DMA      [mem 0x0000000000001000-0x0000000000ffffff]
[    0.000000]   DMA32    [mem 0x0000000001000000-0x00000000ffffffff]
[    0.000000]   Normal   [mem 0x0000000100000000-0x000000013fffffff]
[    0.000000] Movable zone start for each node
[    0.000000] Early memory node ranges
[    0.000000]   node   0: [mem 0x0000000000001000-0x000000000009efff]
[    0.000000]   node   0: [mem 0x0000000000100000-0x00000000bffdffff]
[    0.000000]   node   0: [mem 0x0000000100000000-0x000000013fffffff]
[    0.000000] Initmem setup node 0 [mem 0x0000000000001000-0x000000013fffffff]
[    0.000000] On node 0, zone DMA: 1 pages in unavailable ranges
[    0.000000] On node 0, zone DMA: 97 pages in unavailable ranges
[    0.000000] On node 0, zone Normal: 32 pages in unavailable ranges
[    0.000000] setup_percpu: NR_CPUS:64 nr_cpumask_bits:8 nr_cpu_ids:8 nr_node_ids:1
[    0.000000] percpu: Embedded 65 pages/cpu s226136 r8192 d31912 u524288
[    0.000000] Kernel command line: console=ttyS0 panic=-1 kasan.multi_shot=1 REPRO_SECS=60
[    0.000000] Unknown kernel command line parameters "REPRO_SECS=60", will be passed to user space.
[    0.000000] printk: log buffer data + meta data: 262144 + 917504 = 1179648 bytes
[    0.000000] Dentry cache hash table entries: 524288 (order: 10, 4194304 bytes, linear)
[    0.000000] Inode-cache hash table entries: 262144 (order: 9, 2097152 bytes, linear)
[    0.000000] software IO TLB: area num 8.
[    0.000000] Fallback order for Node 0: 0 
[    0.000000] Built 1 zonelists, mobility grouping on.  Total pages: 1048446
[    0.000000] Policy zone: Normal
[    0.000000] mem auto-init: stack:off, heap alloc:off, heap free:off
[    0.000000] stackdepot: allocating hash table via alloc_large_system_hash
[    0.000000] stackdepot hash table entries: 1048576 (order: 12, 16777216 bytes, linear)
[    0.000000] stackdepot: allocating space for 8192 stack pools via memblock
[    0.000000] SLUB: HWalign=64, Order=0-3, MinObjects=0, CPUs=8, Nodes=1
[    0.000000] Dynamic Preempt: lazy
[    0.000000] rcu: Preemptible hierarchical RCU implementation.
[    0.000000] rcu: 	RCU event tracing is enabled.
[    0.000000] rcu: 	RCU restricting CPUs from NR_CPUS=64 to nr_cpu_ids=8.
[    0.000000] 	Trampoline variant of Tasks RCU enabled.
[    0.000000] 	Tracing variant of Tasks RCU enabled.
[    0.000000] rcu: RCU calculated value of scheduler-enlistment delay is 100 jiffies.
[    0.000000] rcu: Adjusting geometry for rcu_fanout_leaf=16, nr_cpu_ids=8
[    0.000000] RCU Tasks: Setting shift to 3 and lim to 1 rcu_task_cb_adjust=1 rcu_task_cpu_ids=8.
[    0.000000] NR_IRQS: 4352, nr_irqs: 488, preallocated irqs: 16
[    0.000000] rcu: srcu_init: Setting srcu_struct sizes based on contention.
[    0.000000] clocksource: jiffies: mask: 0xffffffff max_cycles: 0xffffffff, max_idle_ns: 1911260446275000 ns
[    0.000000] Console: colour VGA+ 80x25
[    0.000000] printk: console [ttyS0] enabled
[    0.000000] ACPI: Core revision 20260408
[    0.000000] clocksource: hpet: mask: 0xffffffff max_cycles: 0xffffffff, max_idle_ns: 19112604467 ns
[    0.007000] APIC: Switch to symmetric I/O mode setup
[    0.022000] ..TIMER: vector=0x30 apic1=0 pin1=2 apic2=-1 pin2=-1
[    0.031000] tsc: Unable to calibrate against PIT
[    0.031000] tsc: using HPET reference calibration
[    0.032000] tsc: Detected 2199.923 MHz processor
[    0.001623] clocksource: tsc-early: mask: 0xffffffffffffffff max_cycles: 0x1fb5ea16225, max_idle_ns: 440795218508 ns
[    0.004168] Calibrating delay loop (skipped), value calculated using timer frequency.. 4399.84 BogoMIPS (lpj=2199923)
[    0.019727] Last level iTLB entries: 4KB 512, 2MB 255, 4MB 127
[    0.020447] Last level dTLB entries: 4KB 512, 2MB 255, 4MB 127, 1GB 0
[    0.021943] mitigations: Enabled attack vectors: user_kernel, user_user, SMT mitigations: auto
[    0.024214] Spectre V2 : Mitigation: Retpolines
[    0.025561] Spectre V1 : Mitigation: usercopy/swapgs barriers and __user pointer sanitization
[    0.026690] Spectre V2 : Spectre v2 / SpectreRSB: Filling RSB on context switch and VMEXIT
[    0.034133] x86/fpu: x87 FPU will use FXSAVE
[    0.649802] pid_max: default: 32768 minimum: 301
[    0.695760] SELinux:  Initializing.
[    0.725748] Mount-cache hash table entries: 8192 (order: 4, 65536 bytes, linear)
[    0.726659] Mountpoint-cache hash table entries: 8192 (order: 4, 65536 bytes, linear)
[    0.777930] VFS: Finished mounting rootfs on nullfs
[    0.977479] smpboot: CPU0: AMD QEMU Virtual CPU version 2.5+ (family: 0xf, model: 0x6b, stepping: 0x1)
[    1.028237] Performance Events: PMU not available due to virtualization, using software events only.
[    1.034626] signal: max sigframe size: 1440
[    1.042848] rcu: Hierarchical SRCU implementation.
[    1.043191] rcu: 	Max phase no-delay instances is 400.
[    1.052049] Timer migration: 1 hierarchy levels; 8 children per group; 1 crossnode level
[    1.097643] smp: Bringing up secondary CPUs ...
[    1.131217] smpboot: x86: Booting SMP configuration:
[    1.131308] .... node  #0, CPUs:      #1 #2 #3 #4 #5 #6 #7
[    0.000000] calibrate_delay_direct() dropping max bogoMips estimate 0 = 2876894
[    1.720785] smp: Brought up 1 node, 8 CPUs
[    1.723666] smpboot: Total of 8 processors activated (35202.30 BogoMIPS)
[    1.775450] Memory: 3396220K/4193784K available (55048K kernel code, 9288K rwdata, 12572K rodata, 6460K init, 836K bss, 790924K reserved, 0K cma-reserved)
[    1.850708] devtmpfs: initialized
[    2.054264] posixtimers hash table entries: 4096 (order: 4, 65536 bytes, linear)
[    2.056460] futex hash table entries: 2048 (131072 bytes on 1 NUMA nodes, total 128 KiB, linear).
[    2.078997] PM: RTC time: 21:40:34, date: 2026-10-06
[    2.116255] NET: Registered PF_NETLINK/PF_ROUTE protocol family
[    2.143080] audit: initializing netlink subsys (disabled)
[    2.165731] audit: type=2000 audit(1791322833.191:1): state=initialized audit_enabled=0 res=1
[    2.192984] thermal_sys: Registered thermal governor 'step_wise'
[    2.196579] cpuidle: using governor menu
[    2.219428] PCI: Using configuration type 1 for base access
[    2.220902] mtrr: your CPUs had inconsistent fixed MTRR settings
[    2.220961] mtrr: your CPUs had inconsistent variable MTRR settings
[    2.221007] mtrr: your CPUs had inconsistent MTRRdefType settings
[    2.221041] mtrr: probably your BIOS does not setup all CPUs.
[    2.221071] mtrr: corrected configuration.
[    2.235170] kprobes: kprobe jump-optimization is enabled. All kprobes are optimized if possible.
[    2.271050] HugeTLB: registered 2.00 MiB page size, pre-allocated 0 pages
[    2.271204] HugeTLB: 28 KiB vmemmap can be freed for a 2.00 MiB page
[    2.313264] ACPI: Added _OSI(Module Device)
[    2.313345] ACPI: Added _OSI(Processor Device)
[    2.313443] ACPI: Added _OSI(Processor Aggregator Device)
[    2.967803] ACPI: 1 ACPI AML tables successfully acquired and loaded
[    3.078873] ACPI: \_SB_: platform _OSC: OS support mask [002a7eee]
[    3.182061] ACPI: Interpreter enabled
[    3.188772] ACPI: PM: (supports S0 S3 S4 S5)
[    3.188957] ACPI: Using IOAPIC for interrupt routing
[    3.190566] PCI: Using host bridge windows from ACPI; if necessary, use "pci=nocrs" and report a bug
[    3.190684] PCI: Using E820 reservations for host bridge windows
[    3.233214] ACPI: Enabled 2 GPEs in block 00 to 0F
[    4.790978] ACPI: PCI Root Bridge [PCI0] (domain 0000 [bus 00-ff])
[    4.797934] acpi PNP0A03:00: fail to add MMCONFIG information, can't access extended configuration space under this bridge
[    4.824659] PCI host bridge to bus 0000:00
[    4.827799] pci_bus 0000:00: root bus resource [io  0x0000-0x0cf7 window]
[    4.828624] pci_bus 0000:00: root bus resource [io  0x0d00-0xffff window]
[    4.828798] pci_bus 0000:00: root bus resource [mem 0x000a0000-0x000bffff window]
[    4.829120] pci_bus 0000:00: root bus resource [mem 0xc0000000-0xfebfffff window]
[    4.829282] pci_bus 0000:00: root bus resource [mem 0x140000000-0x1bfffffff window]
[    4.829282] pci_bus 0000:00: root bus resource [bus 00-ff]
[    4.831558] pci 0000:00:00.0: [8086:1237] type 00 class 0x060000 conventional PCI endpoint
[    5.226679] pci 0000:00:01.0: [8086:7000] type 00 class 0x060100 conventional PCI endpoint
[    5.256135] pci 0000:00:01.1: [8086:7010] type 00 class 0x010180 conventional PCI endpoint
[    5.257847] pci 0000:00:01.1: BAR 4 [io  0xc040-0xc04f]
[    5.257847] pci 0000:00:01.1: BAR 0 [io  0x01f0-0x01f7]: legacy IDE quirk
[    5.257847] pci 0000:00:01.1: BAR 1 [io  0x03f6]: legacy IDE quirk
[    5.257847] pci 0000:00:01.1: BAR 2 [io  0x0170-0x0177]: legacy IDE quirk
[    5.257847] pci 0000:00:01.1: BAR 3 [io  0x0376]: legacy IDE quirk
[    5.262523] pci 0000:00:01.3: [8086:7113] type 00 class 0x068000 conventional PCI endpoint
[    5.264302] pci 0000:00:01.3: quirk: [io  0x0600-0x063f] claimed by PIIX4 ACPI
[    5.264302] pci 0000:00:01.3: quirk: [io  0x0700-0x070f] claimed by PIIX4 SMB
[    5.267953] pci 0000:00:02.0: [1234:1111] type 00 class 0x030000 conventional PCI endpoint
[    5.269486] pci 0000:00:02.0: BAR 0 [mem 0xfd000000-0xfdffffff pref]
[    5.269859] pci 0000:00:02.0: BAR 2 [mem 0xfebb0000-0xfebb0fff]
[    5.270220] pci 0000:00:02.0: ROM [mem 0xfeba0000-0xfebaffff pref]
[    5.270220] pci 0000:00:02.0: Video device with shadowed ROM at [mem 0x000c0000-0x000dffff]
[    5.503862] pci 0000:00:03.0: [8086:100e] type 00 class 0x020000 conventional PCI endpoint
[    5.505486] pci 0000:00:03.0: BAR 0 [mem 0xfeb80000-0xfeb9ffff]
[    5.505594] pci 0000:00:03.0: BAR 1 [io  0xc000-0xc03f]
[    5.505712] pci 0000:00:03.0: ROM [mem 0xfeb00000-0xfeb7ffff pref]
[    5.826213] ACPI: PCI: Interrupt link LNKA configured for IRQ 10
[    5.850495] ACPI: PCI: Interrupt link LNKB configured for IRQ 10
[    5.874828] ACPI: PCI: Interrupt link LNKC configured for IRQ 11
[    5.899227] ACPI: PCI: Interrupt link LNKD configured for IRQ 11
[    5.908812] ACPI: PCI: Interrupt link LNKS configured for IRQ 9
[    6.029732] iommu: Default domain type: Translated
[    6.029845] iommu: DMA domain TLB invalidation policy: lazy mode
[    6.094987] SCSI subsystem initialized
[    6.109854] ACPI: bus type USB registered
[    6.114020] usbcore: registered new interface driver usbfs
[    6.116221] usbcore: registered new interface driver hub
[    6.117889] usbcore: registered new device driver usb
[    6.122691] pps_core: LinuxPPS API ver. 1 registered
[    6.122744] pps_core: Software ver. 5.3.6 - Copyright 2005-2007 Rodolfo Giometti <giometti@linux.it>
[    6.123220] PTP clock support registered
[    6.140015] Advanced Linux Sound Architecture Driver Initialized.
[    6.198976] NetLabel: Initializing
[    6.199042] NetLabel:  domain hash size = 128
[    6.199081] NetLabel:  protocols = UNLABELED CIPSOv4 CALIPSO
[    6.203605] NetLabel:  unlabeled traffic allowed by default
[    6.247989] PCI: Using ACPI for IRQ routing
[    6.253811] e820: register RAM buffer resource [mem 0x0009fc00-0x0009ffff]
[    6.256032] e820: register RAM buffer resource [mem 0xbffe0000-0xbfffffff]
[    6.274387] pci 0000:00:02.0: vgaarb: setting as boot VGA device
[    6.274387] pci 0000:00:02.0: vgaarb: bridge control possible
[    6.274387] pci 0000:00:02.0: vgaarb: VGA device added: decodes=io+mem,owns=io+mem,locks=none
[    6.278631] vgaarb: loaded
[    6.291625] hpet: 3 channels of 0 reserved for per-cpu timers
[    6.292780] hpet0: at MMIO 0xfed00000, IRQs 2, 8, 0
[    6.293197] hpet0: 3 comparators, 64-bit 100.000000 MHz counter
[    6.310031] clocksource: Switched to clocksource tsc-early
[    6.396022] VFS: Disk quotas dquot_6.6.0
[    6.398937] VFS: Dquot-cache hash table entries: 512 (4096 bytes)
[    6.457891] pnp: PnP ACPI init
[    6.591863] pnp: PnP ACPI: found 5 devices
[    7.217713] clocksource: acpi_pm: mask: 0xffffff max_cycles: 0xffffff, max_idle_ns: 2085701024 ns
[    7.227833] NET: Registered PF_INET protocol family
[    7.236064] IP idents hash table entries: 65536 (order: 7, 524288 bytes, linear)
[    7.313977] tcp_listen_portaddr_hash hash table entries: 2048 (order: 3, 32768 bytes, linear)
[    7.314345] Table-perturb hash table entries: 65536 (order: 6, 262144 bytes, linear)
[    7.316428] TCP established hash table entries: 32768 (order: 6, 262144 bytes, linear)
[    7.318095] TCP bind hash table entries: 32768 (order: 8, 1048576 bytes, linear)
[    7.320900] TCP: Hash tables configured (established 32768 bind 32768)
[    7.330991] UDP hash table entries: 2048 (order: 5, 131072 bytes, linear)
[    7.349678] NET: Registered PF_UNIX/PF_LOCAL protocol family
[    7.399329] RPC: Registered named UNIX socket transport module.
[    7.399879] RPC: Registered udp transport module.
[    7.399963] RPC: Registered tcp transport module.
[    7.400027] RPC: Registered tcp-with-tls transport module.
[    7.400088] RPC: Registered tcp NFSv4.1 backchannel transport module.
[    7.434545] pci_bus 0000:00: resource 4 [io  0x0000-0x0cf7 window]
[    7.434651] pci_bus 0000:00: resource 5 [io  0x0d00-0xffff window]
[    7.434694] pci_bus 0000:00: resource 6 [mem 0x000a0000-0x000bffff window]
[    7.434738] pci_bus 0000:00: resource 7 [mem 0xc0000000-0xfebfffff window]
[    7.434779] pci_bus 0000:00: resource 8 [mem 0x140000000-0x1bfffffff window]
[    7.443902] pci 0000:00:01.0: PIIX3: Enabling Passive Release
[    7.444346] pci 0000:00:00.0: Limiting direct PCI/PCI transfers
[    7.445247] PCI: CLS 0 bytes, default 64
[    7.448578] PCI-DMA: Using software bounce buffering for IO (SWIOTLB)
[    7.448656] software IO TLB: mapped [mem 0x00000000bbe71000-0x00000000bfe71000] (64MB)
[    7.487829] Unpacking initramfs...
[    7.735712] Initialise system trusted keyrings
[    7.746135] workingset: timestamp_bits=56 (anon: 51) max_order=20 bucket_order=0 (anon: 0)
[    7.793616] NFS: Registering the id_resolver key type
[    7.795690] Key type id_resolver registered
[    7.795787] Key type id_legacy registered
[    7.796228] nfs4filelayout_init: NFSv4 File Layout Driver Registering...
[    7.797857] nfs4flexfilelayout_init: NFSv4 Flexfile Layout Driver Registering...
[    7.805211] 9p: Installing v9fs 9p2000 file system support
[    7.855700] Key type asymmetric registered
[    7.855999] Asymmetric key parser 'x509' registered
[    7.858585] Block layer SCSI generic (bsg) driver version 0.4 loaded (major 251)
[    7.861234] io scheduler mq-deadline registered
[    7.861591] io scheduler kyber registered
[    7.871152] Freeing initrd memory: 1468K
[    7.895588] input: Power Button as /devices/platform/LNXPWRBN:00/input/input0
[    7.905302] ACPI: button: Power Button [PWRF]
[    7.943226] Serial: 8250/16550 driver, 4 ports, IRQ sharing enabled
[    7.979042] 00:04: ttyS0 I/O:0x3f8 (irq = 4, base_baud = 115200) is a 16550A
[    8.083991] Non-volatile memory driver v1.3
[    8.101083] ACPI: bus type drm_connector registered
[    8.513580] tsc: Refined TSC clocksource calibration: 2199.960 MHz
[    8.514810] clocksource: tsc: mask: 0xffffffffffffffff max_cycles: 0x1fb60cf2a65, max_idle_ns: 440795209147 ns
[    8.530391] clocksource: Switched to clocksource tsc
[    8.609015] loop: module loaded
[    8.708812] scsi host0: ata_piix
[    8.739346] scsi host1: ata_piix
[    8.749334] ata1: PATA max MWDMA2 cmd 0x1f0 ctl 0x3f6 bmdma 0xc040 irq 14 lpm-pol 0
[    8.749651] ata2: PATA max MWDMA2 cmd 0x170 ctl 0x376 bmdma 0xc048 irq 15 lpm-pol 0
[    8.780536] e100: Intel(R) PRO/100 Network Driver
[    8.780600] e100: Copyright(c) 1999-2006 Intel Corporation
[    8.782233] e1000: Intel(R) PRO/1000 Network Driver
[    8.782283] e1000: Copyright (c) 1999-2006 Intel Corporation.
[    8.965924] ata2: found unknown device (class 0)
[    9.002993] ata2.00: ATAPI: QEMU DVD-ROM, 2.5+, max UDMA/100
[    9.091818] scsi 1:0:0:0: CD-ROM            QEMU     QEMU DVD-ROM     2.5+ PQ: 0 ANSI: 5
[    9.193073] sr 1:0:0:0: [sr0] scsi3-mmc drive: 4x/4x cd/rw xa/form2 tray
[    9.219160] cdrom: Uniform CD-ROM driver Revision: 3.20
[    9.339092] sr 1:0:0:0: Attached scsi generic sg0 type 5
[   34.459916] ACPI: \_SB_.LNKC: Enabled at IRQ 11
[   34.805036] e1000 0000:00:03.0 eth0: (PCI:33MHz:32-bit) 52:54:00:12:34:56
[   34.807166] e1000 0000:00:03.0 eth0: Intel(R) PRO/1000 Network Connection
[   34.810030] e1000e: Intel(R) PRO/1000 Network Driver
[   34.810079] e1000e: Copyright(c) 1999 - 2015 Intel Corporation.
[   34.811992] sky2: driver version 1.30
[   34.836822] usbcore: registered new interface driver usblp
[   34.839083] usbcore: registered new interface driver usb-storage
[   34.850092] i8042: PNP: PS/2 Controller [PNP0303:KBD,PNP0f13:MOU] at 0x60,0x64 irq 1,12
[   34.865044] serio: i8042 KBD port at 0x60,0x64 irq 1
[   34.866235] serio: i8042 AUX port at 0x60,0x64 irq 12
[   34.914358] rtc_cmos PNP0B00:00: RTC can wake from S4
[   34.922728] input: AT Translated Set 2 keyboard as /devices/platform/i8042/serio0/input/input1
[   34.961218] rtc_cmos PNP0B00:00: registered as rtc0
[   34.968336] rtc_cmos PNP0B00:00: alarms up to one day, y3k, 242 bytes nvram, hpet irqs
[   34.981957] device-mapper: ioctl: 4.50.0-ioctl (2025-04-28) initialised: dm-devel@lists.linux.dev
[   34.985381] hid: raw HID events driver (C) Jiri Kosina
[   35.000807] usbcore: registered new interface driver usbhid
[   35.000890] usbhid: USB HID core driver
[   35.043179] nf_conntrack_irc: The irc conntrack helper is scheduled for removal.
[   35.043179] Please contact the netfilter-devel mailing list if you still need this.
[   35.054972] Initializing XFRM netlink socket
[   35.060337] NET: Registered PF_INET6 protocol family
[   35.123647] Segment Routing with IPv6
[   35.125174] In-situ OAM (IOAM) with IPv6
[   35.131131] NET: Registered PF_PACKET protocol family
[   35.138397] 9pnet: Installing 9P2000 support
[   35.140184] Key type dns_resolver registered
[   35.255575] IPI shorthand broadcast: enabled
[   35.420081] input: ImExPS/2 Generic Explorer Mouse as /devices/platform/i8042/serio1/input/input3
[   36.194802] sched_clock: Marking stable (36227076151, -32612520)->(36373848705, -179385074)
[   36.223712] registered taskstats version 1
[   36.223894] Loading compiled-in X.509 certificates
[   36.765173] Demotion targets for Node 0: null
[   36.779545] PM:   Magic number: 14:835:701
[   36.782371] netconsole: network logging started
[   36.791665] cfg80211: Loading compiled-in X.509 certificates for regulatory database
[   36.858325] kworker/u32:1 (99) used greatest stack depth: 29472 bytes left
[   36.957042] Loaded X.509 cert 'sforshee: 00b28ddf47aef9cea7'
[   36.963129] Loaded X.509 cert 'wens: 61c038651aabdcf94bd0ac7ff06c7248db18c600'
[   36.970146] ALSA device list:
[   36.970600]   No soundcards found.
[   36.977717] faux_driver regulatory: Direct firmware load for regulatory.db failed with error -2
[   36.979037] cfg80211: failed to load regulatory.db
[   37.422252] Freeing unused kernel image (initmem) memory: 6460K
[   37.423019] Write protecting the kernel read-only data: 69632k
[   37.436037] Freeing unused kernel image (text/rodata gap) memory: 244K
[   37.446687] Freeing unused kernel image (rodata/data gap) memory: 1764K
[   38.367049] x86/mm: Checked W+X mappings: passed, no W+X pages found.
[   38.368079] Run /init as init process
[   38.886824] busybox (102) used greatest stack depth: 27784 bytes left
[   39.238162] mount (108) used greatest stack depth: 27512 bytes left
[   39.324754] mount (109) used greatest stack depth: 27152 bytes left
=== repro starting (REPRO_SECS=60) ===
[   39.600943] file system registered
setup ok: instance /sys/kernel/config/usb_gadget/g1/functions/ffs.f0 created
[   39.638820] ffs_data_put(): freeing
[   39.639129] ffs_data_put(): freeing
[   39.640258] ffs_data_put(): freeing
[   39.642760] unloading
[   39.660754] file system registered
[   39.662831] unloading
[   39.672675] ffs_data_put(): freeing
[   39.673001] ffs_data_put(): freeing
[   39.673367] ffs_data_put(): freeing
[   39.673973] file system registered
[   39.676051] unloading
[   39.685215] ffs_data_put(): freeing
[   39.685415] ffs_data_put(): freeing
[   39.685680] ffs_data_put(): freeing
[   39.688054] file system registered
[   39.690372] unloading
[   39.702247] ffs_data_put(): freeing
[   39.702740] ffs_data_put(): freeing
[   39.706116] file system registered
[   39.708894] unloading
[   39.721330] file system registered
[   39.724849] unloading
[   39.734260] ffs_data_put(): freeing
[   39.737126] file system registered
[   39.740176] unloading
[   39.745142] ffs_data_put(): freeing
[   39.747344] file system registered
[   39.749724] unloading
[   39.756175] ffs_data_put(): freeing
[   39.756226] ffs_data_put(): freeing
[   39.757914] file system registered
[   39.759259] unloading
[   39.766399] ffs_data_put(): freeing
[   39.767356] ffs_data_put(): freeing
[   39.769431] file system registered
[   39.771874] unloading
[   39.777094] ffs_data_put(): freeing
[   39.779650] file system registered
[   39.783750] unloading
[   39.789216] ffs_data_put(): freeing
[   39.789354] ffs_data_put(): freeing
[   39.791932] file system registered
[   39.794162] unloading
[   39.802849] file system registered
[   39.806051] unloading
[   39.813070] ffs_data_put(): freeing
[   39.813314] ffs_data_put(): freeing
[   39.813666] ffs_data_put(): freeing
[   39.814117] ffs_data_put(): freeing
[   39.815319] file system registered
[   39.818190] unloading
[   39.826988] ffs_data_put(): freeing
[   39.827126] ffs_data_put(): freeing
[   39.830040] file system registered
[   39.832822] ffs_data_put(): freeing
[   39.833030] unloading
[   39.847641] ffs_data_put(): freeing
[   39.850177] file system registered
[   39.852772] unloading
[   39.863207] ffs_data_put(): freeing
[   39.866363] file system registered
[   39.869080] unloading
[   39.878220] file system registered
[   39.880095] unloading
[   39.893816] file system registered
[   39.897336] unloading
[   39.906085] ffs_data_put(): freeing
[   39.909047] file system registered
[   39.911825] unloading
[   39.917104] ffs_data_put(): freeing
[   39.917241] ffs_data_put(): freeing
[   39.917369] ffs_data_put(): freeing
[   39.918739] file system registered
[   39.919960] unloading
[   39.930122] ffs_data_put(): freeing
[   39.932732] file system registered
[   39.934241] unloading
[   39.944117] ffs_data_put(): freeing
[   39.946198] file system registered
[   39.948213] unloading
[   39.956029] ffs_data_put(): freeing
[   39.958065] file system registered
[   39.959829] unloading
[   39.969420] file system registered
[   39.970953] unloading
[   39.978039] ffs_data_put(): freeing
[   39.978161] ffs_data_put(): freeing
[   39.979880] file system registered
[   39.981034] unloading
[   39.986972] ffs_data_put(): freeing
[   39.987109] ffs_data_put(): freeing
[   39.989107] file system registered
[   39.991047] unloading
[   39.995781] ffs_data_put(): freeing
[   39.995944] ffs_data_put(): freeing
[   39.995979] ffs_data_put(): freeing
[   39.997357] file system registered
[   39.999357] unloading
[   40.004304] ffs_data_put(): freeing
[   40.006789] file system registered
[   40.008229] unloading
[   40.018195] file system registered
[   40.019763] unloading
[   40.026616] file system registered
[   40.027861] unloading
[   40.033056] ffs_data_put(): freeing
[   40.035141] file system registered
[   40.036944] unloading
[   40.042992] ffs_data_put(): freeing
[   40.045065] file system registered
[   40.046904] unloading
[   40.052892] ffs_data_put(): freeing
[   40.052988] ffs_data_put(): freeing
[   40.054007] file system registered
[   40.054967] unloading
[   40.059929] ffs_data_put(): freeing
[   40.061820] file system registered
[   40.063494] unloading
[   40.069170] ffs_data_put(): freeing
[   40.070279] file system registered
[   40.072195] unloading
[   40.078023] ffs_data_put(): freeing
[   40.078152] ffs_data_put(): freeing
[   40.078239] ffs_data_put(): freeing
[   40.080939] file system registered
[   40.083174] unloading
[   40.088694] ffs_data_put(): freeing
[   40.091044] file system registered
[   40.093863] ffs_data_put(): freeing
[   40.094088] unloading
[   40.104241] ffs_data_put(): freeing
[   40.104473] ffs_data_put(): freeing
[   40.106742] file system registered
[   40.108342] unloading
[   40.115149] ffs_data_put(): freeing
[   40.115244] ffs_data_put(): freeing
[   40.117885] file system registered
[   40.120239] unloading
[   40.127178] ffs_data_put(): freeing
[   40.127293] ffs_data_put(): freeing
[   40.129260] file system registered
[   40.130946] unloading
[   40.141219] ffs_data_put(): freeing
[   40.142855] file system registered
[   40.146281] unloading
[   40.154101] ffs_data_put(): freeing
[   40.155334] file system registered
[   40.157059] unloading
[   40.164180] ffs_data_put(): freeing
[   40.164394] ffs_data_put(): freeing
[   40.167013] file system registered
[   40.168992] unloading
[   40.177173] ffs_data_put(): freeing
[   40.178686] file system registered
[   40.180012] unloading
[   40.189121] file system registered
[   40.194089] unloading
[   40.200051] ffs_data_put(): freeing
[   40.200299] ffs_data_put(): freeing
[   40.201394] file system registered
[   40.201492] ffs_data_put(): freeing
[   40.202999] unloading
[   40.209057] ffs_data_put(): freeing
[   40.209223] ffs_data_put(): freeing
[   40.209278] ffs_data_put(): freeing
[   40.211026] file system registered
[   40.213170] unloading
[   40.220235] ffs_data_put(): freeing
[   40.222488] file system registered
[   40.224391] unloading
[   40.234248] ffs_data_put(): freeing
[   40.236366] file system registered
[   40.238995] unloading
[   40.245744] file system registered
[   40.247215] unloading
[   40.253936] file system registered
[   40.255312] unloading
[   40.259978] ffs_data_put(): freeing
[   40.262071] file system registered
[   40.263617] unloading
[   40.268997] ffs_data_put(): freeing
[   40.269086] ffs_data_put(): freeing
[   40.270406] file system registered
[   40.272140] unloading
[   40.278037] ffs_data_put(): freeing
[   40.278175] ffs_data_put(): freeing
[   40.281251] file system registered
[   40.283358] unloading
[   40.290157] ffs_data_put(): freeing
[   40.290262] ffs_data_put(): freeing
[   40.293130] file system registered
[   40.295934] unloading
[   40.301037] ffs_data_put(): freeing
[   40.304081] file system registered
[   40.306288] unloading
[   40.317031] file system registered
[   40.318656] unloading
[   40.329646] file system registered
[   40.331225] unloading
[   40.341027] ffs_data_put(): freeing
[   40.343213] file system registered
[   40.345041] unloading
[   40.353145] ffs_data_put(): freeing
[   40.355411] file system registered
[   40.357184] unloading
[   40.365115] ffs_data_put(): freeing
[   40.367209] file system registered
[   40.369934] unloading
[   40.377312] ffs_data_put(): freeing
[   40.377690] ffs_data_put(): freeing
[   40.378239] ffs_data_put(): freeing
[   40.378888] file system registered
[   40.381117] unloading
[   40.389093] ffs_data_put(): freeing
[   40.389298] ffs_data_put(): freeing
[   40.389639] ffs_data_put(): freeing
[   40.389775] ffs_data_put(): freeing
[   40.391458] file system registered
[   40.394359] unloading
[   40.405417] file system registered
[   40.407790] unloading
[   40.415160] ffs_data_put(): freeing
[   40.417661] file system registered
[   40.419208] unloading
[   40.429167] ffs_data_put(): freeing
[   40.429321] ffs_data_put(): freeing
[   40.429421] ffs_data_put(): freeing
[   40.431333] file system registered
[   40.433855] unloading
[   40.447289] ffs_data_put(): freeing
[   40.447675] ffs_data_put(): freeing
[   40.452704] file system registered
[   40.454678] unloading
[   40.464095] ffs_data_put(): freeing
[   40.466412] file system registered
[   40.469351] unloading
[   40.476786] ffs_data_put(): freeing
[   40.479980] file system registered
[   40.482260] unloading
[   40.497284] ffs_data_put(): freeing
[   40.500115] file system registered
[   40.502724] unloading
[   40.513878] ffs_data_put(): freeing
[   40.513959] ffs_data_put(): freeing
[   40.516875] file system registered
[   40.518905] unloading
[   40.526279] ffs_data_put(): freeing
[   40.526713] ffs_data_put(): freeing
[   40.529081] file system registered
[   40.531051] unloading
[   40.536351] ffs_data_put(): freeing
[   40.536764] ffs_data_put(): freeing
[   40.538015] file system registered
[   40.539305] unloading
[   40.548347] ffs_data_put(): freeing
[   40.548763] ffs_data_put(): freeing
[   40.550092] file system registered
[   40.552680] unloading
[   40.558286] ffs_data_put(): freeing
[   40.560773] file system registered
[   40.562150] unloading
[   40.571866] ffs_data_put(): freeing
[   40.573300] ffs_data_put(): freeing
[   40.574236] file system registered
[   40.576117] unloading
[   40.583292] ffs_data_put(): freeing
[   40.586327] file system registered
[   40.587882] unloading
[   40.594690] ffs_data_put(): freeing
[   40.594992] ffs_data_put(): freeing
[   40.598780] file system registered
[   40.602041] unloading
[   40.609110] ffs_data_put(): freeing
[   40.611984] file system registered
[   40.614110] unloading
[   40.621206] file system registered
[   40.623121] unloading
[   40.633078] ffs_data_put(): freeing
[   40.633195] ffs_data_put(): freeing
[   40.635279] file system registered
[   40.637260] unloading
[   40.646253] ffs_data_put(): freeing
[   40.646380] ffs_data_put(): freeing
[   40.648874] file system registered
[   40.651120] unloading
[   40.658125] ffs_data_put(): freeing
[   40.660354] file system registered
[   40.662398] unloading
[   40.672332] file system registered
[   40.675079] unloading
[   40.686358] ffs_data_put(): freeing
[   40.687190] ffs_data_put(): freeing
[   40.690747] file system registered
[   40.693300] unloading
[   40.700096] ffs_data_put(): freeing
[   40.702370] file system registered
[   40.705288] unloading
[   40.711077] ffs_data_put(): freeing
[   40.713317] file system registered
[   40.714401] unloading
[   40.724859] file system registered
[   40.726969] unloading
[   40.737101] ffs_data_put(): freeing
[   40.737217] ffs_data_put(): freeing
[   40.739375] file system registered
[   40.741952] unloading
[   40.749019] ffs_data_put(): freeing
[   40.750984] file system registered
[   40.752866] unloading
[   40.761132] ffs_data_put(): freeing
[   40.761205] ffs_data_put(): freeing
[   40.763161] file system registered
[   40.765180] unloading
[   40.771297] ffs_data_put(): freeing
[   40.771393] ffs_data_put(): freeing
[   40.773304] file system registered
[   40.776286] unloading
[   40.782854] ffs_data_put(): freeing
[   40.783190] ffs_data_put(): freeing
[   40.784436] file system registered
[   40.787096] unloading
[   40.795190] ffs_data_put(): freeing
[   40.795288] ffs_data_put(): freeing
[   40.797777] file system registered
[   40.799081] unloading
[   40.809584] file system registered
[   40.812312] unloading
[   40.823134] file system registered
[   40.825204] unloading
[   40.834055] ffs_data_put(): freeing
[   40.836898] file system registered
[   40.838680] unloading
[   40.854214] ffs_data_put(): freeing
[   40.854290] ffs_data_put(): freeing
[   40.857850] file system registered
[   40.860342] unloading
[   40.867112] ffs_data_put(): freeing
[   40.867305] ffs_data_put(): freeing
[   40.867385] ffs_data_put(): freeing
[   40.869805] file system registered
[   40.872787] unloading
[   40.880282] ffs_data_put(): freeing
[   40.881584] file system registered
[   40.883159] unloading
[   40.894416] ffs_data_put(): freeing
[   40.894656] ffs_data_put(): freeing
[   40.898774] file system registered
[   40.901744] unloading
[   40.907181] ffs_data_put(): freeing
[   40.907362] ffs_data_put(): freeing
[   40.908899] file system registered
[   40.910803] unloading
[   40.919254] ffs_data_put(): freeing
[   40.919353] ffs_data_put(): freeing
[   40.922393] file system registered
[   40.925400] unloading
[   40.934774] file system registered
[   40.936416] unloading
[   40.943297] ffs_data_put(): freeing
[   40.945129] file system registered
[   40.947066] unloading
[   40.957036] ffs_data_put(): freeing
[   40.959181] file system registered
[   40.961399] unloading
[   40.970832] file system registered
[   40.973185] unloading
[   40.981150] ffs_data_put(): freeing
[   40.983273] file system registered
[   40.985153] unloading
[   40.993081] file system registered
[   40.994886] unloading
[   41.002961] ffs_data_put(): freeing
[   41.004805] file system registered
[   41.006132] unloading
[   41.012948] ffs_data_put(): freeing
[   41.013022] ffs_data_put(): freeing
[   41.015143] file system registered
[   41.017313] unloading
[   41.024236] ffs_data_put(): freeing
[   41.026270] file system registered
[   41.028132] unloading
[   41.037783] file system registered
[   41.038626] unloading
[   41.044008] ffs_data_put(): freeing
[   41.046083] file system registered
[   41.048002] unloading
[   41.057794] file system registered
[   41.059294] unloading
[   41.068996] ffs_data_put(): freeing
[   41.069222] ffs_data_put(): freeing
[   41.069343] ffs_data_put(): freeing
[   41.070196] file system registered
[   41.072253] unloading
[   41.078037] ffs_data_put(): freeing
[   41.078342] ffs_data_put(): freeing
[   41.078610] ffs_data_put(): freeing
[   41.080352] file system registered
[   41.082923] unloading
[   41.090095] ffs_data_put(): freeing
[   41.090306] ffs_data_put(): freeing
[   41.092142] file system registered
[   41.094029] unloading
[   41.099303] ffs_data_put(): freeing
[   41.101442] ffs_data_put(): freeing
[   41.101940] file system registered
[   41.103168] unloading
[   41.110016] file system registered
[   41.111095] unloading
[   41.120209] ffs_data_put(): freeing
[   41.123003] file system registered
[   41.125727] unloading
[   41.133312] file system registered
[   41.135365] unloading
[   41.140022] ffs_data_put(): freeing
[   41.142180] file system registered
[   41.144103] unloading
[   41.153157] ffs_data_put(): freeing
[   41.155324] file system registered
[   41.157112] unloading
[   41.164066] ffs_data_put(): freeing
[   41.165775] file system registered
[   41.167960] unloading
[   41.177226] ffs_data_put(): freeing
[   41.178793] file system registered
[   41.180245] unloading
[   41.189040] ffs_data_put(): freeing
[   41.189220] ffs_data_put(): freeing
[   41.190167] file system registered
[   41.192055] unloading
[   41.198131] ffs_data_put(): freeing
[   41.198346] ffs_data_put(): freeing
[   41.199404] file system registered
[   41.201104] unloading
[   41.206611] file system registered
[   41.207954] unloading
[   41.217096] file system registered
[   41.218140] unloading
[   41.226893] file system registered
[   41.229927] unloading
[   41.238006] ffs_data_put(): freeing
[   41.240035] file system registered
[   41.242105] unloading
[   41.251989] file system registered
[   41.253308] unloading
[   41.260055] ffs_data_put(): freeing
[   41.261797] file system registered
[   41.263056] unloading
[   41.274137] ffs_data_put(): freeing
[   41.274234] ffs_data_put(): freeing
[   41.275841] file system registered
[   41.277362] unloading
[   41.282127] ffs_data_put(): freeing
[   41.282268] ffs_data_put(): freeing
[   41.284960] file system registered
[   41.287585] ffs_data_put(): freeing
[   41.287811] unloading
[   41.294340] ffs_data_put(): freeing
[   41.296614] file system registered
[   41.298666] unloading
[   41.306087] ffs_data_put(): freeing
[   41.308775] file system registered
[   41.312113] unloading
[   41.317102] ffs_data_put(): freeing
[   41.319173] file system registered
[   41.321045] unloading
[   41.327098] ffs_data_put(): freeing
[   41.327181] ffs_data_put(): freeing
[   41.328107] file system registered
[   41.329982] unloading
[   41.341172] ffs_data_put(): freeing
[   41.341273] ffs_data_put(): freeing
[   41.344200] file system registered
[   41.347030] unloading
[   41.357173] file system registered
[   41.359056] unloading
[   41.367212] ffs_data_put(): freeing
[   41.369741] file system registered
[   41.371354] unloading
[   41.381165] ffs_data_put(): freeing
[   41.381234] ffs_data_put(): freeing
[   41.383804] file system registered
[   41.385394] unloading
[   41.394392] ffs_data_put(): freeing
[   41.395816] file system registered
[   41.397271] unloading
[   41.403291] ffs_data_put(): freeing
[   41.405976] file system registered
[   41.407108] unloading
[   41.415929] file system registered
[   41.418169] unloading
[   41.428786] file system registered
[   41.430946] unloading
[   41.441371] file system registered
[   41.442958] unloading
[   41.448031] ffs_data_put(): freeing
[   41.450032] file system registered
[   41.451864] unloading
[   41.460062] ffs_data_put(): freeing
[   41.460190] ffs_data_put(): freeing
[   41.462376] file system registered
[   41.466277] unloading
[   41.474012] file system registered
[   41.476111] unloading
[   41.483050] ffs_data_put(): freeing
[   41.485227] file system registered
[   41.486855] ffs_data_put(): freeing
[   41.488843] unloading
[   41.496108] ffs_data_put(): freeing
[   41.496233] ffs_data_put(): freeing
[   41.498416] file system registered
[   41.501740] unloading
[   41.510758] file system registered
[   41.513119] unloading
[   41.522926] ffs_data_put(): freeing
[   41.523024] ffs_data_put(): freeing
[   41.524914] file system registered
[   41.526954] unloading
[   41.536079] ffs_data_put(): freeing
[   41.538934] file system registered
[   41.542225] unloading
[   41.551069] ffs_data_put(): freeing
[   41.552843] file system registered
[   41.554041] unloading
[   41.561121] ffs_data_put(): freeing
[   41.563093] file system registered
[   41.565179] unloading
[   41.575100] ffs_data_put(): freeing
[   41.576095] file system registered
[   41.577197] unloading
[   41.584039] file system registered
[   41.586036] unloading
[   41.591053] ffs_data_put(): freeing
[   41.593820] file system registered
[   41.595227] unloading
[   41.603256] ffs_data_put(): freeing
[   41.603379] ffs_data_put(): freeing
[   41.605051] file system registered
[   41.606853] unloading
[   41.613238] ffs_data_put(): freeing
[   41.613315] ffs_data_put(): freeing
[   41.615965] file system registered
[   41.617743] unloading
[   41.626040] file system registered
[   41.627828] unloading
[   41.639136] file system registered
[   41.641117] unloading
[   41.651095] ffs_data_put(): freeing
[   41.653131] file system registered
[   41.655032] unloading
[   41.658937] ffs_data_put(): freeing
[   41.661630] file system registered
[   41.663073] unloading
[   41.666102] ffs_data_put(): freeing
[   41.668106] file system registered
[   41.669802] unloading
[   41.676090] file system registered
[   41.677756] unloading
[   41.685994] ffs_data_put(): freeing
[   41.687391] file system registered
[   41.689274] unloading
[   41.694895] ffs_data_put(): freeing
[   41.696655] file system registered
[   41.697631] unloading
[   41.710104] ffs_data_put(): freeing
[   41.711749] file system registered
[   41.713081] unloading
[   41.720966] ffs_data_put(): freeing
[   41.722878] file system registered
[   41.724131] unloading
[   41.732842] file system registered
[   41.734121] unloading
[   41.738954] ffs_data_put(): freeing
[   41.741387] file system registered
[   41.743107] unloading
[   41.751919] ffs_data_put(): freeing
[   41.753801] file system registered
[   41.755853] unloading
[   41.765040] ffs_data_put(): freeing
[   41.766803] file system registered
[   41.768051] unloading
[   41.772932] ffs_data_put(): freeing
[   41.775295] file system registered
[   41.777283] unloading
[   41.784899] ffs_data_put(): freeing
[   41.787069] file system registered
[   41.788960] unloading
[   41.794055] file system registered
[   41.795313] unloading
[   41.801626] file system registered
[   41.802968] unloading
[   41.808945] ffs_data_put(): freeing
[   41.811067] file system registered
[   41.812782] unloading
[   41.816908] ffs_data_put(): freeing
[   41.817075] ffs_data_put(): freeing
[   41.817157] ffs_data_put(): freeing
[   41.819108] file system registered
[   41.820893] unloading
[   41.829777] ffs_data_put(): freeing
[   41.829966] ffs_data_put(): freeing
[   41.830121] ffs_data_put(): freeing
[   41.830386] file system registered
[   41.832327] unloading
[   41.841189] ffs_data_put(): freeing
[   41.841392] ffs_data_put(): freeing
[   41.841641] ffs_data_put(): freeing
[   41.841902] ffs_data_put(): freeing
[   41.843767] file system registered
[   41.846055] unloading
[   41.859907] ffs_data_put(): freeing
[   41.860208] ffs_data_put(): freeing
[   41.860710] ffs_data_put(): freeing
[   41.860995] ffs_data_put(): freeing
[   41.863453] file system registered
[   41.867332] unloading
[   41.876793] ffs_data_put(): freeing
[   41.876893] ffs_data_put(): freeing
[   41.877109] ffs_data_put(): freeing
[   41.877338] ffs_data_put(): freeing
[   41.881117] file system registered
[   41.885270] unloading
[   41.899986] ffs_data_put(): freeing
[   41.900140] ffs_data_put(): freeing
[   41.901347] ffs_data_put(): freeing
[   41.904366] file system registered
[   41.908092] unloading
[   41.914404] ffs_data_put(): freeing
[   41.917154] file system registered
[   41.920006] unloading
[   41.931118] file system registered
[   41.933385] unloading
[   41.945282] file system registered
[   41.946990] unloading
[   41.958095] ffs_data_put(): freeing
[   41.958214] ffs_data_put(): freeing
[   41.960192] file system registered
[   41.962024] ffs_data_put(): freeing
[   41.962372] unloading
[   41.969123] ffs_data_put(): freeing
[   41.969308] ffs_data_put(): freeing
[   41.971905] file system registered
[   41.973667] unloading
[   41.979872] ffs_data_put(): freeing
[   41.979991] ffs_data_put(): freeing
[   41.981996] file system registered
[   41.984143] unloading
[   41.991141] file system registered
[   41.993315] unloading
[   42.003281] file system registered
[   42.005291] unloading
[   42.011055] ffs_data_put(): freeing
[   42.011159] ffs_data_put(): freeing
[   42.013142] file system registered
[   42.014396] unloading
[   42.020054] ffs_data_put(): freeing
[   42.020132] ffs_data_put(): freeing
[   42.022266] file system registered
[   42.023872] unloading
[   42.035020] ffs_data_put(): freeing
[   42.037022] file system registered
[   42.039224] unloading
[   42.048344] file system registered
[   42.050025] unloading
[   42.059010] ffs_data_put(): freeing
[   42.060230] file system registered
[   42.061764] unloading
[   42.072337] file system registered
[   42.073765] unloading
[   42.079879] ffs_data_put(): freeing
[   42.081336] file system registered
[   42.082878] unloading
[   42.091278] file system registered
[   42.092715] unloading
[   42.102652] file system registered
[   42.103824] unloading
[   42.112950] ffs_data_put(): freeing
[   42.113046] ffs_data_put(): freeing
[   42.113147] ffs_data_put(): freeing
[   42.115049] file system registered
[   42.116911] unloading
[   42.125186] ffs_data_put(): freeing
[   42.125286] ffs_data_put(): freeing
[   42.128404] file system registered
[   42.131006] unloading
[   42.138775] file system registered
[   42.141062] unloading
[   42.145106] ffs_data_put(): freeing
[   42.145214] ffs_data_put(): freeing
[   42.147659] file system registered
[   42.149236] unloading
[   42.154076] ffs_data_put(): freeing
[   42.157010] file system registered
[   42.159091] ffs_data_put(): freeing
[   42.159164] unloading
[   42.167710] ffs_data_put(): freeing
[   42.169093] file system registered
[   42.171375] unloading
[   42.180361] file system registered
[   42.182956] unloading
[   42.192995] ffs_data_put(): freeing
[   42.193203] ffs_data_put(): freeing
[   42.193293] ffs_data_put(): freeing
[   42.196785] file system registered
[   42.199083] unloading
[   42.210764] file system registered
[   42.213852] unloading
[   42.221973] ffs_data_put(): freeing
[   42.224045] file system registered
[   42.225850] unloading
[   42.233339] file system registered
[   42.235048] unloading
[   42.240043] ffs_data_put(): freeing
[   42.241879] file system registered
[   42.242787] unloading
[   42.248988] ffs_data_put(): freeing
[   42.249073] ffs_data_put(): freeing
[   42.251277] file system registered
[   42.253164] unloading
[   42.262974] ffs_data_put(): freeing
[   42.264952] file system registered
[   42.266706] unloading
[   42.272901] file system registered
[   42.274380] unloading
[   42.278922] ffs_data_put(): freeing
[   42.280768] file system registered
[   42.282015] unloading
[   42.288630] file system registered
[   42.290050] unloading
[   42.297902] ffs_data_put(): freeing
[   42.299379] file system registered
[   42.301761] unloading
[   42.306980] ffs_data_put(): freeing
[   42.307070] ffs_data_put(): freeing
[   42.309342] file system registered
[   42.311341] unloading
[   42.316980] ffs_data_put(): freeing
[   42.319035] file system registered
[   42.320580] unloading
[   42.327051] ffs_data_put(): freeing
[   42.327150] ffs_data_put(): freeing
[   42.328785] file system registered
[   42.330203] unloading
[   42.334974] ffs_data_put(): freeing
[   42.335033] ffs_data_put(): freeing
[   42.336820] file system registered
[   42.338193] unloading
[   42.343032] ffs_data_put(): freeing
[   42.344780] file system registered
[   42.346075] unloading
[   42.355105] ffs_data_put(): freeing
[   42.355183] ffs_data_put(): freeing
[   42.357609] file system registered
[   42.359287] unloading
[   42.369134] ffs_data_put(): freeing
[   42.369340] ffs_data_put(): freeing
[   42.369585] ffs_data_put(): freeing
[   42.370899] file system registered
[   42.372064] unloading
[   42.377111] ffs_data_put(): freeing
[   42.377343] ffs_data_put(): freeing
[   42.377614] ffs_data_put(): freeing
[   42.379243] file system registered
[   42.380932] unloading
[   42.386036] ffs_data_put(): freeing
[   42.386287] ffs_data_put(): freeing
[   42.386780] ffs_data_put(): freeing
[   42.386981] ffs_data_put(): freeing
[   42.389409] file system registered
[   42.392227] unloading
[   42.402991] file system registered
[   42.404902] unloading
[   42.411910] file system registered
[   42.414825] unloading
[   42.422051] ffs_data_put(): freeing
[   42.424933] file system registered
[   42.428034] ffs_data_put(): freeing
[   42.428824] unloading
[   42.436140] ffs_data_put(): freeing
[   42.436276] ffs_data_put(): freeing
[   42.437961] file system registered
[   42.439384] unloading
[   42.449413] ffs_data_put(): freeing
[   42.452142] file system registered
[   42.453801] unloading
[   42.464249] file system registered
[   42.466771] unloading
[   42.472958] ffs_data_put(): freeing
[   42.475017] file system registered
[   42.476783] unloading
[   42.482859] ffs_data_put(): freeing
[   42.485253] file system registered
[   42.487176] unloading
[   42.496065] ffs_data_put(): freeing
[   42.496128] ffs_data_put(): freeing
[   42.498210] file system registered
[   42.500096] unloading
[   42.507002] ffs_data_put(): freeing
[   42.507109] ffs_data_put(): freeing
[   42.508291] file system registered
[   42.509649] unloading
[   42.514003] ffs_data_put(): freeing
[   42.514083] ffs_data_put(): freeing
[   42.515729] file system registered
[   42.517165] unloading
[   42.524106] ffs_data_put(): freeing
[   42.527659] file system registered
[   42.528922] unloading
[   42.538646] file system registered
[   42.540274] unloading
[   42.548936] ffs_data_put(): freeing
[   42.549046] ffs_data_put(): freeing
[   42.550212] file system registered
[   42.552054] unloading
[   42.557957] ffs_data_put(): freeing
[   42.558185] ffs_data_put(): freeing
[   42.558304] ffs_data_put(): freeing
[   42.559143] file system registered
[   42.560320] unloading
[   42.567088] ffs_data_put(): freeing
[   42.567241] ffs_data_put(): freeing
[   42.568646] file system registered
[   42.569825] unloading
[   42.577044] ffs_data_put(): freeing
[   42.577202] ffs_data_put(): freeing
[   42.577648] ffs_data_put(): freeing
[   42.579081] file system registered
[   42.581095] unloading
[   42.590242] ffs_data_put(): freeing
[   42.592021] ffs_data_put(): freeing
[   42.592691] file system registered
[   42.595962] unloading
[   42.602395] ffs_data_put(): freeing
[   42.602641] ffs_data_put(): freeing
[   42.604693] file system registered
[   42.606741] unloading
[   42.614179] ffs_data_put(): freeing
[   42.616099] file system registered
[   42.617926] unloading
[   42.628199] ffs_data_put(): freeing
[   42.630460] file system registered
[   42.632216] unloading
[   42.640155] ffs_data_put(): freeing
[   42.640307] ffs_data_put(): freeing
[   42.640931] ffs_data_put(): freeing
[   42.641960] file system registered
[   42.644694] unloading
[   42.656222] ffs_data_put(): freeing
[   42.656848] ffs_data_put(): freeing
[   42.657168] ffs_data_put(): freeing
[   42.658245] file system registered
[   42.660752] unloading
[   42.666397] ffs_data_put(): freeing
[   42.666715] ffs_data_put(): freeing
[   42.669305] file system registered
[   42.673039] unloading
[   42.680674] ffs_data_put(): freeing
[   42.681139] ffs_data_put(): freeing
[   42.681982] file system registered
[   42.684315] unloading
[   42.695364] ffs_data_put(): freeing
[   42.695751] ffs_data_put(): freeing
[   42.695860] ffs_data_put(): freeing
[   42.697897] file system registered
[   42.700278] unloading
[   42.708992] ffs_data_put(): freeing
[   42.709308] ffs_data_put(): freeing
[   42.709695] ffs_data_put(): freeing
[   42.709886] ffs_data_put(): freeing
[   42.711773] file system registered
[   42.715983] unloading
[   42.724405] ffs_data_put(): freeing
[   42.724747] ffs_data_put(): freeing
[   42.727077] file system registered
[   42.730124] unloading
[   42.738440] ffs_data_put(): freeing
[   42.743171] file system registered
[   42.746635] unloading
[   42.755355] ffs_data_put(): freeing
[   42.755721] ffs_data_put(): freeing
[   42.757379] file system registered
[   42.759982] unloading
[   42.768807] file system registered
[   42.770145] unloading
[   42.779060] ffs_data_put(): freeing
[   42.780614] file system registered
[   42.782226] unloading
[   42.789026] ffs_data_put(): freeing
[   42.791523] file system registered
[   42.793770] unloading
[   42.802319] file system registered
[   42.803909] unloading
[   42.810060] ffs_data_put(): freeing
[   42.810141] ffs_data_put(): freeing
[   42.811981] file system registered
[   42.813900] unloading
[   42.822970] ffs_data_put(): freeing
[   42.823094] ffs_data_put(): freeing
[   42.825284] file system registered
[   42.827340] unloading
[   42.838071] ffs_data_put(): freeing
[   42.839985] file system registered
[   42.841227] unloading
[   42.848947] file system registered
[   42.851674] unloading
[   42.857124] ffs_data_put(): freeing
[   42.857243] ffs_data_put(): freeing
[   42.859068] file system registered
[   42.861032] unloading
[   42.870069] ffs_data_put(): freeing
[   42.870177] ffs_data_put(): freeing
[   42.872115] file system registered
[   42.873946] unloading
[   42.882184] ffs_data_put(): freeing
[   42.884254] file system registered
[   42.887038] unloading
[   42.896030] ffs_data_put(): freeing
[   42.897415] file system registered
[   42.898837] unloading
[   42.906107] ffs_data_put(): freeing
[   42.908683] file system registered
[   42.911683] unloading
[   42.921183] ffs_data_put(): freeing
[   42.925625] file system registered
[   42.927248] unloading
[   42.934021] ffs_data_put(): freeing
[   42.935293] file system registered
[   42.936836] unloading
[   42.945790] file system registered
[   42.948035] unloading
[   42.958935] ffs_data_put(): freeing
[   42.959075] ffs_data_put(): freeing
[   42.959184] ffs_data_put(): freeing
[   42.960189] file system registered
[   42.961782] unloading
[   42.968111] ffs_data_put(): freeing
[   42.968290] ffs_data_put(): freeing
[   42.970327] file system registered
[   42.972245] unloading
[   42.979027] ffs_data_put(): freeing
[   42.979226] ffs_data_put(): freeing
[   42.980230] file system registered
[   42.981933] unloading
[   42.987038] ffs_data_put(): freeing
[   42.987151] ffs_data_put(): freeing
[   42.988399] file system registered
[   42.990104] unloading
[   42.995953] ffs_data_put(): freeing
[   42.996088] ffs_data_put(): freeing
[   42.997216] file system registered
[   42.998873] unloading
[   43.004290] ffs_data_put(): freeing
[   43.004382] ffs_data_put(): freeing
[   43.007357] file system registered
[   43.010761] unloading
[   43.018840] file system registered
[   43.020813] unloading
[   43.027324] ffs_data_put(): freeing
[   43.029018] file system registered
[   43.030985] unloading
[   43.040107] ffs_data_put(): freeing
[   43.040212] ffs_data_put(): freeing
[   43.041636] file system registered
[   43.042834] unloading
[   43.050156] ffs_data_put(): freeing
[   43.052218] file system registered
[   43.054026] unloading
[   43.064252] ffs_data_put(): freeing
[   43.064378] ffs_data_put(): freeing
[   43.066169] file system registered
[   43.069196] ffs_data_put(): freeing
[   43.069283] unloading
[   43.078194] ffs_data_put(): freeing
[   43.078577] ffs_data_put(): freeing
[   43.080239] file system registered
[   43.082281] unloading
[   43.090142] ffs_data_put(): freeing
[   43.090259] ffs_data_put(): freeing
[   43.092334] file system registered
[   43.095184] unloading
[   43.104825] file system registered
[   43.106135] unloading
[   43.114321] file system registered
[   43.116041] unloading
[   43.122052] ffs_data_put(): freeing
[   43.122140] ffs_data_put(): freeing
[   43.123593] file system registered
[   43.125161] unloading
[   43.132220] ffs_data_put(): freeing
[   43.132346] ffs_data_put(): freeing
[   43.135963] file system registered
[   43.139047] unloading
[   43.146158] ffs_data_put(): freeing
[   43.146309] ffs_data_put(): freeing
[   43.149676] file system registered
[   43.151410] unloading
[   43.159183] ffs_data_put(): freeing
[   43.161827] file system registered
[   43.163804] unloading
[   43.172014] ffs_data_put(): freeing
[   43.174229] file system registered
[   43.176056] unloading
[   43.186273] file system registered
[   43.187847] unloading
[   43.193116] ffs_data_put(): freeing
[   43.193247] ffs_data_put(): freeing
[   43.195148] file system registered
[   43.197013] unloading
[   43.203152] ffs_data_put(): freeing
[   43.203292] ffs_data_put(): freeing
[   43.205808] file system registered
[   43.208077] unloading
[   43.217175] ffs_data_put(): freeing
[   43.219964] file system registered
[   43.222419] unloading
[   43.229228] ffs_data_put(): freeing
[   43.229400] ffs_data_put(): freeing
[   43.229645] ffs_data_put(): freeing
[   43.231085] file system registered
[   43.232918] unloading
[   43.241188] ffs_data_put(): freeing
[   43.241354] ffs_data_put(): freeing
[   43.241662] ffs_data_put(): freeing
[   43.242144] ffs_data_put(): freeing
[   43.242834] file system registered
[   43.244238] unloading
[   43.253014] ffs_data_put(): freeing
[   43.253229] ffs_data_put(): freeing
[   43.253786] ffs_data_put(): freeing
[   43.253950] ffs_data_put(): freeing
[   43.256297] file system registered
[   43.259157] unloading
[   43.267827] ffs_data_put(): freeing
[   43.270222] file system registered
[   43.273994] unloading
[   43.284203] file system registered
[   43.286370] unloading
[   43.297984] file system registered
[   43.300091] unloading
[   43.308224] ffs_data_put(): freeing
[   43.308311] ffs_data_put(): freeing
[   43.310347] file system registered
[   43.312298] unloading
[   43.320039] ffs_data_put(): freeing
[   43.322395] file system registered
[   43.324112] unloading
[   43.329022] ffs_data_put(): freeing
[   43.329125] ffs_data_put(): freeing
[   43.331167] file system registered
[   43.333007] unloading
[   43.342394] file system registered
[   43.344339] unloading
[   43.350911] ffs_data_put(): freeing
[   43.351004] ffs_data_put(): freeing
[   43.352950] file system registered
[   43.354255] unloading
[   43.366242] file system registered
[   43.367938] unloading
[   43.377921] ffs_data_put(): freeing
[   43.379803] file system registered
[   43.381076] unloading
[   43.389961] ffs_data_put(): freeing
[   43.390087] ffs_data_put(): freeing
[   43.390189] ffs_data_put(): freeing
[   43.391123] file system registered
[   43.392353] unloading
[   43.403116] ffs_data_put(): freeing
[   43.403270] ffs_data_put(): freeing
[   43.404591] file system registered
[   43.405876] unloading
[   43.414140] ffs_data_put(): freeing
[   43.414360] ffs_data_put(): freeing
[   43.414549] ffs_data_put(): freeing
[   43.417985] file system registered
[   43.421154] unloading
[   43.429770] ffs_data_put(): freeing
[   43.431211] file system registered
[   43.432781] unloading
[   43.438068] ffs_data_put(): freeing
[   43.438201] ffs_data_put(): freeing
[   43.440101] file system registered
[   43.441716] unloading
[   43.448087] ffs_data_put(): freeing
[   43.448208] ffs_data_put(): freeing
[   43.450022] file system registered
[   43.451730] unloading
[   43.464140] ffs_data_put(): freeing
[   43.464266] ffs_data_put(): freeing
[   43.467316] file system registered
[   43.470278] unloading
[   43.480210] ffs_data_put(): freeing
[   43.482379] file system registered
[   43.485403] unloading
[   43.493034] ffs_data_put(): freeing
[   43.495740] file system registered
[   43.497330] unloading
[   43.503050] ffs_data_put(): freeing
[   43.505669] file system registered
[   43.507679] unloading
[   43.519279] file system registered
[   43.522053] unloading
[   43.529054] ffs_data_put(): freeing
[   43.531277] file system registered
[   43.533275] unloading
[   43.542931] ffs_data_put(): freeing
[   43.544739] file system registered
[   43.546065] unloading
[   43.551866] ffs_data_put(): freeing
[   43.553395] file system registered
[   43.554976] unloading
[   43.561340] file system registered
[   43.562844] unloading
[   43.568978] ffs_data_put(): freeing
[   43.570870] file system registered
[   43.572094] unloading
[   43.581075] ffs_data_put(): freeing
[   43.581169] ffs_data_put(): freeing
[   43.582787] file system registered
[   43.584139] unloading
[   43.591041] ffs_data_put(): freeing
[   43.593266] file system registered
[   43.595375] unloading
[   43.602987] ffs_data_put(): freeing
[   43.603099] ffs_data_put(): freeing
[   43.603191] ffs_data_put(): freeing
[   43.604254] file system registered
[   43.606081] unloading
[   43.614274] ffs_data_put(): freeing
[   43.614386] ffs_data_put(): freeing
[   43.617047] file system registered
[   43.619302] unloading
[   43.625251] ffs_data_put(): freeing
[   43.627158] file system registered
[   43.628960] unloading
[   43.638074] ffs_data_put(): freeing
[   43.638175] ffs_data_put(): freeing
[   43.640179] file system registered
[   43.642160] unloading
[   43.649082] ffs_data_put(): freeing
[   43.649331] ffs_data_put(): freeing
[   43.649563] ffs_data_put(): freeing
[   43.650643] file system registered
[   43.652863] unloading
[   43.659042] ffs_data_put(): freeing
[   43.659203] ffs_data_put(): freeing
[   43.659654] ffs_data_put(): freeing
[   43.659701] ffs_data_put(): freeing
[   43.661324] file system registered
[   43.663970] unloading
[   43.669260] ffs_data_put(): freeing
[   43.671133] file system registered
[   43.673087] unloading
[   43.680067] ffs_data_put(): freeing
[   43.682129] file system registered
[   43.684066] unloading
[   43.694004] ffs_data_put(): freeing
[   43.696804] file system registered
[   43.699282] unloading
[   43.712299] ffs_data_put(): freeing
[   43.712642] ffs_data_put(): freeing
[   43.714028] file system registered
[   43.715448] unloading
[   43.719996] ffs_data_put(): freeing
[   43.720253] ffs_data_put(): freeing
[   43.720733] ffs_data_put(): freeing
[   43.722113] file system registered
[   43.723947] unloading
[   43.728121] ffs_data_put(): freeing
[   43.728301] ffs_data_put(): freeing
[   43.730827] file system registered
[   43.732887] unloading
[   43.742033] ffs_data_put(): freeing
[   43.744779] file system registered
[   43.746235] unloading
[   43.759241] ffs_data_put(): freeing
[   43.760858] ffs_data_put(): freeing
[   43.763266] file system registered
[   43.765984] unloading
[   43.773272] ffs_data_put(): freeing
[   43.775785] file system registered
[   43.779351] unloading
[   43.788137] ffs_data_put(): freeing
[   43.788262] ffs_data_put(): freeing
[   43.790402] file system registered
[   43.792930] unloading
[   43.799771] file system registered
[   43.800824] unloading
[   43.809680] file system registered
[   43.811040] unloading
[   43.817661] file system registered
[   43.818882] unloading
[   43.824008] ffs_data_put(): freeing
[   43.826688] file system registered
[   43.828195] unloading
[   43.836013] ffs_data_put(): freeing
[   43.836216] ffs_data_put(): freeing
[   43.836287] ffs_data_put(): freeing
[   43.838692] file system registered
[   43.840301] unloading
[   43.851895] file system registered
[   43.853250] unloading
[   43.859941] ffs_data_put(): freeing
[   43.861975] file system registered
[   43.863833] unloading
[   43.875058] ffs_data_put(): freeing
[   43.876785] file system registered
[   43.878383] unloading
[   43.886137] file system registered
[   43.887364] unloading
[   43.893992] ffs_data_put(): freeing
[   43.896312] file system registered
[   43.898041] unloading
[   43.908046] ffs_data_put(): freeing
[   43.908148] ffs_data_put(): freeing
[   43.909855] file system registered
[   43.912582] ffs_data_put(): freeing
[   43.912799] unloading
[   43.919099] ffs_data_put(): freeing
[   43.921210] file system registered
[   43.923182] unloading
[   43.931931] ffs_data_put(): freeing
[   43.932040] ffs_data_put(): freeing
[   43.933201] file system registered
[   43.934748] unloading
[   43.942629] ffs_data_put(): freeing
[   43.942871] file system registered
[   43.944088] unloading
[   43.949041] ffs_data_put(): freeing
[   43.949119] ffs_data_put(): freeing
[   43.950641] file system registered
[   43.952044] unloading
[   43.962132] ffs_data_put(): freeing
[   43.962233] ffs_data_put(): freeing
[   43.964715] file system registered
[   43.966781] unloading
[   43.977368] ffs_data_put(): freeing
[   43.977618] ffs_data_put(): freeing
[   43.981102] file system registered
[   43.984049] unloading
[   43.992106] ffs_data_put(): freeing
[   43.993670] file system registered
[   43.994696] unloading
[   44.004391] file system registered
[   44.006361] unloading
[   44.014019] ffs_data_put(): freeing
[   44.016380] file system registered
[   44.018055] unloading
[   44.028369] file system registered
[   44.029930] unloading
[   44.036687] file system registered
[   44.037987] unloading
[   44.043764] file system registered
[   44.045368] unloading
[   44.057955] ffs_data_put(): freeing
[   44.058112] ffs_data_put(): freeing
[   44.058217] ffs_data_put(): freeing
[   44.061085] file system registered
[   44.063129] unloading
[   44.069601] ffs_data_put(): freeing
[   44.069605] ffs_data_put(): freeing
[   44.069690] ffs_data_put(): freeing
[   44.071709] file system registered
[   44.073228] unloading
[   44.084191] ffs_data_put(): freeing
[   44.086386] file system registered
[   44.089741] unloading
[   44.097383] ffs_data_put(): freeing
[   44.100416] file system registered
[   44.102236] unloading
[   44.111373] file system registered
[   44.113121] unloading
[   44.121376] ffs_data_put(): freeing
[   44.121412] ffs_data_put(): freeing
[   44.122749] file system registered
[   44.123784] unloading
[   44.128932] ffs_data_put(): freeing
[   44.130283] file system registered
[   44.131651] unloading
[   44.138067] ffs_data_put(): freeing
[   44.138198] ffs_data_put(): freeing
[   44.139872] file system registered
[   44.141068] unloading
[   44.147110] ffs_data_put(): freeing
[   44.147240] ffs_data_put(): freeing
[   44.149780] file system registered
[   44.152177] unloading
[   44.159034] ffs_data_put(): freeing
[   44.161332] file system registered
[   44.163134] unloading
[   44.171938] ffs_data_put(): freeing
[   44.174196] file system registered
[   44.175925] unloading
[   44.184996] ffs_data_put(): freeing
[   44.187803] file system registered
[   44.189318] unloading
[   44.196998] ffs_data_put(): freeing
[   44.199587] file system registered
[   44.201247] unloading
[   44.207943] ffs_data_put(): freeing
[   44.209312] file system registered
[   44.210956] unloading
[   44.217000] ffs_data_put(): freeing
[   44.219232] file system registered
[   44.220890] unloading
[   44.227018] ffs_data_put(): freeing
[   44.227086] ffs_data_put(): freeing
[   44.230136] file system registered
[   44.231852] unloading
[   44.244015] ffs_data_put(): freeing
[   44.244103] ffs_data_put(): freeing
[   44.246004] file system registered
[   44.248058] unloading
[   44.258178] ffs_data_put(): freeing
[   44.258291] ffs_data_put(): freeing
[   44.261125] file system registered
[   44.263603] unloading
[   44.271699] file system registered
[   44.273087] unloading
[   44.278009] ffs_data_put(): freeing
[   44.279670] file system registered
[   44.281117] unloading
[   44.290041] ffs_data_put(): freeing
[   44.290137] ffs_data_put(): freeing
[   44.291858] file system registered
[   44.293533] unloading
[   44.301165] ffs_data_put(): freeing
[   44.304131] file system registered
[   44.306958] unloading
[   44.315336] file system registered
[   44.317151] unloading
[   44.324648] file system registered
[   44.325810] unloading
[   44.334227] ffs_data_put(): freeing
[   44.334329] ffs_data_put(): freeing
[   44.335943] file system registered
[   44.337394] unloading
[   44.344710] file system registered
[   44.346042] unloading
[   44.352042] ffs_data_put(): freeing
[   44.353299] ffs_data_put(): freeing
[   44.354032] file system registered
[   44.355196] unloading
[   44.359934] ffs_data_put(): freeing
[   44.361885] file system registered
[   44.363175] unloading
[   44.371407] file system registered
[   44.372397] unloading
[   44.382063] ffs_data_put(): freeing
[   44.384348] file system registered
[   44.386020] unloading
[   44.396006] ffs_data_put(): freeing
[   44.396126] ffs_data_put(): freeing
[   44.397880] file system registered
[   44.399195] unloading
[   44.404017] ffs_data_put(): freeing
[   44.406352] file system registered
[   44.407991] unloading
[   44.413988] ffs_data_put(): freeing
[   44.414098] ffs_data_put(): freeing
[   44.415869] file system registered
[   44.417230] unloading
[   44.424076] ffs_data_put(): freeing
[   44.424151] ffs_data_put(): freeing
[   44.425618] file system registered
[   44.426985] unloading
[   44.434283] file system registered
[   44.435971] unloading
[   44.441368] ffs_data_put(): freeing
[   44.443451] file system registered
[   44.445276] unloading
[   44.450750] ffs_data_put(): freeing
[   44.450830] ffs_data_put(): freeing
[   44.452375] file system registered
[   44.454665] unloading
[   44.463256] file system registered
[   44.464862] unloading
[   44.469899] ffs_data_put(): freeing
[   44.471608] file system registered
[   44.472959] unloading
[   44.477849] ffs_data_put(): freeing
[   44.479161] file system registered
[   44.481660] unloading
[   44.488118] ffs_data_put(): freeing
[   44.488215] ffs_data_put(): freeing
[   44.489387] file system registered
[   44.491072] unloading
[   44.496944] ffs_data_put(): freeing
[   44.497091] ffs_data_put(): freeing
[   44.497196] ffs_data_put(): freeing
[   44.498140] file system registered
[   44.500074] unloading
[   44.507135] ffs_data_put(): freeing
[   44.507215] ffs_data_put(): freeing
[   44.509333] file system registered
[   44.511098] unloading
[   44.520056] ffs_data_put(): freeing
[   44.521803] file system registered
[   44.523020] unloading
[   44.530262] ffs_data_put(): freeing
[   44.530626] ffs_data_put(): freeing
[   44.532211] file system registered
[   44.533350] unloading
[   44.542929] file system registered
[   44.546075] unloading
[   44.552975] ffs_data_put(): freeing
[   44.553064] ffs_data_put(): freeing
[   44.555225] file system registered
[   44.557037] unloading
[   44.570142] ffs_data_put(): freeing
[   44.572346] file system registered
[   44.574687] unloading
[   44.579117] ffs_data_put(): freeing
[   44.583345] file system registered
[   44.585886] unloading
[   44.594137] file system registered
[   44.596319] unloading
[   44.604000] ffs_data_put(): freeing
[   44.605899] file system registered
[   44.607178] unloading
[   44.614208] file system registered
[   44.616076] unloading
[   44.622054] ffs_data_put(): freeing
[   44.624312] file system registered
[   44.626076] unloading
[   44.634059] file system registered
[   44.635940] unloading
[   44.639913] ffs_data_put(): freeing
[   44.639999] ffs_data_put(): freeing
[   44.643337] file system registered
[   44.645322] unloading
[   44.653069] ffs_data_put(): freeing
[   44.655248] file system registered
[   44.657183] unloading
[   44.667171] file system registered
[   44.668380] unloading
[   44.673528] ffs_data_put(): freeing
[   44.674782] file system registered
[   44.676013] unloading
[   44.681921] ffs_data_put(): freeing
[   44.682034] ffs_data_put(): freeing
[   44.683207] file system registered
[   44.684537] unloading
[   44.691003] ffs_data_put(): freeing
[   44.693058] file system registered
[   44.694695] unloading
[   44.702184] file system registered
[   44.703795] unloading
[   44.712991] ffs_data_put(): freeing
[   44.713086] ffs_data_put(): freeing
[   44.714688] file system registered
[   44.716215] unloading
[   44.723174] ffs_data_put(): freeing
[   44.723330] ffs_data_put(): freeing
[   44.724306] file system registered
[   44.725772] unloading
[   44.730026] ffs_data_put(): freeing
[   44.731342] file system registered
[   44.733250] unloading
[   44.743909] ffs_data_put(): freeing
[   44.745863] file system registered
[   44.747386] unloading
[   44.751972] ffs_data_put(): freeing
[   44.754893] file system registered
[   44.757339] ffs_data_put(): freeing
[   44.757693] unloading
[   44.764033] ffs_data_put(): freeing
[   44.765847] file system registered
[   44.767940] unloading
[   44.777043] ffs_data_put(): freeing
[   44.777133] ffs_data_put(): freeing
[   44.778918] file system registered
[   44.780757] ffs_data_put(): freeing
[   44.780929] unloading
[   44.793784] ffs_data_put(): freeing
[   44.794996] ffs_data_put(): freeing
[   44.795294] ffs_data_put(): freeing
[   44.796936] file system registered
[   44.800943] unloading
[   44.813253] ffs_data_put(): freeing
[   44.816981] file system registered
[   44.821128] unloading
[   44.833292] file system registered
[   44.836865] unloading
[   44.843114] ffs_data_put(): freeing
[   44.844278] file system registered
[   44.847024] unloading
[   44.855146] ffs_data_put(): freeing
[   44.855257] ffs_data_put(): freeing
[   44.857286] file system registered
[   44.859897] unloading
[   44.869076] ffs_data_put(): freeing
[   44.869401] ffs_data_put(): freeing
[   44.869732] ffs_data_put(): freeing
[   44.870413] file system registered
[   44.872280] unloading
[   44.881211] ffs_data_put(): freeing
[   44.881308] ffs_data_put(): freeing
[   44.885265] file system registered
[   44.887968] unloading
[   44.895205] ffs_data_put(): freeing
[   44.895339] ffs_data_put(): freeing
[   44.897765] file system registered
[   44.900823] unloading
[   44.909161] ffs_data_put(): freeing
[   44.911963] file system registered
[   44.914377] unloading
[   44.921235] ffs_data_put(): freeing
[   44.924353] file system registered
[   44.926193] unloading
[   44.935124] ffs_data_put(): freeing
[   44.935216] ffs_data_put(): freeing
[   44.937196] file system registered
[   44.938823] unloading
[   44.950110] ffs_data_put(): freeing
[   44.950266] ffs_data_put(): freeing
[   44.953182] file system registered
[   44.956018] ffs_data_put(): freeing
[   44.956408] unloading
[   44.964232] file system registered
[   44.966086] ffs_data_put(): freeing
[   44.966345] unloading
[   44.973837] file system registered
[   44.975155] unloading
[   44.983758] file system registered
[   44.985675] unloading
[   44.997994] ffs_data_put(): freeing
[   44.998106] ffs_data_put(): freeing
[   45.000191] file system registered
[   45.001876] unloading
[   45.010975] ffs_data_put(): freeing
[   45.013370] file system registered
[   45.015966] unloading
[   45.024080] ffs_data_put(): freeing
[   45.026903] file system registered
[   45.029197] unloading
[   45.041197] ffs_data_put(): freeing
[   45.041318] ffs_data_put(): freeing
[   45.043284] file system registered
[   45.045315] unloading
[   45.057282] ffs_data_put(): freeing
[   45.057621] ffs_data_put(): freeing
[   45.057968] ffs_data_put(): freeing
[   45.059358] ffs_data_put(): freeing
[   45.060848] file system registered
[   45.064155] unloading
[   45.076045] file system registered
[   45.079207] unloading
[   45.086316] ffs_data_put(): freeing
[   45.087053] ffs_data_put(): freeing
[   45.088136] file system registered
[   45.091188] unloading
[   45.105388] ffs_data_put(): freeing
[   45.106740] ffs_data_put(): freeing
[   45.108275] file system registered
[   45.112923] unloading
[   45.116970] ffs_data_put(): freeing
[   45.117259] ffs_data_put(): freeing
[   45.120180] file system registered
[   45.122816] unloading
[   45.132251] ffs_data_put(): freeing
[   45.132623] ffs_data_put(): freeing
[   45.132870] ffs_data_put(): freeing
[   45.133104] ffs_data_put(): freeing
[   45.135428] file system registered
[   45.139032] unloading
[   45.150338] ffs_data_put(): freeing
[   45.150779] ffs_data_put(): freeing
[   45.150901] ffs_data_put(): freeing
[   45.153217] file system registered
[   45.157215] unloading
[   45.166745] ffs_data_put(): freeing
[   45.167803] ffs_data_put(): freeing
[   45.171064] file system registered
[   45.174105] unloading
[   45.183725] ffs_data_put(): freeing
[   45.186213] file system registered
[   45.188063] unloading
[   45.194017] file system registered
[   45.195155] unloading
[   45.205402] file system registered
[   45.207722] unloading
[   45.212971] ffs_data_put(): freeing
[   45.214902] file system registered
[   45.216618] unloading
[   45.223729] file system registered
[   45.225203] unloading
[   45.230929] ffs_data_put(): freeing
[   45.231014] ffs_data_put(): freeing
[   45.233101] file system registered
[   45.234820] unloading
[   45.241986] ffs_data_put(): freeing
[   45.244111] file system registered
[   45.245952] unloading
[   45.255301] file system registered
[   45.257401] unloading
[   45.266290] file system registered
[   45.268094] unloading
[   45.276889] ffs_data_put(): freeing
[   45.278969] file system registered
[   45.280717] unloading
[   45.290985] ffs_data_put(): freeing
[   45.291070] ffs_data_put(): freeing
[   45.293165] file system registered
[   45.295938] unloading
[   45.302062] ffs_data_put(): freeing
[   45.304755] file system registered
[   45.306618] ffs_data_put(): freeing
[   45.307107] unloading
[   45.315051] ffs_data_put(): freeing
[   45.317146] file system registered
[   45.319158] unloading
[   45.328088] ffs_data_put(): freeing
[   45.331182] file system registered
[   45.333267] unloading
[   45.338942] ffs_data_put(): freeing
[   45.340755] file system registered
[   45.342169] unloading
[   45.348365] file system registered
[   45.350674] unloading
[   45.359931] ffs_data_put(): freeing
[   45.360055] ffs_data_put(): freeing
[   45.361299] file system registered
[   45.362611] unloading
[   45.369162] ffs_data_put(): freeing
[   45.369271] ffs_data_put(): freeing
[   45.371137] file system registered
[   45.372282] unloading
[   45.380214] ffs_data_put(): freeing
[   45.382674] file system registered
[   45.384318] unloading
[   45.391351] file system registered
[   45.393688] unloading
[   45.401769] file system registered
[   45.403676] unloading
[   45.412664] file system registered
[   45.413993] unloading
[   45.421974] ffs_data_put(): freeing
[   45.422109] ffs_data_put(): freeing
[   45.423658] file system registered
[   45.425115] unloading
[   45.431006] ffs_data_put(): freeing
[   45.431214] ffs_data_put(): freeing
[   45.433328] file system registered
[   45.435632] ffs_data_put(): freeing
[   45.436002] unloading
[   45.445216] ffs_data_put(): freeing
[   45.447414] file system registered
[   45.449047] unloading
[   45.456115] file system registered
[   45.458360] unloading
[   45.465995] ffs_data_put(): freeing
[   45.468120] file system registered
[   45.469199] unloading
[   45.476012] file system registered
[   45.477654] unloading
[   45.486911] ffs_data_put(): freeing
[   45.486993] ffs_data_put(): freeing
[   45.488923] file system registered
[   45.490236] ffs_data_put(): freeing
[   45.490863] unloading
[   45.501088] ffs_data_put(): freeing
[   45.501223] ffs_data_put(): freeing
[   45.503174] file system registered
[   45.505101] unloading
[   45.515163] file system registered
[   45.516180] unloading
[   45.521031] ffs_data_put(): freeing
[   45.523347] file system registered
[   45.525204] unloading
[   45.530076] ffs_data_put(): freeing
[   45.530203] ffs_data_put(): freeing
[   45.530335] ffs_data_put(): freeing
[   45.531765] file system registered
[   45.533128] unloading
[   45.540973] ffs_data_put(): freeing
[   45.541130] ffs_data_put(): freeing
[   45.541373] ffs_data_put(): freeing
[   45.541969] ffs_data_put(): freeing
[   45.542344] file system registered
[   45.544148] unloading
[   45.551105] ffs_data_put(): freeing
[   45.551287] ffs_data_put(): freeing
[   45.551783] ffs_data_put(): freeing
[   45.551914] ffs_data_put(): freeing
[   45.554032] file system registered
[   45.556413] unloading
[   45.568387] ffs_data_put(): freeing
[   45.573539] file system registered
[   45.577332] unloading
[   45.584256] ffs_data_put(): freeing
[   45.585268] ffs_data_put(): freeing
[   45.587707] file system registered
[   45.589305] unloading
[   45.597225] ffs_data_put(): freeing
[   45.600162] file system registered
[   45.602406] unloading
[   45.611138] ffs_data_put(): freeing
[   45.613864] file system registered
[   45.616368] unloading
[   45.623104] ffs_data_put(): freeing
[   45.623179] ffs_data_put(): freeing
[   45.625396] file system registered
[   45.627029] unloading
[   45.634003] ffs_data_put(): freeing
[   45.636921] file system registered
[   45.639270] unloading
[   45.649102] ffs_data_put(): freeing
[   45.651259] file system registered
[   45.653180] unloading
[   45.661832] file system registered
[   45.662918] unloading
[   45.668690] file system registered
[   45.669923] unloading
[   45.679873] ffs_data_put(): freeing
[   45.681707] file system registered
[   45.682902] unloading
[   45.687952] ffs_data_put(): freeing
[   45.688038] ffs_data_put(): freeing
[   45.689684] file system registered
[   45.690924] unloading
[   45.697053] ffs_data_put(): freeing
[   45.697158] ffs_data_put(): freeing
[   45.699326] file system registered
[   45.700794] unloading
[   45.710118] ffs_data_put(): freeing
[   45.712012] file system registered
[   45.713770] unloading
[   45.722165] file system registered
[   45.724067] unloading
[   45.731159] file system registered
[   45.732568] unloading
[   45.738042] ffs_data_put(): freeing
[   45.738133] ffs_data_put(): freeing
[   45.739951] file system registered
[   45.742019] unloading
[   45.747133] ffs_data_put(): freeing
[   45.747297] ffs_data_put(): freeing
[   45.747621] ffs_data_put(): freeing
[   45.747735] ffs_data_put(): freeing
[   45.749955] file system registered
[   45.752020] unloading
[   45.760121] file system registered
[   45.762061] unloading
[   45.769034] ffs_data_put(): freeing
[   45.769137] ffs_data_put(): freeing
[   45.771213] file system registered
[   45.772938] unloading
[   45.784132] file system registered
[   45.786201] unloading
[   45.795072] ffs_data_put(): freeing
[   45.797883] file system registered
[   45.801102] unloading
[   45.809024] ffs_data_put(): freeing
[   45.809125] ffs_data_put(): freeing
[   45.811322] file system registered
[   45.813135] unloading
[   45.820986] file system registered
[   45.822858] unloading
[   45.833128] ffs_data_put(): freeing
[   45.833307] ffs_data_put(): freeing
[   45.833548] ffs_data_put(): freeing
[   45.833976] file system registered
[   45.834138] ffs_data_put(): freeing
[   45.835372] unloading
[   45.846249] ffs_data_put(): freeing
[   45.846815] ffs_data_put(): freeing
[   45.847165] ffs_data_put(): freeing
[   45.847278] ffs_data_put(): freeing
[   45.849091] file system registered
[   45.851720] unloading
[   45.857065] ffs_data_put(): freeing
[   45.857293] ffs_data_put(): freeing
[   45.859224] ffs_data_put(): freeing
[   45.859908] file system registered
[   45.862103] unloading
[   45.872254] ffs_data_put(): freeing
[   45.872753] ffs_data_put(): freeing
[   45.873045] ffs_data_put(): freeing
[   45.873267] ffs_data_put(): freeing
[   45.875423] file system registered
[   45.878028] ffs_data_put(): freeing
[   45.880118] unloading
[   45.886888] ffs_data_put(): freeing
[   45.886920] ffs_data_put(): freeing
[   45.886954] ffs_data_put(): freeing
[   45.889941] file system registered
[   45.892896] unloading
[   45.904273] ffs_data_put(): freeing
[   45.908190] file system registered
[   45.910401] unloading
[   45.921711] file system registered
[   45.923401] unloading
[   45.931096] ffs_data_put(): freeing
[   45.931307] ffs_data_put(): freeing
[   45.933160] file system registered
[   45.935278] unloading
[   45.944399] ffs_data_put(): freeing
[   45.946018] file system registered
[   45.947873] unloading
[   45.956080] ffs_data_put(): freeing
[   45.958116] file system registered
[   45.959665] unloading
[   45.963988] ffs_data_put(): freeing
[   45.965969] file system registered
[   45.967108] unloading
[   45.973937] ffs_data_put(): freeing
[   45.975272] file system registered
[   45.976772] unloading
[   45.981105] ffs_data_put(): freeing
[   45.981319] ffs_data_put(): freeing
[   45.984095] file system registered
[   45.986897] unloading
[   45.994113] ffs_data_put(): freeing
[   45.996799] file system registered
[   45.999385] unloading
[   46.006115] ffs_data_put(): freeing
[   46.006240] ffs_data_put(): freeing
[   46.007910] file system registered
[   46.010035] unloading
[   46.019245] ffs_data_put(): freeing
[   46.019315] ffs_data_put(): freeing
[   46.021147] file system registered
[   46.022993] unloading
[   46.031060] ffs_data_put(): freeing
[   46.031210] ffs_data_put(): freeing
[   46.033174] file system registered
[   46.034982] unloading
[   46.045755] file system registered
[   46.048602] unloading
[   46.058222] ffs_data_put(): freeing
[   46.058358] ffs_data_put(): freeing
[   46.061573] file system registered
[   46.063293] unloading
[   46.070268] file system registered
[   46.072191] unloading
[   46.079031] file system registered
[   46.081047] unloading
[   46.088143] ffs_data_put(): freeing
[   46.088244] ffs_data_put(): freeing
[   46.090595] file system registered
[   46.092102] unloading
[   46.098969] ffs_data_put(): freeing
[   46.101004] file system registered
[   46.102699] unloading
[   46.115008] ffs_data_put(): freeing
[   46.117146] file system registered
[   46.119033] unloading
[   46.125050] ffs_data_put(): freeing
[   46.127510] file system registered
[   46.130048] unloading
[   46.138181] file system registered
[   46.140004] unloading
[   46.147976] ffs_data_put(): freeing
[   46.148662] ffs_data_put(): freeing
[   46.149862] file system registered
[   46.151313] unloading
[   46.161057] ffs_data_put(): freeing
[   46.161236] ffs_data_put(): freeing
[   46.161319] ffs_data_put(): freeing
[   46.162952] file system registered
[   46.164936] ffs_data_put(): freeing
[   46.165177] ffs_data_put(): freeing
[   46.165402] unloading
[   46.171016] ffs_data_put(): freeing
[   46.171653] file system registered
[   46.173014] unloading
[   46.178896] ffs_data_put(): freeing
[   46.180318] file system registered
[   46.182220] unloading
[   46.189178] ffs_data_put(): freeing
[   46.191352] file system registered
[   46.193046] unloading
[   46.201048] ffs_data_put(): freeing
[   46.201211] ffs_data_put(): freeing
[   46.202855] file system registered
[   46.204152] unloading
[   46.212090] ffs_data_put(): freeing
[   46.214652] file system registered
[   46.216260] unloading
[   46.226784] file system registered
[   46.228351] unloading
[   46.239174] ffs_data_put(): freeing
[   46.239879] ffs_data_put(): freeing
[   46.240114] ffs_data_put(): freeing
[   46.241346] file system registered
[   46.243308] unloading
[   46.251934] file system registered
[   46.255030] unloading
[   46.260167] ffs_data_put(): freeing
[   46.260293] ffs_data_put(): freeing
[   46.262404] file system registered
[   46.263978] unloading
[   46.270121] ffs_data_put(): freeing
[   46.272879] file system registered
[   46.275154] unloading
[   46.284099] ffs_data_put(): freeing
[   46.284232] ffs_data_put(): freeing
[   46.285912] file system registered
[   46.287791] unloading
[   46.293135] ffs_data_put(): freeing
[   46.293280] ffs_data_put(): freeing
[   46.298782] file system registered
[   46.301012] unloading
[   46.305127] ffs_data_put(): freeing
[   46.307737] file system registered
[   46.309935] unloading
[   46.320045] ffs_data_put(): freeing
[   46.321907] file system registered
[   46.323261] unloading
[   46.327880] ffs_data_put(): freeing
[   46.330111] file system registered
[   46.331855] unloading
[   46.342213] file system registered
[   46.343910] unloading
[   46.354345] file system registered
[   46.355742] unloading
[   46.363729] file system registered
[   46.365056] unloading
[   46.371970] ffs_data_put(): freeing
[   46.374548] file system registered
[   46.375947] unloading
[   46.381367] file system registered
[   46.383034] unloading
[   46.390992] ffs_data_put(): freeing
[   46.391140] ffs_data_put(): freeing
[   46.392977] file system registered
[   46.394395] unloading
[   46.399030] ffs_data_put(): freeing
[   46.401286] file system registered
[   46.403629] ffs_data_put(): freeing
[   46.404113] unloading
[   46.410856] ffs_data_put(): freeing
[   46.412753] file system registered
[   46.414082] unloading
[   46.423971] ffs_data_put(): freeing
[   46.424070] ffs_data_put(): freeing
[   46.425947] file system registered
[   46.428195] unloading
[   46.437025] ffs_data_put(): freeing
[   46.439358] file system registered
[   46.441248] unloading
[   46.448157] ffs_data_put(): freeing
[   46.449153] file system registered
[   46.450974] unloading
[   46.456941] ffs_data_put(): freeing
[   46.459102] file system registered
[   46.460825] unloading
[   46.470274] ffs_data_put(): freeing
[   46.470729] ffs_data_put(): freeing
[   46.472297] file system registered
[   46.474089] unloading
[   46.481192] ffs_data_put(): freeing
[   46.489930] file system registered
[   46.491932] unloading
[   46.501026] ffs_data_put(): freeing
[   46.503023] file system registered
[   46.504337] unloading
[   46.514094] ffs_data_put(): freeing
[   46.514160] ffs_data_put(): freeing
[   46.516658] file system registered
[   46.518359] unloading
[   46.523879] ffs_data_put(): freeing
[   46.524249] ffs_data_put(): freeing
[   46.524393] ffs_data_put(): freeing
[   46.526042] file system registered
[   46.529093] unloading
[   46.538126] ffs_data_put(): freeing
[   46.541274] file system registered
[   46.543362] ffs_data_put(): freeing
[   46.543784] unloading
[   46.552095] ffs_data_put(): freeing
[   46.554775] file system registered
[   46.556991] unloading
[   46.565994] file system registered
[   46.567830] ffs_data_put(): freeing
[   46.568015] unloading
[   46.573290] ffs_data_put(): freeing
[   46.575381] file system registered
[   46.577169] unloading
[   46.585977] ffs_data_put(): freeing
[   46.587373] file system registered
[   46.588920] unloading
[   46.594904] ffs_data_put(): freeing
[   46.596983] file system registered
[   46.598829] unloading
[   46.609112] ffs_data_put(): freeing
[   46.609250] ffs_data_put(): freeing
[   46.611125] file system registered
[   46.613225] unloading
[   46.622253] ffs_data_put(): freeing
[   46.622717] ffs_data_put(): freeing
[   46.623131] ffs_data_put(): freeing
[   46.625081] file system registered
[   46.627675] unloading
[   46.637200] ffs_data_put(): freeing
[   46.637694] ffs_data_put(): freeing
[   46.637750] ffs_data_put(): freeing
[   46.638285] ffs_data_put(): freeing
[   46.640813] file system registered
[   46.644074] unloading
[   46.653691] ffs_data_put(): freeing
[   46.658102] file system registered
[   46.660922] unloading
[   46.668115] ffs_data_put(): freeing
[   46.668235] ffs_data_put(): freeing
[   46.671307] file system registered
[   46.673350] unloading
[   46.680147] ffs_data_put(): freeing
[   46.682215] file system registered
[   46.686281] unloading
[   46.692901] ffs_data_put(): freeing
[   46.693026] ffs_data_put(): freeing
[   46.694918] file system registered
[   46.696217] unloading
[   46.702230] ffs_data_put(): freeing
[   46.702352] ffs_data_put(): freeing
[   46.705275] file system registered
[   46.707694] ffs_data_put(): freeing
[   46.708204] unloading
[   46.714221] ffs_data_put(): freeing
[   46.714352] ffs_data_put(): freeing
[   46.716746] file system registered
[   46.718903] unloading
[   46.724922] ffs_data_put(): freeing
[   46.725043] ffs_data_put(): freeing
[   46.726707] file system registered
[   46.728741] unloading
[   46.738947] ffs_data_put(): freeing
[   46.739066] ffs_data_put(): freeing
[   46.740773] file system registered
[   46.742328] unloading
[   46.749272] ffs_data_put(): freeing
[   46.751945] file system registered
[   46.753334] unloading
[   46.761299] file system registered
[   46.763846] unloading
[   46.773127] ffs_data_put(): freeing
[   46.773258] ffs_data_put(): freeing
[   46.773391] ffs_data_put(): freeing
[   46.775454] file system registered
[   46.778111] unloading
[   46.785066] ffs_data_put(): freeing
[   46.787712] file system registered
[   46.789898] unloading
[   46.797298] ffs_data_put(): freeing
[   46.800226] file system registered
[   46.802680] unloading
[   46.809121] ffs_data_put(): freeing
[   46.809278] ffs_data_put(): freeing
[   46.809407] ffs_data_put(): freeing
[   46.812058] file system registered
[   46.814502] unloading
[   46.825884] file system registered
[   46.828006] unloading
[   46.838015] ffs_data_put(): freeing
[   46.838156] ffs_data_put(): freeing
[   46.839822] file system registered
[   46.840731] unloading
[   46.847089] ffs_data_put(): freeing
[   46.849228] file system registered
[   46.851030] unloading
[   46.861295] ffs_data_put(): freeing
[   46.863982] file system registered
[   46.866019] unloading
[   46.876039] file system registered
[   46.877890] unloading
[   46.888135] ffs_data_put(): freeing
[   46.890147] file system registered
[   46.892387] unloading
[   46.901749] ffs_data_put(): freeing
[   46.901867] ffs_data_put(): freeing
[   46.902124] ffs_data_put(): freeing
[   46.904977] file system registered
[   46.907946] unloading
[   46.916112] file system registered
[   46.918903] unloading
[   46.926451] file system registered
[   46.928372] unloading
[   46.933994] ffs_data_put(): freeing
[   46.934175] ffs_data_put(): freeing
[   46.934258] ffs_data_put(): freeing
[   46.935881] file system registered
[   46.937230] unloading
[   46.946212] ffs_data_put(): freeing
[   46.946371] ffs_data_put(): freeing
[   46.946896] ffs_data_put(): freeing
[   46.949072] file system registered
[   46.951336] unloading
[   46.961845] file system registered
[   46.965330] unloading
[   46.973101] ffs_data_put(): freeing
[   46.973285] ffs_data_put(): freeing
[   46.973377] ffs_data_put(): freeing
[   46.976404] file system registered
[   46.979203] unloading
[   46.987255] ffs_data_put(): freeing
[   46.989172] file system registered
[   46.991012] unloading
[   46.996018] ffs_data_put(): freeing
[   46.996100] ffs_data_put(): freeing
[   46.998397] file system registered
[   47.000733] unloading
[   47.010811] file system registered
[   47.013091] unloading
[   47.019010] ffs_data_put(): freeing
[   47.019097] ffs_data_put(): freeing
[   47.020796] file system registered
[   47.022110] unloading
[   47.025839] ffs_data_put(): freeing
[   47.025892] ffs_data_put(): freeing
[   47.027229] file system registered
[   47.028905] unloading
[   47.034029] ffs_data_put(): freeing
[   47.035589] file system registered
[   47.037766] unloading
[   47.049258] file system registered
[   47.049630] ffs_data_put(): freeing
[   47.050976] unloading
[   47.061170] ffs_data_put(): freeing
[   47.063685] file system registered
[   47.066367] unloading
[   47.073984] ffs_data_put(): freeing
[   47.075344] file system registered
[   47.077073] unloading
[   47.083299] file system registered
[   47.084899] unloading
[   47.094491] file system registered
[   47.096091] unloading
[   47.102548] file system registered
[   47.104281] unloading
[   47.114027] ffs_data_put(): freeing
[   47.114096] ffs_data_put(): freeing
[   47.116284] file system registered
[   47.117898] unloading
[   47.124051] ffs_data_put(): freeing
[   47.126860] file system registered
[   47.128901] unloading
[   47.138083] ffs_data_put(): freeing
[   47.138197] ffs_data_put(): freeing
[   47.138320] ffs_data_put(): freeing
[   47.139862] file system registered
[   47.141160] unloading
[   47.150122] ffs_data_put(): freeing
[   47.150326] ffs_data_put(): freeing
[   47.152192] file system registered
[   47.154343] unloading
[   47.162205] ffs_data_put(): freeing
[   47.162422] ffs_data_put(): freeing
[   47.164568] file system registered
[   47.166330] unloading
[   47.171278] ffs_data_put(): freeing
[   47.171759] ffs_data_put(): freeing
[   47.172010] ffs_data_put(): freeing
[   47.173409] file system registered
[   47.175163] unloading
[   47.183244] ffs_data_put(): freeing
[   47.183719] ffs_data_put(): freeing
[   47.185903] file system registered
[   47.188733] unloading
[   47.197384] ffs_data_put(): freeing
[   47.197740] ffs_data_put(): freeing
[   47.200248] file system registered
[   47.201738] unloading
[   47.213151] file system registered
[   47.215777] unloading
[   47.229040] file system registered
[   47.231380] unloading
[   47.239823] ffs_data_put(): freeing
[   47.239958] ffs_data_put(): freeing
[   47.242309] file system registered
[   47.244049] unloading
[   47.254178] file system registered
[   47.255752] unloading
[   47.268398] file system registered
[   47.269794] unloading
[   47.277143] file system registered
[   47.279628] unloading
[   47.289827] ffs_data_put(): freeing
[   47.291992] file system registered
[   47.293015] unloading
[   47.299100] file system registered
[   47.301335] unloading
[   47.307857] ffs_data_put(): freeing
[   47.307973] ffs_data_put(): freeing
[   47.309003] file system registered
[   47.310016] unloading
[   47.316976] ffs_data_put(): freeing
[   47.317127] ffs_data_put(): freeing
[   47.317233] ffs_data_put(): freeing
[   47.319593] file system registered
[   47.321290] unloading
[   47.329068] ffs_data_put(): freeing
[   47.329168] ffs_data_put(): freeing
[   47.331065] file system registered
[   47.333067] unloading
[   47.346259] ffs_data_put(): freeing
[   47.346366] ffs_data_put(): freeing
[   47.349979] file system registered
[   47.353311] unloading
[   47.366808] file system registered
[   47.370045] unloading
[   47.378454] file system registered
[   47.381372] unloading
[   47.388904] ffs_data_put(): freeing
[   47.391031] file system registered
[   47.392799] unloading
[   47.400163] file system registered
[   47.402705] unloading
[   47.412005] ffs_data_put(): freeing
[   47.414084] file system registered
[   47.415981] unloading
[   47.421003] ffs_data_put(): freeing
[   47.424074] file system registered
[   47.426044] unloading
[   47.433083] ffs_data_put(): freeing
[   47.433115] ffs_data_put(): freeing
[   47.435392] file system registered
[   47.437339] unloading
[   47.446992] file system registered
[   47.448883] unloading
[   47.459026] ffs_data_put(): freeing
[   47.461292] file system registered
[   47.463667] unloading
[   47.470945] ffs_data_put(): freeing
[   47.473248] file system registered
[   47.475305] unloading
[   47.486597] file system registered
[   47.488002] unloading
[   47.496321] file system registered
[   47.497903] unloading
[   47.507099] ffs_data_put(): freeing
[   47.508734] file system registered
[   47.509913] unloading
[   47.515920] ffs_data_put(): freeing
[   47.515989] ffs_data_put(): freeing
[   47.517215] file system registered
[   47.518941] unloading
[   47.529982] ffs_data_put(): freeing
[   47.530097] ffs_data_put(): freeing
[   47.531371] file system registered
[   47.532954] unloading
[   47.544215] ffs_data_put(): freeing
[   47.546735] file system registered
[   47.548255] unloading
[   47.559857] file system registered
[   47.561586] unloading
[   47.570270] file system registered
[   47.572863] unloading
[   47.580995] ffs_data_put(): freeing
[   47.581182] ffs_data_put(): freeing
[   47.583016] file system registered
[   47.584704] unloading
[   47.593684] file system registered
[   47.594900] unloading
[   47.600118] ffs_data_put(): freeing
[   47.601603] file system registered
[   47.602852] unloading
[   47.612835] file system registered
[   47.614240] unloading
[   47.628015] ffs_data_put(): freeing
[   47.628134] ffs_data_put(): freeing
[   47.629727] file system registered
[   47.631812] unloading
[   47.641203] ffs_data_put(): freeing
[   47.641318] ffs_data_put(): freeing
[   47.644932] file system registered
[   47.647249] unloading
[   47.656787] file system registered
[   47.658834] unloading
[   47.667091] ffs_data_put(): freeing
[   47.667233] ffs_data_put(): freeing
[   47.668833] file system registered
[   47.670170] unloading
[   47.680332] ffs_data_put(): freeing
[   47.680725] ffs_data_put(): freeing
[   47.680889] ffs_data_put(): freeing
[   47.684067] file system registered
[   47.686145] unloading
[   47.695938] ffs_data_put(): freeing
[   47.696674] file system registered
[   47.698322] unloading
[   47.703246] ffs_data_put(): freeing
[   47.705906] file system registered
[   47.709306] unloading
[   47.717188] ffs_data_put(): freeing
[   47.717295] ffs_data_put(): freeing
[   47.720320] file system registered
[   47.722650] unloading
[   47.730815] file system registered
[   47.733284] unloading
[   47.742043] ffs_data_put(): freeing
[   47.744940] file system registered
[   47.746825] unloading
[   47.758226] ffs_data_put(): freeing
[   47.760723] file system registered
[   47.762167] unloading
[   47.767967] ffs_data_put(): freeing
[   47.768122] ffs_data_put(): freeing
[   47.770030] file system registered
[   47.771999] unloading
[   47.785156] ffs_data_put(): freeing
[   47.788037] file system registered
[   47.790074] unloading
[   47.797191] ffs_data_put(): freeing
[   47.798881] file system registered
[   47.800210] unloading
[   47.806079] ffs_data_put(): freeing
[   47.806200] ffs_data_put(): freeing
[   47.808327] file system registered
[   47.809392] unloading
[   47.814070] ffs_data_put(): freeing
[   47.817908] file system registered
[   47.820202] unloading
[   47.828813] file system registered
[   47.829961] unloading
[   47.837691] file system registered
[   47.838979] unloading
[   47.848573] ffs_data_put(): freeing
[   47.849206] file system registered
[   47.850993] unloading
[   47.856988] ffs_data_put(): freeing
[   47.857056] ffs_data_put(): freeing
[   47.858713] file system registered
[   47.860132] unloading
[   47.869084] ffs_data_put(): freeing
[   47.869286] ffs_data_put(): freeing
[   47.869658] ffs_data_put(): freeing
[   47.870421] file system registered
[   47.872093] unloading
[   47.883191] ffs_data_put(): freeing
[   47.883401] ffs_data_put(): freeing
[   47.883616] ffs_data_put(): freeing
[   47.886042] file system registered
[   47.888272] unloading
[   47.904232] file system registered
[   47.906655] unloading
[   47.915385] ffs_data_put(): freeing
[   47.915689] ffs_data_put(): freeing
[   47.917348] file system registered
[   47.919389] unloading
[   47.931261] ffs_data_put(): freeing
[   47.931628] ffs_data_put(): freeing
[   47.934120] file system registered
[   47.937115] unloading
[   47.946861] ffs_data_put(): freeing
[   47.947024] ffs_data_put(): freeing
[   47.947160] ffs_data_put(): freeing
[   47.949935] file system registered
[   47.954402] unloading
[   47.961317] ffs_data_put(): freeing
[   47.964304] file system registered
[   47.966984] unloading
[   47.975113] ffs_data_put(): freeing
[   47.977809] file system registered
[   47.979939] unloading
[   47.991049] ffs_data_put(): freeing
[   47.993734] file system registered
[   47.995354] unloading
[   48.006049] file system registered
[   48.007364] unloading
[   48.015095] ffs_data_put(): freeing
[   48.015238] ffs_data_put(): freeing
[   48.015315] ffs_data_put(): freeing
[   48.018238] file system registered
[   48.019958] unloading
[   48.025122] ffs_data_put(): freeing
[   48.027775] file system registered
[   48.029229] unloading
[   48.038377] file system registered
[   48.040978] unloading
[   48.048002] ffs_data_put(): freeing
[   48.048159] ffs_data_put(): freeing
[   48.048258] ffs_data_put(): freeing
[   48.050220] file system registered
[   48.051939] unloading
[   48.062075] file system registered
[   48.064364] unloading
[   48.071015] ffs_data_put(): freeing
[   48.071104] ffs_data_put(): freeing
[   48.073077] file system registered
[   48.075889] unloading
[   48.085646] file system registered
[   48.086980] unloading
[   48.096974] ffs_data_put(): freeing
[   48.099038] file system registered
[   48.100395] unloading
[   48.110935] ffs_data_put(): freeing
[   48.112640] file system registered
[   48.114122] unloading
[   48.119967] ffs_data_put(): freeing
[   48.120056] ffs_data_put(): freeing
[   48.122820] file system registered
[   48.124390] unloading
[   48.134722] file system registered
[   48.136077] unloading
[   48.145306] file system registered
[   48.147368] unloading
[   48.156018] ffs_data_put(): freeing
[   48.158086] file system registered
[   48.159869] unloading
[   48.175052] ffs_data_put(): freeing
[   48.175210] ffs_data_put(): freeing
[   48.175315] ffs_data_put(): freeing
[   48.177087] file system registered
[   48.179220] unloading
[   48.185168] ffs_data_put(): freeing
[   48.185286] ffs_data_put(): freeing
[   48.188262] file system registered
[   48.190364] unloading
[   48.196363] ffs_data_put(): freeing
[   48.196621] ffs_data_put(): freeing
[   48.198872] file system registered
[   48.201385] unloading
[   48.209586] file system registered
[   48.211200] unloading
[   48.219174] file system registered
[   48.220909] unloading
[   48.233231] file system registered
[   48.235050] unloading
[   48.243960] ffs_data_put(): freeing
[   48.244070] ffs_data_put(): freeing
[   48.245326] file system registered
[   48.246973] unloading
[   48.254106] ffs_data_put(): freeing
[   48.254312] ffs_data_put(): freeing
[   48.255007] ffs_data_put(): freeing
[   48.256200] file system registered
[   48.258221] unloading
[   48.267380] ffs_data_put(): freeing
[   48.267711] ffs_data_put(): freeing
[   48.269488] file system registered
[   48.269929] ffs_data_put(): freeing
[   48.272094] unloading
[   48.280284] ffs_data_put(): freeing
[   48.280823] ffs_data_put(): freeing
[   48.282346] file system registered
[   48.284325] unloading
[   48.291298] ffs_data_put(): freeing
[   48.291702] ffs_data_put(): freeing
[   48.291939] ffs_data_put(): freeing
[   48.295222] file system registered
[   48.298777] unloading
[   48.311961] ffs_data_put(): freeing
[   48.312139] ffs_data_put(): freeing
[   48.314245] file system registered
[   48.316892] unloading
[   48.327773] ffs_data_put(): freeing
[   48.331686] file system registered
[   48.334997] unloading
[   48.341414] ffs_data_put(): freeing
[   48.342078] ffs_data_put(): freeing
[   48.343251] file system registered
[   48.345354] unloading
[   48.354188] ffs_data_put(): freeing
[   48.356359] file system registered
[   48.359139] unloading
[   48.371146] ffs_data_put(): freeing
[   48.371351] ffs_data_put(): freeing
[   48.371619] ffs_data_put(): freeing
[   48.374261] file system registered
[   48.377758] unloading
[   48.387706] file system registered
[   48.389834] unloading
[   48.396310] ffs_data_put(): freeing
[   48.398155] file system registered
[   48.399975] unloading
[   48.405021] ffs_data_put(): freeing
[   48.407073] file system registered
[   48.408741] unloading
[   48.414784] ffs_data_put(): freeing
[   48.416200] file system registered
[   48.418028] unloading
[   48.427162] ffs_data_put(): freeing
[   48.427292] ffs_data_put(): freeing
[   48.427577] ffs_data_put(): freeing
[   48.429185] file system registered
[   48.431681] unloading
[   48.438103] ffs_data_put(): freeing
[   48.438316] ffs_data_put(): freeing
[   48.438538] ffs_data_put(): freeing
[   48.440171] file system registered
[   48.442352] unloading
[   48.451117] ffs_data_put(): freeing
[   48.452928] file system registered
[   48.454840] unloading
[   48.467861] file system registered
[   48.470776] unloading
[   48.476086] ffs_data_put(): freeing
[   48.478281] file system registered
[   48.480268] unloading
[   48.487051] ffs_data_put(): freeing
[   48.489194] file system registered
[   48.490230] unloading
[   48.496925] ffs_data_put(): freeing
[   48.498957] file system registered
[   48.500664] unloading
[   48.510205] ffs_data_put(): freeing
[   48.512261] file system registered
[   48.513929] unloading
[   48.524091] file system registered
[   48.526623] unloading
[   48.532015] file system registered
[   48.533378] unloading
[   48.539687] file system registered
[   48.540916] unloading
[   48.546904] ffs_data_put(): freeing
[   48.546975] ffs_data_put(): freeing
[   48.549429] file system registered
[   48.551835] unloading
[   48.562049] ffs_data_put(): freeing
[   48.563346] file system registered
[   48.564979] unloading
[   48.571167] ffs_data_put(): freeing
[   48.571266] ffs_data_put(): freeing
[   48.572637] file system registered
[   48.573842] unloading
[   48.580020] ffs_data_put(): freeing
[   48.580111] ffs_data_put(): freeing
[   48.581789] file system registered
[   48.582994] unloading
[   48.588132] ffs_data_put(): freeing
[   48.588228] ffs_data_put(): freeing
[   48.590192] file system registered
[   48.591562] unloading
[   48.597882] ffs_data_put(): freeing
[   48.597984] ffs_data_put(): freeing
[   48.600132] file system registered
[   48.601776] unloading
[   48.607981] ffs_data_put(): freeing
[   48.608149] ffs_data_put(): freeing
[   48.610107] file system registered
[   48.611779] unloading
[   48.616110] ffs_data_put(): freeing
[   48.616285] ffs_data_put(): freeing
[   48.618258] file system registered
[   48.620319] unloading
[   48.628107] ffs_data_put(): freeing
[   48.628408] ffs_data_put(): freeing
[   48.629350] file system registered
[   48.629599] ffs_data_put(): freeing
[   48.631306] unloading
[   48.638110] ffs_data_put(): freeing
[   48.638185] ffs_data_put(): freeing
[   48.640112] file system registered
[   48.642251] unloading
[   48.647140] ffs_data_put(): freeing
[   48.648415] ffs_data_put(): freeing
[   48.649371] file system registered
[   48.650978] unloading
[   48.656102] ffs_data_put(): freeing
[   48.659176] file system registered
[   48.661100] unloading
[   48.672956] ffs_data_put(): freeing
[   48.674785] file system registered
[   48.677379] unloading
[   48.685932] file system registered
[   48.688194] unloading
[   48.698235] ffs_data_put(): freeing
[   48.700996] file system registered
[   48.703935] unloading
[   48.711807] file system registered
[   48.714306] ffs_data_put(): freeing
[   48.715152] unloading
[   48.718690] ffs_data_put(): freeing
[   48.720112] file system registered
[   48.721850] unloading
[   48.731961] file system registered
[   48.733719] unloading
[   48.740019] ffs_data_put(): freeing
[   48.742187] file system registered
[   48.743229] unloading
[   48.748020] ffs_data_put(): freeing
[   48.749858] file system registered
[   48.751176] unloading
[   48.765033] ffs_data_put(): freeing
[   48.765124] ffs_data_put(): freeing
[   48.767957] file system registered
[   48.769964] unloading
[   48.775963] ffs_data_put(): freeing
[   48.777052] file system registered
[   48.778930] unloading
[   48.783736] ffs_data_put(): freeing
[   48.785182] file system registered
[   48.787090] unloading
[   48.795391] file system registered
[   48.797108] unloading
[   48.806935] ffs_data_put(): freeing
[   48.807072] ffs_data_put(): freeing
[   48.807170] ffs_data_put(): freeing
[   48.808316] file system registered
[   48.810003] unloading
[   48.816104] ffs_data_put(): freeing
[   48.816273] ffs_data_put(): freeing
[   48.816406] ffs_data_put(): freeing
[   48.818848] file system registered
[   48.821324] unloading
[   48.830213] ffs_data_put(): freeing
[   48.830351] ffs_data_put(): freeing
[   48.833065] file system registered
[   48.834798] unloading
[   48.844149] ffs_data_put(): freeing
[   48.844366] ffs_data_put(): freeing
[   48.846306] file system registered
[   48.848113] unloading
[   48.853261] ffs_data_put(): freeing
[   48.856222] file system registered
[   48.859921] unloading
[   48.869303] ffs_data_put(): freeing
[   48.871954] file system registered
[   48.874784] unloading
[   48.879944] ffs_data_put(): freeing
[   48.882917] file system registered
[   48.884775] unloading
[   48.892075] ffs_data_put(): freeing
[   48.892153] ffs_data_put(): freeing
[   48.893893] file system registered
[   48.895153] unloading
[   48.900054] ffs_data_put(): freeing
[   48.900218] ffs_data_put(): freeing
[   48.902139] file system registered
[   48.904315] unloading
[   48.910875] ffs_data_put(): freeing
[   48.912304] file system registered
[   48.913695] unloading
[   48.922946] ffs_data_put(): freeing
[   48.923066] ffs_data_put(): freeing
[   48.925130] file system registered
[   48.927184] unloading
[   48.937880] file system registered
[   48.939908] unloading
[   48.943999] ffs_data_put(): freeing
[   48.946046] file system registered
[   48.947949] unloading
[   48.956997] ffs_data_put(): freeing
[   48.959097] file system registered
[   48.960962] unloading
[   48.968019] ffs_data_put(): freeing
[   48.968117] ffs_data_put(): freeing
[   48.969394] file system registered
[   48.970695] unloading
[   48.976983] ffs_data_put(): freeing
[   48.979000] file system registered
[   48.980892] unloading
[   48.985190] ffs_data_put(): freeing
[   48.986035] file system registered
[   48.987158] unloading
[   48.993848] ffs_data_put(): freeing
[   48.995917] file system registered
[   48.997287] unloading
[   49.002282] ffs_data_put(): freeing
[   49.002405] ffs_data_put(): freeing
[   49.003962] file system registered
[   49.005078] unloading
[   49.009929] ffs_data_put(): freeing
[   49.011192] file system registered
[   49.013919] unloading
[   49.021003] ffs_data_put(): freeing
[   49.022984] file system registered
[   49.024792] unloading
[   49.032180] file system registered
[   49.034052] unloading
[   49.040933] ffs_data_put(): freeing
[   49.041034] ffs_data_put(): freeing
[   49.042396] file system registered
[   49.044401] unloading
[   49.050871] file system registered
[   49.052161] unloading
[   49.056927] ffs_data_put(): freeing
[   49.058723] file system registered
[   49.060040] unloading
[   49.065087] ffs_data_put(): freeing
[   49.067228] file system registered
[   49.068711] unloading
[   49.075910] ffs_data_put(): freeing
[   49.078021] file system registered
[   49.079277] unloading
[   49.085091] ffs_data_put(): freeing
[   49.087006] file system registered
[   49.088172] unloading
[   49.094058] ffs_data_put(): freeing
[   49.097136] file system registered
[   49.099536] unloading
[   49.106035] ffs_data_put(): freeing
[   49.107671] file system registered
[   49.108991] unloading
[   49.121215] file system registered
[   49.124325] unloading
[   49.130009] ffs_data_put(): freeing
[   49.131811] file system registered
[   49.133133] unloading
[   49.139381] file system registered
[   49.140302] unloading
[   49.147949] ffs_data_put(): freeing
[   49.149708] file system registered
[   49.151203] unloading
[   49.158187] file system registered
[   49.159966] unloading
[   49.170016] ffs_data_put(): freeing
[   49.170116] ffs_data_put(): freeing
[   49.172733] file system registered
[   49.174331] unloading
[   49.182064] ffs_data_put(): freeing
[   49.182202] ffs_data_put(): freeing
[   49.183311] file system registered
[   49.184902] unloading
[   49.195209] ffs_data_put(): freeing
[   49.195362] ffs_data_put(): freeing
[   49.196078] ffs_data_put(): freeing
[   49.197337] file system registered
[   49.199237] unloading
[   49.211397] file system registered
[   49.214157] unloading
[   49.223199] ffs_data_put(): freeing
[   49.225342] file system registered
[   49.227387] unloading
[   49.236115] ffs_data_put(): freeing
[   49.236298] ffs_data_put(): freeing
[   49.236388] ffs_data_put(): freeing
[   49.238138] file system registered
[   49.239844] unloading
[   49.244136] ffs_data_put(): freeing
[   49.244319] ffs_data_put(): freeing
[   49.244675] ffs_data_put(): freeing
[   49.246968] file system registered
[   49.249346] unloading
[   49.255169] ffs_data_put(): freeing
[   49.255357] ffs_data_put(): freeing
[   49.255360] ffs_data_put(): freeing
[   49.257785] file system registered
[   49.260145] unloading
[   49.272299] file system registered
[   49.274727] unloading
[   49.283264] ffs_data_put(): freeing
[   49.285679] file system registered
[   49.287357] unloading
[   49.297071] ffs_data_put(): freeing
[   49.299682] file system registered
[   49.301349] unloading
[   49.307179] ffs_data_put(): freeing
[   49.307309] ffs_data_put(): freeing
[   49.311246] file system registered
[   49.313618] unloading
[   49.321135] file system registered
[   49.322241] unloading
[   49.328991] ffs_data_put(): freeing
[   49.330758] file system registered
[   49.332763] unloading
[   49.340998] ffs_data_put(): freeing
[   49.343122] file system registered
[   49.346007] unloading
[   49.354199] ffs_data_put(): freeing
[   49.357270] file system registered
[   49.358949] unloading
[   49.367950] file system registered
[   49.369995] unloading
[   49.378066] ffs_data_put(): freeing
[   49.380133] file system registered
[   49.382036] unloading
[   49.391072] file system registered
[   49.392222] unloading
[   49.397254] file system registered
[   49.399102] unloading
[   49.408891] ffs_data_put(): freeing
[   49.410152] file system registered
[   49.411777] unloading
[   49.418039] ffs_data_put(): freeing
[   49.418126] ffs_data_put(): freeing
[   49.420326] file system registered
[   49.423119] unloading
[   49.428702] ffs_data_put(): freeing
[   49.430740] file system registered
[   49.432875] unloading
[   49.439026] ffs_data_put(): freeing
[   49.441151] file system registered
[   49.443633] unloading
[   49.451302] ffs_data_put(): freeing
[   49.453082] file system registered
[   49.455138] unloading
[   49.465075] ffs_data_put(): freeing
[   49.465232] ffs_data_put(): freeing
[   49.467840] file system registered
[   49.469898] unloading
[   49.476994] ffs_data_put(): freeing
[   49.478902] file system registered
[   49.479954] unloading
[   49.486084] ffs_data_put(): freeing
[   49.486233] ffs_data_put(): freeing
[   49.488219] file system registered
[   49.490167] unloading
[   49.503395] ffs_data_put(): freeing
[   49.503873] ffs_data_put(): freeing
[   49.506744] file system registered
[   49.509856] unloading
[   49.518148] ffs_data_put(): freeing
[   49.521122] file system registered
[   49.524367] unloading
[   49.535172] file system registered
[   49.537850] unloading
[   49.545120] ffs_data_put(): freeing
[   49.548109] file system registered
[   49.549901] unloading
[   49.558912] file system registered
[   49.560329] unloading
[   49.567023] ffs_data_put(): freeing
[   49.567110] ffs_data_put(): freeing
[   49.568976] file system registered
[   49.570465] unloading
[   49.576130] ffs_data_put(): freeing
[   49.576263] ffs_data_put(): freeing
[   49.578194] file system registered
[   49.580125] unloading
[   49.585245] ffs_data_put(): freeing
[   49.585305] ffs_data_put(): freeing
[   49.588153] file system registered
[   49.590367] unloading
[   49.596167] ffs_data_put(): freeing
[   49.598183] file system registered
[   49.599857] unloading
[   49.611211] ffs_data_put(): freeing
[   49.614144] file system registered
[   49.616099] unloading
[   49.622342] ffs_data_put(): freeing
[   49.622653] ffs_data_put(): freeing
[   49.623758] file system registered
[   49.625067] unloading
[   49.629190] ffs_data_put(): freeing
[   49.631708] file system registered
[   49.633234] unloading
[   49.639119] ffs_data_put(): freeing
[   49.641160] file system registered
[   49.644086] unloading
[   49.653169] ffs_data_put(): freeing
[   49.654799] file system registered
[   49.656350] unloading
[   49.663658] file system registered
[   49.665588] unloading
[   49.674120] ffs_data_put(): freeing
[   49.674221] ffs_data_put(): freeing
[   49.676263] file system registered
[   49.678156] unloading
[   49.686143] ffs_data_put(): freeing
[   49.689689] file system registered
[   49.691011] unloading
[   49.696125] ffs_data_put(): freeing
[   49.697173] file system registered
[   49.698756] unloading
[   49.703152] ffs_data_put(): freeing
[   49.705183] file system registered
[   49.706983] unloading
[   49.715155] ffs_data_put(): freeing
[   49.717872] file system registered
[   49.720408] ffs_data_put(): freeing
[   49.722085] unloading
[   49.730171] ffs_data_put(): freeing
[   49.730424] ffs_data_put(): freeing
[   49.732160] ffs_data_put(): freeing
[   49.732415] file system registered
[   49.734322] unloading
[   49.742833] ffs_data_put(): freeing
[   49.744393] ffs_data_put(): freeing
[   49.745089] file system registered
[   49.748856] unloading
[   49.759074] ffs_data_put(): freeing
[   49.760470] file system registered
[   49.762229] unloading
[   49.768831] ffs_data_put(): freeing
[   49.769000] ffs_data_put(): freeing
[   49.770885] file system registered
[   49.773395] unloading
[   49.784276] ffs_data_put(): freeing
[   49.786728] file system registered
[   49.788370] unloading
[   49.794097] ffs_data_put(): freeing
[   49.797055] file system registered
[   49.799015] unloading
[   49.807043] ffs_data_put(): freeing
[   49.807153] ffs_data_put(): freeing
[   49.808184] file system registered
[   49.809956] ffs_data_put(): freeing
[   49.810146] unloading
[   49.818210] ffs_data_put(): freeing
[   49.818343] ffs_data_put(): freeing
[   49.819913] file system registered
[   49.822063] unloading
[   49.830803] ffs_data_put(): freeing
[   49.832391] file system registered
[   49.834028] unloading
[   49.843115] file system registered
[   49.845061] unloading
[   49.854047] ffs_data_put(): freeing
[   49.855842] file system registered
[   49.857389] unloading
[   49.863101] ffs_data_put(): freeing
[   49.863212] ffs_data_put(): freeing
[   49.865161] file system registered
[   49.867931] ffs_data_put(): freeing
[   49.868832] unloading
[   49.875041] ffs_data_put(): freeing
[   49.875162] ffs_data_put(): freeing
[   49.877041] file system registered
[   49.879105] unloading
[   49.887037] ffs_data_put(): freeing
[   49.889751] file system registered
[   49.890703] unloading
[   49.896158] file system registered
[   49.898224] unloading
[   49.906149] file system registered
[   49.907875] unloading
[   49.917580] file system registered
[   49.918928] unloading
[   49.925687] file system registered
[   49.926887] unloading
[   49.934380] file system registered
[   49.934801] ffs_data_put(): freeing
[   49.934929] ffs_data_put(): freeing
[   49.936200] unloading
[   49.943015] ffs_data_put(): freeing
[   49.943135] ffs_data_put(): freeing
[   49.943245] ffs_data_put(): freeing
[   49.945176] file system registered
[   49.947315] unloading
[   49.957970] file system registered
[   49.959974] unloading
[   49.969977] ffs_data_put(): freeing
[   49.971658] file system registered
[   49.972962] unloading
[   49.982899] ffs_data_put(): freeing
[   49.983009] ffs_data_put(): freeing
[   49.984340] file system registered
[   49.986607] unloading
[   49.998237] ffs_data_put(): freeing
[   49.998351] ffs_data_put(): freeing
[   50.001182] file system registered
[   50.003405] unloading
[   50.013310] ffs_data_put(): freeing
[   50.016855] file system registered
[   50.018988] unloading
[   50.026082] ffs_data_put(): freeing
[   50.029120] file system registered
[   50.032276] unloading
[   50.040958] ffs_data_put(): freeing
[   50.041125] ffs_data_put(): freeing
[   50.042967] file system registered
[   50.044778] unloading
[   50.054016] ffs_data_put(): freeing
[   50.056017] file system registered
[   50.058179] unloading
[   50.067352] ffs_data_put(): freeing
[   50.067625] ffs_data_put(): freeing
[   50.069224] file system registered
[   50.070207] unloading
[   50.077423] file system registered
[   50.079306] unloading
[   50.087207] ffs_data_put(): freeing
[   50.090158] file system registered
[   50.092367] unloading
[   50.099029] ffs_data_put(): freeing
[   50.099142] ffs_data_put(): freeing
[   50.101643] file system registered
[   50.103071] unloading
[   50.111825] file system registered
[   50.113221] unloading
[   50.118057] ffs_data_put(): freeing
[   50.120225] file system registered
[   50.122246] unloading
[   50.130005] ffs_data_put(): freeing
[   50.132642] file system registered
[   50.134979] unloading
[   50.142288] file system registered
[   50.144374] unloading
[   50.154021] ffs_data_put(): freeing
[   50.156992] file system registered
[   50.159253] unloading
[   50.165023] ffs_data_put(): freeing
[   50.166786] file system registered
[   50.168037] unloading
[   50.173005] ffs_data_put(): freeing
[   50.175288] file system registered
[   50.177313] unloading
[   50.186028] ffs_data_put(): freeing
[   50.187929] file system registered
[   50.189170] unloading
[   50.197030] ffs_data_put(): freeing
[   50.199299] file system registered
[   50.201275] unloading
[   50.208150] ffs_data_put(): freeing
[   50.208296] ffs_data_put(): freeing
[   50.208403] ffs_data_put(): freeing
[   50.210409] file system registered
[   50.211648] unloading
[   50.221179] ffs_data_put(): freeing
[   50.221284] ffs_data_put(): freeing
[   50.222980] file system registered
[   50.224767] unloading
[   50.233202] ffs_data_put(): freeing
[   50.233694] ffs_data_put(): freeing
[   50.235311] file system registered
[   50.237291] unloading
[   50.250747] ffs_data_put(): freeing
[   50.251377] ffs_data_put(): freeing
[   50.252951] file system registered
[   50.256248] unloading
[   50.267964] ffs_data_put(): freeing
[   50.268232] ffs_data_put(): freeing
[   50.271965] file system registered
[   50.275042] unloading
[   50.286795] ffs_data_put(): freeing
[   50.287091] ffs_data_put(): freeing
[   50.288133] file system registered
[   50.290325] unloading
[   50.300812] ffs_data_put(): freeing
[   50.300916] ffs_data_put(): freeing
[   50.302357] file system registered
[   50.305395] unloading
[   50.312672] ffs_data_put(): freeing
[   50.312809] ffs_data_put(): freeing
[   50.313092] ffs_data_put(): freeing
[   50.315180] file system registered
[   50.317438] unloading
[   50.326424] ffs_data_put(): freeing
[   50.326880] ffs_data_put(): freeing
[   50.327002] ffs_data_put(): freeing
[   50.329004] file system registered
[   50.331258] unloading
[   50.339723] ffs_data_put(): freeing
[   50.340039] ffs_data_put(): freeing
[   50.344856] file system registered
[   50.346611] unloading
[   50.353904] file system registered
[   50.356822] unloading
[   50.364246] ffs_data_put(): freeing
[   50.364391] ffs_data_put(): freeing
[   50.366045] file system registered
[   50.367300] unloading
[   50.375234] ffs_data_put(): freeing
[   50.375849] ffs_data_put(): freeing
[   50.376282] ffs_data_put(): freeing
[   50.377840] file system registered
[   50.379166] unloading
[   50.390130] ffs_data_put(): freeing
[   50.390364] ffs_data_put(): freeing
[   50.393045] file system registered
[   50.396904] unloading
[   50.404302] ffs_data_put(): freeing
[   50.405125] ffs_data_put(): freeing
[   50.408760] file system registered
[   50.411298] unloading
[   50.418406] ffs_data_put(): freeing
[   50.418795] ffs_data_put(): freeing
[   50.419664] file system registered
[   50.421178] unloading
[   50.424215] ffs_data_put(): freeing
[   50.426924] file system registered
[   50.429299] unloading
[   50.439368] ffs_data_put(): freeing
[   50.442787] file system registered
[   50.444166] unloading
[   50.454197] ffs_data_put(): freeing
[   50.454688] ffs_data_put(): freeing
[   50.454712] ffs_data_put(): freeing
[   50.456606] file system registered
[   50.458153] unloading
[   50.467199] ffs_data_put(): freeing
[   50.467341] ffs_data_put(): freeing
[   50.469247] file system registered
[   50.470898] unloading
[   50.476196] ffs_data_put(): freeing
[   50.476395] ffs_data_put(): freeing
[   50.478410] file system registered
[   50.481244] unloading
[   50.487294] ffs_data_put(): freeing
[   50.487665] ffs_data_put(): freeing
[   50.490222] file system registered
[   50.492923] unloading
[   50.501296] ffs_data_put(): freeing
[   50.501646] ffs_data_put(): freeing
[   50.503209] file system registered
[   50.505265] unloading
[   50.515831] ffs_data_put(): freeing
[   50.515875] ffs_data_put(): freeing
[   50.519311] file system registered
[   50.522715] unloading
[   50.529193] ffs_data_put(): freeing
[   50.531236] file system registered
[   50.532843] unloading
[   50.539271] ffs_data_put(): freeing
[   50.539683] ffs_data_put(): freeing
[   50.542773] file system registered
[   50.544934] unloading
[   50.551957] ffs_data_put(): freeing
[   50.554208] file system registered
[   50.555768] unloading
[   50.565059] ffs_data_put(): freeing
[   50.565198] ffs_data_put(): freeing
[   50.567504] file system registered
[   50.570263] unloading
[   50.577261] ffs_data_put(): freeing
[   50.580268] file system registered
[   50.583220] unloading
[   50.589113] ffs_data_put(): freeing
[   50.591798] file system registered
[   50.593789] unloading
[   50.603995] ffs_data_put(): freeing
[   50.606928] file system registered
[   50.609943] unloading
[   50.619379] ffs_data_put(): freeing
[   50.619651] ffs_data_put(): freeing
[   50.622030] file system registered
[   50.624247] unloading
[   50.630118] ffs_data_put(): freeing
[   50.632318] file system registered
[   50.634263] unloading
[   50.643289] ffs_data_put(): freeing
[   50.645048] file system registered
[   50.647064] unloading
[   50.653269] ffs_data_put(): freeing
[   50.656047] file system registered
[   50.658185] unloading
[   50.671271] ffs_data_put(): freeing
[   50.671361] ffs_data_put(): freeing
[   50.674227] file system registered
[   50.676401] unloading
[   50.686061] ffs_data_put(): freeing
[   50.689135] file system registered
[   50.691187] unloading
[   50.702328] ffs_data_put(): freeing
[   50.702619] ffs_data_put(): freeing
[   50.704125] file system registered
[   50.705104] unloading
[   50.713113] ffs_data_put(): freeing
[   50.715167] file system registered
[   50.717139] unloading
[   50.722510] ffs_data_put(): freeing
[   50.722703] ffs_data_put(): freeing
[   50.725117] file system registered
[   50.727634] unloading
[   50.735204] ffs_data_put(): freeing
[   50.737766] file system registered
[   50.740371] unloading
[   50.746233] ffs_data_put(): freeing
[   50.748035] file system registered
[   50.750052] unloading
[   50.759335] file system registered
[   50.761318] unloading
[   50.770759] file system registered
[   50.772011] unloading
[   50.778058] ffs_data_put(): freeing
[   50.778113] ffs_data_put(): freeing
[   50.779823] file system registered
[   50.781129] unloading
[   50.789962] ffs_data_put(): freeing
[   50.791912] file system registered
[   50.793122] unloading
[   50.800706] file system registered
[   50.801907] unloading
[   50.809329] file system registered
[   50.811600] unloading
[   50.817212] file system registered
[   50.820042] unloading
[   50.827004] ffs_data_put(): freeing
[   50.827143] ffs_data_put(): freeing
[   50.828346] file system registered
[   50.829855] unloading
[   50.837950] ffs_data_put(): freeing
[   50.839859] file system registered
[   50.841179] unloading
[   50.846037] ffs_data_put(): freeing
[   50.846119] ffs_data_put(): freeing
[   50.848113] file system registered
[   50.850281] unloading
[   50.858030] ffs_data_put(): freeing
[   50.859889] file system registered
[   50.861769] unloading
[   50.867005] ffs_data_put(): freeing
[   50.869066] file system registered
[   50.870552] unloading
[   50.876981] ffs_data_put(): freeing
[   50.877073] ffs_data_put(): freeing
[   50.878395] file system registered
[   50.879898] unloading
[   50.885877] ffs_data_put(): freeing
[   50.885979] ffs_data_put(): freeing
[   50.887165] file system registered
[   50.888981] unloading
[   50.896030] ffs_data_put(): freeing
[   50.896125] ffs_data_put(): freeing
[   50.899269] file system registered
[   50.901381] unloading
[   50.909169] ffs_data_put(): freeing
[   50.909277] ffs_data_put(): freeing
[   50.911741] file system registered
[   50.913186] unloading
[   50.918022] ffs_data_put(): freeing
[   50.920356] file system registered
[   50.922207] unloading
[   50.928007] ffs_data_put(): freeing
[   50.931198] file system registered
[   50.933218] unloading
[   50.938956] ffs_data_put(): freeing
[   50.941102] file system registered
[   50.942559] unloading
[   50.947044] ffs_data_put(): freeing
[   50.947136] ffs_data_put(): freeing
[   50.948951] file system registered
[   50.950882] unloading
[   50.963271] ffs_data_put(): freeing
[   50.963385] ffs_data_put(): freeing
[   50.963958] ffs_data_put(): freeing
[   50.967851] file system registered
[   50.971090] unloading
[   50.982375] file system registered
[   50.984864] unloading
[   50.991102] ffs_data_put(): freeing
[   50.991268] ffs_data_put(): freeing
[   50.991376] ffs_data_put(): freeing
[   50.993011] file system registered
[   50.994892] unloading
[   50.999178] ffs_data_put(): freeing
[   50.999404] ffs_data_put(): freeing
[   51.000302] ffs_data_put(): freeing
[   51.001255] ffs_data_put(): freeing
[   51.001359] file system registered
[   51.003404] unloading
[   51.011229] ffs_data_put(): freeing
[   51.011337] ffs_data_put(): freeing
[   51.013741] file system registered
[   51.016214] unloading
[   51.023686] file system registered
[   51.025671] unloading
[   51.032980] ffs_data_put(): freeing
[   51.033074] ffs_data_put(): freeing
[   51.035942] file system registered
[   51.038005] unloading
[   51.046068] ffs_data_put(): freeing
[   51.049653] file system registered
[   51.051401] unloading
[   51.058114] ffs_data_put(): freeing
[   51.058250] ffs_data_put(): freeing
[   51.060952] file system registered
[   51.063831] unloading
[   51.070803] ffs_data_put(): freeing
[   51.073308] file system registered
[   51.075718] unloading
[   51.082956] file system registered
[   51.085096] unloading
[   51.090058] ffs_data_put(): freeing
[   51.090165] ffs_data_put(): freeing
[   51.092055] file system registered
[   51.093599] unloading
[   51.105186] ffs_data_put(): freeing
[   51.107316] file system registered
[   51.109179] unloading
[   51.119171] ffs_data_put(): freeing
[   51.119265] ffs_data_put(): freeing
[   51.121150] file system registered
[   51.123010] unloading
[   51.131002] ffs_data_put(): freeing
[   51.131176] ffs_data_put(): freeing
[   51.133960] file system registered
[   51.135897] unloading
[   51.146026] file system registered
[   51.148273] unloading
[   51.154999] ffs_data_put(): freeing
[   51.155125] ffs_data_put(): freeing
[   51.155231] ffs_data_put(): freeing
[   51.156855] file system registered
[   51.158664] unloading
[   51.166195] ffs_data_put(): freeing
[   51.166346] ffs_data_put(): freeing
[   51.168175] file system registered
[   51.170120] unloading
[   51.177691] ffs_data_put(): freeing
[   51.177906] ffs_data_put(): freeing
[   51.179765] file system registered
[   51.181976] unloading
[   51.190350] ffs_data_put(): freeing
[   51.190680] ffs_data_put(): freeing
[   51.190963] ffs_data_put(): freeing
[   51.191129] ffs_data_put(): freeing
[   51.193301] file system registered
[   51.196358] unloading
[   51.202235] file system registered
[   51.202725] ffs_data_put(): freeing
[   51.204904] unloading
[   51.212242] ffs_data_put(): freeing
[   51.214816] file system registered
[   51.217210] unloading
[   51.226859] file system registered
[   51.228284] unloading
[   51.235809] file system registered
[   51.237053] unloading
[   51.243947] file system registered
[   51.244987] unloading
[   51.250160] ffs_data_put(): freeing
[   51.250310] ffs_data_put(): freeing
[   51.250390] ffs_data_put(): freeing
[   51.252106] file system registered
[   51.253729] ffs_data_put(): freeing
[   51.253814] unloading
[   51.259900] ffs_data_put(): freeing
[   51.259996] ffs_data_put(): freeing
[   51.261304] file system registered
[   51.263826] unloading
[   51.274001] ffs_data_put(): freeing
[   51.274136] ffs_data_put(): freeing
[   51.275193] file system registered
[   51.276806] unloading
[   51.286003] ffs_data_put(): freeing
[   51.286240] ffs_data_put(): freeing
[   51.288068] file system registered
[   51.290052] unloading
[   51.298321] ffs_data_put(): freeing
[   51.301198] file system registered
[   51.303397] unloading
[   51.311134] file system registered
[   51.313156] unloading
[   51.324029] ffs_data_put(): freeing
[   51.325587] file system registered
[   51.326968] unloading
[   51.332969] ffs_data_put(): freeing
[   51.335073] file system registered
[   51.336636] unloading
[   51.342092] ffs_data_put(): freeing
[   51.344367] file system registered
[   51.346408] unloading
[   51.353399] ffs_data_put(): freeing
[   51.356029] file system registered
[   51.359126] unloading
[   51.367014] ffs_data_put(): freeing
[   51.369745] file system registered
[   51.372285] unloading
[   51.379334] ffs_data_put(): freeing
[   51.379426] ffs_data_put(): freeing
[   51.381841] file system registered
[   51.383119] unloading
[   51.390155] file system registered
[   51.392148] unloading
[   51.401041] ffs_data_put(): freeing
[   51.402830] file system registered
[   51.404189] unloading
[   51.410109] ffs_data_put(): freeing
[   51.410229] ffs_data_put(): freeing
[   51.412853] file system registered
[   51.414809] unloading
[   51.422093] ffs_data_put(): freeing
[   51.422194] ffs_data_put(): freeing
[   51.423636] file system registered
[   51.425104] unloading
[   51.431009] ffs_data_put(): freeing
[   51.431186] ffs_data_put(): freeing
[   51.433868] file system registered
[   51.436713] unloading
[   51.445914] ffs_data_put(): freeing
[   51.446066] ffs_data_put(): freeing
[   51.446173] ffs_data_put(): freeing
[   51.447345] file system registered
[   51.448862] unloading
[   51.453977] ffs_data_put(): freeing
[   51.454140] ffs_data_put(): freeing
[   51.454380] ffs_data_put(): freeing
[   51.454619] ffs_data_put(): freeing
[   51.456649] file system registered
[   51.457870] unloading
[   51.465183] ffs_data_put(): freeing
[   51.466024] ffs_data_put(): freeing
[   51.467270] file system registered
[   51.468907] ffs_data_put(): freeing
[   51.469897] unloading
[   51.475859] ffs_data_put(): freeing
[   51.480071] file system registered
[   51.482638] unloading
[   51.489579] file system registered
[   51.491182] unloading
[   51.499337] file system registered
[   51.501649] unloading
[   51.514845] file system registered
[   51.516803] ffs_data_put(): freeing
[   51.517014] unloading
[   51.524105] ffs_data_put(): freeing
[   51.524207] ffs_data_put(): freeing
[   51.526135] file system registered
[   51.528167] unloading
[   51.536051] ffs_data_put(): freeing
[   51.538058] file system registered
[   51.540335] ffs_data_put(): freeing
[   51.540583] unloading
[   51.549049] ffs_data_put(): freeing
[   51.550335] file system registered
[   51.552173] ffs_data_put(): freeing
[   51.552255] unloading
[   51.561279] ffs_data_put(): freeing
[   51.563096] file system registered
[   51.566047] unloading
[   51.575089] ffs_data_put(): freeing
[   51.577868] file system registered
[   51.580302] unloading
[   51.591150] file system registered
[   51.593263] unloading
[   51.600033] ffs_data_put(): freeing
[   51.600136] ffs_data_put(): freeing
[   51.602353] file system registered
[   51.604006] unloading
[   51.614040] ffs_data_put(): freeing
[   51.614209] ffs_data_put(): freeing
[   51.615767] file system registered
[   51.617278] unloading
[   51.624224] ffs_data_put(): freeing
[   51.624310] ffs_data_put(): freeing
[   51.626282] file system registered
[   51.628133] unloading
[   51.645344] ffs_data_put(): freeing
[   51.646003] ffs_data_put(): freeing
[   51.648264] file system registered
[   51.650158] unloading
[   51.658326] ffs_data_put(): freeing
[   51.661963] file system registered
[   51.664924] unloading
[   51.676916] file system registered
[   51.679065] unloading
[   51.688077] ffs_data_put(): freeing
[   51.688209] ffs_data_put(): freeing
[   51.688318] ffs_data_put(): freeing
[   51.691017] file system registered
[   51.694181] unloading
[   51.703511] file system registered
[   51.706220] unloading
[   51.713110] ffs_data_put(): freeing
[   51.713225] ffs_data_put(): freeing
[   51.713310] ffs_data_put(): freeing
[   51.714722] file system registered
[   51.716084] unloading
[   51.723102] ffs_data_put(): freeing
[   51.725169] file system registered
[   51.726253] unloading
[   51.732879] file system registered
[   51.734777] unloading
[   51.743165] ffs_data_put(): freeing
[   51.743270] ffs_data_put(): freeing
[   51.744879] file system registered
[   51.747264] unloading
[   51.754256] ffs_data_put(): freeing
[   51.755919] file system registered
[   51.757234] unloading
[   51.763010] ffs_data_put(): freeing
[   51.765342] file system registered
[   51.767228] unloading
[   51.777085] ffs_data_put(): freeing
[   51.779077] file system registered
[   51.781055] unloading
[   51.787134] ffs_data_put(): freeing
[   51.787223] ffs_data_put(): freeing
[   51.790354] file system registered
[   51.792314] unloading
[   51.802043] file system registered
[   51.803711] unloading
[   51.810056] ffs_data_put(): freeing
[   51.810176] ffs_data_put(): freeing
[   51.812147] file system registered
[   51.814704] unloading
[   51.824934] file system registered
[   51.826407] unloading
[   51.830996] ffs_data_put(): freeing
[   51.831116] ffs_data_put(): freeing
[   51.832836] file system registered
[   51.834164] unloading
[   51.839059] ffs_data_put(): freeing
[   51.840419] file system registered
[   51.842745] unloading
[   51.853333] file system registered
[   51.855316] unloading
[   51.860981] ffs_data_put(): freeing
[   51.862619] file system registered
[   51.863643] unloading
[   51.870378] file system registered
[   51.871916] unloading
[   51.877971] ffs_data_put(): freeing
[   51.879353] file system registered
[   51.880955] unloading
[   51.887593] ffs_data_put(): freeing
[   51.887707] ffs_data_put(): freeing
[   51.888196] file system registered
[   51.889795] unloading
[   51.894984] ffs_data_put(): freeing
[   51.895074] ffs_data_put(): freeing
[   51.896832] file system registered
[   51.898034] unloading
[   51.903031] ffs_data_put(): freeing
[   51.903128] ffs_data_put(): freeing
[   51.905211] file system registered
[   51.906939] unloading
[   51.913164] ffs_data_put(): freeing
[   51.913285] ffs_data_put(): freeing
[   51.916030] file system registered
[   51.918152] unloading
[   51.927061] ffs_data_put(): freeing
[   51.927186] ffs_data_put(): freeing
[   51.929962] file system registered
[   51.932868] unloading
[   51.940200] ffs_data_put(): freeing
[   51.940362] ffs_data_put(): freeing
[   51.942890] file system registered
[   51.945627] unloading
[   51.951114] ffs_data_put(): freeing
[   51.951209] ffs_data_put(): freeing
[   51.953989] file system registered
[   51.958143] unloading
[   51.964983] ffs_data_put(): freeing
[   51.967182] file system registered
[   51.968593] unloading
[   51.975891] file system registered
[   51.976989] unloading
[   51.985948] ffs_data_put(): freeing
[   51.986031] ffs_data_put(): freeing
[   51.987021] file system registered
[   51.988290] unloading
[   51.995712] ffs_data_put(): freeing
[   51.995795] ffs_data_put(): freeing
[   51.996008] file system registered
[   51.997352] unloading
[   52.004338] ffs_data_put(): freeing
[   52.004685] ffs_data_put(): freeing
[   52.007204] file system registered
[   52.010122] unloading
[   52.019177] file system registered
[   52.021888] ffs_data_put(): freeing
[   52.022258] unloading
[   52.030117] ffs_data_put(): freeing
[   52.030233] ffs_data_put(): freeing
[   52.034137] file system registered
[   52.039101] unloading
[   52.048102] ffs_data_put(): freeing
[   52.048215] ffs_data_put(): freeing
[   52.048314] ffs_data_put(): freeing
[   52.050701] file system registered
[   52.052938] unloading
[   52.063252] file system registered
[   52.065317] unloading
[   52.076964] ffs_data_put(): freeing
[   52.077086] ffs_data_put(): freeing
[   52.079819] file system registered
[   52.082765] unloading
[   52.091781] file system registered
[   52.093919] unloading
[   52.100284] ffs_data_put(): freeing
[   52.100604] ffs_data_put(): freeing
[   52.103181] file system registered
[   52.104712] unloading
[   52.112335] file system registered
[   52.114055] unloading
[   52.121191] ffs_data_put(): freeing
[   52.123203] file system registered
[   52.125172] unloading
[   52.138966] ffs_data_put(): freeing
[   52.139073] ffs_data_put(): freeing
[   52.141289] file system registered
[   52.143350] unloading
[   52.152081] ffs_data_put(): freeing
[   52.155779] file system registered
[   52.158735] ffs_data_put(): freeing
[   52.160935] unloading
[   52.168175] ffs_data_put(): freeing
[   52.168286] ffs_data_put(): freeing
[   52.170645] file system registered
[   52.172974] unloading
[   52.180775] file system registered
[   52.182079] unloading
[   52.190633] file system registered
[   52.191996] unloading
[   52.197046] ffs_data_put(): freeing
[   52.198098] file system registered
[   52.199965] unloading
[   52.206965] ffs_data_put(): freeing
[   52.208360] file system registered
[   52.209931] unloading
[   52.219184] ffs_data_put(): freeing
[   52.219257] ffs_data_put(): freeing
[   52.221833] file system registered
[   52.224093] unloading
[   52.232312] ffs_data_put(): freeing
[   52.232649] ffs_data_put(): freeing
[   52.235284] file system registered
[   52.237356] unloading
[   52.245776] file system registered
[   52.249054] unloading
[   52.256645] file system registered
[   52.257922] unloading
[   52.265057] file system registered
[   52.266662] unloading
[   52.272661] file system registered
[   52.274009] unloading
[   52.278957] ffs_data_put(): freeing
[   52.281247] file system registered
[   52.282901] unloading
[   52.293181] file system registered
[   52.294698] unloading
[   52.303970] ffs_data_put(): freeing
[   52.305919] file system registered
[   52.307361] unloading
[   52.317115] ffs_data_put(): freeing
[   52.317291] ffs_data_put(): freeing
[   52.319364] file system registered
[   52.321273] unloading
[   52.330138] ffs_data_put(): freeing
[   52.330232] ffs_data_put(): freeing
[   52.333175] file system registered
[   52.335142] unloading
[   52.345283] file system registered
[   52.347092] unloading
[   52.355368] ffs_data_put(): freeing
[   52.355898] ffs_data_put(): freeing
[   52.357191] file system registered
[   52.359156] unloading
[   52.366222] ffs_data_put(): freeing
[   52.366415] ffs_data_put(): freeing
[   52.366755] ffs_data_put(): freeing
[   52.368175] file system registered
[   52.370810] ffs_data_put(): freeing
[   52.370937] unloading
[   52.380593] ffs_data_put(): freeing
[   52.380749] ffs_data_put(): freeing
[   52.383374] file system registered
[   52.386846] unloading
[   52.392254] ffs_data_put(): freeing
[   52.394848] file system registered
[   52.397263] unloading
[   52.404799] ffs_data_put(): freeing
[   52.404898] ffs_data_put(): freeing
[   52.406280] file system registered
[   52.409229] unloading
[   52.418400] ffs_data_put(): freeing
[   52.418653] ffs_data_put(): freeing
[   52.422074] file system registered
[   52.424053] unloading
[   52.429242] ffs_data_put(): freeing
[   52.431198] file system registered
[   52.433200] unloading
[   52.438194] ffs_data_put(): freeing
[   52.441708] file system registered
[   52.444869] unloading
[   52.450328] ffs_data_put(): freeing
[   52.451322] file system registered
[   52.453253] unloading
[   52.459041] ffs_data_put(): freeing
[   52.460680] file system registered
[   52.461987] unloading
[   52.472103] ffs_data_put(): freeing
[   52.472185] ffs_data_put(): freeing
[   52.474189] file system registered
[   52.476118] unloading
[   52.484221] ffs_data_put(): freeing
[   52.486254] file system registered
[   52.487917] unloading
[   52.492171] ffs_data_put(): freeing
[   52.492362] ffs_data_put(): freeing
[   52.493948] ffs_data_put(): freeing
[   52.494077] file system registered
[   52.496222] unloading
[   52.502187] ffs_data_put(): freeing
[   52.504284] file system registered
[   52.506120] unloading
[   52.515087] ffs_data_put(): freeing
[   52.515329] ffs_data_put(): freeing
[   52.517198] file system registered
[   52.519043] unloading
[   52.528107] ffs_data_put(): freeing
[   52.528408] ffs_data_put(): freeing
[   52.528805] ffs_data_put(): freeing
[   52.530077] file system registered
[   52.532320] unloading
[   52.545842] ffs_data_put(): freeing
[   52.546093] ffs_data_put(): freeing
[   52.546420] ffs_data_put(): freeing
[   52.550068] file system registered
[   52.553035] unloading
[   52.561833] ffs_data_put(): freeing
[   52.561987] ffs_data_put(): freeing
[   52.565402] file system registered
[   52.569044] unloading
[   52.583301] file system registered
[   52.587091] unloading
[   52.594711] ffs_data_put(): freeing
[   52.598264] file system registered
[   52.601072] unloading
[   52.607217] ffs_data_put(): freeing
[   52.609766] file system registered
[   52.612079] unloading
[   52.618134] ffs_data_put(): freeing
[   52.620079] file system registered
[   52.621984] unloading
[   52.629168] ffs_data_put(): freeing
[   52.631260] file system registered
[   52.633311] unloading
[   52.641602] file system registered
[   52.643262] unloading
[   52.649185] ffs_data_put(): freeing
[   52.649274] ffs_data_put(): freeing
[   52.650638] file system registered
[   52.652002] unloading
[   52.661006] ffs_data_put(): freeing
[   52.661104] ffs_data_put(): freeing
[   52.663599] file system registered
[   52.665195] unloading
[   52.670193] ffs_data_put(): freeing
[   52.674233] file system registered
[   52.675911] unloading
[   52.684399] file system registered
[   52.686718] unloading
[   52.696190] ffs_data_put(): freeing
[   52.696308] ffs_data_put(): freeing
[   52.699337] file system registered
[   52.703801] unloading
[   52.709128] ffs_data_put(): freeing
[   52.709227] ffs_data_put(): freeing
[   52.709925] ffs_data_put(): freeing
[   52.711433] file system registered
[   52.713603] unloading
[   52.718031] ffs_data_put(): freeing
[   52.720095] file system registered
[   52.722286] unloading
[   52.731094] ffs_data_put(): freeing
[   52.731194] ffs_data_put(): freeing
[   52.733009] file system registered
[   52.735483] unloading
[   52.743085] ffs_data_put(): freeing
[   52.745346] file system registered
[   52.747325] unloading
[   52.752363] ffs_data_put(): freeing
[   52.754251] file system registered
[   52.755667] unloading
[   52.763090] file system registered
[   52.764877] unloading
[   52.773054] ffs_data_put(): freeing
[   52.773147] ffs_data_put(): freeing
[   52.775147] file system registered
[   52.777170] unloading
[   52.788240] ffs_data_put(): freeing
[   52.791225] file system registered
[   52.792707] unloading
[   52.800220] ffs_data_put(): freeing
[   52.803334] file system registered
[   52.805900] unloading
[   52.811236] ffs_data_put(): freeing
[   52.814101] file system registered
[   52.817980] unloading
[   52.827082] ffs_data_put(): freeing
[   52.829235] file system registered
[   52.831050] unloading
[   52.843229] file system registered
[   52.845002] unloading
[   52.852808] file system registered
[   52.854225] unloading
[   52.859958] ffs_data_put(): freeing
[   52.863244] file system registered
[   52.865294] unloading
[   52.872098] ffs_data_put(): freeing
[   52.874622] file system registered
[   52.876295] unloading
[   52.881988] ffs_data_put(): freeing
[   52.885333] file system registered
[   52.887093] unloading
[   52.896037] ffs_data_put(): freeing
[   52.897672] file system registered
[   52.899166] unloading
[   52.907724] ffs_data_put(): freeing
[   52.909924] file system registered
[   52.912066] unloading
[   52.920186] ffs_data_put(): freeing
[   52.922976] file system registered
[   52.925268] unloading
[   52.934073] file system registered
[   52.936141] unloading
[   52.946358] file system registered
[   52.949015] unloading
[   52.957130] ffs_data_put(): freeing
[   52.957270] ffs_data_put(): freeing
[   52.959050] file system registered
[   52.960947] unloading
[   52.971003] ffs_data_put(): freeing
[   52.971143] ffs_data_put(): freeing
[   52.971240] ffs_data_put(): freeing
[   52.973836] file system registered
[   52.976229] unloading
[   52.983212] ffs_data_put(): freeing
[   52.986179] file system registered
[   52.989267] unloading
[   52.999291] ffs_data_put(): freeing
[   52.999647] ffs_data_put(): freeing
[   53.002963] file system registered
[   53.005389] unloading
[   53.017993] ffs_data_put(): freeing
[   53.021117] file system registered
[   53.023921] unloading
[   53.033185] ffs_data_put(): freeing
[   53.033304] ffs_data_put(): freeing
[   53.035951] file system registered
[   53.038848] unloading
[   53.045544] ffs_data_put(): freeing
[   53.045774] ffs_data_put(): freeing
[   53.048125] file system registered
[   53.050767] unloading
[   53.058325] ffs_data_put(): freeing
[   53.061244] file system registered
[   53.064048] unloading
[   53.070049] ffs_data_put(): freeing
[   53.070139] ffs_data_put(): freeing
[   53.071894] file system registered
[   53.073321] unloading
[   53.081210] ffs_data_put(): freeing
[   53.081297] ffs_data_put(): freeing
[   53.083245] file system registered
[   53.084891] unloading
[   53.095461] file system registered
[   53.097280] unloading
[   53.108238] ffs_data_put(): freeing
[   53.110359] file system registered
[   53.114161] unloading
[   53.121225] ffs_data_put(): freeing
[   53.121328] ffs_data_put(): freeing
[   53.121722] ffs_data_put(): freeing
[   53.121865] ffs_data_put(): freeing
[   53.123116] file system registered
[   53.125007] unloading
[   53.135243] ffs_data_put(): freeing
[   53.135363] ffs_data_put(): freeing
[   53.138895] file system registered
[   53.141845] unloading
[   53.146227] ffs_data_put(): freeing
[   53.147098] ffs_data_put(): freeing
[   53.149224] file system registered
[   53.151698] unloading
[   53.159252] ffs_data_put(): freeing
[   53.161260] file system registered
[   53.163327] unloading
[   53.179043] ffs_data_put(): freeing
[   53.180175] file system registered
[   53.181387] unloading
[   53.189124] ffs_data_put(): freeing
[   53.191902] file system registered
[   53.194247] ffs_data_put(): freeing
[   53.195381] unloading
[   53.201192] ffs_data_put(): freeing
[   53.203286] file system registered
[   53.203718] ffs_data_put(): freeing
[   53.205078] unloading
[   53.213148] ffs_data_put(): freeing
[   53.213366] ffs_data_put(): freeing
[   53.214020] ffs_data_put(): freeing
[   53.215319] file system registered
[   53.217200] unloading
[   53.225315] ffs_data_put(): freeing
[   53.225677] ffs_data_put(): freeing
[   53.228258] file system registered
[   53.230991] unloading
[   53.245346] file system registered
[   53.247126] unloading
[   53.257677] ffs_data_put(): freeing
[   53.257796] ffs_data_put(): freeing
[   53.260398] file system registered
[   53.263326] unloading
[   53.268361] ffs_data_put(): freeing
[   53.271891] file system registered
[   53.274890] unloading
[   53.281646] file system registered
[   53.283144] unloading
[   53.290913] file system registered
[   53.292077] unloading
[   53.300027] file system registered
[   53.302687] unloading
[   53.308058] ffs_data_put(): freeing
[   53.308300] ffs_data_put(): freeing
[   53.308404] ffs_data_put(): freeing
[   53.309309] file system registered
[   53.310935] unloading
[   53.323253] ffs_data_put(): freeing
[   53.323345] ffs_data_put(): freeing
[   53.325000] file system registered
[   53.327121] unloading
[   53.341207] ffs_data_put(): freeing
[   53.345705] file system registered
[   53.350179] unloading
[   53.359153] ffs_data_put(): freeing
[   53.361320] file system registered
[   53.363933] unloading
[   53.371178] ffs_data_put(): freeing
[   53.374225] file system registered
[   53.377374] unloading
[   53.387967] file system registered
[   53.390032] unloading
[   53.398031] ffs_data_put(): freeing
[   53.399663] file system registered
[   53.401132] unloading
[   53.409343] ffs_data_put(): freeing
[   53.411376] file system registered
[   53.413119] unloading
[   53.422109] ffs_data_put(): freeing
[   53.422212] ffs_data_put(): freeing
[   53.423948] file system registered
[   53.426372] unloading
[   53.434121] ffs_data_put(): freeing
[   53.434231] ffs_data_put(): freeing
[   53.435964] file system registered
[   53.437854] unloading
[   53.442348] ffs_data_put(): freeing
[   53.443172] ffs_data_put(): freeing
[   53.444369] file system registered
[   53.447206] unloading
[   53.456655] ffs_data_put(): freeing
[   53.456719] ffs_data_put(): freeing
[   53.459096] file system registered
[   53.461914] unloading
[   53.471235] ffs_data_put(): freeing
[   53.474387] file system registered
[   53.476330] unloading
[   53.487118] file system registered
[   53.489232] unloading
[   53.498347] file system registered
[   53.500376] unloading
[   53.515266] ffs_data_put(): freeing
[   53.515383] ffs_data_put(): freeing
[   53.517933] file system registered
[   53.522038] unloading
[   53.529698] ffs_data_put(): freeing
[   53.529761] ffs_data_put(): freeing
[   53.530257] ffs_data_put(): freeing
[   53.532181] file system registered
[   53.534308] unloading
[   53.543758] file system registered
[   53.545213] unloading
[   53.555119] ffs_data_put(): freeing
[   53.558401] file system registered
[   53.561347] unloading
[   53.569278] ffs_data_put(): freeing
[   53.569370] file system registered
[   53.571322] unloading
[   53.578759] file system registered
[   53.579858] unloading
[   53.587926] file system registered
[   53.589788] unloading
[   53.599042] ffs_data_put(): freeing
[   53.599123] ffs_data_put(): freeing
[   53.601332] file system registered
[   53.603251] unloading
[   53.609274] ffs_data_put(): freeing
[   53.611204] file system registered
[   53.612994] unloading
[   53.617029] ffs_data_put(): freeing
[   53.619175] file system registered
[   53.621334] unloading
[   53.632095] file system registered
[   53.633741] unloading
[   53.642152] ffs_data_put(): freeing
[   53.643828] file system registered
[   53.645257] unloading
[   53.652883] file system registered
[   53.654621] unloading
[   53.665941] ffs_data_put(): freeing
[   53.666029] ffs_data_put(): freeing
[   53.667774] file system registered
[   53.669246] unloading
[   53.677134] ffs_data_put(): freeing
[   53.680228] file system registered
[   53.683251] unloading
[   53.689027] ffs_data_put(): freeing
[   53.690926] file system registered
[   53.692980] unloading
[   53.704261] ffs_data_put(): freeing
[   53.704387] ffs_data_put(): freeing
[   53.705652] file system registered
[   53.707227] unloading
[   53.722223] ffs_data_put(): freeing
[   53.722404] ffs_data_put(): freeing
[   53.722682] ffs_data_put(): freeing
[   53.724749] file system registered
[   53.728096] ffs_data_put(): freeing
[   53.729226] unloading
[   53.741775] ffs_data_put(): freeing
[   53.741959] ffs_data_put(): freeing
[   53.742805] ffs_data_put(): freeing
[   53.744078] file system registered
[   53.747349] unloading
[   53.759791] ffs_data_put(): freeing
[   53.760050] ffs_data_put(): freeing
[   53.760189] ffs_data_put(): freeing
[   53.765196] file system registered
[   53.769342] unloading
[   53.781299] ffs_data_put(): freeing
[   53.781431] ffs_data_put(): freeing
[   53.785822] file system registered
[   53.789013] unloading
[   53.796177] ffs_data_put(): freeing
[   53.799771] file system registered
[   53.803235] unloading
[   53.812348] ffs_data_put(): freeing
[   53.812804] ffs_data_put(): freeing
[   53.815909] file system registered
[   53.817619] unloading
[   53.823215] ffs_data_put(): freeing
[   53.825853] file system registered
[   53.828005] unloading
[   53.839924] file system registered
[   53.842767] unloading
[   53.855321] file system registered
[   53.857282] unloading
[   53.863213] ffs_data_put(): freeing
[   53.865119] file system registered
[   53.866977] unloading
[   53.877082] ffs_data_put(): freeing
[   53.877209] ffs_data_put(): freeing
[   53.877299] ffs_data_put(): freeing
[   53.878247] file system registered
[   53.880047] unloading
[   53.886192] ffs_data_put(): freeing
[   53.886312] ffs_data_put(): freeing
[   53.888305] file system registered
[   53.890337] unloading
[   53.896079] ffs_data_put(): freeing
[   53.897831] file system registered
[   53.899800] unloading
[   53.911086] file system registered
[   53.913020] unloading
[   53.921891] ffs_data_put(): freeing
[   53.924649] file system registered
[   53.926406] unloading
[   53.935086] ffs_data_put(): freeing
[   53.935220] ffs_data_put(): freeing
[   53.938109] file system registered
[   53.941379] unloading
[   53.952212] file system registered
[   53.954231] unloading
[   53.961195] ffs_data_put(): freeing
[   53.961337] ffs_data_put(): freeing
[   53.964311] file system registered
[   53.966091] unloading
[   53.976336] file system registered
[   53.978193] unloading
[   53.986214] ffs_data_put(): freeing
[   53.986331] ffs_data_put(): freeing
[   53.988332] file system registered
[   53.990858] unloading
[   54.001137] ffs_data_put(): freeing
[   54.004657] file system registered
[   54.007095] unloading
[   54.015274] file system registered
[   54.016836] unloading
[   54.022975] ffs_data_put(): freeing
[   54.025003] file system registered
[   54.026312] unloading
[   54.033204] ffs_data_put(): freeing
[   54.035828] file system registered
[   54.038032] unloading
[   54.045054] ffs_data_put(): freeing
[   54.045160] ffs_data_put(): freeing
[   54.047400] file system registered
[   54.049906] unloading
[   54.056183] file system registered
[   54.058173] unloading
[   54.063999] ffs_data_put(): freeing
[   54.064123] ffs_data_put(): freeing
[   54.065631] file system registered
[   54.066930] unloading
[   54.077110] file system registered
[   54.079077] unloading
[   54.089072] ffs_data_put(): freeing
[   54.089194] ffs_data_put(): freeing
[   54.096305] file system registered
[   54.099023] unloading
[   54.108950] ffs_data_put(): freeing
[   54.111098] file system registered
[   54.112929] unloading
[   54.118978] ffs_data_put(): freeing
[   54.121241] file system registered
[   54.123279] unloading
[   54.129969] ffs_data_put(): freeing
[   54.131905] file system registered
[   54.133378] unloading
[   54.141339] ffs_data_put(): freeing
[   54.144888] file system registered
[   54.146877] unloading
[   54.154792] file system registered
[   54.156272] unloading
[   54.161909] ffs_data_put(): freeing
[   54.161997] ffs_data_put(): freeing
[   54.163296] file system registered
[   54.165030] unloading
[   54.171985] ffs_data_put(): freeing
[   54.172126] ffs_data_put(): freeing
[   54.173062] file system registered
[   54.174232] unloading
[   54.179957] ffs_data_put(): freeing
[   54.180041] ffs_data_put(): freeing
[   54.181192] file system registered
[   54.182845] unloading
[   54.190042] ffs_data_put(): freeing
[   54.191801] file system registered
[   54.193350] unloading
[   54.199058] ffs_data_put(): freeing
[   54.199158] ffs_data_put(): freeing
[   54.200320] file system registered
[   54.202687] unloading
[   54.213354] ffs_data_put(): freeing
[   54.215783] file system registered
[   54.217236] unloading
[   54.221759] ffs_data_put(): freeing
[   54.224114] file system registered
[   54.225684] unloading
[   54.233253] file system registered
[   54.236337] unloading
[   54.244013] ffs_data_put(): freeing
[   54.246026] file system registered
[   54.247988] unloading
[   54.256817] file system registered
[   54.258264] unloading
[   54.264978] ffs_data_put(): freeing
[   54.265061] ffs_data_put(): freeing
[   54.267652] file system registered
[   54.269041] unloading
[   54.277191] ffs_data_put(): freeing
[   54.278732] file system registered
[   54.280104] unloading
[   54.286051] ffs_data_put(): freeing
[   54.287462] file system registered
[   54.289331] unloading
[   54.295172] ffs_data_put(): freeing
[   54.297106] file system registered
[   54.298822] unloading
[   54.312183] ffs_data_put(): freeing
[   54.312320] ffs_data_put(): freeing
[   54.314149] file system registered
[   54.315718] unloading
[   54.323210] ffs_data_put(): freeing
[   54.323399] ffs_data_put(): freeing
[   54.326610] file system registered
[   54.329404] unloading
[   54.339006] ffs_data_put(): freeing
[   54.339149] ffs_data_put(): freeing
[   54.339379] ffs_data_put(): freeing
[   54.339711] ffs_data_put(): freeing
[   54.341472] file system registered
[   54.345798] unloading
[   54.351254] ffs_data_put(): freeing
[   54.354281] file system registered
[   54.357772] unloading
[   54.368072] ffs_data_put(): freeing
[   54.370185] file system registered
[   54.372116] unloading
[   54.382163] ffs_data_put(): freeing
[   54.384608] file system registered
[   54.386666] unloading
[   54.396103] file system registered
[   54.397902] ffs_data_put(): freeing
[   54.397983] unloading
[   54.408058] ffs_data_put(): freeing
[   54.408181] ffs_data_put(): freeing
[   54.409891] file system registered
[   54.412134] unloading
[   54.420056] ffs_data_put(): freeing
[   54.422861] file system registered
[   54.424857] unloading
[   54.430935] ffs_data_put(): freeing
[   54.430980] ffs_data_put(): freeing
[   54.433741] file system registered
[   54.435795] unloading
[   54.442102] ffs_data_put(): freeing
[   54.443976] file system registered
[   54.445858] unloading
[   54.454984] ffs_data_put(): freeing
[   54.455111] ffs_data_put(): freeing
[   54.456993] file system registered
[   54.458713] unloading
[   54.469088] ffs_data_put(): freeing
[   54.471238] file system registered
[   54.472950] unloading
[   54.486092] ffs_data_put(): freeing
[   54.486197] ffs_data_put(): freeing
[   54.488747] file system registered
[   54.490476] unloading
[   54.496182] ffs_data_put(): freeing
[   54.498369] file system registered
[   54.500243] unloading
[   54.505429] ffs_data_put(): freeing
[   54.507981] file system registered
[   54.510359] unloading
[   54.518052] ffs_data_put(): freeing
[   54.520260] file system registered
[   54.522350] unloading
[   54.530237] file system registered
[   54.532177] unloading
[   54.537098] ffs_data_put(): freeing
[   54.537222] ffs_data_put(): freeing
[   54.537331] ffs_data_put(): freeing
[   54.539013] file system registered
[   54.540730] unloading
[   54.551150] ffs_data_put(): freeing
[   54.551270] ffs_data_put(): freeing
[   54.551426] ffs_data_put(): freeing
[   54.551913] ffs_data_put(): freeing
[   54.553261] file system registered
[   54.555322] unloading
[   54.563275] ffs_data_put(): freeing
[   54.563659] ffs_data_put(): freeing
[   54.565285] file system registered
[   54.567796] unloading
[   54.576216] ffs_data_put(): freeing
[   54.576402] ffs_data_put(): freeing
[   54.578095] file system registered
[   54.580864] unloading
[   54.588309] ffs_data_put(): freeing
[   54.588969] ffs_data_put(): freeing
[   54.589151] ffs_data_put(): freeing
[   54.591154] file system registered
[   54.593225] unloading
[   54.600229] ffs_data_put(): freeing
[   54.600934] ffs_data_put(): freeing
[   54.601077] ffs_data_put(): freeing
[   54.602710] file system registered
[   54.604333] unloading
[   54.612303] ffs_data_put(): freeing
[   54.614928] file system registered
[   54.617596] unloading
[   54.623257] ffs_data_put(): freeing
[   54.625349] file system registered
[   54.627336] unloading
[   54.637351] ffs_data_put(): freeing
[   54.639059] file system registered
[   54.641310] unloading
[   54.650067] ffs_data_put(): freeing
[   54.650196] ffs_data_put(): freeing
[   54.651319] file system registered
[   54.652932] unloading
[   54.657133] ffs_data_put(): freeing
[   54.657270] ffs_data_put(): freeing
[   54.660282] file system registered
[   54.662814] unloading
[   54.670088] file system registered
[   54.671990] unloading
[   54.680908] file system registered
[   54.682018] unloading
[   54.689628] file system registered
[   54.691205] unloading
[   54.696939] ffs_data_put(): freeing
[   54.699430] file system registered
[   54.700858] unloading
[   54.707586] file system registered
[   54.708863] unloading
[   54.716891] ffs_data_put(): freeing
[   54.718786] file system registered
[   54.720309] unloading
[   54.724948] ffs_data_put(): freeing
[   54.726208] file system registered
[   54.727583] unloading
[   54.733915] ffs_data_put(): freeing
[   54.735589] file system registered
[   54.736886] unloading
[   54.742947] ffs_data_put(): freeing
[   54.744874] file system registered
[   54.746142] unloading
[   54.752971] ffs_data_put(): freeing
[   54.757062] file system registered
[   54.758802] unloading
[   54.764092] file system registered
[   54.765971] unloading
[   54.771314] ffs_data_put(): freeing
[   54.773059] file system registered
[   54.774499] unloading
[   54.781073] ffs_data_put(): freeing
[   54.782783] file system registered
[   54.783992] unloading
[   54.793138] ffs_data_put(): freeing
[   54.793240] ffs_data_put(): freeing
[   54.796022] file system registered
[   54.798924] unloading
[   54.808015] ffs_data_put(): freeing
[   54.810133] file system registered
[   54.811896] unloading
[   54.822083] ffs_data_put(): freeing
[   54.824824] file system registered
[   54.826323] unloading
[   54.835042] ffs_data_put(): freeing
[   54.836985] file system registered
[   54.839135] unloading
[   54.843978] ffs_data_put(): freeing
[   54.846739] file system registered
[   54.848196] unloading
[   54.853015] ffs_data_put(): freeing
[   54.854377] file system registered
[   54.856183] unloading
[   54.864755] file system registered
[   54.866943] unloading
[   54.874230] ffs_data_put(): freeing
[   54.874338] ffs_data_put(): freeing
[   54.876160] file system registered
[   54.877694] unloading
[   54.888143] ffs_data_put(): freeing
[   54.889978] file system registered
[   54.891704] unloading
[   54.898941] file system registered
[   54.900030] unloading
[   54.907095] ffs_data_put(): freeing
[   54.909725] file system registered
[   54.911341] unloading
[   54.918983] ffs_data_put(): freeing
[   54.919081] ffs_data_put(): freeing
[   54.921177] file system registered
[   54.922998] unloading
[   54.932062] ffs_data_put(): freeing
[   54.934307] file system registered
[   54.935963] unloading
[   54.942317] file system registered
[   54.944002] unloading
[   54.953324] file system registered
[   54.955107] unloading
[   54.964064] ffs_data_put(): freeing
[   54.964156] ffs_data_put(): freeing
[   54.967007] file system registered
[   54.968885] unloading
[   54.978629] file system registered
[   54.979993] unloading
[   54.985968] ffs_data_put(): freeing
[   54.988550] file system registered
[   54.989990] unloading
[   54.996025] ffs_data_put(): freeing
[   54.996097] ffs_data_put(): freeing
[   54.997383] file system registered
[   54.999053] unloading
[   55.005105] ffs_data_put(): freeing
[   55.005188] ffs_data_put(): freeing
[   55.007276] file system registered
[   55.008912] unloading
[   55.014062] ffs_data_put(): freeing
[   55.016661] file system registered
[   55.018833] unloading
[   55.029243] ffs_data_put(): freeing
[   55.029306] ffs_data_put(): freeing
[   55.032779] file system registered
[   55.035225] unloading
[   55.043949] file system registered
[   55.046136] unloading
[   55.056162] ffs_data_put(): freeing
[   55.056256] ffs_data_put(): freeing
[   55.057318] file system registered
[   55.059166] unloading
[   55.066401] ffs_data_put(): freeing
[   55.066670] ffs_data_put(): freeing
[   55.070160] file system registered
[   55.072588] unloading
[   55.080203] ffs_data_put(): freeing
[   55.082757] file system registered
[   55.085079] unloading
[   55.093277] ffs_data_put(): freeing
[   55.095359] file system registered
[   55.096942] unloading
[   55.102083] ffs_data_put(): freeing
[   55.103230] file system registered
[   55.105116] unloading
[   55.113407] ffs_data_put(): freeing
[   55.115455] file system registered
[   55.117432] unloading
[   55.124289] ffs_data_put(): freeing
[   55.127754] file system registered
[   55.130072] unloading
[   55.140263] ffs_data_put(): freeing
[   55.140386] ffs_data_put(): freeing
[   55.142792] file system registered
[   55.144179] unloading
[   55.148991] ffs_data_put(): freeing
[   55.152739] file system registered
[   55.154985] unloading
[   55.166806] file system registered
[   55.168145] unloading
[   55.175015] file system registered
[   55.178021] unloading
[   55.182912] ffs_data_put(): freeing
[   55.185204] file system registered
[   55.186928] unloading
[   55.195014] ffs_data_put(): freeing
[   55.195093] ffs_data_put(): freeing
[   55.197711] file system registered
[   55.199658] ffs_data_put(): freeing
[   55.199722] unloading
[   55.209176] ffs_data_put(): freeing
[   55.210428] file system registered
[   55.211809] unloading
[   55.217983] ffs_data_put(): freeing
[   55.218075] ffs_data_put(): freeing
[   55.219679] file system registered
[   55.221361] unloading
[   55.228886] file system registered
[   55.230041] unloading
[   55.238033] ffs_data_put(): freeing
[   55.240111] file system registered
[   55.241746] unloading
[   55.246908] ffs_data_put(): freeing
[   55.248397] file system registered
[   55.249984] unloading
[   55.257118] ffs_data_put(): freeing
[   55.259322] file system registered
[   55.261588] unloading
[   55.269163] ffs_data_put(): freeing
[   55.269391] ffs_data_put(): freeing
[   55.269533] ffs_data_put(): freeing
[   55.270765] file system registered
[   55.272026] unloading
[   55.282175] ffs_data_put(): freeing
[   55.282623] ffs_data_put(): freeing
[   55.282698] ffs_data_put(): freeing
[   55.284263] file system registered
[   55.287135] unloading
[   55.293688] ffs_data_put(): freeing
[   55.293901] ffs_data_put(): freeing
[   55.295332] ffs_data_put(): freeing
[   55.296188] file system registered
[   55.299762] unloading
[   55.309752] ffs_data_put(): freeing
[   55.309869] ffs_data_put(): freeing
[   55.310000] ffs_data_put(): freeing
[   55.312958] file system registered
[   55.315806] unloading
[   55.324986] ffs_data_put(): freeing
[   55.325296] ffs_data_put(): freeing
[   55.327409] file system registered
[   55.330939] unloading
[   55.336602] ffs_data_put(): freeing
[   55.336895] ffs_data_put(): freeing
[   55.339187] file system registered
[   55.341807] unloading
[   55.350136] ffs_data_put(): freeing
[   55.352933] file system registered
[   55.355014] unloading
[   55.360312] ffs_data_put(): freeing
[   55.362671] file system registered
[   55.364405] unloading
[   55.373942] ffs_data_put(): freeing
[   55.374039] ffs_data_put(): freeing
[   55.375626] file system registered
[   55.376878] unloading
[   55.383037] ffs_data_put(): freeing
[   55.385235] file system registered
[   55.387078] unloading
[   55.399213] file system registered
[   55.401743] unloading
[   55.410187] ffs_data_put(): freeing
[   55.410933] ffs_data_put(): freeing
[   55.411128] ffs_data_put(): freeing
[   55.412408] file system registered
[   55.414277] unloading
[   55.421056] ffs_data_put(): freeing
[   55.423237] file system registered
[   55.425260] unloading
[   55.430065] ffs_data_put(): freeing
[   55.432812] file system registered
[   55.434680] unloading
[   55.440054] ffs_data_put(): freeing
[   55.442367] file system registered
[   55.444224] unloading
[   55.453018] file system registered
[   55.454791] unloading
[   55.465014] ffs_data_put(): freeing
[   55.467281] file system registered
[   55.468338] unloading
[   55.472969] ffs_data_put(): freeing
[   55.475938] file system registered
[   55.478038] unloading
[   55.485979] ffs_data_put(): freeing
[   55.488224] file system registered
[   55.489771] unloading
[   55.494916] ffs_data_put(): freeing
[   55.496848] file system registered
[   55.498107] unloading
[   55.503919] ffs_data_put(): freeing
[   55.505393] file system registered
[   55.507147] unloading
[   55.513998] ffs_data_put(): freeing
[   55.515400] file system registered
[   55.517866] unloading
[   55.525926] ffs_data_put(): freeing
[   55.526043] ffs_data_put(): freeing
[   55.528046] file system registered
[   55.530655] unloading
[   55.541838] file system registered
[   55.543119] unloading
[   55.547923] ffs_data_put(): freeing
[   55.548031] ffs_data_put(): freeing
[   55.550076] file system registered
[   55.551974] unloading
[   55.561073] ffs_data_put(): freeing
[   55.561183] ffs_data_put(): freeing
[   55.562113] file system registered
[   55.563296] unloading
[   55.569045] ffs_data_put(): freeing
[   55.569209] ffs_data_put(): freeing
[   55.569704] ffs_data_put(): freeing
[   55.570706] file system registered
[   55.572050] unloading
[   55.579199] ffs_data_put(): freeing
[   55.579391] ffs_data_put(): freeing
[   55.580840] file system registered
[   55.582039] unloading
[   55.587014] ffs_data_put(): freeing
[   55.587389] ffs_data_put(): freeing
[   55.587658] ffs_data_put(): freeing
[   55.590880] file system registered
[   55.593221] unloading
[   55.600063] ffs_data_put(): freeing
[   55.602304] file system registered
[   55.604972] unloading
[   55.615099] file system registered
[   55.616629] unloading
[   55.621062] file system registered
[   55.622002] ffs_data_put(): freeing
[   55.624161] unloading
[   55.639229] ffs_data_put(): freeing
[   55.639344] ffs_data_put(): freeing
[   55.641017] file system registered
[   55.642732] unloading
[   55.648184] ffs_data_put(): freeing
[   55.648270] ffs_data_put(): freeing
[   55.651218] file system registered
[   55.653215] unloading
[   55.664076] ffs_data_put(): freeing
[   55.666584] file system registered
[   55.668196] unloading
[   55.674126] ffs_data_put(): freeing
[   55.674222] ffs_data_put(): freeing
[   55.676620] file system registered
[   55.678245] unloading
[   55.683069] ffs_data_put(): freeing
[   55.684398] ffs_data_put(): freeing
[   55.684979] file system registered
[   55.686871] unloading
[   55.700238] ffs_data_put(): freeing
[   55.704951] file system registered
[   55.707006] unloading
[   55.712996] ffs_data_put(): freeing
[   55.713146] ffs_data_put(): freeing
[   55.716726] file system registered
[   55.718175] unloading
[   55.724211] ffs_data_put(): freeing
[   55.727117] file system registered
[   55.729928] unloading
[   55.736104] ffs_data_put(): freeing
[   55.736230] ffs_data_put(): freeing
[   55.736327] ffs_data_put(): freeing
[   55.738828] file system registered
[   55.741004] unloading
[   55.749134] ffs_data_put(): freeing
[   55.749238] ffs_data_put(): freeing
[   55.751237] file system registered
[   55.753219] unloading
[   55.764042] ffs_data_put(): freeing
[   55.766333] file system registered
[   55.768246] unloading
[   55.775106] ffs_data_put(): freeing
[   55.777612] file system registered
[   55.778780] unloading
[   55.784368] ffs_data_put(): freeing
[   55.784715] ffs_data_put(): freeing
[   55.785377] ffs_data_put(): freeing
[   55.786338] file system registered
[   55.788259] unloading
[   55.797080] ffs_data_put(): freeing
[   55.797693] ffs_data_put(): freeing
[   55.800471] file system registered
[   55.803326] unloading
[   55.810183] ffs_data_put(): freeing
[   55.812712] file system registered
[   55.814866] unloading
[   55.821925] ffs_data_put(): freeing
[   55.823673] file system registered
[   55.824894] unloading
[   55.834114] ffs_data_put(): freeing
[   55.834251] ffs_data_put(): freeing
[   55.836103] file system registered
[   55.838111] ffs_data_put(): freeing
[   55.838215] unloading
[   55.847104] file system registered
[   55.848964] unloading
[   55.855296] ffs_data_put(): freeing
[   55.855690] ffs_data_put(): freeing
[   55.855759] ffs_data_put(): freeing
[   55.856244] file system registered
[   55.858037] unloading
[   55.864241] ffs_data_put(): freeing
[   55.864383] ffs_data_put(): freeing
[   55.867098] file system registered
[   55.869244] unloading
[   55.880185] ffs_data_put(): freeing
[   55.884806] file system registered
[   55.887354] unloading
[   55.895133] ffs_data_put(): freeing
[   55.895368] ffs_data_put(): freeing
[   55.896945] file system registered
[   55.899191] unloading
[   55.910262] ffs_data_put(): freeing
[   55.911100] ffs_data_put(): freeing
[   55.911186] ffs_data_put(): freeing
[   55.913997] file system registered
[   55.916751] unloading
[   55.927228] ffs_data_put(): freeing
[   55.929941] file system registered
[   55.932820] unloading
[   55.941357] ffs_data_put(): freeing
[   55.943259] file system registered
[   55.945111] unloading
[   55.956030] ffs_data_put(): freeing
[   55.956152] ffs_data_put(): freeing
[   55.957396] file system registered
[   55.959014] unloading
[   55.967208] ffs_data_put(): freeing
[   55.967366] ffs_data_put(): freeing
[   55.973108] file system registered
[   55.975406] unloading
[   55.983245] ffs_data_put(): freeing
[   55.983354] ffs_data_put(): freeing
[   55.985177] file system registered
[   55.987081] unloading
[   56.002402] ffs_data_put(): freeing
[   56.003996] ffs_data_put(): freeing
[   56.006252] file system registered
[   56.009663] unloading
[   56.015372] ffs_data_put(): freeing
[   56.019091] file system registered
[   56.021316] unloading
[   56.031246] file system registered
[   56.034206] unloading
[   56.044156] ffs_data_put(): freeing
[   56.044292] ffs_data_put(): freeing
[   56.044573] ffs_data_put(): freeing
[   56.046471] file system registered
[   56.048308] unloading
[   56.058922] file system registered
[   56.060076] unloading
[   56.066171] ffs_data_put(): freeing
[   56.069049] file system registered
[   56.071347] unloading
[   56.081190] ffs_data_put(): freeing
[   56.083997] file system registered
[   56.085273] unloading
[   56.095150] file system registered
[   56.097736] unloading
[   56.107138] ffs_data_put(): freeing
[   56.109843] file system registered
[   56.112328] unloading
[   56.120262] ffs_data_put(): freeing
[   56.120412] ffs_data_put(): freeing
[   56.121039] ffs_data_put(): freeing
[   56.123605] file system registered
[   56.125846] unloading
[   56.134059] file system registered
[   56.136248] unloading
[   56.141038] ffs_data_put(): freeing
[   56.142746] file system registered
[   56.144173] unloading
[   56.153089] ffs_data_put(): freeing
[   56.153188] ffs_data_put(): freeing
[   56.156218] file system registered
[   56.158611] unloading
[   56.168921] file system registered
[   56.170894] unloading
[   56.176887] ffs_data_put(): freeing
[   56.179353] file system registered
[   56.181961] unloading
[   56.190592] file system registered
[   56.192267] unloading
[   56.203835] ffs_data_put(): freeing
[   56.205901] file system registered
[   56.206978] unloading
[   56.219662] file system registered
[   56.221289] unloading
[   56.226967] ffs_data_put(): freeing
[   56.229160] file system registered
[   56.231032] unloading
[   56.242246] file system registered
[   56.244285] unloading
[   56.252918] ffs_data_put(): freeing
[   56.254784] file system registered
[   56.256106] unloading
[   56.263113] file system registered
[   56.264694] unloading
[   56.270954] ffs_data_put(): freeing
[   56.272661] file system registered
[   56.274250] unloading
[   56.280061] ffs_data_put(): freeing
[   56.280157] ffs_data_put(): freeing
[   56.282189] file system registered
[   56.283927] unloading
[   56.293078] ffs_data_put(): freeing
[   56.293165] ffs_data_put(): freeing
[   56.295322] file system registered
[   56.297360] unloading
[   56.303938] ffs_data_put(): freeing
[   56.305653] file system registered
[   56.306962] unloading
[   56.310049] ffs_data_put(): freeing
[   56.310177] ffs_data_put(): freeing
[   56.312280] file system registered
[   56.314354] unloading
[   56.323776] file system registered
[   56.325034] unloading
[   56.331119] ffs_data_put(): freeing
[   56.331196] ffs_data_put(): freeing
[   56.334141] file system registered
[   56.336318] unloading
[   56.342947] ffs_data_put(): freeing
[   56.344941] file system registered
[   56.346999] unloading
[   56.354961] ffs_data_put(): freeing
[   56.355056] ffs_data_put(): freeing
[   56.357359] file system registered
[   56.359106] unloading
[   56.369202] file system registered
[   56.370978] unloading
[   56.380723] file system registered
[   56.382127] unloading
[   56.388240] file system registered
[   56.389746] unloading
[   56.397049] file system registered
[   56.398041] unloading
[   56.405918] ffs_data_put(): freeing
[   56.407684] file system registered
[   56.408837] unloading
[   56.414977] ffs_data_put(): freeing
[   56.416585] file system registered
[   56.417910] unloading
[   56.425369] file system registered
[   56.427049] unloading
[   56.431953] ffs_data_put(): freeing
[   56.433924] file system registered
[   56.435398] unloading
[   56.439982] ffs_data_put(): freeing
[   56.440069] ffs_data_put(): freeing
[   56.441748] file system registered
[   56.442968] unloading
[   56.452091] ffs_data_put(): freeing
[   56.452258] ffs_data_put(): freeing
[   56.455026] file system registered
[   56.457830] unloading
[   56.465135] ffs_data_put(): freeing
[   56.465269] ffs_data_put(): freeing
[   56.468008] file system registered
[   56.470169] unloading
[   56.480131] ffs_data_put(): freeing
[   56.482925] file system registered
[   56.485710] unloading
[   56.494075] ffs_data_put(): freeing
[   56.496763] file system registered
[   56.498693] unloading
[   56.509147] file system registered
[   56.511183] unloading
[   56.518076] ffs_data_put(): freeing
[   56.518196] ffs_data_put(): freeing
[   56.520724] file system registered
[   56.522127] unloading
[   56.533206] file system registered
[   56.535098] unloading
[   56.540997] ffs_data_put(): freeing
[   56.544035] file system registered
[   56.546022] unloading
[   56.556148] ffs_data_put(): freeing
[   56.556245] ffs_data_put(): freeing
[   56.558966] file system registered
[   56.560669] unloading
[   56.567932] ffs_data_put(): freeing
[   56.569261] file system registered
[   56.570764] unloading
[   56.575011] ffs_data_put(): freeing
[   56.575096] ffs_data_put(): freeing
[   56.577676] file system registered
[   56.579389] ffs_data_put(): freeing
[   56.579871] unloading
[   56.590956] ffs_data_put(): freeing
[   56.591095] ffs_data_put(): freeing
[   56.592138] file system registered
[   56.593778] unloading
[   56.601173] ffs_data_put(): freeing
[   56.601276] ffs_data_put(): freeing
[   56.604121] file system registered
[   56.607168] unloading
[   56.614059] ffs_data_put(): freeing
[   56.616215] file system registered
[   56.618152] unloading
[   56.628970] file system registered
[   56.630819] unloading
[   56.635957] ffs_data_put(): freeing
[   56.636596] ffs_data_put(): freeing
[   56.638264] file system registered
[   56.640186] unloading
[   56.648049] ffs_data_put(): freeing
[   56.650208] file system registered
[   56.652025] unloading
[   56.657008] ffs_data_put(): freeing
[   56.658850] file system registered
[   56.660159] unloading
[   56.669927] ffs_data_put(): freeing
[   56.670018] ffs_data_put(): freeing
[   56.672265] file system registered
[   56.674622] unloading
[   56.684029] ffs_data_put(): freeing
[   56.686257] file system registered
[   56.687926] unloading
[   56.692143] ffs_data_put(): freeing
[   56.694253] file system registered
[   56.696129] unloading
[   56.706078] ffs_data_put(): freeing
[   56.706172] ffs_data_put(): freeing
[   56.708666] file system registered
[   56.710407] unloading
[   56.720104] ffs_data_put(): freeing
[   56.720266] ffs_data_put(): freeing
[   56.722188] file system registered
[   56.724085] unloading
[   56.728056] ffs_data_put(): freeing
[   56.730158] file system registered
[   56.732016] unloading
[   56.741060] ffs_data_put(): freeing
[   56.742875] file system registered
[   56.744560] unloading
[   56.751092] ffs_data_put(): freeing
[   56.751176] ffs_data_put(): freeing
[   56.753302] file system registered
[   56.755145] unloading
[   56.766061] ffs_data_put(): freeing
[   56.768883] file system registered
[   56.770285] unloading
[   56.776599] ffs_data_put(): freeing
[   56.777331] file system registered
[   56.779102] unloading
[   56.787116] ffs_data_put(): freeing
[   56.787275] ffs_data_put(): freeing
[   56.787354] ffs_data_put(): freeing
[   56.788396] file system registered
[   56.789739] unloading
[   56.799156] ffs_data_put(): freeing
[   56.799346] ffs_data_put(): freeing
[   56.800661] file system registered
[   56.801763] unloading
[   56.807272] ffs_data_put(): freeing
[   56.807848] ffs_data_put(): freeing
[   56.811415] file system registered
[   56.814170] unloading
[   56.818298] ffs_data_put(): freeing
[   56.821379] file system registered
[   56.823136] unloading
[   56.831116] ffs_data_put(): freeing
[   56.833198] file system registered
[   56.835149] unloading
[   56.841204] ffs_data_put(): freeing
[   56.841333] ffs_data_put(): freeing
[   56.841629] ffs_data_put(): freeing
[   56.843241] file system registered
[   56.845153] unloading
[   56.851186] ffs_data_put(): freeing
[   56.851338] ffs_data_put(): freeing
[   56.853866] file system registered
[   56.856085] unloading
[   56.867737] ffs_data_put(): freeing
[   56.869168] file system registered
[   56.871314] unloading
[   56.878326] ffs_data_put(): freeing
[   56.878581] ffs_data_put(): freeing
[   56.879915] file system registered
[   56.881209] unloading
[   56.889003] ffs_data_put(): freeing
[   56.891031] file system registered
[   56.892948] unloading
[   56.900119] ffs_data_put(): freeing
[   56.902273] file system registered
[   56.904211] unloading
[   56.915743] ffs_data_put(): freeing
[   56.917841] file system registered
[   56.919975] unloading
[   56.930132] ffs_data_put(): freeing
[   56.930227] ffs_data_put(): freeing
[   56.932234] file system registered
[   56.934381] unloading
[   56.941281] ffs_data_put(): freeing
[   56.942613] file system registered
[   56.944274] unloading
[   56.953101] file system registered
[   56.954378] unloading
[   56.959951] ffs_data_put(): freeing
[   56.961793] file system registered
[   56.963761] unloading
[   56.972949] ffs_data_put(): freeing
[   56.973058] ffs_data_put(): freeing
[   56.975117] file system registered
[   56.977080] unloading
[   56.986086] ffs_data_put(): freeing
[   56.986174] ffs_data_put(): freeing
[   56.987886] file system registered
[   56.990014] unloading
[   56.999110] ffs_data_put(): freeing
[   56.999180] ffs_data_put(): freeing
[   57.003723] file system registered
[   57.006257] unloading
[   57.016109] ffs_data_put(): freeing
[   57.018874] file system registered
[   57.021209] unloading
[   57.032965] ffs_data_put(): freeing
[   57.035817] file system registered
[   57.037020] ffs_data_put(): freeing
[   57.039291] ffs_data_put(): freeing
[   57.039723] unloading
[   57.044229] ffs_data_put(): freeing
[   57.044313] ffs_data_put(): freeing
[   57.047249] file system registered
[   57.049178] unloading
[   57.054986] ffs_data_put(): freeing
[   57.056592] file system registered
[   57.057756] unloading
[   57.063939] ffs_data_put(): freeing
[   57.065149] file system registered
[   57.066785] unloading
[   57.074096] ffs_data_put(): freeing
[   57.074223] ffs_data_put(): freeing
[   57.075962] file system registered
[   57.077006] unloading
[   57.087983] ffs_data_put(): freeing
[   57.089055] file system registered
[   57.091293] unloading
[   57.100064] ffs_data_put(): freeing
[   57.101983] file system registered
[   57.103791] unloading
[   57.114153] ffs_data_put(): freeing
[   57.116315] file system registered
[   57.117924] unloading
[   57.127181] ffs_data_put(): freeing
[   57.127297] ffs_data_put(): freeing
[   57.130262] file system registered
[   57.133299] unloading
[   57.144370] ffs_data_put(): freeing
[   57.146841] file system registered
[   57.148640] unloading
[   57.156999] file system registered
[   57.158921] unloading
[   57.166178] file system registered
[   57.167878] unloading
[   57.179012] ffs_data_put(): freeing
[   57.180893] file system registered
[   57.183025] unloading
[   57.188972] ffs_data_put(): freeing
[   57.189117] ffs_data_put(): freeing
[   57.192160] file system registered
[   57.194344] unloading
[   57.203049] ffs_data_put(): freeing
[   57.205046] file system registered
[   57.206723] unloading
[   57.212093] ffs_data_put(): freeing
[   57.214116] file system registered
[   57.216084] unloading
[   57.226267] file system registered
[   57.228013] unloading
[   57.237011] file system registered
[   57.238931] unloading
[   57.245999] ffs_data_put(): freeing
[   57.246118] ffs_data_put(): freeing
[   57.247608] file system registered
[   57.248875] unloading
[   57.257992] ffs_data_put(): freeing
[   57.258160] ffs_data_put(): freeing
[   57.258260] ffs_data_put(): freeing
[   57.259303] file system registered
[   57.261035] unloading
[   57.267040] ffs_data_put(): freeing
[   57.269740] file system registered
[   57.272180] unloading
[   57.277975] ffs_data_put(): freeing
[   57.279761] file system registered
[   57.281299] unloading
[   57.291245] file system registered
[   57.292972] unloading
[   57.301064] ffs_data_put(): freeing
[   57.301171] ffs_data_put(): freeing
[   57.303363] file system registered
[   57.304903] unloading
[   57.311973] ffs_data_put(): freeing
[   57.312137] ffs_data_put(): freeing
[   57.313758] file system registered
[   57.315189] unloading
[   57.321776] file system registered
[   57.323375] unloading
[   57.328885] ffs_data_put(): freeing
[   57.331198] file system registered
[   57.332797] unloading
[   57.338026] ffs_data_put(): freeing
[   57.340041] file system registered
[   57.341673] unloading
[   57.349041] ffs_data_put(): freeing
[   57.349246] ffs_data_put(): freeing
[   57.349357] ffs_data_put(): freeing
[   57.350189] file system registered
[   57.351516] unloading
[   57.359128] ffs_data_put(): freeing
[   57.359252] ffs_data_put(): freeing
[   57.359681] ffs_data_put(): freeing
[   57.359707] ffs_data_put(): freeing
[   57.361165] file system registered
[   57.363263] unloading
[   57.373278] ffs_data_put(): freeing
[   57.376665] file system registered
[   57.381401] unloading
[   57.392180] ffs_data_put(): freeing
[   57.392342] ffs_data_put(): freeing
[   57.393739] file system registered
[   57.395351] unloading
[   57.407268] ffs_data_put(): freeing
[   57.407703] ffs_data_put(): freeing
[   57.411186] file system registered
[   57.414383] unloading
[   57.422124] ffs_data_put(): freeing
[   57.424119] file system registered
[   57.425721] unloading
[   57.435116] ffs_data_put(): freeing
[   57.439241] file system registered
[   57.440957] unloading
[   57.453245] file system registered
[   57.454945] unloading
[   57.460989] ffs_data_put(): freeing
[   57.461091] ffs_data_put(): freeing
[   57.463742] file system registered
[   57.465209] unloading
[   57.472951] ffs_data_put(): freeing
[   57.474985] file system registered
[   57.476824] unloading
[   57.486100] ffs_data_put(): freeing
[   57.486203] ffs_data_put(): freeing
[   57.486325] ffs_data_put(): freeing
[   57.488962] file system registered
[   57.491628] unloading
[   57.499047] ffs_data_put(): freeing
[   57.501385] file system registered
[   57.503410] unloading
[   57.511071] ffs_data_put(): freeing
[   57.511234] ffs_data_put(): freeing
[   57.512265] file system registered
[   57.514227] unloading
[   57.528272] ffs_data_put(): freeing
[   57.529250] ffs_data_put(): freeing
[   57.530684] file system registered
[   57.532360] unloading
[   57.537087] ffs_data_put(): freeing
[   57.537269] ffs_data_put(): freeing
[   57.539267] file system registered
[   57.541268] unloading
[   57.549103] ffs_data_put(): freeing
[   57.550981] file system registered
[   57.552673] unloading
[   57.559105] ffs_data_put(): freeing
[   57.559239] ffs_data_put(): freeing
[   57.559318] ffs_data_put(): freeing
[   57.561398] file system registered
[   57.564146] unloading
[   57.572054] ffs_data_put(): freeing
[   57.574926] file system registered
[   57.577656] unloading
[   57.585109] ffs_data_put(): freeing
[   57.585253] ffs_data_put(): freeing
[   57.587602] file system registered
[   57.589706] unloading
[   57.601213] ffs_data_put(): freeing
[   57.601316] ffs_data_put(): freeing
[   57.603982] file system registered
[   57.607090] unloading
[   57.613633] ffs_data_put(): freeing
[   57.615344] file system registered
[   57.616852] unloading
[   57.622205] file system registered
[   57.623769] unloading
[   57.629274] ffs_data_put(): freeing
[   57.629367] ffs_data_put(): freeing
[   57.631764] file system registered
[   57.632952] unloading
[   57.642052] ffs_data_put(): freeing
[   57.642199] ffs_data_put(): freeing
[   57.642343] ffs_data_put(): freeing
[   57.643212] file system registered
[   57.644627] unloading
[   57.658117] ffs_data_put(): freeing
[   57.658928] ffs_data_put(): freeing
[   57.659053] ffs_data_put(): freeing
[   57.660385] ffs_data_put(): freeing
[   57.662781] file system registered
[   57.666317] unloading
[   57.673159] ffs_data_put(): freeing
[   57.673324] ffs_data_put(): freeing
[   57.673747] ffs_data_put(): freeing
[   57.677237] file system registered
[   57.680888] unloading
[   57.690444] ffs_data_put(): freeing
[   57.694794] file system registered
[   57.697922] unloading
[   57.704335] ffs_data_put(): freeing
[   57.707748] file system registered
[   57.710050] unloading
[   57.716298] ffs_data_put(): freeing
[   57.719081] file system registered
[   57.720911] unloading
[   57.731285] file system registered
[   57.732914] unloading
[   57.738925] ffs_data_put(): freeing
[   57.739052] ffs_data_put(): freeing
[   57.739154] ffs_data_put(): freeing
[   57.740735] file system registered
[   57.742135] ffs_data_put(): freeing
[   57.742216] unloading
[   57.753311] ffs_data_put(): freeing
[   57.753490] ffs_data_put(): freeing
[   57.754953] file system registered
[   57.756521] unloading
[   57.762220] ffs_data_put(): freeing
[   57.762377] ffs_data_put(): freeing
[   57.764708] file system registered
[   57.766320] unloading
[   57.776358] ffs_data_put(): freeing
[   57.778656] file system registered
[   57.782329] unloading
[   57.789227] ffs_data_put(): freeing
[   57.789357] ffs_data_put(): freeing
[   57.790856] file system registered
[   57.792416] unloading
[   57.797296] ffs_data_put(): freeing
[   57.800356] file system registered
[   57.803005] ffs_data_put(): freeing
[   57.803282] unloading
[   57.809986] ffs_data_put(): freeing
[   57.812133] file system registered
[   57.814222] unloading
[   57.823901] ffs_data_put(): freeing
[   57.825676] file system registered
[   57.827146] unloading
[   57.833066] ffs_data_put(): freeing
[   57.833159] ffs_data_put(): freeing
[   57.835023] file system registered
[   57.836865] unloading
[   57.842055] ffs_data_put(): freeing
[   57.844781] file system registered
[   57.847687] unloading
[   57.855991] ffs_data_put(): freeing
[   57.857829] file system registered
[   57.859070] unloading
[   57.866696] file system registered
[   57.867867] unloading
[   57.872865] ffs_data_put(): freeing
[   57.874205] file system registered
[   57.875395] unloading
[   57.881007] ffs_data_put(): freeing
[   57.882961] file system registered
[   57.884102] unloading
[   57.891287] file system registered
[   57.892595] unloading
[   57.900115] file system registered
[   57.901582] unloading
[   57.913926] ffs_data_put(): freeing
[   57.914017] ffs_data_put(): freeing
[   57.916061] file system registered
[   57.918036] unloading
[   57.927046] ffs_data_put(): freeing
[   57.927183] ffs_data_put(): freeing
[   57.928654] file system registered
[   57.930662] unloading
[   57.937014] ffs_data_put(): freeing
[   57.937118] ffs_data_put(): freeing
[   57.939844] file system registered
[   57.944009] unloading
[   57.950967] ffs_data_put(): freeing
[   57.951074] ffs_data_put(): freeing
[   57.953233] file system registered
[   57.955195] unloading
[   57.964843] file system registered
[   57.966205] unloading
[   57.971947] ffs_data_put(): freeing
[   57.974353] file system registered
[   57.975916] unloading
[   57.992032] ffs_data_put(): freeing
[   57.992254] ffs_data_put(): freeing
[   57.992372] ffs_data_put(): freeing
[   57.994326] file system registered
[   57.995358] unloading
[   58.002361] ffs_data_put(): freeing
[   58.004320] file system registered
[   58.006060] unloading
[   58.013322] file system registered
[   58.015293] unloading
[   58.021176] ffs_data_put(): freeing
[   58.023086] file system registered
[   58.025980] unloading
[   58.033848] file system registered
[   58.035375] unloading
[   58.040958] ffs_data_put(): freeing
[   58.042587] file system registered
[   58.044001] unloading
[   58.048982] ffs_data_put(): freeing
[   58.050974] file system registered
[   58.052737] unloading
[   58.062203] ffs_data_put(): freeing
[   58.064326] file system registered
[   58.066086] unloading
[   58.077171] ffs_data_put(): freeing
[   58.077275] ffs_data_put(): freeing
[   58.079677] file system registered
[   58.082026] unloading
[   58.092784] file system registered
[   58.093776] unloading
[   58.103087] ffs_data_put(): freeing
[   58.106245] file system registered
[   58.108926] unloading
[   58.113975] ffs_data_put(): freeing
[   58.114068] ffs_data_put(): freeing
[   58.115863] file system registered
[   58.117605] unloading
[   58.126942] ffs_data_put(): freeing
[   58.128191] file system registered
[   58.129978] unloading
[   58.138996] ffs_data_put(): freeing
[   58.141093] file system registered
[   58.143361] unloading
[   58.148999] ffs_data_put(): freeing
[   58.151219] file system registered
[   58.152770] unloading
[   58.158021] ffs_data_put(): freeing
[   58.158158] ffs_data_put(): freeing
[   58.158234] ffs_data_put(): freeing
[   58.159905] file system registered
[   58.161765] ffs_data_put(): freeing
[   58.161874] unloading
[   58.169634] ffs_data_put(): freeing
[   58.171982] file system registered
[   58.174208] unloading
[   58.182236] ffs_data_put(): freeing
[   58.182622] ffs_data_put(): freeing
[   58.182938] ffs_data_put(): freeing
[   58.186194] file system registered
[   58.188728] unloading
[   58.200263] file system registered
[   58.203329] unloading
[   58.213993] file system registered
[   58.215768] unloading
[   58.226013] ffs_data_put(): freeing
[   58.228636] file system registered
[   58.231009] unloading
[   58.237024] ffs_data_put(): freeing
[   58.237176] ffs_data_put(): freeing
[   58.239220] file system registered
[   58.240774] unloading
[   58.248293] file system registered
[   58.250145] unloading
[   58.262772] ffs_data_put(): freeing
[   58.263197] file system registered
[   58.264845] unloading
[   58.270029] ffs_data_put(): freeing
[   58.272980] file system registered
[   58.274390] unloading
[   58.282951] ffs_data_put(): freeing
[   58.283049] ffs_data_put(): freeing
[   58.284884] file system registered
[   58.286109] unloading
[   58.291952] ffs_data_put(): freeing
[   58.293803] file system registered
[   58.295355] unloading
[   58.301994] file system registered
[   58.304920] unloading
[   58.315008] ffs_data_put(): freeing
[   58.317181] file system registered
[   58.319085] unloading
[   58.329867] ffs_data_put(): freeing
[   58.332490] file system registered
[   58.334117] unloading
[   58.340082] ffs_data_put(): freeing
[   58.340224] ffs_data_put(): freeing
[   58.340320] ffs_data_put(): freeing
[   58.342880] file system registered
[   58.344695] unloading
[   58.352088] ffs_data_put(): freeing
[   58.355025] file system registered
[   58.357292] unloading
[   58.365016] ffs_data_put(): freeing
[   58.365115] ffs_data_put(): freeing
[   58.368410] file system registered
[   58.370634] unloading
[   58.378161] file system registered
[   58.380215] unloading
[   58.389065] ffs_data_put(): freeing
[   58.390837] file system registered
[   58.391843] unloading
[   58.400065] ffs_data_put(): freeing
[   58.402029] file system registered
[   58.403941] unloading
[   58.410634] file system registered
[   58.412002] unloading
[   58.424216] ffs_data_put(): freeing
[   58.424353] ffs_data_put(): freeing
[   58.424680] ffs_data_put(): freeing
[   58.426216] file system registered
[   58.428144] unloading
[   58.438238] ffs_data_put(): freeing
[   58.438660] ffs_data_put(): freeing
[   58.440729] file system registered
[   58.442266] unloading
[   58.448668] ffs_data_put(): freeing
[   58.448954] ffs_data_put(): freeing
[   58.449047] ffs_data_put(): freeing
[   58.450141] file system registered
[   58.451910] unloading
[   58.456304] ffs_data_put(): freeing
[   58.456843] ffs_data_put(): freeing
[   58.459737] file system registered
[   58.461274] unloading
[   58.470712] file system registered
[   58.471973] unloading
[   58.480124] file system registered
[   58.481681] unloading
[   58.487938] ffs_data_put(): freeing
[   58.489714] file system registered
[   58.491066] unloading
[   58.501967] ffs_data_put(): freeing
[   58.503236] file system registered
[   58.504920] unloading
[   58.511024] ffs_data_put(): freeing
[   58.511199] ffs_data_put(): freeing
[   58.512982] file system registered
[   58.514863] unloading
[   58.528135] ffs_data_put(): freeing
[   58.528306] ffs_data_put(): freeing
[   58.528684] ffs_data_put(): freeing
[   58.528921] ffs_data_put(): freeing
[   58.530389] file system registered
[   58.534411] unloading
[   58.543240] ffs_data_put(): freeing
[   58.545112] file system registered
[   58.547856] unloading
[   58.552220] ffs_data_put(): freeing
[   58.554624] file system registered
[   58.554757] ffs_data_put(): freeing
[   58.555739] unloading
[   58.561233] ffs_data_put(): freeing
[   58.564340] file system registered
[   58.567143] unloading
[   58.573154] ffs_data_put(): freeing
[   58.573239] ffs_data_put(): freeing
[   58.575371] file system registered
[   58.577168] unloading
[   58.590788] file system registered
[   58.592114] unloading
[   58.603959] file system registered
[   58.604986] unloading
[   58.613198] file system registered
[   58.615596] unloading
[   58.623012] ffs_data_put(): freeing
[   58.624669] file system registered
[   58.625922] unloading
[   58.631982] ffs_data_put(): freeing
[   58.632065] ffs_data_put(): freeing
[   58.634749] file system registered
[   58.636978] unloading
[   58.642999] ffs_data_put(): freeing
[   58.643077] ffs_data_put(): freeing
[   58.645014] file system registered
[   58.646769] unloading
[   58.657975] ffs_data_put(): freeing
[   58.658080] ffs_data_put(): freeing
[   58.659595] file system registered
[   58.661160] unloading
[   58.675346] ffs_data_put(): freeing
[   58.677018] ffs_data_put(): freeing
[   58.677891] file system registered
[   58.678050] ffs_data_put(): freeing
[   58.680345] unloading
[   58.690362] ffs_data_put(): freeing
[   58.690723] ffs_data_put(): freeing
[   58.691170] ffs_data_put(): freeing
[   58.691888] ffs_data_put(): freeing
[   58.695783] file system registered
[   58.701131] unloading
[   58.708669] ffs_data_put(): freeing
[   58.709796] ffs_data_put(): freeing
[   58.711101] file system registered
[   58.713339] unloading
[   58.724345] ffs_data_put(): freeing
[   58.724637] ffs_data_put(): freeing
[   58.726152] file system registered
[   58.728102] unloading
[   58.742391] ffs_data_put(): freeing
[   58.742729] ffs_data_put(): freeing
[   58.745152] file system registered
[   58.748610] unloading
[   58.756355] ffs_data_put(): freeing
[   58.757337] ffs_data_put(): freeing
[   58.766245] file system registered
[   58.769920] unloading
[   58.779207] ffs_data_put(): freeing
[   58.779334] ffs_data_put(): freeing
[   58.779566] ffs_data_put(): freeing
[   58.781421] file system registered
[   58.784178] unloading
[   58.792064] file system registered
[   58.794169] unloading
[   58.801119] ffs_data_put(): freeing
[   58.803642] file system registered
[   58.805155] unloading
[   58.812905] ffs_data_put(): freeing
[   58.814878] file system registered
[   58.816834] ffs_data_put(): freeing
[   58.816958] unloading
[   58.830197] ffs_data_put(): freeing
[   58.832205] file system registered
[   58.834816] unloading
[   58.843288] file system registered
[   58.845276] unloading
[   58.852320] file system registered
[   58.854346] unloading
[   58.867027] ffs_data_put(): freeing
[   58.867146] ffs_data_put(): freeing
[   58.867247] ffs_data_put(): freeing
[   58.869616] file system registered
[   58.872057] unloading
[   58.879195] file system registered
[   58.880921] unloading
[   58.889228] file system registered
[   58.890941] unloading
[   58.896050] ffs_data_put(): freeing
[   58.897989] file system registered
[   58.899366] unloading
[   58.909027] ffs_data_put(): freeing
[   58.909211] ffs_data_put(): freeing
[   58.909327] ffs_data_put(): freeing
[   58.910256] file system registered
[   58.912084] unloading
[   58.922053] ffs_data_put(): freeing
[   58.922376] ffs_data_put(): freeing
[   58.923467] ffs_data_put(): freeing
[   58.924695] file system registered
[   58.926728] unloading
[   58.936371] ffs_data_put(): freeing
[   58.936633] ffs_data_put(): freeing
[   58.936911] ffs_data_put(): freeing
[   58.937017] ffs_data_put(): freeing
[   58.938304] file system registered
[   58.940247] unloading
[   58.949274] ffs_data_put(): freeing
[   58.950057] ffs_data_put(): freeing
[   58.951017] ffs_data_put(): freeing
[   58.952234] file system registered
[   58.954697] unloading
[   58.968763] ffs_data_put(): freeing
[   58.969874] ffs_data_put(): freeing
[   58.973117] file system registered
[   58.979263] unloading
[   58.988585] ffs_data_put(): freeing
[   58.992346] file system registered
[   58.995184] unloading
[   59.009694] ffs_data_put(): freeing
[   59.009890] ffs_data_put(): freeing
[   59.011911] file system registered
[   59.014358] unloading
[   59.021861] ffs_data_put(): freeing
[   59.022065] ffs_data_put(): freeing
[   59.024754] file system registered
[   59.027916] unloading
[   59.033656] ffs_data_put(): freeing
[   59.033850] ffs_data_put(): freeing
[   59.034184] ffs_data_put(): freeing
[   59.036246] file system registered
[   59.039994] unloading
[   59.046695] ffs_data_put(): freeing
[   59.046803] ffs_data_put(): freeing
[   59.048948] file system registered
[   59.051225] unloading
[   59.061172] ffs_data_put(): freeing
[   59.064379] file system registered
[   59.069378] unloading
[   59.076006] ffs_data_put(): freeing
[   59.076275] ffs_data_put(): freeing
[   59.076409] ffs_data_put(): freeing
[   59.078796] file system registered
[   59.081352] unloading
[   59.092248] ffs_data_put(): freeing
[   59.095011] file system registered
[   59.097178] unloading
[   59.111163] ffs_data_put(): freeing
[   59.111299] ffs_data_put(): freeing
[   59.113452] file system registered
[   59.116015] unloading
[   59.127366] ffs_data_put(): freeing
[   59.130422] file system registered
[   59.133708] unloading
[   59.139170] ffs_data_put(): freeing
[   59.139287] ffs_data_put(): freeing
[   59.141111] file system registered
[   59.143362] unloading
[   59.151089] ffs_data_put(): freeing
[   59.151244] ffs_data_put(): freeing
[   59.151362] ffs_data_put(): freeing
[   59.152758] file system registered
[   59.155032] unloading
[   59.164302] ffs_data_put(): freeing
[   59.164878] ffs_data_put(): freeing
[   59.164978] ffs_data_put(): freeing
[   59.166825] file system registered
[   59.169982] unloading
[   59.176370] ffs_data_put(): freeing
[   59.176713] ffs_data_put(): freeing
[   59.178905] file system registered
[   59.180926] unloading
[   59.185216] ffs_data_put(): freeing
[   59.185738] ffs_data_put(): freeing
[   59.186447] file system registered
[   59.188208] unloading
[   59.194254] ffs_data_put(): freeing
[   59.196334] file system registered
[   59.198274] unloading
[   59.206107] ffs_data_put(): freeing
[   59.206255] ffs_data_put(): freeing
[   59.208054] file system registered
[   59.209996] unloading
[   59.218234] ffs_data_put(): freeing
[   59.221045] file system registered
[   59.223147] unloading
[   59.231134] ffs_data_put(): freeing
[   59.231360] ffs_data_put(): freeing
[   59.232849] ffs_data_put(): freeing
[   59.234428] file system registered
[   59.237840] unloading
[   59.245311] ffs_data_put(): freeing
[   59.246894] file system registered
[   59.248384] unloading
[   59.254146] ffs_data_put(): freeing
[   59.256616] file system registered
[   59.258111] unloading
[   59.266133] file system registered
[   59.267957] unloading
[   59.276233] ffs_data_put(): freeing
[   59.276647] ffs_data_put(): freeing
[   59.276978] ffs_data_put(): freeing
[   59.278063] file system registered
[   59.279762] unloading
[   59.288259] ffs_data_put(): freeing
[   59.288427] ffs_data_put(): freeing
[   59.289112] ffs_data_put(): freeing
[   59.289666] file system registered
[   59.291062] unloading
[   59.299019] ffs_data_put(): freeing
[   59.301801] file system registered
[   59.303930] unloading
[   59.312236] ffs_data_put(): freeing
[   59.312365] ffs_data_put(): freeing
[   59.314643] file system registered
[   59.317082] unloading
[   59.323743] ffs_data_put(): freeing
[   59.326660] file system registered
[   59.329003] unloading
[   59.335266] ffs_data_put(): freeing
[   59.335636] ffs_data_put(): freeing
[   59.337457] file system registered
[   59.339626] unloading
[   59.349291] ffs_data_put(): freeing
[   59.349774] ffs_data_put(): freeing
[   59.351214] file system registered
[   59.353030] unloading
[   59.359282] ffs_data_put(): freeing
[   59.359996] ffs_data_put(): freeing
[   59.361638] file system registered
[   59.363857] unloading
[   59.376797] ffs_data_put(): freeing
[   59.377066] ffs_data_put(): freeing
[   59.380357] file system registered
[   59.383083] unloading
[   59.390748] ffs_data_put(): freeing
[   59.390994] ffs_data_put(): freeing
[   59.392920] file system registered
[   59.394845] unloading
[   59.405675] ffs_data_put(): freeing
[   59.406038] ffs_data_put(): freeing
[   59.406353] ffs_data_put(): freeing
[   59.412014] file system registered
[   59.417738] unloading
[   59.430952] file system registered
[   59.435324] unloading
[   59.443333] ffs_data_put(): freeing
[   59.444127] ffs_data_put(): freeing
[   59.446795] file system registered
[   59.450148] unloading
[   59.457153] ffs_data_put(): freeing
[   59.457261] ffs_data_put(): freeing
[   59.460719] file system registered
[   59.463947] unloading
[   59.471213] ffs_data_put(): freeing
[   59.473607] file system registered
[   59.475829] unloading
[   59.485852] ffs_data_put(): freeing
[   59.485980] ffs_data_put(): freeing
[   59.489714] file system registered
[   59.491402] unloading
[   59.498413] ffs_data_put(): freeing
[   59.500055] file system registered
[   59.502070] unloading
[   59.508418] ffs_data_put(): freeing
[   59.510365] ffs_data_put(): freeing
[   59.510466] file system registered
[   59.512354] unloading
[   59.518109] ffs_data_put(): freeing
[   59.518310] ffs_data_put(): freeing
[   59.518602] ffs_data_put(): freeing
[   59.521949] file system registered
[   59.524154] unloading
[   59.534180] ffs_data_put(): freeing
[   59.537213] file system registered
[   59.539333] unloading
[   59.548202] file system registered
[   59.550178] unloading
[   59.559064] ffs_data_put(): freeing
[   59.561301] file system registered
[   59.563076] unloading
[   59.571746] file system registered
[   59.572979] unloading
[   59.577913] ffs_data_put(): freeing
[   59.579743] file system registered
[   59.580899] unloading
[   59.587005] ffs_data_put(): freeing
[   59.587085] ffs_data_put(): freeing
[   59.588057] file system registered
[   59.589334] unloading
[   59.597322] file system registered
[   59.599174] unloading
[   59.606124] ffs_data_put(): freeing
[   59.607641] file system registered
[   59.609650] unloading
[   59.618111] ffs_data_put(): freeing
[   59.618247] ffs_data_put(): freeing
[   59.619174] file system registered
[   59.620940] unloading
[   59.631140] ffs_data_put(): freeing
[   59.631307] ffs_data_put(): freeing
[   59.631412] ffs_data_put(): freeing
[   59.633049] file system registered
[   59.634876] unloading
[   59.640344] ffs_data_put(): freeing
[   59.643104] ffs_data_put(): freeing
[   59.645944] file system registered
[   59.649195] unloading
[   59.659351] ffs_data_put(): freeing
[   59.659930] ffs_data_put(): freeing
[   59.661687] file system registered
[   59.663758] unloading
[   59.671121] ffs_data_put(): freeing
[   59.671248] ffs_data_put(): freeing
[   59.673425] file system registered
[   59.677132] unloading
[   59.684201] ffs_data_put(): freeing
[   59.686324] file system registered
[   59.688384] unloading
[   59.693228] ffs_data_put(): freeing
[   59.693975] ffs_data_put(): freeing
[   59.695176] file system registered
[   59.697078] unloading
[   59.703099] ffs_data_put(): freeing
[   59.706214] file system registered
[   59.708275] ffs_data_put(): freeing
[   59.708723] unloading
[   59.715281] ffs_data_put(): freeing
[   59.717323] file system registered
[   59.719454] unloading
[   59.729635] file system registered
[   59.731628] unloading
[   59.739875] file system registered
[   59.741614] unloading
[   59.749770] file system registered
[   59.751634] unloading
[   59.759693] file system registered
[   59.760363] unloading
[   59.769931] ffs_data_put(): freeing
[   59.770026] ffs_data_put(): freeing
[   59.771675] file system registered
[   59.772850] unloading
[   59.782068] ffs_data_put(): freeing
[   59.782190] ffs_data_put(): freeing
[   59.783613] file system registered
[   59.785100] unloading
[   59.792115] ffs_data_put(): freeing
[   59.795563] file system registered
[   59.797797] unloading
[   59.805313] ffs_data_put(): freeing
[   59.805403] ffs_data_put(): freeing
[   59.806893] file system registered
[   59.808181] unloading
[   59.814241] ffs_data_put(): freeing
[   59.816723] file system registered
[   59.818007] unloading
[   59.828282] file system registered
[   59.830653] unloading
[   59.840003] ffs_data_put(): freeing
[   59.842298] file system registered
[   59.843928] unloading
[   59.852838] file system registered
[   59.854303] unloading
[   59.864059] ffs_data_put(): freeing
[   59.864178] ffs_data_put(): freeing
[   59.866028] file system registered
[   59.868045] ffs_data_put(): freeing
[   59.868186] unloading
[   59.878179] ffs_data_put(): freeing
[   59.880952] file system registered
[   59.882305] unloading
[   59.895229] file system registered
[   59.897083] unloading
[   59.906997] ffs_data_put(): freeing
[   59.907075] ffs_data_put(): freeing
[   59.908965] file system registered
[   59.910659] unloading
[   59.918191] ffs_data_put(): freeing
[   59.918269] ffs_data_put(): freeing
[   59.920868] file system registered
[   59.922959] unloading
[   59.928881] ffs_data_put(): freeing
[   59.929036] ffs_data_put(): freeing
[   59.929192] ffs_data_put(): freeing
[   59.929311] ffs_data_put(): freeing
[   59.930831] file system registered
[   59.932862] unloading
[   59.942242] ffs_data_put(): freeing
[   59.942666] ffs_data_put(): freeing
[   59.942827] ffs_data_put(): freeing
[   59.944243] file system registered
[   59.946159] unloading
[   59.955510] ffs_data_put(): freeing
[   59.955791] ffs_data_put(): freeing
[   59.958382] file system registered
[   59.961036] unloading
[   59.969793] ffs_data_put(): freeing
[   59.970100] ffs_data_put(): freeing
[   59.972328] file system registered
[   59.975858] unloading
[   59.984972] ffs_data_put(): freeing
[   59.985215] ffs_data_put(): freeing
[   59.988401] file system registered
[   59.991114] unloading
[   60.006932] ffs_data_put(): freeing
[   60.007189] ffs_data_put(): freeing
[   60.012903] file system registered
[   60.017162] unloading
[   60.026685] file system registered
[   60.029292] unloading
[   60.035336] ffs_data_put(): freeing
[   60.038383] file system registered
[   60.041412] unloading
[   60.047307] ffs_data_put(): freeing
[   60.050310] file system registered
[   60.052228] unloading
[   60.061269] ffs_data_put(): freeing
[   60.063110] file system registered
[   60.064980] unloading
[   60.073125] ffs_data_put(): freeing
[   60.075324] file system registered
[   60.077382] unloading
[   60.087994] file system registered
[   60.089593] unloading
[   60.099153] ffs_data_put(): freeing
[   60.099380] ffs_data_put(): freeing
[   60.101066] file system registered
[   60.102780] unloading
[   60.113098] ffs_data_put(): freeing
[   60.113232] ffs_data_put(): freeing
[   60.114745] file system registered
[   60.116364] unloading
[   60.121123] ffs_data_put(): freeing
[   60.121245] ffs_data_put(): freeing
[   60.124025] file system registered
[   60.126229] unloading
[   60.134142] ffs_data_put(): freeing
[   60.136204] file system registered
[   60.138099] unloading
[   60.146093] ffs_data_put(): freeing
[   60.149178] file system registered
[   60.152196] unloading
[   60.160921] ffs_data_put(): freeing
[   60.161052] ffs_data_put(): freeing
[   60.161147] ffs_data_put(): freeing
[   60.164776] file system registered
[   60.167293] unloading
[   60.176924] file system registered
[   60.178733] unloading
[   60.189094] ffs_data_put(): freeing
[   60.189263] ffs_data_put(): freeing
[   60.193240] file system registered
[   60.195806] unloading
[   60.202956] file system registered
[   60.205005] unloading
[   60.212004] file system registered
[   60.213732] unloading
[   60.217995] ffs_data_put(): freeing
[   60.218096] ffs_data_put(): freeing
[   60.219303] file system registered
[   60.220937] unloading
[   60.228019] ffs_data_put(): freeing
[   60.230646] file system registered
[   60.231973] unloading
[   60.241385] file system registered
[   60.243146] unloading
[   60.251664] file system registered
[   60.253062] unloading
[   60.260035] ffs_data_put(): freeing
[   60.260128] ffs_data_put(): freeing
[   60.262297] file system registered
[   60.264187] unloading
[   60.275067] file system registered
[   60.277578] unloading
[   60.283935] ffs_data_put(): freeing
[   60.284034] ffs_data_put(): freeing
[   60.284133] ffs_data_put(): freeing
[   60.285953] file system registered
[   60.287995] unloading
[   60.299313] file system registered
[   60.301083] unloading
[   60.310056] ffs_data_put(): freeing
[   60.310183] ffs_data_put(): freeing
[   60.311803] file system registered
[   60.313374] unloading
[   60.324189] ffs_data_put(): freeing
[   60.324348] ffs_data_put(): freeing
[   60.326664] file system registered
[   60.327963] unloading
[   60.336386] file system registered
[   60.339984] unloading
[   60.345610] file system registered
[   60.347053] unloading
[   60.355866] ffs_data_put(): freeing
[   60.357051] file system registered
[   60.358024] unloading
[   60.362924] ffs_data_put(): freeing
[   60.364334] file system registered
[   60.366168] unloading
[   60.375018] ffs_data_put(): freeing
[   60.376318] file system registered
[   60.377940] unloading
[   60.383081] ffs_data_put(): freeing
[   60.383231] ffs_data_put(): freeing
[   60.385289] file system registered
[   60.387201] unloading
[   60.395057] ffs_data_put(): freeing
[   60.395165] ffs_data_put(): freeing
[   60.397092] file system registered
[   60.398992] unloading
[   60.409226] ffs_data_put(): freeing
[   60.411996] file system registered
[   60.414131] unloading
[   60.421165] ffs_data_put(): freeing
[   60.424005] file system registered
[   60.425242] unloading
[   60.434159] ffs_data_put(): freeing
[   60.437188] file system registered
[   60.439176] unloading
[   60.449036] file system registered
[   60.451224] ffs_data_put(): freeing
[   60.451368] unloading
[   60.465342] ffs_data_put(): freeing
[   60.465643] ffs_data_put(): freeing
[   60.466741] ffs_data_put(): freeing
[   60.467754] file system registered
[   60.470894] unloading
[   60.479717] ffs_data_put(): freeing
[   60.479727] ffs_data_put(): freeing
[   60.479949] ffs_data_put(): freeing
[   60.484655] file system registered
[   60.488857] unloading
[   60.499811] file system registered
[   60.504183] unloading
[   60.513252] ffs_data_put(): freeing
[   60.513398] ffs_data_put(): freeing
[   60.516291] file system registered
[   60.519282] unloading
[   60.525108] ffs_data_put(): freeing
[   60.527745] file system registered
[   60.530166] unloading
[   60.537977] ffs_data_put(): freeing
[   60.538710] ffs_data_put(): freeing
[   60.538717] ffs_data_put(): freeing
[   60.538932] ffs_data_put(): freeing
[   60.539333] file system registered
[   60.541279] unloading
[   60.548085] ffs_data_put(): freeing
[   60.548249] ffs_data_put(): freeing
[   60.549954] ffs_data_put(): freeing
[   60.551894] file system registered
[   60.555077] unloading
[   60.561395] ffs_data_put(): freeing
[   60.561616] ffs_data_put(): freeing
[   60.564074] file system registered
[   60.566843] unloading
[   60.573222] ffs_data_put(): freeing
[   60.573384] ffs_data_put(): freeing
[   60.575969] file system registered
[   60.578847] unloading
[   60.585129] ffs_data_put(): freeing
[   60.587739] file system registered
[   60.589787] unloading
[   60.597070] ffs_data_put(): freeing
[   60.597318] ffs_data_put(): freeing
[   60.599938] file system registered
[   60.601633] unloading
[   60.610086] ffs_data_put(): freeing
[   60.612864] file system registered
[   60.614276] unloading
[   60.621166] ffs_data_put(): freeing
[   60.623041] file system registered
[   60.624556] unloading
[   60.629082] ffs_data_put(): freeing
[   60.630811] file system registered
[   60.632016] unloading
[   60.640375] file system registered
[   60.642097] unloading
[   60.655958] ffs_data_put(): freeing
[   60.657023] file system registered
[   60.658744] unloading
[   60.665010] ffs_data_put(): freeing
[   60.665108] ffs_data_put(): freeing
[   60.668137] file system registered
[   60.670217] unloading
[   60.678388] ffs_data_put(): freeing
[   60.679803] file system registered
[   60.681181] unloading
[   60.687355] ffs_data_put(): freeing
[   60.687618] ffs_data_put(): freeing
[   60.689904] file system registered
[   60.691981] unloading
[   60.698014] ffs_data_put(): freeing
[   60.700070] file system registered
[   60.701101] unloading
[   60.706992] ffs_data_put(): freeing
[   60.708988] file system registered
[   60.711213] unloading
[   60.720170] ffs_data_put(): freeing
[   60.720333] ffs_data_put(): freeing
[   60.722850] file system registered
[   60.724114] unloading
[   60.734846] file system registered
[   60.736347] unloading
[   60.744986] ffs_data_put(): freeing
[   60.746980] file system registered
[   60.749002] unloading
[   60.755651] ffs_data_put(): freeing
[   60.756082] file system registered
[   60.757901] unloading
[   60.768062] ffs_data_put(): freeing
[   60.768190] ffs_data_put(): freeing
[   60.769878] file system registered
[   60.771618] unloading
[   60.779081] ffs_data_put(): freeing
[   60.779235] ffs_data_put(): freeing
[   60.781624] file system registered
[   60.783788] unloading
[   60.792288] ffs_data_put(): freeing
[   60.792786] ffs_data_put(): freeing
[   60.792875] ffs_data_put(): freeing
[   60.793012] ffs_data_put(): freeing
[   60.794692] file system registered
[   60.797237] unloading
[   60.803755] ffs_data_put(): freeing
[   60.803799] ffs_data_put(): freeing
[   60.805171] file system registered
[   60.807703] unloading
[   60.816128] ffs_data_put(): freeing
[   60.819041] file system registered
[   60.821875] unloading
[   60.832222] ffs_data_put(): freeing
[   60.834919] file system registered
[   60.837347] unloading
[   60.846136] ffs_data_put(): freeing
[   60.848242] file system registered
[   60.850110] unloading
[   60.856005] ffs_data_put(): freeing
[   60.858446] file system registered
[   60.860164] unloading
[   60.866019] ffs_data_put(): freeing
[   60.866142] ffs_data_put(): freeing
[   60.868856] file system registered
[   60.870386] unloading
[   60.877035] ffs_data_put(): freeing
[   60.877233] ffs_data_put(): freeing
[   60.877381] ffs_data_put(): freeing
[   60.878712] file system registered
[   60.880064] unloading
[   60.885976] ffs_data_put(): freeing
[   60.886188] ffs_data_put(): freeing
[   60.886736] ffs_data_put(): freeing
[   60.887766] file system registered
[   60.889417] ffs_data_put(): freeing
[   60.889766] unloading
[   60.898720] ffs_data_put(): freeing
[   60.899019] ffs_data_put(): freeing
[   60.899172] ffs_data_put(): freeing
[   60.901320] file system registered
[   60.904956] unloading
[   60.916720] ffs_data_put(): freeing
[   60.919176] file system registered
[   60.923008] unloading
[   60.928955] ffs_data_put(): freeing
[   60.931205] file system registered
[   60.934064] unloading
[   60.943683] file system registered
[   60.945809] unloading
[   60.955387] ffs_data_put(): freeing
[   60.957925] file system registered
[   60.961082] unloading
[   60.967157] ffs_data_put(): freeing
[   60.970410] file system registered
[   60.972886] unloading
[   60.981265] ffs_data_put(): freeing
[   60.981658] ffs_data_put(): freeing
[   60.982369] file system registered
[   60.983995] unloading
[   60.993113] ffs_data_put(): freeing
[   60.993283] ffs_data_put(): freeing
[   60.993399] ffs_data_put(): freeing
[   60.995056] file system registered
[   60.997021] unloading
[   61.003318] ffs_data_put(): freeing
[   61.003697] ffs_data_put(): freeing
[   61.003841] ffs_data_put(): freeing
[   61.005308] file system registered
[   61.007185] unloading
[   61.013032] ffs_data_put(): freeing
[   61.013228] ffs_data_put(): freeing
[   61.015885] file system registered
[   61.018351] unloading
[   61.024154] ffs_data_put(): freeing
[   61.024301] ffs_data_put(): freeing
[   61.026865] file system registered
[   61.029077] unloading
[   61.034376] ffs_data_put(): freeing
[   61.037316] file system registered
[   61.039633] unloading
[   61.045073] ffs_data_put(): freeing
[   61.045153] ffs_data_put(): freeing
[   61.046251] file system registered
[   61.047970] unloading
[   61.052111] ffs_data_put(): freeing
[   61.054121] file system registered
[   61.055209] unloading
[   61.062198] file system registered
[   61.065756] unloading
[   61.073079] ffs_data_put(): freeing
[   61.073170] ffs_data_put(): freeing
[   61.074941] file system registered
[   61.076842] unloading
[   61.086075] ffs_data_put(): freeing
[   61.086176] ffs_data_put(): freeing
[   61.088828] file system registered
[   61.091472] unloading
[   61.101075] file system registered
[   61.102626] unloading
[   61.108910] ffs_data_put(): freeing
[   61.109104] file system registered
[   61.110729] unloading
[   61.117130] ffs_data_put(): freeing
[   61.117203] ffs_data_put(): freeing
[   61.118628] file system registered
[   61.119377] unloading
[   61.126013] ffs_data_put(): freeing
[   61.128288] file system registered
[   61.129720] unloading
[   61.138343] file system registered
[   61.141210] unloading
[   61.151063] ffs_data_put(): freeing
[   61.152817] file system registered
[   61.154170] unloading
[   61.164312] ffs_data_put(): freeing
[   61.165018] ffs_data_put(): freeing
[   61.167317] file system registered
[   61.169212] unloading
[   61.179205] ffs_data_put(): freeing
[   61.182386] file system registered
[   61.185177] ffs_data_put(): freeing
[   61.185295] unloading
[   61.191114] ffs_data_put(): freeing
[   61.193171] file system registered
[   61.195368] unloading
[   61.206079] ffs_data_put(): freeing
[   61.207998] file system registered
[   61.209109] unloading
[   61.215127] ffs_data_put(): freeing
[   61.217324] file system registered
[   61.219189] unloading
[   61.224039] ffs_data_put(): freeing
[   61.226054] file system registered
[   61.228012] unloading
[   61.237000] ffs_data_put(): freeing
[   61.238276] file system registered
[   61.239312] unloading
[   61.245013] ffs_data_put(): freeing
[   61.248223] file system registered
[   61.250070] unloading
[   61.258957] ffs_data_put(): freeing
[   61.261358] file system registered
[   61.262884] unloading
[   61.272715] file system registered
[   61.274074] unloading
[   61.282569] ffs_data_put(): freeing
[   61.285770] file system registered
[   61.289403] unloading
[   61.295142] ffs_data_put(): freeing
[   61.297978] file system registered
[   61.300043] unloading
[   61.308132] ffs_data_put(): freeing
[   61.310011] file system registered
[   61.312397] ffs_data_put(): freeing
[   61.312770] unloading
[   61.318171] ffs_data_put(): freeing
[   61.319994] file system registered
[   61.321960] unloading
[   61.328887] file system registered
[   61.330399] unloading
[   61.337694] file system registered
[   61.339101] unloading
[   61.349958] ffs_data_put(): freeing
[   61.350084] ffs_data_put(): freeing
[   61.350180] ffs_data_put(): freeing
[   61.352136] file system registered
[   61.354065] unloading
[   61.363150] ffs_data_put(): freeing
[   61.366124] file system registered
[   61.367985] unloading
[   61.379243] file system registered
[   61.381239] unloading
[   61.388071] ffs_data_put(): freeing
[   61.388166] ffs_data_put(): freeing
[   61.390205] file system registered
[   61.392032] unloading
[   61.400984] ffs_data_put(): freeing
[   61.403213] file system registered
[   61.405703] unloading
[   61.413086] ffs_data_put(): freeing
[   61.414098] file system registered
[   61.415632] unloading
[   61.428132] ffs_data_put(): freeing
[   61.428307] ffs_data_put(): freeing
[   61.431351] file system registered
[   61.433732] unloading
[   61.442256] ffs_data_put(): freeing
[   61.442372] ffs_data_put(): freeing
[   61.445712] file system registered
[   61.448829] unloading
[   61.455065] ffs_data_put(): freeing
[   61.457924] file system registered
[   61.460391] unloading
[   61.466000] ffs_data_put(): freeing
[   61.467844] file system registered
[   61.469787] unloading
[   61.480946] file system registered
[   61.482203] unloading
[   61.491973] ffs_data_put(): freeing
[   61.492080] ffs_data_put(): freeing
[   61.494255] file system registered
[   61.496828] unloading
[   61.506334] file system registered
[   61.508015] unloading
[   61.517105] ffs_data_put(): freeing
[   61.519322] file system registered
[   61.520886] unloading
[   61.529032] ffs_data_put(): freeing
[   61.529163] ffs_data_put(): freeing
[   61.529314] ffs_data_put(): freeing
[   61.530199] file system registered
[   61.532056] unloading
[   61.538854] ffs_data_put(): freeing
[   61.539140] ffs_data_put(): freeing
[   61.539251] ffs_data_put(): freeing
[   61.540927] file system registered
[   61.543189] unloading
[   61.551201] ffs_data_put(): freeing
[   61.551399] ffs_data_put(): freeing
[   61.553257] file system registered
[   61.556172] unloading
[   61.565790] ffs_data_put(): freeing
[   61.565951] ffs_data_put(): freeing
[   61.566066] ffs_data_put(): freeing
[   61.571052] file system registered
[   61.574159] unloading
[   61.588186] file system registered
[   61.590745] unloading
[   61.602562] file system registered
[   61.604942] unloading
[   61.614034] ffs_data_put(): freeing
[   61.616290] file system registered
[   61.618084] unloading
[   61.628355] file system registered
[   61.630209] unloading
[   61.635115] ffs_data_put(): freeing
[   61.635300] ffs_data_put(): freeing
[   61.635391] ffs_data_put(): freeing
[   61.637803] file system registered
[   61.639798] unloading
[   61.645084] ffs_data_put(): freeing
[   61.645226] ffs_data_put(): freeing
[   61.645339] ffs_data_put(): freeing
[   61.647116] file system registered
[   61.649241] unloading
[   61.658150] ffs_data_put(): freeing
[   61.660169] file system registered
[   61.661966] unloading
[   61.666970] ffs_data_put(): freeing
[   61.669636] file system registered
[   61.671045] unloading
[   61.681318] file system registered
[   61.684033] unloading
[   61.691017] ffs_data_put(): freeing
[   61.691118] ffs_data_put(): freeing
[   61.693316] file system registered
[   61.695200] unloading
[   61.705052] file system registered
[   61.707174] unloading
[   61.716339] file system registered
[   61.718669] unloading
[   61.724889] ffs_data_put(): freeing
[   61.727022] file system registered
[   61.728866] unloading
[   61.735050] ffs_data_put(): freeing
[   61.735135] ffs_data_put(): freeing
[   61.737216] file system registered
[   61.738569] unloading
[   61.744777] file system registered
[   61.746099] unloading
[   61.750984] ffs_data_put(): freeing
[   61.753386] file system registered
[   61.755019] unloading
[   61.759981] ffs_data_put(): freeing
[   61.760051] ffs_data_put(): freeing
[   61.761618] file system registered
[   61.763017] unloading
[   61.769009] ffs_data_put(): freeing
[   61.771977] file system registered
[   61.774061] ffs_data_put(): freeing
[   61.774121] unloading
[   61.782044] ffs_data_put(): freeing
[   61.783401] file system registered
[   61.784900] unloading
[   61.791255] ffs_data_put(): freeing
[   61.793223] file system registered
[   61.794736] unloading
[   61.804116] ffs_data_put(): freeing
[   61.804191] ffs_data_put(): freeing
[   61.806284] file system registered
[   61.808328] unloading
[   61.817312] file system registered
[   61.819075] unloading
[   61.826762] ffs_data_put(): freeing
[   61.826904] ffs_data_put(): freeing
[   61.828355] file system registered
[   61.830036] unloading
[   61.842190] ffs_data_put(): freeing
[   61.842327] ffs_data_put(): freeing
[   61.844263] file system registered
[   61.847250] unloading
[   61.853163] ffs_data_put(): freeing
[   61.853298] ffs_data_put(): freeing
[   61.853431] ffs_data_put(): freeing
[   61.856031] file system registered
[   61.859009] unloading
[   61.869294] ffs_data_put(): freeing
[   61.870052] ffs_data_put(): freeing
[   61.870235] ffs_data_put(): freeing
[   61.872413] file system registered
[   61.875068] unloading
[   61.881378] ffs_data_put(): freeing
[   61.881702] ffs_data_put(): freeing
[   61.881805] ffs_data_put(): freeing
[   61.885263] file system registered
[   61.889199] unloading
[   61.897106] ffs_data_put(): freeing
[   61.898474] file system registered
[   61.901712] unloading
[   61.909288] file system registered
[   61.912265] unloading
[   61.918156] ffs_data_put(): freeing
[   61.920740] file system registered
[   61.921957] unloading
[   61.931909] ffs_data_put(): freeing
[   61.934052] file system registered
[   61.935853] unloading
[   61.944027] ffs_data_put(): freeing
[   61.944152] ffs_data_put(): freeing
[   61.946709] file system registered
[   61.948701] unloading
[   61.955064] ffs_data_put(): freeing
[   61.958128] file system registered
[   61.961080] unloading
[   61.966132] ffs_data_put(): freeing
[   61.968831] file system registered
[   61.971414] unloading
[   61.978989] ffs_data_put(): freeing
[   61.981404] file system registered
[   61.983231] unloading
[   61.989074] ffs_data_put(): freeing
[   61.989183] ffs_data_put(): freeing
[   61.991132] file system registered
[   61.993066] unloading
[   61.999653] ffs_data_put(): freeing
[   61.999769] ffs_data_put(): freeing
[   62.001263] file system registered
[   62.003358] unloading
[   62.011082] ffs_data_put(): freeing
[   62.013298] file system registered
[   62.015217] unloading
[   62.021066] ffs_data_put(): freeing
[   62.023238] file system registered
[   62.025679] unloading
[   62.033075] ffs_data_put(): freeing
[   62.035329] file system registered
[   62.036835] unloading
[   62.051073] ffs_data_put(): freeing
[   62.051280] ffs_data_put(): freeing
[   62.051656] ffs_data_put(): freeing
[   62.052913] file system registered
[   62.054972] unloading
[   62.065220] ffs_data_put(): freeing
[   62.065326] ffs_data_put(): freeing
[   62.065666] ffs_data_put(): freeing
[   62.067805] file system registered
[   62.069164] unloading
[   62.076923] ffs_data_put(): freeing
[   62.076936] ffs_data_put(): freeing
[   62.080272] file system registered
[   62.083158] unloading
[   62.090360] ffs_data_put(): freeing
[   62.090673] ffs_data_put(): freeing
[   62.090863] ffs_data_put(): freeing
[   62.095108] file system registered
[   62.102171] unloading
[   62.114095] ffs_data_put(): freeing
[   62.114211] ffs_data_put(): freeing
[   62.114378] ffs_data_put(): freeing
[   62.117069] file system registered
[   62.120862] unloading
[   62.134352] file system registered
[   62.136247] unloading
[   62.144170] file system registered
[   62.146942] unloading
[   62.155070] ffs_data_put(): freeing
[   62.155230] ffs_data_put(): freeing
[   62.155319] ffs_data_put(): freeing
[   62.159319] file system registered
[   62.161351] unloading
[   62.168350] ffs_data_put(): freeing
[   62.171809] file system registered
[   62.174209] unloading
[   62.180176] ffs_data_put(): freeing
[   62.182135] file system registered
[   62.184090] unloading
[   62.189986] file system registered
[   62.191342] unloading
[   62.199908] file system registered
[   62.201403] unloading
[   62.205909] ffs_data_put(): freeing
[   62.208696] file system registered
[   62.210054] unloading
[   62.220158] ffs_data_put(): freeing
[   62.223012] file system registered
[   62.225715] unloading
[   62.231980] ffs_data_put(): freeing
[   62.234035] file system registered
[   62.236040] unloading
[   62.246742] file system registered
[   62.248702] unloading
[   62.259001] ffs_data_put(): freeing
[   62.259110] ffs_data_put(): freeing
[   62.261098] file system registered
[   62.263174] unloading
[   62.270032] ffs_data_put(): freeing
[   62.272634] file system registered
[   62.274194] unloading
[   62.279096] ffs_data_put(): freeing
[   62.279174] ffs_data_put(): freeing
[   62.281161] file system registered
[   62.282901] unloading
[   62.289069] ffs_data_put(): freeing
[   62.289204] ffs_data_put(): freeing
[   62.291688] file system registered
[   62.293183] unloading
[   62.304183] ffs_data_put(): freeing
[   62.306318] file system registered
[   62.308901] ffs_data_put(): freeing
[   62.309272] unloading
[   62.317266] ffs_data_put(): freeing
[   62.317335] ffs_data_put(): freeing
[   62.319706] file system registered
[   62.321245] unloading
[   62.330093] ffs_data_put(): freeing
[   62.332483] file system registered
[   62.334126] unloading
[   62.340005] ffs_data_put(): freeing
[   62.341339] file system registered
[   62.343175] unloading
[   62.349567] file system registered
[   62.350984] unloading
[   62.357747] file system registered
[   62.358930] unloading
[   62.365958] file system registered
[   62.367643] unloading
[   62.372985] ffs_data_put(): freeing
[   62.373066] ffs_data_put(): freeing
[   62.375042] file system registered
[   62.377289] unloading
[   62.384209] ffs_data_put(): freeing
[   62.385843] file system registered
[   62.387074] unloading
[   62.393094] ffs_data_put(): freeing
[   62.393232] ffs_data_put(): freeing
[   62.394819] file system registered
[   62.396139] unloading
[   62.405032] ffs_data_put(): freeing
[   62.407198] file system registered
[   62.408993] unloading
[   62.416963] ffs_data_put(): freeing
[   62.419029] file system registered
[   62.421368] unloading
[   62.431333] ffs_data_put(): freeing
[   62.434204] file system registered
[   62.436366] unloading
[   62.442948] file system registered
[   62.444941] unloading
[   62.459111] ffs_data_put(): freeing
[   62.459223] ffs_data_put(): freeing
[   62.461112] file system registered
[   62.463260] unloading
[   62.476084] ffs_data_put(): freeing
[   62.476215] ffs_data_put(): freeing
[   62.479991] file system registered
[   62.482382] unloading
[   62.488247] ffs_data_put(): freeing
[   62.490552] file system registered
[   62.492253] unloading
[   62.500125] ffs_data_put(): freeing
[   62.501722] file system registered
[   62.503205] unloading
[   62.510019] ffs_data_put(): freeing
[   62.510113] ffs_data_put(): freeing
[   62.511998] file system registered
[   62.514725] unloading
[   62.522013] ffs_data_put(): freeing
[   62.523989] file system registered
[   62.525358] unloading
[   62.529936] ffs_data_put(): freeing
[   62.532704] file system registered
[   62.535708] unloading
[   62.542016] ffs_data_put(): freeing
[   62.542104] ffs_data_put(): freeing
[   62.544009] file system registered
[   62.545184] unloading
[   62.551051] file system registered
[   62.552902] unloading
[   62.562075] ffs_data_put(): freeing
[   62.562188] ffs_data_put(): freeing
[   62.564196] file system registered
[   62.566073] unloading
[   62.574164] file system registered
[   62.575825] unloading
[   62.588972] ffs_data_put(): freeing
[   62.591107] file system registered
[   62.592950] unloading
[   62.598945] ffs_data_put(): freeing
[   62.599063] ffs_data_put(): freeing
[   62.601386] file system registered
[   62.602885] unloading
[   62.611132] ffs_data_put(): freeing
[   62.611303] ffs_data_put(): freeing
[   62.613345] file system registered
[   62.615044] unloading
[   62.621989] file system registered
[   62.623334] unloading
[   62.636235] ffs_data_put(): freeing
[   62.636367] ffs_data_put(): freeing
[   62.639332] file system registered
[   62.642308] unloading
[   62.652130] file system registered
[   62.654742] unloading
[   62.663004] ffs_data_put(): freeing
[   62.664950] file system registered
[   62.666623] unloading
[   62.672029] ffs_data_put(): freeing
[   62.673855] file system registered
[   62.675308] unloading
[   62.681574] file system registered
[   62.682928] unloading
[   62.693065] ffs_data_put(): freeing
[   62.693157] ffs_data_put(): freeing
[   62.694757] file system registered
[   62.695948] unloading
[   62.700984] ffs_data_put(): freeing
[   62.701176] ffs_data_put(): freeing
[   62.703045] file system registered
[   62.704788] unloading
[   62.713173] ffs_data_put(): freeing
[   62.713320] ffs_data_put(): freeing
[   62.715197] file system registered
[   62.717096] unloading
[   62.726254] ffs_data_put(): freeing
[   62.726613] ffs_data_put(): freeing
[   62.727903] file system registered
[   62.729183] unloading
[   62.736094] ffs_data_put(): freeing
[   62.739245] file system registered
[   62.741699] unloading
[   62.750229] ffs_data_put(): freeing
[   62.752759] file system registered
[   62.754275] unloading
[   62.759055] ffs_data_put(): freeing
[   62.760394] file system registered
[   62.761902] unloading
[   62.776164] ffs_data_put(): freeing
[   62.778004] file system registered
[   62.779264] unloading
[   62.784021] ffs_data_put(): freeing
[   62.784139] ffs_data_put(): freeing
[   62.787071] file system registered
[   62.789772] unloading
[   62.798782] file system registered
[   62.801286] unloading
[   62.808088] ffs_data_put(): freeing
[   62.810199] file system registered
[   62.812072] unloading
[   62.821248] file system registered
[   62.823148] unloading
[   62.828070] ffs_data_put(): freeing
[   62.828186] ffs_data_put(): freeing
[   62.830448] file system registered
[   62.832118] unloading
[   62.837097] ffs_data_put(): freeing
[   62.839114] file system registered
[   62.840661] unloading
[   62.845933] ffs_data_put(): freeing
[   62.848273] file system registered
[   62.850147] unloading
[   62.856015] ffs_data_put(): freeing
[   62.857572] file system registered
[   62.859202] unloading
[   62.864925] ffs_data_put(): freeing
[   62.866946] file system registered
[   62.868861] unloading
[   62.881015] ffs_data_put(): freeing
[   62.881158] ffs_data_put(): freeing
[   62.883750] file system registered
[   62.885875] unloading
[   62.894333] ffs_data_put(): freeing
[   62.896583] file system registered
[   62.898199] unloading
[   62.907208] file system registered
[   62.908968] unloading
[   62.914919] ffs_data_put(): freeing
[   62.915048] ffs_data_put(): freeing
[   62.915153] ffs_data_put(): freeing
[   62.916148] file system registered
[   62.918002] unloading
[   62.931129] ffs_data_put(): freeing
[   62.931340] ffs_data_put(): freeing
[   62.934864] file system registered
[   62.937974] unloading
[   62.949074] file system registered
[   62.950791] unloading
[   62.957092] ffs_data_put(): freeing
[   62.958838] file system registered
[   62.960239] unloading
[   62.965956] ffs_data_put(): freeing
[   62.966151] ffs_data_put(): freeing
[   62.967923] file system registered
[   62.969047] unloading
[   62.975244] ffs_data_put(): freeing
[   62.975353] ffs_data_put(): freeing
[   62.977981] file system registered
[   62.979990] unloading
[   62.988082] ffs_data_put(): freeing
[   62.988239] ffs_data_put(): freeing
[   62.990309] file system registered
[   62.992191] unloading
[   63.001323] file system registered
[   63.003102] unloading
[   63.009165] ffs_data_put(): freeing
[   63.011132] file system registered
[   63.013178] unloading
[   63.024178] ffs_data_put(): freeing
[   63.027291] file system registered
[   63.029878] unloading
[   63.038123] file system registered
[   63.039852] ffs_data_put(): freeing
[   63.040073] unloading
[   63.049062] ffs_data_put(): freeing
[   63.049155] ffs_data_put(): freeing
[   63.050381] file system registered
[   63.052350] unloading
[   63.058133] ffs_data_put(): freeing
[   63.058280] ffs_data_put(): freeing
[   63.060912] file system registered
[   63.063882] unloading
[   63.073089] ffs_data_put(): freeing
[   63.073272] ffs_data_put(): freeing
[   63.076083] file system registered
[   63.078673] unloading
[   63.083226] ffs_data_put(): freeing
[   63.083310] ffs_data_put(): freeing
[   63.085901] file system registered
[   63.088213] unloading
[   63.096123] ffs_data_put(): freeing
[   63.096272] ffs_data_put(): freeing
[   63.098212] file system registered
[   63.099961] unloading
[   63.108095] ffs_data_put(): freeing
[   63.108254] ffs_data_put(): freeing
[   63.111182] file system registered
[   63.115311] unloading
[   63.122405] ffs_data_put(): freeing
[   63.122673] ffs_data_put(): freeing
[   63.125617] file system registered
[   63.128235] unloading
[   63.135416] ffs_data_put(): freeing
[   63.135738] ffs_data_put(): freeing
[   63.138360] file system registered
[   63.141090] unloading
[   63.149792] file system registered
[   63.153253] unloading
[   63.158979] ffs_data_put(): freeing
[   63.159119] ffs_data_put(): freeing
[   63.160866] file system registered
[   63.162705] unloading
[   63.176287] ffs_data_put(): freeing
[   63.176377] ffs_data_put(): freeing
[   63.179246] file system registered
[   63.182383] unloading
[   63.188229] ffs_data_put(): freeing
[   63.190852] file system registered
[   63.193013] unloading
[   63.203951] file system registered
[   63.206313] unloading
[   63.213102] ffs_data_put(): freeing
[   63.213270] ffs_data_put(): freeing
[   63.215141] file system registered
[   63.216965] unloading
[   63.227062] ffs_data_put(): freeing
[   63.227150] ffs_data_put(): freeing
[   63.229238] file system registered
[   63.230984] unloading
[   63.240200] file system registered
[   63.241739] unloading
[   63.248782] file system registered
[   63.249988] unloading
[   63.255170] file system registered
[   63.257016] unloading
[   63.263312] file system registered
[   63.264832] unloading
[   63.271039] ffs_data_put(): freeing
[   63.271173] ffs_data_put(): freeing
[   63.273070] file system registered
[   63.274921] unloading
[   63.282001] ffs_data_put(): freeing
[   63.282167] ffs_data_put(): freeing
[   63.283755] file system registered
[   63.285096] unloading
[   63.294296] ffs_data_put(): freeing
[   63.294402] ffs_data_put(): freeing
[   63.297773] file system registered
[   63.301115] unloading
[   63.312112] ffs_data_put(): freeing
[   63.312206] ffs_data_put(): freeing
[   63.314800] file system registered
[   63.318128] unloading
[   63.325020] ffs_data_put(): freeing
[   63.327662] file system registered
[   63.329712] unloading
[   63.340698] file system registered
[   63.342228] unloading
[   63.348053] ffs_data_put(): freeing
[   63.348123] ffs_data_put(): freeing
[   63.349637] file system registered
[   63.350973] unloading
[   63.365109] ffs_data_put(): freeing
[   63.365296] ffs_data_put(): freeing
[   63.366943] file system registered
[   63.368848] unloading
[   63.378302] ffs_data_put(): freeing
[   63.381778] file system registered
[   63.383927] unloading
[   63.397701] file system registered
[   63.399667] unloading
[   63.407034] file system registered
[   63.409153] unloading
[   63.420633] file system registered
[   63.421959] unloading
[   63.431914] ffs_data_put(): freeing
[   63.432057] ffs_data_put(): freeing
[   63.433250] file system registered
[   63.435078] unloading
[   63.445139] ffs_data_put(): freeing
[   63.445255] ffs_data_put(): freeing
[   63.447242] file system registered
[   63.449125] unloading
[   63.459079] ffs_data_put(): freeing
[   63.459211] ffs_data_put(): freeing
[   63.461698] file system registered
[   63.463373] unloading
[   63.471248] ffs_data_put(): freeing
[   63.471403] ffs_data_put(): freeing
[   63.473912] file system registered
[   63.476790] unloading
[   63.486323] ffs_data_put(): freeing
[   63.486648] ffs_data_put(): freeing
[   63.489293] file system registered
[   63.491269] unloading
[   63.502764] ffs_data_put(): freeing
[   63.503079] file system registered
[   63.504279] unloading
[   63.513278] ffs_data_put(): freeing
[   63.517657] file system registered
[   63.520795] unloading
[   63.527385] file system registered
[   63.529168] unloading
[   63.539758] file system registered
[   63.541167] unloading
[   63.550955] ffs_data_put(): freeing
[   63.552814] file system registered
[   63.554283] unloading
[   63.559073] ffs_data_put(): freeing
[   63.561276] file system registered
[   63.562951] unloading
[   63.574897] file system registered
[   63.576964] unloading
[   63.586988] ffs_data_put(): freeing
[   63.587111] ffs_data_put(): freeing
[   63.588649] file system registered
[   63.590908] unloading
[   63.601162] ffs_data_put(): freeing
[   63.601278] ffs_data_put(): freeing
[   63.602980] file system registered
[   63.604890] unloading
[   63.615091] ffs_data_put(): freeing
[   63.618150] file system registered
[   63.620066] unloading
[   63.629856] file system registered
[   63.631641] unloading
[   63.640975] ffs_data_put(): freeing
[   63.644219] file system registered
[   63.646208] unloading
[   63.655202] ffs_data_put(): freeing
[   63.655299] ffs_data_put(): freeing
[   63.656906] file system registered
[   63.657987] unloading
[   63.666119] ffs_data_put(): freeing
[   63.666302] ffs_data_put(): freeing
[   63.666677] ffs_data_put(): freeing
[   63.670112] file system registered
[   63.672284] unloading
[   63.679117] ffs_data_put(): freeing
[   63.681380] file system registered
[   63.686310] unloading
[   63.693022] ffs_data_put(): freeing
[   63.693309] ffs_data_put(): freeing
[   63.693524] ffs_data_put(): freeing
[   63.693948] file system registered
[   63.695965] unloading
[   63.703006] ffs_data_put(): freeing
[   63.703176] ffs_data_put(): freeing
[   63.703380] ffs_data_put(): freeing
[   63.705094] file system registered
[   63.707417] unloading
[   63.714178] ffs_data_put(): freeing
[   63.714342] ffs_data_put(): freeing
[   63.714651] ffs_data_put(): freeing
[   63.717393] file system registered
[   63.719776] unloading
[   63.728429] file system registered
[   63.730332] unloading
[   63.735058] ffs_data_put(): freeing
[   63.737167] file system registered
[   63.739192] unloading
[   63.746101] file system registered
[   63.748012] unloading
[   63.754119] ffs_data_put(): freeing
[   63.754227] ffs_data_put(): freeing
[   63.756160] file system registered
[   63.758132] unloading
[   63.768088] file system registered
[   63.769360] unloading
[   63.776922] ffs_data_put(): freeing
[   63.778092] file system registered
[   63.780073] ffs_data_put(): freeing
[   63.780631] unloading
[   63.789115] ffs_data_put(): freeing
[   63.789262] ffs_data_put(): freeing
[   63.791758] file system registered
[   63.793178] unloading
[   63.803066] file system registered
[   63.804665] unloading
[   63.812928] ffs_data_put(): freeing
[   63.815250] file system registered
[   63.816370] unloading
[   63.823716] file system registered
[   63.825053] unloading
[   63.837346] file system registered
[   63.838991] unloading
[   63.846626] file system registered
[   63.848260] unloading
[   63.856878] file system registered
[   63.858121] unloading
[   63.867015] ffs_data_put(): freeing
[   63.867116] ffs_data_put(): freeing
[   63.870077] file system registered
[   63.871976] unloading
[   63.877707] file system registered
[   63.879171] unloading
[   63.885853] file system registered
[   63.886904] unloading
[   63.892808] ffs_data_put(): freeing
[   63.895217] file system registered
[   63.897017] unloading
[   63.904333] file system registered
[   63.905393] unloading
[   63.909960] ffs_data_put(): freeing
[   63.911998] file system registered
[   63.913691] unloading
[   63.917823] ffs_data_put(): freeing
[   63.920002] file system registered
[   63.921563] unloading
[   63.926993] ffs_data_put(): freeing
[   63.927064] ffs_data_put(): freeing
[   63.929031] file system registered
[   63.930304] unloading
[   63.934942] ffs_data_put(): freeing
[   63.936391] file system registered
[   63.937683] unloading
[   63.945654] file system registered
[   63.947039] unloading
[   63.952282] ffs_data_put(): freeing
[   63.952390] ffs_data_put(): freeing
[   63.953842] file system registered
[   63.954884] unloading
[   63.959914] ffs_data_put(): freeing
[   63.961161] file system registered
[   63.962650] unloading
[   63.969228] file system registered
[   63.970729] unloading
[   63.975814] ffs_data_put(): freeing
[   63.977195] file system registered
[   63.978642] unloading
[   63.983094] ffs_data_put(): freeing
[   63.985996] file system registered
[   63.987204] unloading
[   63.993376] file system registered
[   63.994625] unloading
[   64.000962] ffs_data_put(): freeing
[   64.002307] file system registered
[   64.003880] unloading
[   64.013011] ffs_data_put(): freeing
[   64.015296] file system registered
[   64.017655] unloading
[   64.025020] ffs_data_put(): freeing
[   64.025134] ffs_data_put(): freeing
[   64.027916] file system registered
[   64.030394] unloading
[   64.037199] file system registered
[   64.039128] unloading
[   64.046921] ffs_data_put(): freeing
[   64.049339] file system registered
[   64.051159] unloading
[   64.058590] file system registered
[   64.060004] unloading
[   64.066974] ffs_data_put(): freeing
[   64.067062] ffs_data_put(): freeing
[   64.068067] file system registered
[   64.069647] unloading
[   64.075029] ffs_data_put(): freeing
[   64.075110] ffs_data_put(): freeing
[   64.076854] file system registered
[   64.078092] unloading
[   64.083996] ffs_data_put(): freeing
[   64.084161] ffs_data_put(): freeing
[   64.090116] file system registered
[   64.092003] unloading
[   64.102932] ffs_data_put(): freeing
[   64.104684] file system registered
[   64.106188] unloading
[   64.112592] ffs_data_put(): freeing
[   64.112707] ffs_data_put(): freeing
[   64.114401] file system registered
[   64.116208] unloading
[   64.124947] ffs_data_put(): freeing
[   64.127286] file system registered
[   64.128708] unloading
[   64.134106] ffs_data_put(): freeing
[   64.134253] ffs_data_put(): freeing
[   64.136236] file system registered
[   64.137380] unloading
[   64.144988] ffs_data_put(): freeing
[   64.145202] ffs_data_put(): freeing
[   64.147358] file system registered
[   64.149044] unloading
[   64.157076] ffs_data_put(): freeing
[   64.159199] file system registered
[   64.160888] unloading
[   64.168244] ffs_data_put(): freeing
[   64.168377] ffs_data_put(): freeing
[   64.170079] file system registered
[   64.171943] unloading
[   64.180035] ffs_data_put(): freeing
[   64.180328] ffs_data_put(): freeing
[   64.180978] ffs_data_put(): freeing
[   64.181813] file system registered
[   64.183369] unloading
[   64.189941] ffs_data_put(): freeing
[   64.189979] ffs_data_put(): freeing
[   64.190126] ffs_data_put(): freeing
[   64.191200] file system registered
[   64.193202] unloading
[   64.198170] ffs_data_put(): freeing
[   64.198630] ffs_data_put(): freeing
[   64.198739] ffs_data_put(): freeing
[   64.200730] file system registered
[   64.202797] unloading
[   64.212161] ffs_data_put(): freeing
[   64.215055] file system registered
[   64.216884] ffs_data_put(): freeing
[   64.217616] unloading
[   64.227188] ffs_data_put(): freeing
[   64.227372] ffs_data_put(): freeing
[   64.229945] file system registered
[   64.232350] unloading
[   64.241241] ffs_data_put(): freeing
[   64.241349] ffs_data_put(): freeing
[   64.243123] file system registered
[   64.245091] unloading
[   64.251967] ffs_data_put(): freeing
[   64.253767] file system registered
[   64.255138] unloading
[   64.262157] ffs_data_put(): freeing
[   64.265010] file system registered
[   64.267857] unloading
[   64.274791] ffs_data_put(): freeing
[   64.274931] ffs_data_put(): freeing
[   64.277191] file system registered
[   64.279753] unloading
[   64.287935] ffs_data_put(): freeing
[   64.290227] file system registered
[   64.291970] unloading
[   64.301000] ffs_data_put(): freeing
[   64.302372] file system registered
[   64.303994] unloading
[   64.309055] ffs_data_put(): freeing
[   64.311093] file system registered
[   64.313052] unloading
[   64.322990] ffs_data_put(): freeing
[   64.323110] ffs_data_put(): freeing
[   64.323224] ffs_data_put(): freeing
[   64.324855] file system registered
[   64.326265] unloading
[   64.333246] ffs_data_put(): freeing
[   64.335406] file system registered
[   64.337142] unloading
[   64.344253] file system registered
[   64.346874] unloading
[   64.353026] ffs_data_put(): freeing
[   64.354946] file system registered
[   64.356801] unloading
[   64.360957] ffs_data_put(): freeing
[   64.362769] file system registered
[   64.364117] unloading
[   64.369112] ffs_data_put(): freeing
[   64.372282] file system registered
[   64.374181] unloading
[   64.381126] ffs_data_put(): freeing
[   64.383002] file system registered
[   64.384370] unloading
[   64.391088] ffs_data_put(): freeing
[   64.391176] ffs_data_put(): freeing
[   64.393970] file system registered
[   64.396153] unloading
[   64.401025] ffs_data_put(): freeing
[   64.402707] file system registered
[   64.404293] unloading
[   64.411021] ffs_data_put(): freeing
[   64.413249] file system registered
[   64.415209] unloading
[   64.425065] ffs_data_put(): freeing
[   64.427150] file system registered
[   64.429281] unloading
[   64.434187] ffs_data_put(): freeing
[   64.436833] file system registered
[   64.438198] unloading
[   64.444171] ffs_data_put(): freeing
[   64.444299] ffs_data_put(): freeing
[   64.444616] ffs_data_put(): freeing
[   64.446211] file system registered
[   64.448029] unloading
[   64.461384] ffs_data_put(): freeing
[   64.461723] ffs_data_put(): freeing
[   64.461856] ffs_data_put(): freeing
[   64.464316] file system registered
[   64.468167] unloading
[   64.478175] file system registered
[   64.481318] unloading
[   64.486319] ffs_data_put(): freeing
[   64.489760] file system registered
[   64.492335] unloading
[   64.497150] ffs_data_put(): freeing
[   64.497249] ffs_data_put(): freeing
[   64.497283] ffs_data_put(): freeing
[   64.499834] file system registered
[   64.502242] unloading
[   64.511193] file system registered
[   64.513077] unloading
[   64.523091] ffs_data_put(): freeing
[   64.525403] file system registered
[   64.527351] unloading
[   64.534963] ffs_data_put(): freeing
[   64.537274] file system registered
[   64.538998] unloading
[   64.548984] ffs_data_put(): freeing
[   64.550839] file system registered
[   64.552243] unloading
[   64.558026] ffs_data_put(): freeing
[   64.558146] ffs_data_put(): freeing
[   64.560626] file system registered
[   64.562793] unloading
[   64.570994] ffs_data_put(): freeing
[   64.571168] ffs_data_put(): freeing
[   64.571265] ffs_data_put(): freeing
[   64.573153] file system registered
[   64.575130] unloading
[   64.584910] file system registered
[   64.587750] unloading
[   64.594925] ffs_data_put(): freeing
[   64.594995] ffs_data_put(): freeing
[   64.596334] file system registered
[   64.598033] unloading
[   64.602108] ffs_data_put(): freeing
[   64.602261] ffs_data_put(): freeing
[   64.602383] ffs_data_put(): freeing
[   64.605110] file system registered
[   64.607056] unloading
[   64.617127] file system registered
[   64.619995] unloading
[   64.630020] file system registered
[   64.632326] unloading
[   64.638983] ffs_data_put(): freeing
[   64.640959] file system registered
[   64.642077] unloading
[   64.649196] ffs_data_put(): freeing
[   64.651258] file system registered
[   64.653029] unloading
[   64.664111] ffs_data_put(): freeing
[   64.666852] file system registered
[   64.669316] unloading
[   64.677948] ffs_data_put(): freeing
[   64.678254] ffs_data_put(): freeing
[   64.678401] ffs_data_put(): freeing
[   64.680203] file system registered
[   64.682419] unloading
[   64.693244] ffs_data_put(): freeing
[   64.693789] ffs_data_put(): freeing
[   64.695831] file system registered
[   64.697302] unloading
[   64.707558] ffs_data_put(): freeing
[   64.707771] ffs_data_put(): freeing
[   64.710021] file system registered
[   64.712343] unloading
[   64.723061] file system registered
[   64.725065] unloading
[   64.735977] file system registered
[   64.737906] unloading
[   64.746978] ffs_data_put(): freeing
[   64.748745] file system registered
[   64.749923] unloading
[   64.755994] ffs_data_put(): freeing
[   64.756146] ffs_data_put(): freeing
[   64.758053] file system registered
[   64.759862] unloading
[   64.771285] ffs_data_put(): freeing
[   64.771414] ffs_data_put(): freeing
[   64.774148] file system registered
[   64.775744] unloading
[   64.782225] ffs_data_put(): freeing
[   64.783807] file system registered
[   64.785418] unloading
[   64.792815] file system registered
[   64.796626] unloading
[   64.800992] ffs_data_put(): freeing
[   64.802226] ffs_data_put(): freeing
[   64.803104] file system registered
[   64.804955] unloading
[   64.812003] ffs_data_put(): freeing
[   64.813273] file system registered
[   64.815056] unloading
[   64.822156] ffs_data_put(): freeing
[   64.822311] ffs_data_put(): freeing
[   64.822399] ffs_data_put(): freeing
[   64.824398] file system registered
[   64.826023] unloading
[   64.831160] ffs_data_put(): freeing
[   64.833403] file system registered
[   64.835967] unloading
[   64.844092] ffs_data_put(): freeing
[   64.845876] file system registered
[   64.847829] unloading
[   64.859077] file system registered
[   64.861351] unloading
[   64.871167] ffs_data_put(): freeing
[   64.871367] ffs_data_put(): freeing
[   64.872888] ffs_data_put(): freeing
[   64.873761] file system registered
[   64.875390] unloading
[   64.882159] ffs_data_put(): freeing
[   64.882256] ffs_data_put(): freeing
[   64.882729] ffs_data_put(): freeing
[   64.884690] file system registered
[   64.887177] unloading
[   64.893297] ffs_data_put(): freeing
[   64.893381] ffs_data_put(): freeing
[   64.896251] file system registered
[   64.899048] unloading
[   64.908999] ffs_data_put(): freeing
[   64.911914] file system registered
[   64.914679] unloading
[   64.920063] ffs_data_put(): freeing
[   64.922853] file system registered
[   64.925194] unloading
[   64.937110] ffs_data_put(): freeing
[   64.939142] file system registered
[   64.941280] unloading
[   64.949948] ffs_data_put(): freeing
[   64.950044] ffs_data_put(): freeing
[   64.952847] file system registered
[   64.956706] unloading
[   64.963615] ffs_data_put(): freeing
[   64.964937] file system registered
[   64.967011] unloading
[   64.976018] ffs_data_put(): freeing
[   64.976135] ffs_data_put(): freeing
[   64.978238] file system registered
[   64.981726] ffs_data_put(): freeing
[   64.982201] unloading
[   64.989203] ffs_data_put(): freeing
[   64.991618] file system registered
[   64.993886] unloading
[   65.003767] file system registered
[   65.005280] unloading
[   65.016223] file system registered
[   65.018183] unloading
[   65.026972] ffs_data_put(): freeing
[   65.029306] file system registered
[   65.030734] unloading
[   65.041272] ffs_data_put(): freeing
[   65.041357] ffs_data_put(): freeing
[   65.043444] file system registered
[   65.046115] unloading
[   65.053026] ffs_data_put(): freeing
[   65.053182] ffs_data_put(): freeing
[   65.055734] file system registered
[   65.057365] unloading
[   65.067099] file system registered
[   65.068872] unloading
[   65.080000] ffs_data_put(): freeing
[   65.080108] ffs_data_put(): freeing
[   65.081192] file system registered
[   65.083265] unloading
[   65.093315] ffs_data_put(): freeing
[   65.094329] ffs_data_put(): freeing
[   65.095122] file system registered
[   65.097097] unloading
[   65.106063] ffs_data_put(): freeing
[   65.107908] file system registered
[   65.109295] unloading
[   65.118220] ffs_data_put(): freeing
[   65.120367] file system registered
[   65.122343] unloading
[   65.127316] ffs_data_put(): freeing
[   65.130010] file system registered
[   65.131979] unloading
[   65.140164] ffs_data_put(): freeing
[   65.142705] file system registered
[   65.145268] unloading
[   65.153138] ffs_data_put(): freeing
[   65.155914] file system registered
[   65.158042] unloading
[   65.165064] ffs_data_put(): freeing
[   65.167058] file system registered
[   65.168758] unloading
[   65.179098] ffs_data_put(): freeing
[   65.179208] ffs_data_put(): freeing
[   65.181755] file system registered
[   65.183392] unloading
[   65.194324] ffs_data_put(): freeing
[   65.197102] file system registered
[   65.199340] unloading
[   65.205158] ffs_data_put(): freeing
[   65.207160] file system registered
[   65.208898] unloading
[   65.219040] ffs_data_put(): freeing
[   65.221095] file system registered
[   65.222215] unloading
[   65.228111] ffs_data_put(): freeing
[   65.230452] file system registered
[   65.231988] unloading
[   65.245340] file system registered
[   65.247123] unloading
[   65.256060] ffs_data_put(): freeing
[   65.257967] file system registered
[   65.259213] unloading
[   65.265132] ffs_data_put(): freeing
[   65.265221] ffs_data_put(): freeing
[   65.266963] file system registered
[   65.268344] unloading
[   65.273091] ffs_data_put(): freeing
[   65.273212] ffs_data_put(): freeing
[   65.273348] ffs_data_put(): freeing
[   65.274824] file system registered
[   65.276094] unloading
[   65.282066] ffs_data_put(): freeing
[   65.282204] ffs_data_put(): freeing
[   65.284346] file system registered
[   65.286264] unloading
[   65.298222] ffs_data_put(): freeing
[   65.298599] ffs_data_put(): freeing
[   65.300853] file system registered
[   65.304701] unloading
[   65.315311] ffs_data_put(): freeing
[   65.315704] ffs_data_put(): freeing
[   65.315814] ffs_data_put(): freeing
[   65.316381] file system registered
[   65.319066] unloading
[   65.327807] ffs_data_put(): freeing
[   65.329227] file system registered
[   65.331345] unloading
[   65.340220] file system registered
[   65.343753] unloading
[   65.349089] ffs_data_put(): freeing
[   65.349236] ffs_data_put(): freeing
[   65.351263] file system registered
[   65.353215] unloading
[   65.359071] ffs_data_put(): freeing
[   65.359248] ffs_data_put(): freeing
[   65.362409] file system registered
[   65.365139] unloading
[   65.371043] ffs_data_put(): freeing
[   65.373153] file system registered
[   65.376649] ffs_data_put(): freeing
[   65.377695] unloading
[   65.383145] ffs_data_put(): freeing
[   65.385170] file system registered
[   65.386880] unloading
[   65.396102] ffs_data_put(): freeing
[   65.396190] ffs_data_put(): freeing
[   65.397951] file system registered
[   65.398882] unloading
[   65.403973] ffs_data_put(): freeing
[   65.407067] file system registered
[   65.409139] unloading
[   65.417107] file system registered
[   65.418641] unloading
[   65.424005] ffs_data_put(): freeing
[   65.424122] ffs_data_put(): freeing
[   65.424209] ffs_data_put(): freeing
[   65.426096] file system registered
[   65.427673] unloading
[   65.433133] ffs_data_put(): freeing
[   65.435643] file system registered
[   65.436883] unloading
[   65.450115] ffs_data_put(): freeing
[   65.450214] ffs_data_put(): freeing
[   65.452305] file system registered
[   65.454245] unloading
[   65.459107] ffs_data_put(): freeing
[   65.459215] ffs_data_put(): freeing
[   65.461599] file system registered
[   65.463101] unloading
[   65.469078] ffs_data_put(): freeing
[   65.469226] ffs_data_put(): freeing
[   65.472030] file system registered
[   65.474187] unloading
[   65.480683] ffs_data_put(): freeing
[   65.483291] file system registered
[   65.485772] unloading
[   65.492214] ffs_data_put(): freeing
[   65.492392] ffs_data_put(): freeing
[   65.492571] ffs_data_put(): freeing
[   65.495714] file system registered
[   65.498240] unloading
[   65.505242] ffs_data_put(): freeing
[   65.507789] file system registered
[   65.510346] unloading
[   65.517974] ffs_data_put(): freeing
[   65.518135] ffs_data_put(): freeing
[   65.520288] file system registered
[   65.522217] unloading
[   65.534713] ffs_data_put(): freeing
[   65.534815] ffs_data_put(): freeing
[   65.537375] file system registered
[   65.540144] unloading
[   65.547310] ffs_data_put(): freeing
[   65.547808] ffs_data_put(): freeing
[   65.549817] file system registered
[   65.552655] unloading
[   65.562783] ffs_data_put(): freeing
[   65.562806] ffs_data_put(): freeing
[   65.562962] ffs_data_put(): freeing
[   65.564432] file system registered
[   65.566395] unloading
[   65.571241] ffs_data_put(): freeing
[   65.574710] file system registered
[   65.575211] ffs_data_put(): freeing
[   65.577900] unloading
[   65.585730] ffs_data_put(): freeing
[   65.587346] file system registered
[   65.589280] unloading
[   65.600080] ffs_data_put(): freeing
[   65.602051] file system registered
[   65.603938] unloading
[   65.612237] ffs_data_put(): freeing
[   65.612405] ffs_data_put(): freeing
[   65.614736] file system registered
[   65.616355] unloading
[   65.621081] ffs_data_put(): freeing
[   65.621303] ffs_data_put(): freeing
[   65.623359] file system registered
[   65.625252] unloading
[   65.635305] ffs_data_put(): freeing
[   65.635380] ffs_data_put(): freeing
[   65.638307] file system registered
[   65.641262] unloading
[   65.648071] ffs_data_put(): freeing
[   65.650370] file system registered
[   65.652406] unloading
[   65.660986] ffs_data_put(): freeing
[   65.663598] file system registered
[   65.664983] unloading
[   65.669992] ffs_data_put(): freeing
[   65.670168] ffs_data_put(): freeing
[   65.672861] file system registered
[   65.674383] unloading
[   65.679368] ffs_data_put(): freeing
[   65.682691] file system registered
[   65.685051] unloading
[   65.699154] ffs_data_put(): freeing
[   65.699236] ffs_data_put(): freeing
[   65.701253] file system registered
[   65.703717] unloading
[   65.711283] ffs_data_put(): freeing
[   65.711366] ffs_data_put(): freeing
[   65.715067] file system registered
[   65.719695] unloading
[   65.728196] ffs_data_put(): freeing
[   65.731099] file system registered
[   65.734012] unloading
[   65.742953] ffs_data_put(): freeing
[   65.745589] file system registered
[   65.747260] unloading
[   65.754122] ffs_data_put(): freeing
[   65.756942] file system registered
[   65.759134] unloading
[   65.767913] ffs_data_put(): freeing
[   65.768123] ffs_data_put(): freeing
[   65.768246] ffs_data_put(): freeing
[   65.769989] file system registered
[   65.772118] unloading
[   65.782243] ffs_data_put(): freeing
[   65.784695] file system registered
[   65.786005] unloading
[   65.795873] file system registered
[   65.797394] unloading
[   65.803553] file system registered
[   65.804867] unloading
[   65.812942] file system registered
[   65.814142] unloading
[   65.819982] file system registered
[   65.824345] ffs_data_put(): freeing
[   65.824915] unloading
[   65.829967] ffs_data_put(): freeing
[   65.830061] ffs_data_put(): freeing
[   65.834215] file system registered
[   65.835925] unloading
[   65.844930] ffs_data_put(): freeing
[   65.846829] file system registered
[   65.847858] unloading
[   65.856363] file system registered
[   65.858096] unloading
[   65.864171] ffs_data_put(): freeing
[   65.864256] ffs_data_put(): freeing
[   65.866017] file system registered
[   65.868634] unloading
[   65.878146] ffs_data_put(): freeing
[   65.878275] ffs_data_put(): freeing
[   65.880397] file system registered
[   65.882164] unloading
[   65.885999] ffs_data_put(): freeing
[   65.888591] file system registered
[   65.890185] unloading
[   65.898021] ffs_data_put(): freeing
[   65.900123] file system registered
[   65.902225] unloading
[   65.913869] file system registered
[   65.915699] unloading
[   65.926212] ffs_data_put(): freeing
[   65.926341] ffs_data_put(): freeing
[   65.927993] file system registered
[   65.929620] unloading
[   65.935115] ffs_data_put(): freeing
[   65.937799] file system registered
[   65.940043] unloading
[   65.949130] ffs_data_put(): freeing
[   65.951406] file system registered
[   65.953136] unloading
[   65.963203] ffs_data_put(): freeing
[   65.963378] ffs_data_put(): freeing
[   65.963609] ffs_data_put(): freeing
[   65.965093] file system registered
[   65.967223] unloading
[   65.982316] ffs_data_put(): freeing
[   65.982415] ffs_data_put(): freeing
[   65.986921] file system registered
[   65.992287] unloading
[   66.004397] ffs_data_put(): freeing
[   66.004788] ffs_data_put(): freeing
[   66.007377] file system registered
[   66.011024] unloading
[   66.019281] ffs_data_put(): freeing
[   66.019691] ffs_data_put(): freeing
[   66.020072] ffs_data_put(): freeing
[   66.022406] file system registered
[   66.025896] unloading
[   66.032245] ffs_data_put(): freeing
[   66.034045] ffs_data_put(): freeing
[   66.035016] file system registered
[   66.038261] unloading
[   66.044346] ffs_data_put(): freeing
[   66.044774] ffs_data_put(): freeing
[   66.047965] file system registered
[   66.051138] unloading
[   66.061324] ffs_data_put(): freeing
[   66.061406] ffs_data_put(): freeing
[   66.064106] file system registered
[   66.066097] unloading
[   66.072721] ffs_data_put(): freeing
[   66.075422] file system registered
[   66.078026] unloading
[   66.086346] ffs_data_put(): freeing
[   66.088814] file system registered
[   66.091312] unloading
[   66.103390] ffs_data_put(): freeing
[   66.103716] ffs_data_put(): freeing
[   66.106245] file system registered
[   66.109391] unloading
[   66.117925] file system registered
[   66.120301] unloading
[   66.129391] file system registered
[   66.130998] unloading
[   66.139190] ffs_data_put(): freeing
[   66.141958] file system registered
[   66.144228] unloading
[   66.152992] ffs_data_put(): freeing
[   66.153142] ffs_data_put(): freeing
[   66.154883] file system registered
[   66.156415] ffs_data_put(): freeing
[   66.156837] unloading
[   66.164362] ffs_data_put(): freeing
[   66.167141] file system registered
[   66.170356] unloading
[   66.176188] ffs_data_put(): freeing
[   66.176332] ffs_data_put(): freeing
[   66.178692] file system registered
[   66.179960] unloading
[   66.184999] ffs_data_put(): freeing
[   66.185106] ffs_data_put(): freeing
[   66.186714] file system registered
[   66.188263] unloading
[   66.192901] ffs_data_put(): freeing
[   66.192987] ffs_data_put(): freeing
[   66.194254] file system registered
[   66.195619] unloading
[   66.199931] ffs_data_put(): freeing
[   66.201208] file system registered
[   66.202549] unloading
[   66.210745] file system registered
[   66.213997] unloading
[   66.220912] ffs_data_put(): freeing
[   66.223304] file system registered
[   66.224914] unloading
[   66.235703] file system registered
[   66.236961] unloading
[   66.249347] file system registered
[   66.251069] unloading
[   66.256335] ffs_data_put(): freeing
[   66.256629] ffs_data_put(): freeing
[   66.256657] ffs_data_put(): freeing
[   66.257110] file system registered
[   66.258758] unloading
[   66.266182] ffs_data_put(): freeing
[   66.266629] ffs_data_put(): freeing
[   66.266686] ffs_data_put(): freeing
[   66.268141] file system registered
[   66.270311] unloading
[   66.278061] ffs_data_put(): freeing
[   66.279374] file system registered
[   66.280606] unloading
[   66.288122] file system registered
[   66.289838] unloading
[   66.296842] ffs_data_put(): freeing
[   66.299120] file system registered
[   66.301617] unloading
[   66.306919] ffs_data_put(): freeing
[   66.309164] file system registered
[   66.311094] unloading
[   66.320736] file system registered
[   66.322168] unloading
[   66.326705] ffs_data_put(): freeing
[   66.328904] file system registered
[   66.331202] unloading
[   66.337974] ffs_data_put(): freeing
[   66.338073] ffs_data_put(): freeing
[   66.340882] file system registered
[   66.343059] unloading
[   66.353190] file system registered
[   66.354680] unloading
[   66.361060] ffs_data_put(): freeing
[   66.362340] file system registered
[   66.363687] unloading
[   66.369846] ffs_data_put(): freeing
[   66.369985] ffs_data_put(): freeing
[   66.370075] ffs_data_put(): freeing
[   66.371355] file system registered
[   66.372959] unloading
[   66.379054] ffs_data_put(): freeing
[   66.380799] file system registered
[   66.381941] unloading
[   66.387025] ffs_data_put(): freeing
[   66.389016] file system registered
[   66.390419] unloading
[   66.395211] ffs_data_put(): freeing
[   66.397081] file system registered
[   66.398554] unloading
[   66.403010] ffs_data_put(): freeing
[   66.404715] file system registered
[   66.406084] unloading
[   66.411996] ffs_data_put(): freeing
[   66.413277] file system registered
[   66.414568] unloading
[   66.421923] ffs_data_put(): freeing
[   66.422003] ffs_data_put(): freeing
[   66.424061] file system registered
[   66.426054] unloading
[   66.437067] ffs_data_put(): freeing
[   66.439740] file system registered
[   66.442804] unloading
[   66.451244] ffs_data_put(): freeing
[   66.453993] file system registered
[   66.456879] unloading
[   66.462107] ffs_data_put(): freeing
[   66.464336] file system registered
[   66.466082] unloading
[   66.477738] file system registered
[   66.478700] unloading
[   66.482977] ffs_data_put(): freeing
[   66.485131] file system registered
[   66.486091] unloading
[   66.491953] ffs_data_put(): freeing
[   66.493937] file system registered
[   66.495787] unloading
[   66.502935] ffs_data_put(): freeing
[   66.503091] ffs_data_put(): freeing
[   66.503239] ffs_data_put(): freeing
[   66.504289] file system registered
[   66.505980] unloading
[   66.511029] ffs_data_put(): freeing
[   66.511144] ffs_data_put(): freeing
[   66.513265] file system registered
[   66.515350] unloading
[   66.526028] file system registered
[   66.527900] unloading
[   66.532960] ffs_data_put(): freeing
[   66.533114] ffs_data_put(): freeing
[   66.534363] file system registered
[   66.536131] unloading
[   66.544980] ffs_data_put(): freeing
[   66.545096] ffs_data_put(): freeing
[   66.545210] ffs_data_put(): freeing
[   66.546103] file system registered
[   66.547916] unloading
[   66.554130] ffs_data_put(): freeing
[   66.554324] ffs_data_put(): freeing
[   66.554590] ffs_data_put(): freeing
[   66.556349] file system registered
[   66.558749] unloading
[   66.568356] ffs_data_put(): freeing
[   66.568732] ffs_data_put(): freeing
[   66.569050] ffs_data_put(): freeing
[   66.573770] file system registered
[   66.577296] unloading
[   66.588725] ffs_data_put(): freeing
[   66.591312] file system registered
[   66.593268] unloading
[   66.603199] file system registered
[   66.604918] unloading
[   66.609083] ffs_data_put(): freeing
[   66.610941] file system registered
[   66.613740] unloading
[   66.621203] ffs_data_put(): freeing
[   66.621322] ffs_data_put(): freeing
[   66.624103] file system registered
[   66.626349] unloading
[   66.633108] ffs_data_put(): freeing
[   66.633217] ffs_data_put(): freeing
[   66.634181] file system registered
[   66.635747] unloading
[   66.644972] ffs_data_put(): freeing
[   66.645172] ffs_data_put(): freeing
[   66.645315] ffs_data_put(): freeing
[   66.647308] file system registered
[   66.650760] unloading
[   66.659657] file system registered
[   66.661879] unloading
[   66.671015] ffs_data_put(): freeing
[   66.671122] ffs_data_put(): freeing
[   66.672387] file system registered
[   66.674133] unloading
[   66.679104] ffs_data_put(): freeing
[   66.680818] file system registered
[   66.681807] unloading
[   66.689032] ffs_data_put(): freeing
[   66.689244] ffs_data_put(): freeing
[   66.690370] file system registered
[   66.691916] unloading
[   66.697092] ffs_data_put(): freeing
[   66.698121] file system registered
[   66.699969] unloading
[   66.706039] ffs_data_put(): freeing
[   66.708074] file system registered
[   66.710139] unloading
[   66.719572] file system registered
[   66.721029] unloading
[   66.726024] ffs_data_put(): freeing
[   66.726125] ffs_data_put(): freeing
[   66.727322] file system registered
[   66.728913] unloading
[   66.736998] ffs_data_put(): freeing
[   66.738704] file system registered
[   66.739993] unloading
[   66.747918] ffs_data_put(): freeing
[   66.749667] file system registered
[   66.751091] unloading
[   66.755732] ffs_data_put(): freeing
[   66.756652] file system registered
[   66.758250] unloading
[   66.766269] file system registered
[   66.768229] unloading
[   66.775948] ffs_data_put(): freeing
[   66.778126] file system registered
[   66.780052] unloading
[   66.787930] ffs_data_put(): freeing
[   66.788008] ffs_data_put(): freeing
[   66.789841] file system registered
[   66.791053] unloading
[   66.797165] ffs_data_put(): freeing
[   66.797250] ffs_data_put(): freeing
[   66.800034] file system registered
[   66.803084] unloading
[   66.810061] ffs_data_put(): freeing
[   66.810272] ffs_data_put(): freeing
[   66.810433] ffs_data_put(): freeing
[   66.814924] file system registered
[   66.819132] unloading
[   66.825108] ffs_data_put(): freeing
[   66.825219] ffs_data_put(): freeing
[   66.828080] file system registered
[   66.830785] unloading
[   66.841183] file system registered
[   66.843328] unloading
[   66.853697] file system registered
[   66.854965] unloading
[   66.863326] file system registered
[   66.865044] unloading
[   66.872960] ffs_data_put(): freeing
[   66.875045] file system registered
[   66.876575] unloading
[   66.883712] file system registered
[   66.884386] unloading
[   66.890143] file system registered
[   66.891536] unloading
[   66.898946] ffs_data_put(): freeing
[   66.899021] ffs_data_put(): freeing
[   66.900393] file system registered
[   66.902051] unloading
[   66.911070] ffs_data_put(): freeing
[   66.911282] ffs_data_put(): freeing
[   66.911368] ffs_data_put(): freeing
[   66.912230] file system registered
[   66.914401] ffs_data_put(): freeing
[   66.916690] ffs_data_put(): freeing
[   66.917188] unloading
[   66.927018] ffs_data_put(): freeing
[   66.929048] file system registered
[   66.931343] unloading
[   66.939118] ffs_data_put(): freeing
[   66.940558] file system registered
[   66.941412] unloading
[   66.947963] ffs_data_put(): freeing
[   66.950643] file system registered
[   66.952067] unloading
[   66.959137] ffs_data_put(): freeing
[   66.961327] file system registered
[   66.962845] unloading
[   66.972047] ffs_data_put(): freeing
[   66.972177] ffs_data_put(): freeing
[   66.974103] file system registered
[   66.976040] unloading
[   66.991139] ffs_data_put(): freeing
[   66.991416] ffs_data_put(): freeing
[   66.992407] ffs_data_put(): freeing
[   66.995360] file system registered
[   66.999058] unloading
[   67.014935] file system registered
[   67.017326] unloading
[   67.027254] ffs_data_put(): freeing
[   67.028605] file system registered
[   67.030406] unloading
[   67.035238] ffs_data_put(): freeing
[   67.036711] ffs_data_put(): freeing
[   67.038981] file system registered
[   67.041732] unloading
[   67.049824] ffs_data_put(): freeing
[   67.049933] ffs_data_put(): freeing
[   67.050042] file system registered
[   67.051676] unloading
[   67.056002] ffs_data_put(): freeing
[   67.057936] file system registered
[   67.059344] unloading
[   67.067028] ffs_data_put(): freeing
[   67.069710] file system registered
[   67.071136] unloading
[   67.080279] file system registered
[   67.081928] unloading
[   67.091987] ffs_data_put(): freeing
[   67.094007] file system registered
[   67.096339] unloading
[   67.105103] ffs_data_put(): freeing
[   67.105195] ffs_data_put(): freeing
[   67.107774] file system registered
[   67.110348] unloading
[   67.119177] file system registered
[   67.121284] unloading
[   67.127086] ffs_data_put(): freeing
[   67.129225] file system registered
[   67.130669] unloading
[   67.137002] ffs_data_put(): freeing
[   67.138367] file system registered
[   67.140147] unloading
[   67.147994] ffs_data_put(): freeing
[   67.150142] file system registered
[   67.152170] unloading
[   67.161146] ffs_data_put(): freeing
[   67.161245] ffs_data_put(): freeing
[   67.164128] file system registered
[   67.166154] unloading
[   67.172137] file system registered
[   67.173317] unloading
[   67.178036] ffs_data_put(): freeing
[   67.180058] file system registered
[   67.181309] unloading
[   67.187752] file system registered
[   67.189118] unloading
[   67.195159] ffs_data_put(): freeing
[   67.196920] file system registered
[   67.198246] unloading
[   67.205034] ffs_data_put(): freeing
[   67.206379] file system registered
[   67.207981] unloading
[   67.215036] ffs_data_put(): freeing
[   67.215135] ffs_data_put(): freeing
[   67.217147] file system registered
[   67.218909] unloading
[   67.227988] ffs_data_put(): freeing
[   67.229959] file system registered
[   67.231143] unloading
[   67.237134] ffs_data_put(): freeing
[   67.239902] file system registered
[   67.241892] unloading
[   67.247043] ffs_data_put(): freeing
[   67.250855] file system registered
[   67.254115] unloading
[   67.260949] ffs_data_put(): freeing
[   67.261055] ffs_data_put(): freeing
[   67.263610] file system registered
[   67.265242] unloading
[   67.272059] ffs_data_put(): freeing
[   67.274797] file system registered
[   67.276160] unloading
[   67.280915] ffs_data_put(): freeing
[   67.282086] file system registered
[   67.284195] unloading
[   67.290033] ffs_data_put(): freeing
[   67.292114] file system registered
[   67.294809] unloading
[   67.301100] ffs_data_put(): freeing
[   67.302970] file system registered
[   67.305888] unloading
[   67.313215] file system registered
[   67.314259] unloading
[   67.321062] file system registered
[   67.322404] unloading
[   67.328957] ffs_data_put(): freeing
[   67.330739] file system registered
[   67.331977] unloading
[   67.341134] ffs_data_put(): freeing
[   67.341230] ffs_data_put(): freeing
[   67.342140] file system registered
[   67.343854] unloading
[   67.350227] ffs_data_put(): freeing
[   67.350319] ffs_data_put(): freeing
[   67.351751] file system registered
[   67.353292] unloading
[   67.363154] ffs_data_put(): freeing
[   67.363259] ffs_data_put(): freeing
[   67.363372] ffs_data_put(): freeing
[   67.364646] file system registered
[   67.366374] ffs_data_put(): freeing
[   67.367213] unloading
[   67.376357] ffs_data_put(): freeing
[   67.377050] ffs_data_put(): freeing
[   67.380239] file system registered
[   67.382868] unloading
[   67.392218] ffs_data_put(): freeing
[   67.394893] file system registered
[   67.397295] unloading
[   67.406207] file system registered
[   67.407984] unloading
[   67.413932] ffs_data_put(): freeing
[   67.415922] file system registered
[   67.418017] unloading
[   67.426051] ffs_data_put(): freeing
[   67.426189] ffs_data_put(): freeing
[   67.426310] ffs_data_put(): freeing
[   67.428267] file system registered
[   67.429933] unloading
[   67.437301] ffs_data_put(): freeing
[   67.437588] ffs_data_put(): freeing
[   67.439118] file system registered
[   67.440778] unloading
[   67.448880] file system registered
[   67.450878] unloading
[   67.462307] file system registered
[   67.464180] unloading
[   67.475772] file system registered
[   67.477801] unloading
[   67.485707] file system registered
[   67.487031] unloading
[   67.493573] file system registered
[   67.495219] unloading
[   67.499972] ffs_data_put(): freeing
[   67.501257] file system registered
[   67.502699] unloading
[   67.513262] file system registered
[   67.514908] unloading
[   67.524925] ffs_data_put(): freeing
[   67.526091] file system registered
[   67.527158] unloading
[   67.534027] ffs_data_put(): freeing
[   67.534125] ffs_data_put(): freeing
[   67.535682] file system registered
[   67.537769] unloading
[   67.542177] ffs_data_put(): freeing
[   67.544231] file system registered
[   67.546262] unloading
[   67.555006] ffs_data_put(): freeing
[   67.555299] ffs_data_put(): freeing
[   67.555778] ffs_data_put(): freeing
[   67.556884] file system registered
[   67.558316] unloading
[   67.563359] ffs_data_put(): freeing
[   67.565340] file system registered
[   67.566670] ffs_data_put(): freeing
[   67.567061] unloading
[   67.577074] ffs_data_put(): freeing
[   67.579209] file system registered
[   67.581248] unloading
[   67.589703] file system registered
[   67.591302] unloading
[   67.601289] file system registered
[   67.603025] unloading
[   67.611016] ffs_data_put(): freeing
[   67.611153] ffs_data_put(): freeing
[   67.611267] ffs_data_put(): freeing
[   67.613282] file system registered
[   67.616377] unloading
[   67.625234] ffs_data_put(): freeing
[   67.625342] ffs_data_put(): freeing
[   67.627306] file system registered
[   67.629332] unloading
[   67.635303] ffs_data_put(): freeing
[   67.635567] ffs_data_put(): freeing
[   67.638015] file system registered
[   67.640148] unloading
[   67.645397] ffs_data_put(): freeing
[   67.647055] file system registered
[   67.648108] unloading
[   67.654225] file system registered
[   67.655807] unloading
[   67.666325] file system registered
[   67.667957] unloading
[   67.682007] ffs_data_put(): freeing
[   67.685643] file system registered
[   67.687401] unloading
[   67.695078] ffs_data_put(): freeing
[   67.695277] ffs_data_put(): freeing
[   67.697635] file system registered
[   67.699009] unloading
[   67.705037] ffs_data_put(): freeing
[   67.705127] ffs_data_put(): freeing
[   67.707827] file system registered
[   67.709864] unloading
[   67.719145] ffs_data_put(): freeing
[   67.721116] file system registered
[   67.723199] unloading
[   67.732112] ffs_data_put(): freeing
[   67.734339] file system registered
[   67.736179] unloading
[   67.742950] file system registered
[   67.744852] unloading
[   67.758352] file system registered
[   67.760980] unloading
[   67.766963] ffs_data_put(): freeing
[   67.767071] ffs_data_put(): freeing
[   67.768248] file system registered
[   67.770096] unloading
[   67.783132] ffs_data_put(): freeing
[   67.785716] file system registered
[   67.787359] unloading
[   67.796212] ffs_data_put(): freeing
[   67.798927] file system registered
[   67.801393] unloading
[   67.810234] file system registered
[   67.812294] unloading
[   67.824185] ffs_data_put(): freeing
[   67.824378] ffs_data_put(): freeing
[   67.825582] ffs_data_put(): freeing
[   67.826874] file system registered
[   67.829299] unloading
[   67.835178] ffs_data_put(): freeing
[   67.835321] ffs_data_put(): freeing
[   67.838213] file system registered
[   67.840324] unloading
[   67.848320] ffs_data_put(): freeing
[   67.851219] file system registered
[   67.853289] unloading
[   67.862195] ffs_data_put(): freeing
[   67.862309] ffs_data_put(): freeing
[   67.864738] file system registered
[   67.867274] unloading
[   67.875163] ffs_data_put(): freeing
[   67.877637] file system registered
[   67.879770] unloading
[   67.887161] ffs_data_put(): freeing
[   67.889901] file system registered
[   67.892289] unloading
[   67.900075] ffs_data_put(): freeing
[   67.900248] ffs_data_put(): freeing
[   67.902101] file system registered
[   67.905220] unloading
[   67.913012] ffs_data_put(): freeing
[   67.914337] file system registered
[   67.916207] unloading
[   67.925060] file system registered
[   67.926906] unloading
[   67.938041] file system registered
[   67.941275] unloading
[   67.946890] ffs_data_put(): freeing
[   67.948953] file system registered
[   67.950592] unloading
[   67.959124] ffs_data_put(): freeing
[   67.960753] file system registered
[   67.961978] unloading
[   67.968007] ffs_data_put(): freeing
[   67.968125] ffs_data_put(): freeing
[   67.971144] file system registered
[   67.973807] unloading
[   67.983594] file system registered
[   67.985093] unloading
[   67.996173] file system registered
[   67.998257] unloading
[   68.010096] file system registered
[   68.012594] unloading
[   68.020024] ffs_data_put(): freeing
[   68.020103] ffs_data_put(): freeing
[   68.021010] file system registered
[   68.022078] unloading
[   68.027989] ffs_data_put(): freeing
[   68.028123] ffs_data_put(): freeing
[   68.029201] file system registered
[   68.030594] unloading
[   68.037138] ffs_data_put(): freeing
[   68.039176] file system registered
[   68.040784] unloading
[   68.046083] ffs_data_put(): freeing
[   68.048188] file system registered
[   68.050174] unloading
[   68.057595] file system registered
[   68.059295] unloading
[   68.064920] ffs_data_put(): freeing
[   68.066159] file system registered
[   68.067964] unloading
[   68.074095] ffs_data_put(): freeing
[   68.076067] file system registered
[   68.078313] unloading
[   68.083040] ffs_data_put(): freeing
[   68.085070] file system registered
[   68.086739] unloading
[   68.096082] ffs_data_put(): freeing
[   68.098012] file system registered
[   68.099902] unloading
[   68.108034] ffs_data_put(): freeing
[   68.109730] file system registered
[   68.111639] unloading
[   68.119080] ffs_data_put(): freeing
[   68.119181] ffs_data_put(): freeing
[   68.120922] file system registered
[   68.124176] unloading
[   68.131027] ffs_data_put(): freeing
[   68.132370] file system registered
[   68.133874] unloading
[   68.140003] ffs_data_put(): freeing
[   68.140129] ffs_data_put(): freeing
[   68.140222] ffs_data_put(): freeing
[   68.142006] file system registered
[   68.143631] unloading
[   68.152228] ffs_data_put(): freeing
[   68.152634] ffs_data_put(): freeing
[   68.152644] ffs_data_put(): freeing
[   68.155090] file system registered
[   68.158043] unloading
[   68.167181] ffs_data_put(): freeing
[   68.169754] file system registered
[   68.171809] unloading
[   68.179181] ffs_data_put(): freeing
[   68.179303] ffs_data_put(): freeing
[   68.179732] ffs_data_put(): freeing
[   68.182378] file system registered
[   68.184081] unloading
[   68.194352] file system registered
[   68.197005] unloading
[   68.205340] ffs_data_put(): freeing
[   68.207245] file system registered
[   68.209315] unloading
[   68.219350] file system registered
[   68.220836] unloading
[   68.227415] ffs_data_put(): freeing
[   68.229076] file system registered
[   68.230703] unloading
[   68.236923] ffs_data_put(): freeing
[   68.237068] ffs_data_put(): freeing
[   68.238866] file system registered
[   68.240670] unloading
[   68.247042] ffs_data_put(): freeing
[   68.247203] ffs_data_put(): freeing
[   68.249146] file system registered
[   68.250865] unloading
[   68.258974] file system registered
[   68.260782] unloading
[   68.273139] file system registered
[   68.274786] unloading
[   68.282992] ffs_data_put(): freeing
[   68.283089] ffs_data_put(): freeing
[   68.284944] file system registered
[   68.286901] ffs_data_put(): freeing
[   68.287038] unloading
[   68.296372] ffs_data_put(): freeing
[   68.297326] ffs_data_put(): freeing
[   68.297990] file system registered
[   68.300049] unloading
[   68.309162] ffs_data_put(): freeing
[   68.309320] ffs_data_put(): freeing
[   68.309875] ffs_data_put(): freeing
[   68.312170] file system registered
[   68.314093] unloading
[   68.321193] ffs_data_put(): freeing
[   68.322104] ffs_data_put(): freeing
[   68.322765] file system registered
[   68.324045] unloading
[   68.331135] ffs_data_put(): freeing
[   68.331332] ffs_data_put(): freeing
[   68.331592] ffs_data_put(): freeing
[   68.333154] file system registered
[   68.336222] unloading
[   68.341420] ffs_data_put(): freeing
[   68.345284] file system registered
[   68.348142] unloading
[   68.357093] ffs_data_put(): freeing
[   68.357269] ffs_data_put(): freeing
[   68.358180] file system registered
[   68.359969] unloading
[   68.366186] ffs_data_put(): freeing
[   68.366333] ffs_data_put(): freeing
[   68.369105] file system registered
[   68.371293] unloading
[   68.382102] ffs_data_put(): freeing
[   68.386379] file system registered
[   68.389015] unloading
[   68.396438] file system registered
[   68.398339] unloading
[   68.406039] ffs_data_put(): freeing
[   68.408753] file system registered
[   68.410105] unloading
[   68.419720] file system registered
[   68.420963] unloading
[   68.426914] ffs_data_put(): freeing
[   68.429801] file system registered
[   68.431301] unloading
[   68.442327] file system registered
[   68.444739] unloading
[   68.455055] ffs_data_put(): freeing
[   68.455202] ffs_data_put(): freeing
[   68.457016] file system registered
[   68.458917] unloading
[   68.464157] ffs_data_put(): freeing
[   68.466198] file system registered
[   68.467978] unloading
[   68.478030] ffs_data_put(): freeing
[   68.480198] file system registered
[   68.482156] unloading
[   68.487980] ffs_data_put(): freeing
[   68.489794] file system registered
[   68.491247] unloading
[   68.496138] ffs_data_put(): freeing
[   68.498152] file system registered
[   68.500039] unloading
[   68.506118] ffs_data_put(): freeing
[   68.507645] file system registered
[   68.509179] unloading
[   68.514957] ffs_data_put(): freeing
[   68.515049] ffs_data_put(): freeing
[   68.516108] file system registered
[   68.517798] unloading
[   68.524089] ffs_data_put(): freeing
[   68.526298] file system registered
[   68.528164] unloading
[   68.536038] ffs_data_put(): freeing
[   68.538178] file system registered
[   68.539853] unloading
[   68.547940] ffs_data_put(): freeing
[   68.548043] ffs_data_put(): freeing
[   68.549276] file system registered
[   68.551049] unloading
[   68.560021] ffs_data_put(): freeing
[   68.561941] file system registered
[   68.563101] unloading
[   68.570990] ffs_data_put(): freeing
[   68.572992] file system registered
[   68.574866] ffs_data_put(): freeing
[   68.575953] unloading
[   68.581224] ffs_data_put(): freeing
[   68.581366] ffs_data_put(): freeing
[   68.583089] file system registered
[   68.584866] unloading
[   68.592975] ffs_data_put(): freeing
[   68.593134] ffs_data_put(): freeing
[   68.593236] ffs_data_put(): freeing
[   68.594089] file system registered
[   68.595930] unloading
[   68.609362] ffs_data_put(): freeing
[   68.609790] ffs_data_put(): freeing
[   68.610023] ffs_data_put(): freeing
[   68.611199] file system registered
[   68.612899] unloading
[   68.621030] ffs_data_put(): freeing
[   68.621305] ffs_data_put(): freeing
[   68.625837] file system registered
[   68.630058] unloading
[   68.637126] ffs_data_put(): freeing
[   68.637824] ffs_data_put(): freeing
[   68.637890] ffs_data_put(): freeing
[   68.641386] file system registered
[   68.646004] unloading
[   68.651748] ffs_data_put(): freeing
[   68.652096] ffs_data_put(): freeing
[   68.654710] file system registered
[   68.657041] unloading
[   68.669424] ffs_data_put(): freeing
[   68.669962] ffs_data_put(): freeing
[   68.674668] file system registered
[   68.678936] unloading
[   68.684270] ffs_data_put(): freeing
[   68.684352] ffs_data_put(): freeing
[   68.687022] file system registered
[   68.689441] unloading
[   68.696198] ffs_data_put(): freeing
[   68.699203] file system registered
[   68.701903] unloading
[   68.711045] ffs_data_put(): freeing
[   68.713373] file system registered
[   68.715467] unloading
[   68.722899] file system registered
[   68.723999] unloading
[   68.735914] ffs_data_put(): freeing
[   68.736014] ffs_data_put(): freeing
[   68.737411] file system registered
[   68.739224] unloading
[   68.745073] ffs_data_put(): freeing
[   68.745200] ffs_data_put(): freeing
[   68.747954] file system registered
[   68.750017] unloading
[   68.757104] ffs_data_put(): freeing
[   68.757193] ffs_data_put(): freeing
[   68.759762] file system registered
[   68.761303] unloading
[   68.768117] ffs_data_put(): freeing
[   68.769884] file system registered
[   68.771219] unloading
[   68.776182] ffs_data_put(): freeing
[   68.776369] ffs_data_put(): freeing
[   68.779174] file system registered
[   68.781210] ffs_data_put(): freeing
[   68.782327] unloading
[   68.787851] ffs_data_put(): freeing
[   68.788015] ffs_data_put(): freeing
[   68.788131] ffs_data_put(): freeing
[   68.789854] file system registered
[   68.792091] unloading
[   68.800132] ffs_data_put(): freeing
[   68.800378] ffs_data_put(): freeing
[   68.801278] ffs_data_put(): freeing
[   68.802718] file system registered
[   68.804651] unloading
[   68.816396] ffs_data_put(): freeing
[   68.819967] file system registered
[   68.822882] unloading
[   68.828874] file system registered
[   68.831985] unloading
[   68.842254] file system registered
[   68.843926] unloading
[   68.851823] ffs_data_put(): freeing
[   68.853194] file system registered
[   68.854653] unloading
[   68.861918] ffs_data_put(): freeing
[   68.864231] file system registered
[   68.865829] unloading
[   68.874058] ffs_data_put(): freeing
[   68.874193] ffs_data_put(): freeing
[   68.875613] file system registered
[   68.876893] unloading
[   68.886116] ffs_data_put(): freeing
[   68.886324] ffs_data_put(): freeing
[   68.886656] ffs_data_put(): freeing
[   68.889328] file system registered
[   68.893269] unloading
[   68.906243] file system registered
[   68.908111] unloading
[   68.917288] ffs_data_put(): freeing
[   68.917424] ffs_data_put(): freeing
[   68.919085] file system registered
[   68.920918] unloading
[   68.931175] ffs_data_put(): freeing
[   68.933958] file system registered
[   68.936132] unloading
[   68.942214] ffs_data_put(): freeing
[   68.942346] ffs_data_put(): freeing
[   68.944164] file system registered
[   68.946421] unloading
[   68.952156] ffs_data_put(): freeing
[   68.952277] ffs_data_put(): freeing
[   68.953316] ffs_data_put(): freeing
[   68.953769] file system registered
[   68.955230] unloading
[   68.961142] ffs_data_put(): freeing
[   68.961368] ffs_data_put(): freeing
[   68.963086] ffs_data_put(): freeing
[   68.964316] file system registered
[   68.966179] unloading
[   68.975709] ffs_data_put(): freeing
[   68.975995] ffs_data_put(): freeing
[   68.976107] ffs_data_put(): freeing
[   68.977596] file system registered
[   68.979029] unloading
[   68.991665] ffs_data_put(): freeing
[   68.991947] ffs_data_put(): freeing
[   68.993759] file system registered
[   68.996249] unloading
[   69.010934] ffs_data_put(): freeing
[   69.011133] ffs_data_put(): freeing
[   69.011390] ffs_data_put(): freeing
[   69.017312] file system registered
[   69.021409] unloading
[   69.033887] file system registered
[   69.037425] unloading
[   69.048110] file system registered
[   69.050995] unloading
[   69.058146] ffs_data_put(): freeing
[   69.060272] file system registered
[   69.061962] unloading
[   69.072937] ffs_data_put(): freeing
[   69.075162] file system registered
[   69.077305] unloading
[   69.088119] ffs_data_put(): freeing
[   69.088259] ffs_data_put(): freeing
[   69.091809] file system registered
[   69.093879] unloading
[   69.101724] file system registered
[   69.102683] unloading
[   69.109163] ffs_data_put(): freeing
[   69.111165] file system registered
[   69.112702] unloading
[   69.124332] file system registered
[   69.128152] unloading
[   69.133886] ffs_data_put(): freeing
[   69.133998] ffs_data_put(): freeing
[   69.135996] file system registered
[   69.137087] unloading
[   69.143045] ffs_data_put(): freeing
[   69.143122] ffs_data_put(): freeing
[   69.145162] file system registered
[   69.147099] unloading
[   69.156051] ffs_data_put(): freeing
[   69.158697] file system registered
[   69.160121] unloading
[   69.166009] ffs_data_put(): freeing
[   69.166080] ffs_data_put(): freeing
[   69.167899] file system registered
[   69.170105] unloading
[   69.181250] ffs_data_put(): freeing
[   69.181394] ffs_data_put(): freeing
[   69.184288] file system registered
[   69.186990] unloading
[   69.197097] ffs_data_put(): freeing
[   69.197263] ffs_data_put(): freeing
[   69.197608] ffs_data_put(): freeing
[   69.199704] file system registered
[   69.202151] unloading
[   69.212152] file system registered
[   69.214410] unloading
[   69.222105] ffs_data_put(): freeing
[   69.224351] file system registered
[   69.226389] unloading
[   69.234024] ffs_data_put(): freeing
[   69.234152] ffs_data_put(): freeing
[   69.236276] file system registered
[   69.238882] unloading
[   69.247151] file system registered
[   69.249854] unloading
[   69.259057] ffs_data_put(): freeing
[   69.259165] ffs_data_put(): freeing
[   69.260276] file system registered
[   69.261925] unloading
[   69.269064] ffs_data_put(): freeing
[   69.270645] file system registered
[   69.272028] unloading
[   69.279138] ffs_data_put(): freeing
[   69.282042] file system registered
[   69.284162] ffs_data_put(): freeing
[   69.285100] unloading
[   69.291958] ffs_data_put(): freeing
[   69.293235] file system registered
[   69.294815] unloading
[   69.304033] ffs_data_put(): freeing
[   69.304152] ffs_data_put(): freeing
[   69.306138] file system registered
[   69.308008] unloading
[   69.315891] ffs_data_put(): freeing
[   69.317786] file system registered
[   69.318850] unloading
[   69.324982] ffs_data_put(): freeing
[   69.326882] file system registered
[   69.328236] unloading
[   69.336014] ffs_data_put(): freeing
[   69.338091] file system registered
[   69.339860] unloading
[   69.350045] ffs_data_put(): freeing
[   69.350158] ffs_data_put(): freeing
[   69.353064] file system registered
[   69.355391] unloading
[   69.362019] ffs_data_put(): freeing
[   69.364958] file system registered
[   69.366010] unloading
[   69.375091] ffs_data_put(): freeing
[   69.377185] file system registered
[   69.378780] unloading
[   69.387105] ffs_data_put(): freeing
[   69.390829] file system registered
[   69.392981] unloading
[   69.402733] file system registered
[   69.404275] unloading
[   69.410935] ffs_data_put(): freeing
[   69.414134] file system registered
[   69.417017] unloading
[   69.423930] ffs_data_put(): freeing
[   69.424033] ffs_data_put(): freeing
[   69.425880] file system registered
[   69.428285] unloading
[   69.437328] file system registered
[   69.439250] unloading
[   69.447959] ffs_data_put(): freeing
[   69.448051] ffs_data_put(): freeing
[   69.449363] file system registered
[   69.450979] unloading
[   69.457007] ffs_data_put(): freeing
[   69.457129] ffs_data_put(): freeing
[   69.458320] file system registered
[   69.459353] unloading
[   69.463398] ffs_data_put(): freeing
[   69.465146] file system registered
[   69.466949] unloading
[   69.471012] ffs_data_put(): freeing
[   69.473105] file system registered
[   69.474936] unloading
[   69.485015] ffs_data_put(): freeing
[   69.485136] ffs_data_put(): freeing
[   69.487073] file system registered
[   69.489026] unloading
[   69.505384] ffs_data_put(): freeing
[   69.506604] ffs_data_put(): freeing
[   69.510170] file system registered
[   69.512286] unloading
[   69.520743] file system registered
[   69.523306] unloading
[   69.531098] ffs_data_put(): freeing
[   69.533777] file system registered
[   69.536857] unloading
[   69.546220] file system registered
[   69.548652] unloading
[   69.557921] ffs_data_put(): freeing
[   69.560005] file system registered
[   69.561124] unloading
[   69.571259] ffs_data_put(): freeing
[   69.571362] ffs_data_put(): freeing
[   69.574146] file system registered
[   69.577285] unloading
[   69.587150] ffs_data_put(): freeing
[   69.587278] ffs_data_put(): freeing
[   69.589315] file system registered
[   69.591071] unloading
[   69.600087] ffs_data_put(): freeing
[   69.601941] file system registered
[   69.603830] unloading
[   69.609171] ffs_data_put(): freeing
[   69.609276] ffs_data_put(): freeing
[   69.610851] file system registered
[   69.612934] unloading
[   69.618210] ffs_data_put(): freeing
[   69.621265] file system registered
[   69.622972] ffs_data_put(): freeing
[   69.623233] unloading
[   69.632000] ffs_data_put(): freeing
[   69.634039] file system registered
[   69.636142] unloading
[   69.645916] ffs_data_put(): freeing
[   69.648111] file system registered
[   69.649986] unloading
[   69.658040] ffs_data_put(): freeing
[   69.658185] ffs_data_put(): freeing
[   69.659377] file system registered
[   69.661116] unloading
[   69.669017] ffs_data_put(): freeing
[   69.669155] ffs_data_put(): freeing
[   69.669284] ffs_data_put(): freeing
[   69.670931] file system registered
[   69.672868] unloading
[   69.678141] ffs_data_put(): freeing
[   69.680390] file system registered
[   69.682874] unloading
[   69.691955] ffs_data_put(): freeing
[   69.693960] file system registered
[   69.695967] unloading
[   69.706169] file system registered
[   69.708156] unloading
[   69.714887] ffs_data_put(): freeing
[   69.715000] ffs_data_put(): freeing
[   69.716066] file system registered
[   69.717289] unloading
[   69.723994] ffs_data_put(): freeing
[   69.724174] ffs_data_put(): freeing
[   69.724264] ffs_data_put(): freeing
[   69.726088] file system registered
[   69.727870] unloading
[   69.742688] ffs_data_put(): freeing
[   69.743221] ffs_data_put(): freeing
[   69.743371] ffs_data_put(): freeing
[   69.745363] file system registered
[   69.747832] unloading
[   69.754266] ffs_data_put(): freeing
[   69.759340] file system registered
[   69.761479] unloading
[   69.767381] ffs_data_put(): freeing
[   69.767673] ffs_data_put(): freeing
[   69.770697] file system registered
[   69.774069] unloading
[   69.780290] ffs_data_put(): freeing
[   69.780759] ffs_data_put(): freeing
[   69.782349] file system registered
[   69.784200] unloading
[   69.792175] ffs_data_put(): freeing
[   69.792304] ffs_data_put(): freeing
[   69.794703] file system registered
[   69.796807] unloading
[   69.802079] ffs_data_put(): freeing
[   69.805360] file system registered
[   69.807390] unloading
[   69.814204] ffs_data_put(): freeing
[   69.816847] file system registered
[   69.819221] unloading
[   69.828008] ffs_data_put(): freeing
[   69.828188] ffs_data_put(): freeing
[   69.828316] ffs_data_put(): freeing
[   69.829837] file system registered
[   69.832167] unloading
[   69.841264] ffs_data_put(): freeing
[   69.841796] ffs_data_put(): freeing
[   69.841933] ffs_data_put(): freeing
[   69.845026] file system registered
[   69.847295] unloading
[   69.854313] ffs_data_put(): freeing
[   69.856208] file system registered
[   69.857854] unloading
[   69.866203] ffs_data_put(): freeing
[   69.866667] ffs_data_put(): freeing
[   69.868722] file system registered
[   69.872851] unloading
[   69.879184] ffs_data_put(): freeing
[   69.879738] ffs_data_put(): freeing
[   69.880156] ffs_data_put(): freeing
[   69.882297] file system registered
[   69.885076] unloading
[   69.894228] ffs_data_put(): freeing
[   69.894365] ffs_data_put(): freeing
[   69.898259] file system registered
[   69.900267] unloading
[   69.908197] ffs_data_put(): freeing
[   69.910235] file system registered
[   69.912003] unloading
[   69.917136] ffs_data_put(): freeing
[   69.919555] file system registered
[   69.920986] unloading
[   69.926989] ffs_data_put(): freeing
[   69.927150] ffs_data_put(): freeing
[   69.927310] ffs_data_put(): freeing
[   69.929221] file system registered
[   69.931364] ffs_data_put(): freeing
[   69.932020] unloading
[   69.939176] ffs_data_put(): freeing
[   69.939349] ffs_data_put(): freeing
[   69.939618] ffs_data_put(): freeing
[   69.941809] file system registered
[   69.944084] unloading
[   69.952865] file system registered
[   69.955270] unloading
[   69.964908] file system registered
[   69.966013] unloading
[   69.972155] ffs_data_put(): freeing
[   69.972281] ffs_data_put(): freeing
[   69.972403] ffs_data_put(): freeing
[   69.975718] file system registered
[   69.978132] unloading
[   69.989031] ffs_data_put(): freeing
[   69.991636] file system registered
[   69.993123] unloading
[   70.000145] ffs_data_put(): freeing
[   70.000238] ffs_data_put(): freeing
[   70.004285] file system registered
[   70.006371] unloading
[   70.013085] file system registered
[   70.015144] unloading
[   70.023750] file system registered
[   70.025121] unloading
[   70.030215] ffs_data_put(): freeing
[   70.030362] ffs_data_put(): freeing
[   70.032918] file system registered
[   70.035106] unloading
[   70.041975] file system registered
[   70.043063] unloading
[   70.053071] ffs_data_put(): freeing
[   70.053211] ffs_data_put(): freeing
[   70.055052] file system registered
[   70.056990] unloading
[   70.061929] ffs_data_put(): freeing
[   70.063505] file system registered
[   70.064819] unloading
[   70.071162] ffs_data_put(): freeing
[   70.073164] file system registered
[   70.074753] unloading
[   70.080092] ffs_data_put(): freeing
[   70.082180] file system registered
[   70.083362] unloading
[   70.088037] ffs_data_put(): freeing
[   70.090198] file system registered
[   70.092625] unloading
[   70.099116] ffs_data_put(): freeing
[   70.100238] file system registered
[   70.101743] unloading
[   70.106980] ffs_data_put(): freeing
[   70.107097] ffs_data_put(): freeing
[   70.107201] ffs_data_put(): freeing
[   70.110693] file system registered
[   70.112041] unloading
[   70.117047] ffs_data_put(): freeing
[   70.119312] file system registered
[   70.121125] unloading
[   70.130936] ffs_data_put(): freeing
[   70.132280] file system registered
[   70.134002] ffs_data_put(): freeing
[   70.134139] unloading
[   70.141678] ffs_data_put(): freeing
[   70.142964] file system registered
[   70.144972] unloading
[   70.152187] ffs_data_put(): freeing
[   70.154024] file system registered
[   70.156033] unloading
[   70.165033] ffs_data_put(): freeing
[   70.165195] ffs_data_put(): freeing
[   70.167256] file system registered
[   70.168792] unloading
[   70.177951] ffs_data_put(): freeing
[   70.180775] file system registered
[   70.182148] unloading
[   70.191162] ffs_data_put(): freeing
[   70.191261] ffs_data_put(): freeing
[   70.193470] file system registered
[   70.196020] unloading
[   70.203950] ffs_data_put(): freeing
[   70.205859] file system registered
[   70.208211] unloading
[   70.218205] file system registered
[   70.220043] unloading
[   70.230081] file system registered
[   70.232100] unloading
[   70.241158] ffs_data_put(): freeing
[   70.241260] ffs_data_put(): freeing
[   70.242988] file system registered
[   70.244931] unloading
[   70.255147] ffs_data_put(): freeing
[   70.257283] file system registered
[   70.259117] unloading
[   70.269140] ffs_data_put(): freeing
[   70.269312] ffs_data_put(): freeing
[   70.269613] ffs_data_put(): freeing
[   70.271252] file system registered
[   70.272874] unloading
[   70.286005] file system registered
[   70.288799] unloading
[   70.297146] ffs_data_put(): freeing
[   70.299728] file system registered
[   70.302212] unloading
[   70.312296] file system registered
[   70.315083] unloading
[   70.324175] ffs_data_put(): freeing
[   70.324334] ffs_data_put(): freeing
[   70.325286] ffs_data_put(): freeing
[   70.327843] file system registered
[   70.330266] unloading
[   70.338230] file system registered
[   70.340207] unloading
[   70.350172] ffs_data_put(): freeing
[   70.350262] ffs_data_put(): freeing
[   70.352300] file system registered
[   70.355052] unloading
[   70.361346] ffs_data_put(): freeing
[   70.361663] ffs_data_put(): freeing
[   70.363330] file system registered
[   70.365798] unloading
[   70.373229] ffs_data_put(): freeing
[   70.375115] file system registered
[   70.377092] unloading
[   70.387250] ffs_data_put(): freeing
[   70.388927] file system registered
[   70.390878] unloading
[   70.404202] ffs_data_put(): freeing
[   70.404744] ffs_data_put(): freeing
[   70.406861] file system registered
[   70.410058] unloading
[   70.418137] ffs_data_put(): freeing
[   70.418325] ffs_data_put(): freeing
[   70.418596] ffs_data_put(): freeing
[   70.420287] file system registered
[   70.422209] unloading
[   70.429340] ffs_data_put(): freeing
[   70.431371] file system registered
[   70.433379] unloading
[   70.439245] ffs_data_put(): freeing
[   70.439740] ffs_data_put(): freeing
[   70.441334] file system registered
[   70.442648] unloading
[   70.454280] ffs_data_put(): freeing
[   70.456933] file system registered
[   70.459177] unloading
[   70.466751] ffs_data_put(): freeing
[   70.469603] file system registered
[   70.472979] unloading
[   70.479075] ffs_data_put(): freeing
[   70.481566] file system registered
[   70.483038] unloading
[   70.491055] ffs_data_put(): freeing
[   70.491154] ffs_data_put(): freeing
[   70.493384] file system registered
[   70.495170] unloading
[   70.504084] ffs_data_put(): freeing
[   70.507188] file system registered
[   70.509301] unloading
[   70.517076] ffs_data_put(): freeing
[   70.519111] file system registered
[   70.520628] unloading
[   70.530019] file system registered
[   70.532332] unloading
[   70.539867] ffs_data_put(): freeing
[   70.541900] file system registered
[   70.543394] unloading
[   70.550255] file system registered
[   70.552383] unloading
[   70.558891] ffs_data_put(): freeing
[   70.560076] file system registered
[   70.562014] unloading
[   70.570994] ffs_data_put(): freeing
[   70.571097] ffs_data_put(): freeing
[   70.572318] file system registered
[   70.574239] unloading
[   70.584119] ffs_data_put(): freeing
[   70.584282] ffs_data_put(): freeing
[   70.586160] file system registered
[   70.587920] unloading
[   70.599885] file system registered
[   70.601778] unloading
[   70.607032] ffs_data_put(): freeing
[   70.609864] file system registered
[   70.611186] unloading
[   70.627026] ffs_data_put(): freeing
[   70.627169] ffs_data_put(): freeing
[   70.629209] file system registered
[   70.632160] unloading
[   70.639130] ffs_data_put(): freeing
[   70.639243] ffs_data_put(): freeing
[   70.642842] file system registered
[   70.645434] unloading
[   70.655211] ffs_data_put(): freeing
[   70.658774] file system registered
[   70.660050] unloading
[   70.669211] file system registered
[   70.671010] unloading
[   70.679193] file system registered
[   70.681225] unloading
[   70.692767] file system registered
[   70.693922] unloading
[   70.703976] ffs_data_put(): freeing
[   70.704041] ffs_data_put(): freeing
[   70.705956] file system registered
[   70.707842] ffs_data_put(): freeing
[   70.708148] unloading
[   70.718201] ffs_data_put(): freeing
[   70.718372] ffs_data_put(): freeing
[   70.718733] ffs_data_put(): freeing
[   70.719895] file system registered
[   70.721195] unloading
[   70.727151] ffs_data_put(): freeing
[   70.729631] file system registered
[   70.731243] unloading
[   70.739304] file system registered
[   70.740966] unloading
[   70.748021] ffs_data_put(): freeing
[   70.749403] file system registered
[   70.751190] ffs_data_put(): freeing
[   70.752327] unloading
[   70.762113] ffs_data_put(): freeing
[   70.762298] ffs_data_put(): freeing
[   70.765086] file system registered
[   70.767103] unloading
[   70.776276] ffs_data_put(): freeing
[   70.776483] ffs_data_put(): freeing
[   70.778209] file system registered
[   70.779678] unloading
[   70.785867] file system registered
[   70.788303] unloading
[   70.793093] ffs_data_put(): freeing
[   70.793189] ffs_data_put(): freeing
[   70.795090] file system registered
[   70.797078] unloading
[   70.804069] ffs_data_put(): freeing
[   70.804245] ffs_data_put(): freeing
[   70.804387] ffs_data_put(): freeing
[   70.805260] file system registered
[   70.807063] unloading
[   70.812107] ffs_data_put(): freeing
[   70.812375] ffs_data_put(): freeing
[   70.812550] ffs_data_put(): freeing
[   70.814237] file system registered
[   70.816001] unloading
[   70.822211] ffs_data_put(): freeing
[   70.822388] ffs_data_put(): freeing
[   70.822644] ffs_data_put(): freeing
[   70.823783] file system registered
[   70.825229] unloading
[   70.835249] ffs_data_put(): freeing
[   70.835845] ffs_data_put(): freeing
[   70.836088] ffs_data_put(): freeing
[   70.837746] file system registered
[   70.839569] unloading
[   70.850438] ffs_data_put(): freeing
[   70.850737] ffs_data_put(): freeing
[   70.854373] file system registered
[   70.858198] unloading
[   70.864274] ffs_data_put(): freeing
[   70.867403] file system registered
[   70.870846] unloading
[   70.880725] file system registered
[   70.882195] unloading
[   70.891948] file system registered
[   70.894352] unloading
[   70.901076] ffs_data_put(): freeing
[   70.901176] ffs_data_put(): freeing
[   70.902779] file system registered
[   70.904142] unloading
[   70.913092] ffs_data_put(): freeing
[   70.915014] file system registered
[   70.917077] unloading
[   70.925112] ffs_data_put(): freeing
[   70.926972] file system registered
[   70.927976] unloading
[   70.937068] file system registered
[   70.938979] unloading
[   70.946985] ffs_data_put(): freeing
[   70.948259] file system registered
[   70.950067] unloading
[   70.956058] ffs_data_put(): freeing
[   70.956174] ffs_data_put(): freeing
[   70.958369] file system registered
[   70.960653] unloading
[   70.967011] ffs_data_put(): freeing
[   70.969117] file system registered
[   70.971154] unloading
[   70.981082] file system registered
[   70.982974] unloading
[   70.989660] file system registered
[   70.990936] unloading
[   70.996953] ffs_data_put(): freeing
[   70.998974] file system registered
[   71.000823] unloading
[   71.006936] ffs_data_put(): freeing
[   71.008291] file system registered
[   71.009753] unloading
[   71.022779] file system registered
[   71.023851] unloading
[   71.033119] file system registered
[   71.034957] unloading
[   71.041996] ffs_data_put(): freeing
[   71.042077] ffs_data_put(): freeing
[   71.043725] file system registered
[   71.044985] unloading
[   71.053959] ffs_data_put(): freeing
[   71.054056] ffs_data_put(): freeing
[   71.055676] file system registered
[   71.057240] unloading
[   71.063068] ffs_data_put(): freeing
[   71.063202] ffs_data_put(): freeing
[   71.065158] file system registered
[   71.067970] unloading
[   71.075176] ffs_data_put(): freeing
[   71.078913] file system registered
[   71.080936] unloading
[   71.089895] file system registered
[   71.092123] unloading
[   71.099832] ffs_data_put(): freeing
[   71.101219] file system registered
[   71.102822] unloading
[   71.114134] file system registered
[   71.115960] unloading
[   71.124160] file system registered
[   71.126112] unloading
[   71.142262] ffs_data_put(): freeing
[   71.143861] ffs_data_put(): freeing
[   71.144005] ffs_data_put(): freeing
[   71.146335] file system registered
[   71.151016] unloading
[   71.158741] file system registered
[   71.161870] unloading
[   71.169007] file system registered
[   71.170841] unloading
[   71.181120] ffs_data_put(): freeing
[   71.181262] ffs_data_put(): freeing
[   71.181363] ffs_data_put(): freeing
[   71.183366] file system registered
[   71.185856] unloading
[   71.193074] ffs_data_put(): freeing
[   71.193228] ffs_data_put(): freeing
[   71.195365] file system registered
[   71.197195] unloading
[   71.208388] file system registered
[   71.210198] unloading
[   71.218040] ffs_data_put(): freeing
[   71.218280] ffs_data_put(): freeing
[   71.218381] ffs_data_put(): freeing
[   71.220457] file system registered
[   71.222325] unloading
[   71.230125] ffs_data_put(): freeing
[   71.232048] file system registered
[   71.233854] unloading
[   71.241123] ffs_data_put(): freeing
[   71.241214] ffs_data_put(): freeing
[   71.243046] file system registered
[   71.244827] unloading
[   71.253876] file system registered
[   71.255361] unloading
[   71.264136] ffs_data_put(): freeing
[   71.264230] ffs_data_put(): freeing
[   71.266644] file system registered
[   71.268100] unloading
[   71.274091] ffs_data_put(): freeing
[   71.275789] file system registered
[   71.277026] unloading
[   71.287266] file system registered
[   71.288870] unloading
[   71.295129] ffs_data_put(): freeing
[   71.296801] file system registered
[   71.298070] unloading
[   71.305034] ffs_data_put(): freeing
[   71.306924] file system registered
[   71.309253] unloading
[   71.319161] ffs_data_put(): freeing
[   71.319280] ffs_data_put(): freeing
[   71.319403] ffs_data_put(): freeing
[   71.323354] file system registered
[   71.326299] unloading
[   71.333856] file system registered
[   71.335081] unloading
[   71.343115] file system registered
[   71.344162] unloading
[   71.352017] file system registered
[   71.353611] unloading
[   71.358088] ffs_data_put(): freeing
[   71.360111] file system registered
[   71.361390] unloading
[   71.366007] ffs_data_put(): freeing
[   71.366144] ffs_data_put(): freeing
[   71.368866] file system registered
[   71.370075] unloading
[   71.379146] ffs_data_put(): freeing
[   71.379298] ffs_data_put(): freeing
[   71.381074] file system registered
[   71.382687] unloading
[   71.392183] ffs_data_put(): freeing
[   71.392294] ffs_data_put(): freeing
[   71.395732] file system registered
[   71.397916] unloading
[   71.403943] ffs_data_put(): freeing
[   71.406032] file system registered
[   71.407813] unloading
[   71.417040] ffs_data_put(): freeing
[   71.419410] file system registered
[   71.421262] unloading
[   71.430496] ffs_data_put(): freeing
[   71.432616] file system registered
[   71.434398] unloading
[   71.440980] ffs_data_put(): freeing
[   71.442366] file system registered
[   71.443811] unloading
[   71.450054] ffs_data_put(): freeing
[   71.452618] file system registered
[   71.454172] unloading
[   71.463123] file system registered
[   71.464350] unloading
[   71.468953] ffs_data_put(): freeing
[   71.470049] file system registered
[   71.471310] unloading
[   71.474938] ffs_data_put(): freeing
[   71.477283] file system registered
[   71.479104] unloading
[   71.484176] ffs_data_put(): freeing
[   71.486031] file system registered
[   71.487900] unloading
[   71.495909] ffs_data_put(): freeing
[   71.496026] ffs_data_put(): freeing
[   71.497016] file system registered
[   71.498163] unloading
[   71.503137] ffs_data_put(): freeing
[   71.503278] ffs_data_put(): freeing
[   71.506043] file system registered
[   71.508103] unloading
[   71.515067] ffs_data_put(): freeing
[   71.516836] file system registered
[   71.517795] unloading
[   71.522939] ffs_data_put(): freeing
[   71.523039] ffs_data_put(): freeing
[   71.524941] file system registered
[   71.526191] unloading
[   71.533029] ffs_data_put(): freeing
[   71.533160] ffs_data_put(): freeing
[   71.534238] file system registered
[   71.536242] unloading
[   71.542182] ffs_data_put(): freeing
[   71.542277] ffs_data_put(): freeing
[   71.544348] file system registered
[   71.546195] unloading
[   71.554303] file system registered
[   71.556101] unloading
[   71.560948] ffs_data_put(): freeing
[   71.562704] file system registered
[   71.564155] unloading
[   71.573111] ffs_data_put(): freeing
[   71.573271] ffs_data_put(): freeing
[   71.574229] file system registered
[   71.575948] unloading
[   71.582083] ffs_data_put(): freeing
[   71.582280] ffs_data_put(): freeing
[   71.583377] ffs_data_put(): freeing
[   71.585278] file system registered
[   71.587600] unloading
[   71.598168] ffs_data_put(): freeing
[   71.598337] ffs_data_put(): freeing
[   71.602264] file system registered
[   71.606026] unloading
[   71.612104] ffs_data_put(): freeing
[   71.614215] file system registered
[   71.616078] unloading
[   71.626048] ffs_data_put(): freeing
[   71.627906] file system registered
[   71.630002] unloading
[   71.639174] ffs_data_put(): freeing
[   71.639345] ffs_data_put(): freeing
[   71.642738] file system registered
[   71.645382] unloading
[   71.651750] file system registered
[   71.653705] unloading
[   71.663221] ffs_data_put(): freeing
[   71.663378] ffs_data_put(): freeing
[   71.665307] file system registered
[   71.666980] unloading
[   71.673030] ffs_data_put(): freeing
[   71.673147] ffs_data_put(): freeing
[   71.674823] file system registered
[   71.676220] unloading
[   71.683249] ffs_data_put(): freeing
[   71.683776] ffs_data_put(): freeing
[   71.685738] file system registered
[   71.687858] unloading
[   71.696065] ffs_data_put(): freeing
[   71.696252] ffs_data_put(): freeing
[   71.696404] ffs_data_put(): freeing
[   71.697277] file system registered
[   71.698813] unloading
[   71.704124] ffs_data_put(): freeing
[   71.704390] ffs_data_put(): freeing
[   71.704713] ffs_data_put(): freeing
[   71.706450] file system registered
[   71.708733] unloading
[   71.717294] ffs_data_put(): freeing
[   71.720831] file system registered
[   71.723960] unloading
[   71.734214] ffs_data_put(): freeing
[   71.736819] file system registered
[   71.739147] unloading
[   71.747353] ffs_data_put(): freeing
[   71.750083] file system registered
[   71.753299] unloading
[   71.761128] ffs_data_put(): freeing
[   71.761298] ffs_data_put(): freeing
[   71.764099] file system registered
[   71.766760] unloading
[   71.778982] file system registered
[   71.781279] unloading
[   71.790101] ffs_data_put(): freeing
[   71.793072] file system registered
[   71.795296] unloading
[   71.804654] file system registered
[   71.806353] unloading
[   71.810943] ffs_data_put(): freeing
[   71.813217] file system registered
[   71.815062] unloading
[   71.821960] ffs_data_put(): freeing
[   71.823777] file system registered
[   71.825259] unloading
[   71.831970] ffs_data_put(): freeing
[   71.834177] file system registered
[   71.835842] unloading
[   71.846615] file system registered
[   71.848005] unloading
[   71.858766] file system registered
[   71.860018] unloading
[   71.865947] ffs_data_put(): freeing
[   71.868218] file system registered
[   71.870714] unloading
[   71.881242] ffs_data_put(): freeing
[   71.883208] file system registered
[   71.885054] unloading
[   71.891235] ffs_data_put(): freeing
[   71.891363] ffs_data_put(): freeing
[   71.893775] file system registered
[   71.895628] unloading
[   71.901695] ffs_data_put(): freeing
[   71.903241] file system registered
[   71.905090] unloading
[   71.912015] ffs_data_put(): freeing
[   71.913803] file system registered
[   71.915295] unloading
[   71.921807] file system registered
[   71.923189] unloading
[   71.929823] ffs_data_put(): freeing
[   71.931110] file system registered
[   71.932897] unloading
[   71.940060] ffs_data_put(): freeing
[   71.940176] ffs_data_put(): freeing
[   71.942656] file system registered
[   71.944239] unloading
[   71.949147] ffs_data_put(): freeing
[   71.951289] file system registered
[   71.953007] unloading
[   71.962126] ffs_data_put(): freeing
[   71.962315] ffs_data_put(): freeing
[   71.962893] ffs_data_put(): freeing
[   71.963078] ffs_data_put(): freeing
[   71.964731] file system registered
[   71.966987] unloading
[   71.974161] ffs_data_put(): freeing
[   71.976647] file system registered
[   71.979367] unloading
[   71.987307] file system registered
[   71.989903] unloading
[   71.998076] ffs_data_put(): freeing
[   72.001201] file system registered
[   72.005329] unloading
[   72.014070] ffs_data_put(): freeing
[   72.014243] ffs_data_put(): freeing
[   72.014343] ffs_data_put(): freeing
[   72.017198] file system registered
[   72.019091] unloading
[   72.028167] file system registered
[   72.030209] unloading
[   72.035050] ffs_data_put(): freeing
[   72.037960] file system registered
[   72.040402] unloading
[   72.047212] ffs_data_put(): freeing
[   72.050088] file system registered
[   72.051935] unloading
[   72.061160] ffs_data_put(): freeing
[   72.061239] ffs_data_put(): freeing
[   72.063694] file system registered
[   72.064982] unloading
[   72.071286] ffs_data_put(): freeing
[   72.072626] ffs_data_put(): freeing
[   72.075039] file system registered
[   72.077979] unloading
[   72.091111] ffs_data_put(): freeing
[   72.091225] ffs_data_put(): freeing
[   72.093771] file system registered
[   72.096688] unloading
[   72.106247] file system registered
[   72.108147] unloading
[   72.114123] ffs_data_put(): freeing
[   72.114212] ffs_data_put(): freeing
[   72.115398] file system registered
[   72.116817] unloading
[   72.123287] ffs_data_put(): freeing
[   72.126711] file system registered
[   72.128377] unloading
[   72.139345] file system registered
[   72.140632] unloading
[   72.153332] file system registered
[   72.155003] unloading
[   72.162654] file system registered
[   72.163972] unloading
[   72.172044] ffs_data_put(): freeing
[   72.173831] file system registered
[   72.175328] unloading
[   72.182201] file system registered
[   72.183765] unloading
[   72.193200] file system registered
[   72.194681] unloading
[   72.200329] file system registered
[   72.201963] unloading
[   72.207788] file system registered
[   72.209080] unloading
[   72.217947] ffs_data_put(): freeing
[   72.218074] ffs_data_put(): freeing
[   72.218197] ffs_data_put(): freeing
[   72.219802] file system registered
[   72.221729] unloading
[   72.230997] ffs_data_put(): freeing
[   72.233814] file system registered
[   72.235727] unloading
[   72.243347] file system registered
[   72.244915] unloading
[   72.259274] ffs_data_put(): freeing
[   72.259375] ffs_data_put(): freeing
[   72.262101] file system registered
[   72.264018] unloading
[   72.273074] ffs_data_put(): freeing
[   72.274976] file system registered
[   72.277137] unloading
[   72.287730] ffs_data_put(): freeing
[   72.287842] ffs_data_put(): freeing
[   72.290144] file system registered
[   72.292984] unloading
[   72.301603] ffs_data_put(): freeing
[   72.305879] file system registered
[   72.309360] unloading
[   72.315880] ffs_data_put(): freeing
[   72.317906] file system registered
[   72.320067] unloading
[   72.329049] ffs_data_put(): freeing
[   72.331382] file system registered
[   72.333050] unloading
[   72.339193] ffs_data_put(): freeing
[   72.339294] ffs_data_put(): freeing
[   72.340999] file system registered
[   72.343221] unloading
[   72.354327] ffs_data_put(): freeing
[   72.354445] ffs_data_put(): freeing
[   72.357336] file system registered
[   72.360099] unloading
[   72.364012] ffs_data_put(): freeing
[   72.366371] file system registered
[   72.368124] unloading
[   72.373863] file system registered
[   72.375185] unloading
[   72.383394] file system registered
[   72.384960] unloading
[   72.395065] ffs_data_put(): freeing
[   72.396981] file system registered
[   72.398810] unloading
[   72.410404] file system registered
[   72.411720] unloading
[   72.421634] file system registered
[   72.423150] unloading
[   72.430977] file system registered
[   72.432963] unloading
[   72.440995] ffs_data_put(): freeing
[   72.441140] ffs_data_put(): freeing
[   72.441221] ffs_data_put(): freeing
[   72.442741] file system registered
[   72.444214] unloading
[   72.450153] ffs_data_put(): freeing
[   72.450356] ffs_data_put(): freeing
[   72.450788] ffs_data_put(): freeing
[   72.450889] ffs_data_put(): freeing
[   72.455111] file system registered
[   72.457930] unloading
[   72.465347] file system registered
[   72.467067] unloading
[   72.474907] file system registered
[   72.476161] unloading
[   72.484232] file system registered
[   72.485838] unloading
[   72.490123] ffs_data_put(): freeing
[   72.491908] file system registered
[   72.493115] unloading
[   72.500923] ffs_data_put(): freeing
[   72.502172] file system registered
[   72.503891] ffs_data_put(): freeing
[   72.503969] unloading
[   72.511192] ffs_data_put(): freeing
[   72.512292] file system registered
[   72.514156] unloading
[   72.521133] ffs_data_put(): freeing
[   72.521324] ffs_data_put(): freeing
[   72.521825] ffs_data_put(): freeing
[   72.521919] ffs_data_put(): freeing
[   72.522224] file system registered
[   72.523989] unloading
[   72.530012] ffs_data_put(): freeing
[   72.530196] ffs_data_put(): freeing
[   72.530679] ffs_data_put(): freeing
[   72.530773] ffs_data_put(): freeing
[   72.531829] file system registered
[   72.533706] unloading
[   72.540120] ffs_data_put(): freeing
[   72.540395] ffs_data_put(): freeing
[   72.540680] ffs_data_put(): freeing
[   72.540808] ffs_data_put(): freeing
[   72.542529] file system registered
[   72.545716] unloading
[   72.555781] ffs_data_put(): freeing
[   72.555841] ffs_data_put(): freeing
[   72.557671] file system registered
[   72.560165] unloading
[   72.568254] ffs_data_put(): freeing
[   72.568323] ffs_data_put(): freeing
[   72.570345] file system registered
[   72.572938] unloading
[   72.579292] ffs_data_put(): freeing
[   72.579863] ffs_data_put(): freeing
[   72.581264] file system registered
[   72.584079] unloading
[   72.589157] ffs_data_put(): freeing
[   72.589277] ffs_data_put(): freeing
[   72.589803] ffs_data_put(): freeing
[   72.594024] file system registered
[   72.597091] unloading
[   72.607103] ffs_data_put(): freeing
[   72.610215] file system registered
[   72.612189] unloading
[   72.617058] ffs_data_put(): freeing
[   72.617176] ffs_data_put(): freeing
[   72.619266] file system registered
[   72.621140] unloading
[   72.628084] ffs_data_put(): freeing
[   72.630478] file system registered
[   72.632292] unloading
[   72.638045] ffs_data_put(): freeing
[   72.640183] file system registered
[   72.643198] unloading
[   72.652016] ffs_data_put(): freeing
[   72.652153] ffs_data_put(): freeing
[   72.652218] ffs_data_put(): freeing
[   72.654181] file system registered
[   72.656411] unloading
[   72.666075] ffs_data_put(): freeing
[   72.668203] file system registered
[   72.669933] unloading
[   72.678876] ffs_data_put(): freeing
[   72.680258] file system registered
[   72.682832] unloading
[   72.688976] ffs_data_put(): freeing
[   72.690775] file system registered
[   72.692178] unloading
[   72.699092] ffs_data_put(): freeing
[   72.699208] ffs_data_put(): freeing
[   72.700852] file system registered
[   72.702569] unloading
[   72.711181] ffs_data_put(): freeing
[   72.713210] file system registered
[   72.715073] unloading
[   72.719959] ffs_data_put(): freeing
[   72.722257] file system registered
[   72.724229] unloading
[   72.731962] ffs_data_put(): freeing
[   72.733863] file system registered
[   72.735143] unloading
[   72.744085] ffs_data_put(): freeing
[   72.746145] file system registered
[   72.747850] unloading
[   72.755098] ffs_data_put(): freeing
[   72.757014] file system registered
[   72.759205] unloading
[   72.768299] ffs_data_put(): freeing
[   72.770148] file system registered
[   72.772094] unloading
[   72.780189] ffs_data_put(): freeing
[   72.781647] file system registered
[   72.782948] unloading
[   72.788873] ffs_data_put(): freeing
[   72.790270] file system registered
[   72.792383] unloading
[   72.800149] ffs_data_put(): freeing
[   72.800258] ffs_data_put(): freeing
[   72.802102] file system registered
[   72.803627] unloading
[   72.809072] ffs_data_put(): freeing
[   72.809181] ffs_data_put(): freeing
[   72.812171] file system registered
[   72.814236] unloading
[   72.826783] file system registered
[   72.829417] unloading
[   72.836078] ffs_data_put(): freeing
[   72.838353] file system registered
[   72.840069] unloading
[   72.850045] ffs_data_put(): freeing
[   72.850164] ffs_data_put(): freeing
[   72.851820] file system registered
[   72.853104] unloading
[   72.862154] ffs_data_put(): freeing
[   72.862257] ffs_data_put(): freeing
[   72.864862] file system registered
[   72.867930] unloading
[   72.877116] ffs_data_put(): freeing
[   72.879341] file system registered
[   72.881659] unloading
[   72.889815] file system registered
[   72.891695] unloading
[   72.901436] file system registered
[   72.903168] unloading
[   72.908095] ffs_data_put(): freeing
[   72.910037] file system registered
[   72.911351] unloading
[   72.915982] ffs_data_put(): freeing
[   72.916121] ffs_data_put(): freeing
[   72.916224] ffs_data_put(): freeing
[   72.918247] file system registered
[   72.919791] unloading
[   72.927044] ffs_data_put(): freeing
[   72.928802] file system registered
[   72.930302] unloading
[   72.936211] ffs_data_put(): freeing
[   72.936306] ffs_data_put(): freeing
[   72.938390] file system registered
[   72.939857] unloading
[   72.946237] file system registered
[   72.947958] unloading
[   72.958676] ffs_data_put(): freeing
[   72.958792] ffs_data_put(): freeing
[   72.958942] ffs_data_put(): freeing
[   72.961227] file system registered
[   72.962972] unloading
[   72.972288] ffs_data_put(): freeing
[   72.974347] file system registered
[   72.976027] unloading
[   72.984175] file system registered
[   72.985733] unloading
[   72.990167] ffs_data_put(): freeing
[   72.990270] ffs_data_put(): freeing
[   72.992735] file system registered
[   72.994691] unloading
[   72.999219] ffs_data_put(): freeing
[   73.000983] file system registered
[   73.002274] unloading
[   73.008080] ffs_data_put(): freeing
[   73.010054] file system registered
[   73.012125] unloading
[   73.024092] file system registered
[   73.025810] unloading
[   73.036335] ffs_data_put(): freeing
[   73.038291] file system registered
[   73.040176] unloading
[   73.045388] ffs_data_put(): freeing
[   73.045572] ffs_data_put(): freeing
[   73.046970] file system registered
[   73.049258] unloading
[   73.056039] ffs_data_put(): freeing
[   73.057893] file system registered
[   73.059154] unloading
[   73.063902] ffs_data_put(): freeing
[   73.064002] ffs_data_put(): freeing
[   73.065706] file system registered
[   73.067110] unloading
[   73.072038] ffs_data_put(): freeing
[   73.075351] file system registered
[   73.076935] ffs_data_put(): freeing
[   73.077289] unloading
[   73.082042] ffs_data_put(): freeing
[   73.082187] ffs_data_put(): freeing
[   73.083922] file system registered
[   73.085580] unloading
[   73.094170] file system registered
[   73.096163] unloading
[   73.103030] ffs_data_put(): freeing
[   73.103110] ffs_data_put(): freeing
[   73.104727] file system registered
[   73.107376] ffs_data_put(): freeing
[   73.108202] unloading
[   73.113279] ffs_data_put(): freeing
[   73.113414] ffs_data_put(): freeing
[   73.114182] file system registered
[   73.115746] unloading
[   73.121033] ffs_data_put(): freeing
[   73.122654] file system registered
[   73.123943] unloading
[   73.130025] ffs_data_put(): freeing
[   73.130147] ffs_data_put(): freeing
[   73.130245] ffs_data_put(): freeing
[   73.132607] file system registered
[   73.134008] unloading
[   73.141724] file system registered
[   73.143246] unloading
[   73.151990] file system registered
[   73.152924] unloading
[   73.160992] file system registered
[   73.162764] unloading
[   73.169402] file system registered
[   73.171113] unloading
[   73.178013] ffs_data_put(): freeing
[   73.178097] ffs_data_put(): freeing
[   73.180221] file system registered
[   73.181947] unloading
[   73.190042] ffs_data_put(): freeing
[   73.192807] file system registered
[   73.195648] unloading
[   73.205013] ffs_data_put(): freeing
[   73.205117] ffs_data_put(): freeing
[   73.207996] file system registered
[   73.210061] unloading
[   73.220154] ffs_data_put(): freeing
[   73.220248] ffs_data_put(): freeing
[   73.222030] file system registered
[   73.224178] unloading
[   73.233113] ffs_data_put(): freeing
[   73.235846] file system registered
[   73.238139] unloading
[   73.245040] ffs_data_put(): freeing
[   73.247252] file system registered
[   73.249080] unloading
[   73.257974] file system registered
[   73.259645] unloading
[   73.266267] file system registered
[   73.268377] unloading
[   73.281770] file system registered
[   73.283911] unloading
[   73.290973] ffs_data_put(): freeing
[   73.292881] file system registered
[   73.293999] unloading
[   73.300260] file system registered
[   73.301892] unloading
[   73.313879] file system registered
[   73.315048] unloading
[   73.320876] file system registered
[   73.321933] unloading
[   73.326971] ffs_data_put(): freeing
[   73.327081] ffs_data_put(): freeing
[   73.328360] file system registered
[   73.330170] unloading
[   73.334948] ffs_data_put(): freeing
[   73.335062] ffs_data_put(): freeing
[   73.336953] file system registered
[   73.338375] unloading
[   73.344928] file system registered
[   73.346090] unloading
[   73.351120] ffs_data_put(): freeing
[   73.353082] file system registered
[   73.356236] unloading
[   73.364991] ffs_data_put(): freeing
[   73.365094] ffs_data_put(): freeing
[   73.366142] file system registered
[   73.367431] unloading
[   73.376935] ffs_data_put(): freeing
[   73.377145] ffs_data_put(): freeing
[   73.377303] ffs_data_put(): freeing
[   73.378998] file system registered
[   73.381130] unloading
[   73.388029] ffs_data_put(): freeing
[   73.389862] file system registered
[   73.391253] unloading
[   73.397062] ffs_data_put(): freeing
[   73.398236] file system registered
[   73.400035] unloading
[   73.406011] ffs_data_put(): freeing
[   73.407089] file system registered
[   73.408321] unloading
[   73.414111] ffs_data_put(): freeing
[   73.415397] file system registered
[   73.416968] unloading
[   73.425974] ffs_data_put(): freeing
[   73.427639] file system registered
[   73.429157] unloading
[   73.437015] ffs_data_put(): freeing
[   73.437132] ffs_data_put(): freeing
[   73.439177] file system registered
[   73.441113] unloading
[   73.449080] ffs_data_put(): freeing
[   73.451013] file system registered
[   73.452739] unloading
[   73.460036] ffs_data_put(): freeing
[   73.462349] file system registered
[   73.464406] unloading
[   73.472205] ffs_data_put(): freeing
[   73.475039] file system registered
[   73.476887] ffs_data_put(): freeing
[   73.477361] unloading
[   73.486083] ffs_data_put(): freeing
[   73.487835] file system registered
[   73.489132] unloading
[   73.499085] ffs_data_put(): freeing
[   73.501403] file system registered
[   73.504129] unloading
[   73.510999] ffs_data_put(): freeing
[   73.512341] file system registered
[   73.513991] unloading
[   73.519979] ffs_data_put(): freeing
[   73.521568] file system registered
[   73.522799] unloading
[   73.528047] ffs_data_put(): freeing
[   73.529860] file system registered
[   73.531145] unloading
[   73.542126] ffs_data_put(): freeing
[   73.543993] file system registered
[   73.545144] unloading
[   73.550250] ffs_data_put(): freeing
[   73.550326] ffs_data_put(): freeing
[   73.552962] file system registered
[   73.554863] unloading
[   73.562222] ffs_data_put(): freeing
[   73.562332] ffs_data_put(): freeing
[   73.564715] file system registered
[   73.566145] unloading
[   73.574228] ffs_data_put(): freeing
[   73.576100] file system registered
[   73.578217] unloading
[   73.586711] file system registered
[   73.588106] unloading
[   73.598060] ffs_data_put(): freeing
[   73.601155] file system registered
[   73.603054] unloading
[   73.610058] ffs_data_put(): freeing
[   73.610223] ffs_data_put(): freeing
[   73.611718] file system registered
[   73.613177] unloading
[   73.619106] ffs_data_put(): freeing
[   73.619238] ffs_data_put(): freeing
[   73.621133] file system registered
[   73.622951] unloading
[   73.633288] ffs_data_put(): freeing
[   73.633601] ffs_data_put(): freeing
[   73.635483] file system registered
[   73.638680] unloading
[   73.645212] ffs_data_put(): freeing
[   73.646199] file system registered
[   73.648254] unloading
[   73.658158] ffs_data_put(): freeing
[   73.660661] file system registered
[   73.663928] unloading
[   73.670124] ffs_data_put(): freeing
[   73.672294] file system registered
[   73.674173] unloading
[   73.683797] ffs_data_put(): freeing
[   73.685174] file system registered
[   73.686997] unloading
[   73.690048] ffs_data_put(): freeing
[   73.692218] file system registered
[   73.694081] unloading
[   73.702074] ffs_data_put(): freeing
[   73.703342] file system registered
[   73.704807] unloading
[   73.712018] ffs_data_put(): freeing
[   73.712189] ffs_data_put(): freeing
[   73.712323] ffs_data_put(): freeing
[   73.713689] file system registered
[   73.715178] unloading
[   73.722180] ffs_data_put(): freeing
[   73.722316] ffs_data_put(): freeing
[   73.724398] file system registered
[   73.725760] unloading
[   73.730109] ffs_data_put(): freeing
[   73.730214] ffs_data_put(): freeing
[   73.735035] file system registered
[   73.737304] unloading
[   73.748027] file system registered
[   73.750057] unloading
[   73.756909] file system registered
[   73.759309] unloading
[   73.766175] ffs_data_put(): freeing
[   73.766266] ffs_data_put(): freeing
[   73.768099] file system registered
[   73.769986] unloading
[   73.775998] ffs_data_put(): freeing
[   73.777364] file system registered
[   73.779011] unloading
[   73.786090] ffs_data_put(): freeing
[   73.789292] file system registered
[   73.791157] unloading
[   73.800162] ffs_data_put(): freeing
[   73.802102] file system registered
[   73.803793] unloading
[   73.813967] ffs_data_put(): freeing
[   73.816166] file system registered
[   73.818017] unloading
[   73.828852] file system registered
[   73.830246] unloading
[   73.835959] file system registered
[   73.837199] unloading
[   73.841969] ffs_data_put(): freeing
[   73.843992] file system registered
[   73.845314] unloading
[   73.850947] ffs_data_put(): freeing
[   73.852393] file system registered
[   73.854150] unloading
[   73.859959] ffs_data_put(): freeing
[   73.860133] ffs_data_put(): freeing
[   73.860306] ffs_data_put(): freeing
[   73.860624] ffs_data_put(): freeing
[   73.861201] file system registered
[   73.862834] unloading
[   73.870188] ffs_data_put(): freeing
[   73.870636] ffs_data_put(): freeing
[   73.870803] ffs_data_put(): freeing
[   73.872070] ffs_data_put(): freeing
[   73.873282] file system registered
[   73.875393] unloading
[   73.882212] ffs_data_put(): freeing
[   73.882374] ffs_data_put(): freeing
[   73.884237] file system registered
[   73.886704] unloading
[   73.897235] file system registered
[   73.898506] unloading
[   73.908838] file system registered
[   73.910402] unloading
[   73.918951] file system registered
[   73.921715] unloading
[   73.934172] ffs_data_put(): freeing
[   73.934393] ffs_data_put(): freeing
[   73.935169] ffs_data_put(): freeing
[   73.936201] file system registered
[   73.938341] unloading
[   73.944424] ffs_data_put(): freeing
[   73.945139] ffs_data_put(): freeing
[   73.945622] ffs_data_put(): freeing
[   73.947124] ffs_data_put(): freeing
[   73.947256] file system registered
[   73.949103] unloading
[   73.958681] ffs_data_put(): freeing
[   73.958935] ffs_data_put(): freeing
[   73.959076] ffs_data_put(): freeing
[   73.961218] file system registered
[   73.963945] unloading
[   73.971886] ffs_data_put(): freeing
[   73.972018] ffs_data_put(): freeing
[   73.973872] file system registered
[   73.976468] unloading
[   73.984099] ffs_data_put(): freeing
[   73.986243] file system registered
[   73.988193] unloading
[   73.998219] ffs_data_put(): freeing
[   73.998362] ffs_data_put(): freeing
[   74.000280] ffs_data_put(): freeing
[   74.000974] file system registered
[   74.005807] unloading
[   74.014348] ffs_data_put(): freeing
[   74.014647] ffs_data_put(): freeing
[   74.014803] ffs_data_put(): freeing
[   74.017321] file system registered
[   74.020649] unloading
[   74.027743] file system registered
[   74.030839] unloading
[   74.037297] ffs_data_put(): freeing
[   74.039372] file system registered
[   74.041058] unloading
[   74.047998] ffs_data_put(): freeing
[   74.048104] ffs_data_put(): freeing
[   74.050981] file system registered
[   74.053713] unloading
[   74.061117] ffs_data_put(): freeing
[   74.061245] ffs_data_put(): freeing
[   74.063302] file system registered
[   74.065805] unloading
[   74.073104] ffs_data_put(): freeing
[   74.075722] file system registered
[   74.078045] unloading
[   74.086959] file system registered
[   74.088885] unloading
[   74.098936] ffs_data_put(): freeing
[   74.099073] ffs_data_put(): freeing
[   74.101908] file system registered
[   74.103157] unloading
[   74.110170] file system registered
[   74.111728] unloading
[   74.121960] ffs_data_put(): freeing
[   74.123384] file system registered
[   74.124830] unloading
[   74.129907] ffs_data_put(): freeing
[   74.131889] file system registered
[   74.133049] unloading
[   74.139940] ffs_data_put(): freeing
[   74.140046] ffs_data_put(): freeing
[   74.142025] file system registered
[   74.144116] unloading
[   74.151822] file system registered
[   74.153077] unloading
[   74.160176] file system registered
[   74.162001] unloading
[   74.169155] ffs_data_put(): freeing
[   74.172146] file system registered
[   74.173845] unloading
[   74.182162] ffs_data_put(): freeing
[   74.183954] file system registered
[   74.185779] unloading
[   74.191128] ffs_data_put(): freeing
[   74.192757] file system registered
[   74.194150] unloading
[   74.203121] ffs_data_put(): freeing
[   74.204837] file system registered
[   74.205869] unloading
[   74.211002] ffs_data_put(): freeing
[   74.211104] ffs_data_put(): freeing
[   74.213393] file system registered
[   74.214870] unloading
[   74.227128] ffs_data_put(): freeing
[   74.227350] ffs_data_put(): freeing
[   74.227537] ffs_data_put(): freeing
[   74.228994] file system registered
[   74.232237] unloading
[   74.237132] ffs_data_put(): freeing
[   74.237434] ffs_data_put(): freeing
[   74.237677] ffs_data_put(): freeing
[   74.238852] file system registered
[   74.242267] unloading
[   74.248307] ffs_data_put(): freeing
[   74.248876] ffs_data_put(): freeing
[   74.248954] ffs_data_put(): freeing
[   74.253428] file system registered
[   74.258328] unloading
[   74.266377] ffs_data_put(): freeing
[   74.269251] file system registered
[   74.271867] unloading
[   74.280245] ffs_data_put(): freeing
[   74.280330] ffs_data_put(): freeing
[   74.285030] file system registered
[   74.288243] unloading
[   74.296210] ffs_data_put(): freeing
[   74.300414] file system registered
[   74.302936] ffs_data_put(): freeing
[   74.303343] ffs_data_put(): freeing
[   74.303678] unloading
[   74.308242] ffs_data_put(): freeing
[   74.310165] file system registered
[   74.311914] unloading
[   74.317689] file system registered
[   74.319001] unloading
[   74.325682] file system registered
[   74.327034] unloading
[   74.333016] ffs_data_put(): freeing
[   74.333101] ffs_data_put(): freeing
[   74.334903] file system registered
[   74.336227] unloading
[   74.341815] ffs_data_put(): freeing
[   74.341966] ffs_data_put(): freeing
[   74.342086] ffs_data_put(): freeing
[   74.343546] file system registered
[   74.345233] unloading
[   74.355194] ffs_data_put(): freeing
[   74.355321] ffs_data_put(): freeing
[   74.357149] file system registered
[   74.358609] unloading
[   74.364155] ffs_data_put(): freeing
[   74.364295] ffs_data_put(): freeing
[   74.365873] file system registered
[   74.367170] unloading
[   74.373321] ffs_data_put(): freeing
[   74.373669] ffs_data_put(): freeing
[   74.375956] file system registered
[   74.378353] unloading
[   74.385080] ffs_data_put(): freeing
[   74.388306] file system registered
[   74.392127] unloading
[   74.402329] ffs_data_put(): freeing
[   74.403374] ffs_data_put(): freeing
[   74.405032] file system registered
[   74.407320] unloading
[   74.419870] file system registered
[   74.421357] unloading
[   74.426022] ffs_data_put(): freeing
[   74.428672] file system registered
[   74.430025] unloading
[   74.434941] ffs_data_put(): freeing
[   74.437332] file system registered
[   74.439037] unloading
[   74.444152] ffs_data_put(): freeing
[   74.444704] file system registered
[   74.445990] unloading
[   74.452038] ffs_data_put(): freeing
[   74.452200] ffs_data_put(): freeing
[   74.454780] file system registered
[   74.456142] unloading
[   74.466984] ffs_data_put(): freeing
[   74.467094] ffs_data_put(): freeing
[   74.468616] file system registered
[   74.469936] unloading
[   74.478068] ffs_data_put(): freeing
[   74.478243] ffs_data_put(): freeing
[   74.478356] ffs_data_put(): freeing
[   74.480218] file system registered
[   74.482258] unloading
[   74.493750] ffs_data_put(): freeing
[   74.493892] ffs_data_put(): freeing
[   74.497144] file system registered
[   74.500785] unloading
[   74.507056] file system registered
[   74.509189] unloading
[   74.519209] file system registered
[   74.521326] unloading
[   74.529016] ffs_data_put(): freeing
[   74.531271] file system registered
[   74.534091] unloading
[   74.540172] ffs_data_put(): freeing
[   74.543681] file system registered
[   74.545958] unloading
[   74.554754] file system registered
[   74.556034] unloading
[   74.561879] ffs_data_put(): freeing
[   74.563806] file system registered
[   74.565277] unloading
[   74.570315] ffs_data_put(): freeing
[   74.571843] file system registered
[   74.573612] unloading
[   74.583107] ffs_data_put(): freeing
[   74.585123] file system registered
[   74.587079] unloading
[   74.595950] file system registered
[   74.597703] unloading
[   74.605953] ffs_data_put(): freeing
[   74.606036] ffs_data_put(): freeing
[   74.607295] file system registered
[   74.608752] ffs_data_put(): freeing
[   74.608994] unloading
[   74.616060] ffs_data_put(): freeing
[   74.618020] file system registered
[   74.619710] unloading
[   74.625037] ffs_data_put(): freeing
[   74.625118] ffs_data_put(): freeing
[   74.627078] file system registered
[   74.628380] unloading
[   74.636923] ffs_data_put(): freeing
[   74.638823] file system registered
[   74.640270] unloading
[   74.645998] ffs_data_put(): freeing
[   74.648488] file system registered
[   74.650403] unloading
[   74.658956] ffs_data_put(): freeing
[   74.659048] ffs_data_put(): freeing
[   74.660182] file system registered
[   74.661942] unloading
[   74.668282] ffs_data_put(): freeing
[   74.668403] ffs_data_put(): freeing
[   74.671298] file system registered
[   74.673055] unloading
[   74.681212] ffs_data_put(): freeing
[   74.682898] file system registered
[   74.685259] unloading
[   74.691042] ffs_data_put(): freeing
[   74.691286] ffs_data_put(): freeing
[   74.691396] ffs_data_put(): freeing
[   74.691641] ffs_data_put(): freeing
[   74.694576] file system registered
[   74.696754] unloading
[   74.705154] ffs_data_put(): freeing
[   74.706340] file system registered
[   74.708188] unloading
[   74.714109] ffs_data_put(): freeing
[   74.714351] ffs_data_put(): freeing
[   74.714585] ffs_data_put(): freeing
[   74.715292] file system registered
[   74.716855] unloading
[   74.722091] ffs_data_put(): freeing
[   74.722270] ffs_data_put(): freeing
[   74.724666] file system registered
[   74.726128] unloading
[   74.735332] ffs_data_put(): freeing
[   74.736672] file system registered
[   74.736822] ffs_data_put(): freeing
[   74.738062] unloading
[   74.743158] file system registered
[   74.745032] unloading
[   74.755109] ffs_data_put(): freeing
[   74.757334] file system registered
[   74.759258] unloading
[   74.772361] file system registered
[   74.774177] unloading
[   74.782961] ffs_data_put(): freeing
[   74.785139] file system registered
[   74.787120] unloading
[   74.797021] ffs_data_put(): freeing
[   74.797105] ffs_data_put(): freeing
[   74.799051] file system registered
[   74.800979] unloading
[   74.811704] file system registered
[   74.813142] unloading
[   74.821036] ffs_data_put(): freeing
[   74.821146] ffs_data_put(): freeing
[   74.822646] file system registered
[   74.824053] unloading
[   74.832200] ffs_data_put(): freeing
[   74.832325] ffs_data_put(): freeing
[   74.834472] file system registered
[   74.836852] unloading
[   74.843220] ffs_data_put(): freeing
[   74.845784] file system registered
[   74.848165] unloading
[   74.856308] file system registered
[   74.857904] unloading
[   74.863934] ffs_data_put(): freeing
[   74.865399] file system registered
[   74.867111] unloading
[   74.873095] ffs_data_put(): freeing
[   74.873189] ffs_data_put(): freeing
[   74.875213] file system registered
[   74.877763] unloading
[   74.885300] file system registered
[   74.886815] unloading
[   74.894185] ffs_data_put(): freeing
[   74.894403] ffs_data_put(): freeing
[   74.895358] ffs_data_put(): freeing
[   74.896735] file system registered
[   74.898263] unloading
[   74.905977] ffs_data_put(): freeing
[   74.906117] ffs_data_put(): freeing
[   74.907742] file system registered
[   74.909046] unloading
[   74.915065] ffs_data_put(): freeing
[   74.915212] ffs_data_put(): freeing
[   74.917683] file system registered
[   74.919347] unloading
[   74.925937] file system registered
[   74.927974] unloading
[   74.936320] file system registered
[   74.938187] unloading
[   74.947046] ffs_data_put(): freeing
[   74.947140] ffs_data_put(): freeing
[   74.947254] ffs_data_put(): freeing
[   74.948713] file system registered
[   74.950395] unloading
[   74.961147] ffs_data_put(): freeing
[   74.961303] ffs_data_put(): freeing
[   74.962021] ffs_data_put(): freeing
[   74.963360] file system registered
[   74.965195] unloading
[   74.975673] file system registered
[   74.978342] unloading
[   74.985168] ffs_data_put(): freeing
[   74.987364] file system registered
[   74.989275] unloading
[   74.996721] file system registered
[   74.998314] unloading
[   75.008997] ffs_data_put(): freeing
[   75.009105] ffs_data_put(): freeing
[   75.011301] file system registered
[   75.012936] unloading
[   75.023109] ffs_data_put(): freeing
[   75.026310] file system registered
[   75.030181] unloading
[   75.036190] ffs_data_put(): freeing
[   75.036317] ffs_data_put(): freeing
[   75.038382] file system registered
[   75.040312] unloading
[   75.050098] ffs_data_put(): freeing
[   75.052293] file system registered
[   75.054099] unloading
[   75.066872] file system registered
[   75.069199] unloading
[   75.078140] ffs_data_put(): freeing
[   75.078220] ffs_data_put(): freeing
[   75.080927] file system registered
[   75.083358] unloading
[   75.092912] file system registered
[   75.094741] unloading
[   75.103388] file system registered
[   75.105080] unloading
[   75.115103] ffs_data_put(): freeing
[   75.115239] ffs_data_put(): freeing
[   75.116387] file system registered
[   75.118955] unloading
[   75.127117] ffs_data_put(): freeing
[   75.127247] ffs_data_put(): freeing
[   75.128947] file system registered
[   75.132246] ffs_data_put(): freeing
[   75.132405] unloading
[   75.137215] ffs_data_put(): freeing
[   75.139246] file system registered
[   75.141637] unloading
[   75.150161] file system registered
[   75.151402] unloading
[   75.158055] ffs_data_put(): freeing
[   75.160763] file system registered
[   75.162176] unloading
[   75.171049] ffs_data_put(): freeing
[   75.171169] ffs_data_put(): freeing
[   75.172937] file system registered
[   75.174616] unloading
[   75.183382] file system registered
[   75.184959] unloading
[   75.191130] file system registered
[   75.192646] unloading
[   75.198867] ffs_data_put(): freeing
[   75.200613] file system registered
[   75.202244] unloading
[   75.209117] ffs_data_put(): freeing
[   75.210789] file system registered
[   75.212189] unloading
[   75.219053] ffs_data_put(): freeing
[   75.221175] file system registered
[   75.223074] unloading
[   75.234307] file system registered
[   75.235759] unloading
[   75.241951] ffs_data_put(): freeing
[   75.242044] ffs_data_put(): freeing
[   75.243601] file system registered
[   75.244783] unloading
[   75.250972] ffs_data_put(): freeing
[   75.251113] ffs_data_put(): freeing
[   75.251230] ffs_data_put(): freeing
[   75.252215] file system registered
[   75.253965] ffs_data_put(): freeing
[   75.254218] unloading
[   75.259863] ffs_data_put(): freeing
[   75.259952] ffs_data_put(): freeing
[   75.261384] file system registered
[   75.263003] unloading
[   75.267055] ffs_data_put(): freeing
[   75.270061] file system registered
[   75.272836] unloading
[   75.279929] ffs_data_put(): freeing
[   75.281861] file system registered
[   75.283184] unloading
[   75.292358] file system registered
[   75.294042] unloading
[   75.301967] ffs_data_put(): freeing
[   75.302074] ffs_data_put(): freeing
[   75.303016] file system registered
[   75.304700] unloading
[   75.311057] ffs_data_put(): freeing
[   75.312394] file system registered
[   75.313913] unloading
[   75.321745] file system registered
[   75.323112] unloading
[   75.327928] ffs_data_put(): freeing
[   75.330361] file system registered
[   75.332284] unloading
[   75.342221] file system registered
[   75.344298] unloading
[   75.351970] ffs_data_put(): freeing
[   75.353458] file system registered
[   75.354984] unloading
[   75.360321] ffs_data_put(): freeing
[   75.362046] file system registered
[   75.364380] unloading
[   75.380169] ffs_data_put(): freeing
[   75.380280] ffs_data_put(): freeing
[   75.381996] file system registered
[   75.384070] unloading
[   75.387967] ffs_data_put(): freeing
[   75.391285] file system registered
[   75.391968] ffs_data_put(): freeing
[   75.393379] unloading
[   75.402049] ffs_data_put(): freeing
[   75.404553] file system registered
[   75.406270] unloading
[   75.416309] ffs_data_put(): freeing
[   75.416610] ffs_data_put(): freeing
[   75.416732] ffs_data_put(): freeing
[   75.419684] file system registered
[   75.422832] unloading
[   75.430763] file system registered
[   75.433262] unloading
[   75.442146] ffs_data_put(): freeing
[   75.444271] file system registered
[   75.445845] unloading
[   75.456257] ffs_data_put(): freeing
[   75.456680] ffs_data_put(): freeing
[   75.456766] ffs_data_put(): freeing
[   75.458855] file system registered
[   75.461123] unloading
[   75.468344] ffs_data_put(): freeing
[   75.472013] file system registered
[   75.474318] unloading
[   75.482300] ffs_data_put(): freeing
[   75.482415] ffs_data_put(): freeing
[   75.483999] file system registered
[   75.486326] unloading
[   75.493233] ffs_data_put(): freeing
[   75.493353] ffs_data_put(): freeing
[   75.495777] file system registered
[   75.498663] unloading
[   75.504263] ffs_data_put(): freeing
[   75.504389] ffs_data_put(): freeing
[   75.506400] file system registered
[   75.508135] unloading
[   75.517379] ffs_data_put(): freeing
[   75.517981] ffs_data_put(): freeing
[   75.520321] file system registered
[   75.522921] unloading
[   75.532069] file system registered
[   75.534142] unloading
[   75.543001] ffs_data_put(): freeing
[   75.544888] file system registered
[   75.546118] unloading
[   75.552175] ffs_data_put(): freeing
[   75.553751] file system registered
[   75.554830] unloading
[   75.561641] file system registered
[   75.562926] unloading
[   75.567948] ffs_data_put(): freeing
[   75.568089] ffs_data_put(): freeing
[   75.571051] file system registered
[   75.572290] unloading
[   75.583063] file system registered
[   75.584999] unloading
[   75.590971] ffs_data_put(): freeing
[   75.593232] file system registered
[   75.595308] unloading
[   75.605054] ffs_data_put(): freeing
[   75.607183] file system registered
[   75.610095] unloading
[   75.616954] ffs_data_put(): freeing
[   75.618751] file system registered
[   75.619966] unloading
[   75.629041] ffs_data_put(): freeing
[   75.629129] ffs_data_put(): freeing
[   75.630904] file system registered
[   75.632389] unloading
[   75.637336] ffs_data_put(): freeing
[   75.637701] ffs_data_put(): freeing
[   75.637787] ffs_data_put(): freeing
[   75.639832] file system registered
[   75.641800] unloading
[   75.650033] file system registered
[   75.652041] unloading
[   75.660841] ffs_data_put(): freeing
[   75.663353] file system registered
[   75.664418] unloading
[   75.671674] file system registered
[   75.673179] unloading
[   75.679914] ffs_data_put(): freeing
[   75.681700] file system registered
[   75.683135] unloading
[   75.688884] ffs_data_put(): freeing
[   75.691214] file system registered
[   75.693220] unloading
[   75.699906] file system registered
[   75.701268] unloading
[   75.706015] ffs_data_put(): freeing
[   75.708340] file system registered
[   75.710904] unloading
[   75.718937] ffs_data_put(): freeing
[   75.720718] file system registered
[   75.722086] unloading
[   75.729165] file system registered
[   75.730852] unloading
[   75.744985] ffs_data_put(): freeing
[   75.745099] ffs_data_put(): freeing
[   75.747294] file system registered
[   75.750100] unloading
[   75.757109] ffs_data_put(): freeing
[   75.759649] file system registered
[   75.761062] unloading
[   75.768994] ffs_data_put(): freeing
[   75.769061] ffs_data_put(): freeing
[   75.770724] file system registered
[   75.772185] unloading
[   75.783355] ffs_data_put(): freeing
[   75.784915] ffs_data_put(): freeing
[   75.786250] file system registered
[   75.788274] unloading
[   75.797296] ffs_data_put(): freeing
[   75.800340] file system registered
[   75.802334] unloading
[   75.816029] ffs_data_put(): freeing
[   75.816302] ffs_data_put(): freeing
[   75.817300] ffs_data_put(): freeing
[   75.819790] file system registered
[   75.823048] unloading
[   75.835643] ffs_data_put(): freeing
[   75.838891] file system registered
[   75.842239] unloading
[   75.852017] file system registered
[   75.854898] unloading
[   75.862970] ffs_data_put(): freeing
[   75.865131] file system registered
[   75.867984] unloading
[   75.875235] ffs_data_put(): freeing
[   75.878059] file system registered
[   75.879933] unloading
[   75.890776] ffs_data_put(): freeing
[   75.890911] ffs_data_put(): freeing
[   75.891831] file system registered
[   75.892892] unloading
[   75.898183] ffs_data_put(): freeing
[   75.900645] file system registered
[   75.902239] unloading
[   75.912177] ffs_data_put(): freeing
[   75.913207] ffs_data_put(): freeing
[   75.914435] file system registered
[   75.916088] unloading
[   75.925277] ffs_data_put(): freeing
[   75.927305] file system registered
[   75.929909] unloading
[   75.937351] ffs_data_put(): freeing
[   75.940635] file system registered
[   75.943390] unloading
[   75.955329] file system registered
[   75.957105] unloading
[   75.961924] ffs_data_put(): freeing
[   75.962021] ffs_data_put(): freeing
[   75.963803] file system registered
[   75.965185] unloading
[   75.970638] ffs_data_put(): freeing
[   75.970739] ffs_data_put(): freeing
[   75.972078] file system registered
[   75.973875] unloading
[   75.979155] ffs_data_put(): freeing
[   75.981051] file system registered
[   75.982256] unloading
[   75.990967] ffs_data_put(): freeing
[   75.993653] file system registered
[   75.995804] unloading
[   76.001015] ffs_data_put(): freeing
[   76.001091] ffs_data_put(): freeing
[   76.002881] file system registered
[   76.004183] unloading
[   76.014180] ffs_data_put(): freeing
[   76.015934] file system registered
[   76.017537] unloading
[   76.030229] ffs_data_put(): freeing
[   76.030417] ffs_data_put(): freeing
[   76.032858] file system registered
[   76.035345] unloading
[   76.043111] ffs_data_put(): freeing
[   76.043274] ffs_data_put(): freeing
[   76.043409] ffs_data_put(): freeing
[   76.045285] file system registered
[   76.047671] unloading
[   76.056154] ffs_data_put(): freeing
[   76.056381] ffs_data_put(): freeing
[   76.056719] ffs_data_put(): freeing
[   76.059230] file system registered
[   76.061423] unloading
[   76.070234] ffs_data_put(): freeing
[   76.070923] ffs_data_put(): freeing
[   76.071720] ffs_data_put(): freeing
[   76.072672] file system registered
[   76.075242] unloading
[   76.083137] ffs_data_put(): freeing
[   76.083363] ffs_data_put(): freeing
[   76.083684] ffs_data_put(): freeing
[   76.086917] file system registered
[   76.089942] unloading
[   76.101009] file system registered
[   76.104300] unloading
[   76.111311] ffs_data_put(): freeing
[   76.111863] ffs_data_put(): freeing
[   76.114250] file system registered
[   76.117219] unloading
[   76.123336] ffs_data_put(): freeing
[   76.123597] ffs_data_put(): freeing
[   76.126011] file system registered
[   76.129599] unloading
[   76.136371] ffs_data_put(): freeing
[   76.136526] ffs_data_put(): freeing
[   76.137871] file system registered
[   76.140099] ffs_data_put(): freeing
[   76.142683] unloading
[   76.152399] ffs_data_put(): freeing
[   76.154215] file system registered
[   76.155923] unloading
[   76.162000] ffs_data_put(): freeing
[   76.165652] file system registered
[   76.167177] unloading
[   76.173158] ffs_data_put(): freeing
[   76.173262] ffs_data_put(): freeing
[   76.174340] file system registered
[   76.176028] unloading
[   76.180117] ffs_data_put(): freeing
[   76.180279] ffs_data_put(): freeing
[   76.181917] file system registered
[   76.183144] unloading
[   76.188039] ffs_data_put(): freeing
[   76.191215] file system registered
[   76.193807] unloading
[   76.199100] ffs_data_put(): freeing
[   76.199199] ffs_data_put(): freeing
[   76.201258] file system registered
[   76.203755] unloading
[   76.211074] ffs_data_put(): freeing
[   76.211159] ffs_data_put(): freeing
[   76.213561] file system registered
[   76.215190] unloading
[   76.225148] ffs_data_put(): freeing
[   76.225257] ffs_data_put(): freeing
[   76.225561] ffs_data_put(): freeing
[   76.228881] file system registered
[   76.232305] unloading
[   76.243188] file system registered
[   76.245809] ffs_data_put(): freeing
[   76.246306] unloading
[   76.254089] ffs_data_put(): freeing
[   76.254267] ffs_data_put(): freeing
[   76.254355] ffs_data_put(): freeing
[   76.256317] file system registered
[   76.258314] unloading
[   76.268361] file system registered
[   76.270276] unloading
[   76.275013] ffs_data_put(): freeing
[   76.276767] file system registered
[   76.278293] unloading
[   76.283343] file system registered
[   76.284963] unloading
[   76.290037] ffs_data_put(): freeing
[   76.291161] file system registered
[   76.293167] unloading
[   76.299125] ffs_data_put(): freeing
[   76.300636] file system registered
[   76.302166] unloading
[   76.311008] file system registered
[   76.312016] unloading
[   76.321835] file system registered
[   76.323162] unloading
[   76.330198] file system registered
[   76.331905] unloading
[   76.350055] ffs_data_put(): freeing
[   76.350183] ffs_data_put(): freeing
[   76.352928] file system registered
[   76.355126] unloading
[   76.365107] file system registered
[   76.366956] unloading
[   76.376012] ffs_data_put(): freeing
[   76.378193] file system registered
[   76.380560] unloading
[   76.390269] ffs_data_put(): freeing
[   76.390389] ffs_data_put(): freeing
[   76.392303] file system registered
[   76.394141] unloading
[   76.403076] ffs_data_put(): freeing
[   76.406069] file system registered
[   76.408662] unloading
[   76.415978] ffs_data_put(): freeing
[   76.418075] file system registered
[   76.419879] unloading
[   76.427223] file system registered
[   76.429901] unloading
[   76.437127] file system registered
[   76.438934] unloading
[   76.444921] ffs_data_put(): freeing
[   76.446364] file system registered
[   76.447777] unloading
[   76.455978] ffs_data_put(): freeing
[   76.457295] file system registered
[   76.459121] ffs_data_put(): freeing
[   76.459651] unloading
[   76.464201] ffs_data_put(): freeing
[   76.465760] file system registered
[   76.467209] unloading
[   76.476065] ffs_data_put(): freeing
[   76.476139] ffs_data_put(): freeing
[   76.477407] file system registered
[   76.478678] unloading
[   76.485230] ffs_data_put(): freeing
[   76.485333] ffs_data_put(): freeing
[   76.486837] file system registered
[   76.488359] unloading
[   76.496205] ffs_data_put(): freeing
[   76.496732] ffs_data_put(): freeing
[   76.498155] file system registered
[   76.500024] unloading
[   76.510347] ffs_data_put(): freeing
[   76.510660] ffs_data_put(): freeing
[   76.512302] file system registered
[   76.514714] unloading
[   76.523393] ffs_data_put(): freeing
[   76.523670] ffs_data_put(): freeing
[   76.526767] file system registered
[   76.529262] unloading
[   76.539163] ffs_data_put(): freeing
[   76.540062] file system registered
[   76.542702] unloading
[   76.555279] ffs_data_put(): freeing
[   76.555369] ffs_data_put(): freeing
[   76.558963] file system registered
[   76.562674] unloading
[   76.571304] file system registered
[   76.573169] unloading
[   76.579888] ffs_data_put(): freeing
[   76.582293] file system registered
[   76.584794] unloading
[   76.592074] ffs_data_put(): freeing
[   76.594763] file system registered
[   76.596829] unloading
[   76.605104] ffs_data_put(): freeing
[   76.606857] file system registered
[   76.607805] unloading
[   76.612004] ffs_data_put(): freeing
[   76.612244] ffs_data_put(): freeing
[   76.612388] ffs_data_put(): freeing
[   76.613291] ffs_data_put(): freeing
[   76.615691] file system registered
[   76.617185] unloading
[   76.626004] file system registered
[   76.629608] ffs_data_put(): freeing
[   76.630028] unloading
[   76.639930] ffs_data_put(): freeing
[   76.640077] ffs_data_put(): freeing
[   76.640191] ffs_data_put(): freeing
[   76.640886] file system registered
[   76.642943] unloading
[   76.656328] ffs_data_put(): freeing
[   76.656772] ffs_data_put(): freeing
[   76.659756] file system registered
[   76.662807] unloading
[   76.673323] ffs_data_put(): freeing
[   76.675787] file system registered
[   76.679297] unloading
[   76.685246] ffs_data_put(): freeing
[   76.687802] file system registered
[   76.690198] unloading
[   76.697026] ffs_data_put(): freeing
[   76.697210] ffs_data_put(): freeing
[   76.697335] ffs_data_put(): freeing
[   76.701269] file system registered
[   76.705197] unloading
[   76.717361] file system registered
[   76.719228] unloading
[   76.725567] file system registered
[   76.726872] unloading
[   76.736386] file system registered
[   76.738274] unloading
[   76.744952] ffs_data_put(): freeing
[   76.746689] file system registered
[   76.748063] unloading
[   76.756013] ffs_data_put(): freeing
[   76.758299] file system registered
[   76.760401] unloading
[   76.767986] ffs_data_put(): freeing
[   76.768182] file system registered
[   76.769643] unloading
[   76.775652] file system registered
[   76.777059] unloading
[   76.783027] ffs_data_put(): freeing
[   76.783129] ffs_data_put(): freeing
[   76.785151] file system registered
[   76.786693] unloading
[   76.792041] ffs_data_put(): freeing
[   76.795949] file system registered
[   76.798403] unloading
[   76.807039] ffs_data_put(): freeing
[   76.807115] ffs_data_put(): freeing
[   76.808973] file system registered
[   76.810824] unloading
[   76.824182] ffs_data_put(): freeing
[   76.824306] ffs_data_put(): freeing
[   76.826950] file system registered
[   76.828256] unloading
[   76.839001] file system registered
[   76.842227] unloading
[   76.849003] ffs_data_put(): freeing
[   76.851153] file system registered
[   76.853907] unloading
[   76.864099] ffs_data_put(): freeing
[   76.864197] ffs_data_put(): freeing
[   76.866315] file system registered
[   76.867875] unloading
[   76.877064] ffs_data_put(): freeing
[   76.879093] file system registered
[   76.880761] unloading
[   76.885298] ffs_data_put(): freeing
[   76.888022] file system registered
[   76.890683] unloading
[   76.897378] file system registered
[   76.898943] unloading
[   76.905762] file system registered
[   76.906940] unloading
[   76.913023] ffs_data_put(): freeing
[   76.914747] file system registered
[   76.916082] unloading
[   76.922158] ffs_data_put(): freeing
[   76.922333] ffs_data_put(): freeing
[   76.923388] ffs_data_put(): freeing
[   76.924819] file system registered
[   76.926297] unloading
[   76.936123] ffs_data_put(): freeing
[   76.936249] ffs_data_put(): freeing
[   76.938262] file system registered
[   76.940671] unloading
[   76.950743] ffs_data_put(): freeing
[   76.950725] ffs_data_put(): freeing
[   76.953068] file system registered
[   76.955875] unloading
[   76.963150] ffs_data_put(): freeing
[   76.963282] ffs_data_put(): freeing
[   76.963351] ffs_data_put(): freeing
[   76.965622] file system registered
[   76.967200] ffs_data_put(): freeing
[   76.967802] unloading
[   76.976100] ffs_data_put(): freeing
[   76.976390] ffs_data_put(): freeing
[   76.976709] ffs_data_put(): freeing
[   76.978990] file system registered
[   76.981004] unloading
[   76.989267] ffs_data_put(): freeing
[   76.989779] ffs_data_put(): freeing
[   76.991616] file system registered
[   76.993199] unloading
[   77.003478] ffs_data_put(): freeing
[   77.003768] ffs_data_put(): freeing
[   77.005779] file system registered
[   77.008216] unloading
[   77.016372] ffs_data_put(): freeing
[   77.016933] ffs_data_put(): freeing
[   77.020120] file system registered
[   77.022325] unloading
[   77.030187] ffs_data_put(): freeing
[   77.030401] ffs_data_put(): freeing
[   77.030723] ffs_data_put(): freeing
[   77.033171] file system registered
[   77.035385] unloading
[   77.043282] ffs_data_put(): freeing
[   77.043731] ffs_data_put(): freeing
[   77.045358] file system registered
[   77.048320] unloading
[   77.056066] ffs_data_put(): freeing
[   77.056329] ffs_data_put(): freeing
[   77.056900] ffs_data_put(): freeing
[   77.060712] file system registered
[   77.063803] unloading
[   77.068974] ffs_data_put(): freeing
[   77.071161] file system registered
[   77.074758] unloading
[   77.083322] ffs_data_put(): freeing
[   77.086388] file system registered
[   77.089334] unloading
[   77.098271] ffs_data_put(): freeing
[   77.100438] file system registered
[   77.101866] unloading
[   77.115324] file system registered
[   77.117095] unloading
[   77.124854] ffs_data_put(): freeing
[   77.126223] file system registered
[   77.127663] unloading
[   77.132702] ffs_data_put(): freeing
[   77.132832] ffs_data_put(): freeing
[   77.133993] file system registered
[   77.135861] unloading
[   77.141647] ffs_data_put(): freeing
[   77.142805] file system registered
[   77.144008] unloading
[   77.148925] ffs_data_put(): freeing
[   77.149012] ffs_data_put(): freeing
[   77.149947] file system registered
[   77.151259] unloading
[   77.156872] ffs_data_put(): freeing
[   77.158329] file system registered
[   77.159965] unloading
[   77.166885] ffs_data_put(): freeing
[   77.167002] ffs_data_put(): freeing
[   77.168115] file system registered
[   77.169569] unloading
[   77.174638] ffs_data_put(): freeing
[   77.174741] ffs_data_put(): freeing
[   77.175916] file system registered
[   77.177128] unloading
[   77.182149] ffs_data_put(): freeing
[   77.184703] file system registered
[   77.186821] unloading
[   77.198994] file system registered
[   77.200794] unloading
[   77.209935] ffs_data_put(): freeing
[   77.210214] ffs_data_put(): freeing
[   77.211136] file system registered
[   77.211273] ffs_data_put(): freeing
[   77.212739] unloading
[   77.219263] ffs_data_put(): freeing
[   77.222866] file system registered
[   77.225173] unloading
[   77.233038] file system registered
[   77.235116] unloading
[   77.244131] ffs_data_put(): freeing
[   77.246990] file system registered
[   77.249076] unloading
[   77.258039] file system registered
[   77.259120] unloading
[   77.265116] file system registered
[   77.266678] unloading
[   77.273992] ffs_data_put(): freeing
[   77.276009] file system registered
[   77.277327] unloading
[   77.282985] ffs_data_put(): freeing
[   77.283138] ffs_data_put(): freeing
[   77.283232] ffs_data_put(): freeing
[   77.285853] file system registered
[   77.287367] unloading
[   77.294029] ffs_data_put(): freeing
[   77.296246] file system registered
[   77.298193] ffs_data_put(): freeing
[   77.298591] unloading
[   77.303726] ffs_data_put(): freeing
[   77.305380] file system registered
[   77.306992] unloading
[   77.316105] ffs_data_put(): freeing
[   77.317907] file system registered
[   77.318938] unloading
[   77.327364] file system registered
[   77.329171] unloading
[   77.340688] file system registered
[   77.341885] unloading
[   77.348728] file system registered
[   77.350034] unloading
[   77.358790] file system registered
[   77.359943] unloading
[   77.364958] ffs_data_put(): freeing
[   77.366745] file system registered
[   77.367910] unloading
[   77.378777] file system registered
[   77.379855] unloading
[   77.387391] file system registered
[   77.389082] unloading
[   77.395332] file system registered
[   77.396835] unloading
[   77.403129] ffs_data_put(): freeing
[   77.403208] ffs_data_put(): freeing
[   77.405284] file system registered
[   77.407006] unloading
[   77.416058] ffs_data_put(): freeing
[   77.418668] file system registered
[   77.420184] unloading
[   77.429024] ffs_data_put(): freeing
[   77.429118] ffs_data_put(): freeing
[   77.430421] file system registered
[   77.432632] ffs_data_put(): freeing
[   77.433011] unloading
[   77.437829] ffs_data_put(): freeing
[   77.439721] file system registered
[   77.441971] unloading
[   77.449964] ffs_data_put(): freeing
[   77.452180] file system registered
[   77.454017] unloading
[   77.464240] file system registered
[   77.466368] unloading
[   77.473004] ffs_data_put(): freeing
[   77.475725] file system registered
[   77.477296] unloading
[   77.482045] ffs_data_put(): freeing
[   77.482176] ffs_data_put(): freeing
[   77.484122] file system registered
[   77.486274] unloading
[   77.494093] ffs_data_put(): freeing
[   77.495947] file system registered
[   77.497323] unloading
[   77.503050] ffs_data_put(): freeing
[   77.503176] ffs_data_put(): freeing
[   77.505392] file system registered
[   77.506945] unloading
[   77.517328] ffs_data_put(): freeing
[   77.517428] ffs_data_put(): freeing
[   77.520408] file system registered
[   77.523141] unloading
[   77.528151] ffs_data_put(): freeing
[   77.530207] file system registered
[   77.533342] unloading
[   77.538973] ffs_data_put(): freeing
[   77.541089] file system registered
[   77.543194] unloading
[   77.552945] ffs_data_put(): freeing
[   77.553046] ffs_data_put(): freeing
[   77.554901] file system registered
[   77.557334] unloading
[   77.564195] ffs_data_put(): freeing
[   77.566740] file system registered
[   77.568788] unloading
[   77.576185] ffs_data_put(): freeing
[   77.576258] ffs_data_put(): freeing
[   77.579185] file system registered
[   77.582011] unloading
[   77.587240] ffs_data_put(): freeing
[   77.587396] ffs_data_put(): freeing
[   77.589309] file system registered
[   77.590993] unloading
[   77.600353] ffs_data_put(): freeing
[   77.600679] ffs_data_put(): freeing
[   77.603924] file system registered
[   77.606804] unloading
[   77.614913] file system registered
[   77.617211] unloading
[   77.626195] ffs_data_put(): freeing
[   77.629045] file system registered
[   77.631341] unloading
[   77.638085] ffs_data_put(): freeing
[   77.640415] file system registered
[   77.642380] unloading
[   77.648095] ffs_data_put(): freeing
[   77.648203] ffs_data_put(): freeing
[   77.650067] file system registered
[   77.651996] unloading
[   77.660199] file system registered
[   77.662033] unloading
[   77.667051] ffs_data_put(): freeing
[   77.668382] file system registered
[   77.670045] unloading
[   77.676992] file system registered
[   77.678291] unloading
[   77.683963] ffs_data_put(): freeing
[   77.684038] ffs_data_put(): freeing
[   77.685340] file system registered
[   77.687184] unloading
[   77.698146] ffs_data_put(): freeing
[   77.698304] ffs_data_put(): freeing
[   77.698406] ffs_data_put(): freeing
[   77.699811] file system registered
[   77.701300] unloading
[   77.710116] ffs_data_put(): freeing
[   77.710311] ffs_data_put(): freeing
[   77.715272] file system registered
[   77.719276] unloading
[   77.728307] ffs_data_put(): freeing
[   77.728404] ffs_data_put(): freeing
[   77.731167] file system registered
[   77.734220] unloading
[   77.740002] ffs_data_put(): freeing
[   77.740110] ffs_data_put(): freeing
[   77.742157] file system registered
[   77.744067] unloading
[   77.757031] ffs_data_put(): freeing
[   77.757242] ffs_data_put(): freeing
[   77.759979] file system registered
[   77.762210] unloading
[   77.770313] file system registered
[   77.771837] unloading
[   77.778021] ffs_data_put(): freeing
[   77.779804] file system registered
[   77.781228] unloading
[   77.787036] ffs_data_put(): freeing
[   77.788785] file system registered
[   77.790898] unloading
[   77.800206] ffs_data_put(): freeing
[   77.800323] ffs_data_put(): freeing
[   77.803300] file system registered
[   77.806883] unloading
[   77.815204] ffs_data_put(): freeing
[   77.815318] ffs_data_put(): freeing
[   77.817749] file system registered
[   77.820797] unloading
[   77.831101] ffs_data_put(): freeing
[   77.831207] ffs_data_put(): freeing
[   77.833349] file system registered
[   77.835215] unloading
[   77.847299] ffs_data_put(): freeing
[   77.848884] file system registered
[   77.850394] unloading
[   77.861106] file system registered
[   77.863151] unloading
[   77.873040] ffs_data_put(): freeing
[   77.873148] ffs_data_put(): freeing
[   77.874855] file system registered
[   77.876995] unloading
[   77.886247] ffs_data_put(): freeing
[   77.886687] ffs_data_put(): freeing
[   77.886925] ffs_data_put(): freeing
[   77.888828] file system registered
[   77.892203] unloading
[   77.902116] ffs_data_put(): freeing
[   77.902678] ffs_data_put(): freeing
[   77.902706] ffs_data_put(): freeing
[   77.904660] file system registered
[   77.907211] unloading
[   77.918781] ffs_data_put(): freeing
[   77.922721] file system registered
[   77.925940] unloading
[   77.935271] ffs_data_put(): freeing
[   77.939802] file system registered
[   77.943245] unloading
[   77.949166] ffs_data_put(): freeing
[   77.951354] file system registered
[   77.953258] unloading
[   77.963994] ffs_data_put(): freeing
[   77.964139] ffs_data_put(): freeing
[   77.966227] file system registered
[   77.968719] unloading
[   77.977088] ffs_data_put(): freeing
[   77.979758] file system registered
[   77.981351] unloading
[   77.989154] ffs_data_put(): freeing
[   77.989236] ffs_data_put(): freeing
[   77.991668] file system registered
[   77.993812] unloading
[   78.001161] ffs_data_put(): freeing
[   78.001285] ffs_data_put(): freeing
[   78.003199] file system registered
[   78.005301] unloading
[   78.013294] ffs_data_put(): freeing
[   78.015361] file system registered
[   78.017270] unloading
[   78.027095] ffs_data_put(): freeing
[   78.027233] ffs_data_put(): freeing
[   78.029115] file system registered
[   78.031286] unloading
[   78.038345] ffs_data_put(): freeing
[   78.038579] ffs_data_put(): freeing
[   78.040229] file system registered
[   78.042849] unloading
[   78.050997] ffs_data_put(): freeing
[   78.051097] ffs_data_put(): freeing
[   78.053305] file system registered
[   78.055247] unloading
[   78.063002] ffs_data_put(): freeing
[   78.064965] file system registered
[   78.067015] unloading
[   78.071113] ffs_data_put(): freeing
[   78.071298] ffs_data_put(): freeing
[   78.073717] file system registered
[   78.075275] unloading
[   78.084128] ffs_data_put(): freeing
[   78.084242] ffs_data_put(): freeing
[   78.086159] file system registered
[   78.087750] unloading
[   78.098625] ffs_data_put(): freeing
[   78.099243] ffs_data_put(): freeing
[   78.101252] file system registered
[   78.104706] unloading
[   78.110355] ffs_data_put(): freeing
[   78.112961] file system registered
[   78.115221] unloading
[   78.122302] ffs_data_put(): freeing
[   78.125699] file system registered
[   78.127786] unloading
[   78.136172] ffs_data_put(): freeing
[   78.138603] file system registered
[   78.141169] unloading
[   78.148130] ffs_data_put(): freeing
[   78.148246] ffs_data_put(): freeing
[   78.150621] file system registered
[   78.151861] unloading
[   78.164148] ffs_data_put(): freeing
[   78.164265] ffs_data_put(): freeing
[   78.165341] file system registered
[   78.167268] unloading
[   78.173119] ffs_data_put(): freeing
[   78.173745] ffs_data_put(): freeing
[   78.175177] ffs_data_put(): freeing
[   78.177185] file system registered
[   78.181103] unloading
[   78.192230] ffs_data_put(): freeing
[   78.192372] ffs_data_put(): freeing
[   78.195210] file system registered
[   78.198360] unloading
[   78.207756] file system registered
[   78.209336] unloading
[   78.219716] file system registered
[   78.221215] ffs_data_put(): freeing
[   78.221843] unloading
[   78.228983] ffs_data_put(): freeing
[   78.229209] ffs_data_put(): freeing
[   78.229294] ffs_data_put(): freeing
[   78.231251] file system registered
[   78.233164] unloading
[   78.241909] file system registered
[   78.242982] unloading
[   78.248993] ffs_data_put(): freeing
[   78.251099] file system registered
[   78.252926] unloading
[   78.258958] ffs_data_put(): freeing
[   78.259079] ffs_data_put(): freeing
[   78.261070] file system registered
[   78.263848] unloading
[   78.276080] ffs_data_put(): freeing
[   78.276183] ffs_data_put(): freeing
[   78.278076] file system registered
[   78.280219] unloading
[   78.287075] ffs_data_put(): freeing
[   78.289269] file system registered
[   78.291259] unloading
[   78.301233] file system registered
[   78.303806] unloading
[   78.313008] ffs_data_put(): freeing
[   78.313082] ffs_data_put(): freeing
[   78.315232] file system registered
[   78.316626] unloading
[   78.326058] file system registered
[   78.327677] unloading
[   78.336164] ffs_data_put(): freeing
[   78.337642] file system registered
[   78.338911] unloading
[   78.349043] ffs_data_put(): freeing
[   78.349193] ffs_data_put(): freeing
[   78.353088] file system registered
[   78.356287] unloading
[   78.361969] ffs_data_put(): freeing
[   78.364678] file system registered
[   78.366121] unloading
[   78.378046] ffs_data_put(): freeing
[   78.378214] ffs_data_put(): freeing
[   78.379777] file system registered
[   78.382681] unloading
[   78.388179] ffs_data_put(): freeing
[   78.388279] ffs_data_put(): freeing
[   78.392258] file system registered
[   78.395005] unloading
[   78.402196] file system registered
[   78.404191] unloading
[   78.410172] ffs_data_put(): freeing
[   78.410253] ffs_data_put(): freeing
[   78.411978] file system registered
[   78.413593] unloading
[   78.422095] ffs_data_put(): freeing
[   78.425031] file system registered
[   78.426736] unloading
[   78.436998] ffs_data_put(): freeing
[   78.438772] file system registered
[   78.440299] unloading
[   78.449188] ffs_data_put(): freeing
[   78.449680] ffs_data_put(): freeing
[   78.450335] ffs_data_put(): freeing
[   78.451321] file system registered
[   78.453241] unloading
[   78.458245] ffs_data_put(): freeing
[   78.458654] ffs_data_put(): freeing
[   78.458827] ffs_data_put(): freeing
[   78.461423] file system registered
[   78.463758] unloading
[   78.472316] file system registered
[   78.476019] unloading
[   78.482945] ffs_data_put(): freeing
[   78.483023] ffs_data_put(): freeing
[   78.485622] file system registered
[   78.487859] unloading
[   78.495145] ffs_data_put(): freeing
[   78.495273] ffs_data_put(): freeing
[   78.497139] file system registered
[   78.499015] unloading
[   78.505277] ffs_data_put(): freeing
[   78.505729] ffs_data_put(): freeing
[   78.505828] ffs_data_put(): freeing
[   78.507407] file system registered
[   78.509696] unloading
[   78.516052] ffs_data_put(): freeing
[   78.516350] ffs_data_put(): freeing
[   78.518574] file system registered
[   78.520418] unloading
[   78.529299] ffs_data_put(): freeing
[   78.529932] ffs_data_put(): freeing
[   78.530101] ffs_data_put(): freeing
[   78.531692] file system registered
[   78.534828] unloading
[   78.543634] ffs_data_put(): freeing
[   78.543779] ffs_data_put(): freeing
[   78.543997] ffs_data_put(): freeing
[   78.550376] file system registered
[   78.554892] unloading
[   78.561137] ffs_data_put(): freeing
[   78.564278] file system registered
[   78.566079] unloading
[   78.576251] ffs_data_put(): freeing
[   78.578960] file system registered
[   78.581820] unloading
[   78.589801] ffs_data_put(): freeing
[   78.589965] ffs_data_put(): freeing
[   78.593139] file system registered
[   78.596851] unloading
[   78.606158] file system registered
[   78.608270] unloading
[   78.614096] ffs_data_put(): freeing
[   78.616292] file system registered
[   78.618005] unloading
[   78.625952] ffs_data_put(): freeing
[   78.626039] ffs_data_put(): freeing
[   78.628269] file system registered
[   78.630108] unloading
[   78.636336] ffs_data_put(): freeing
[   78.636561] ffs_data_put(): freeing
[   78.637812] file system registered
[   78.638964] unloading
[   78.644121] ffs_data_put(): freeing
[   78.644219] ffs_data_put(): freeing
[   78.645253] file system registered
[   78.646305] unloading
[   78.654109] file system registered
[   78.655969] unloading
[   78.660968] ffs_data_put(): freeing
[   78.662899] file system registered
[   78.665048] unloading
[   78.674108] ffs_data_put(): freeing
[   78.674212] ffs_data_put(): freeing
[   78.676668] file system registered
[   78.678275] unloading
[   78.687687] file system registered
[   78.689112] unloading
[   78.693988] ffs_data_put(): freeing
[   78.694072] ffs_data_put(): freeing
[   78.695390] file system registered
[   78.696818] unloading
[   78.704074] ffs_data_put(): freeing
[   78.704173] ffs_data_put(): freeing
[   78.706097] file system registered
[   78.708217] unloading
[   78.716750] file system registered
[   78.717877] unloading
[   78.723154] file system registered
[   78.724700] unloading
[   78.736098] file system registered
[   78.737240] unloading
[   78.743019] ffs_data_put(): freeing
[   78.745047] file system registered
[   78.746969] unloading
[   78.759247] file system registered
[   78.761100] unloading
[   78.775072] ffs_data_put(): freeing
[   78.775230] ffs_data_put(): freeing
[   78.775622] ffs_data_put(): freeing
[   78.776949] file system registered
[   78.779204] unloading
[   78.788282] ffs_data_put(): freeing
[   78.788680] ffs_data_put(): freeing
[   78.790016] ffs_data_put(): freeing
[   78.792132] file system registered
[   78.795344] unloading
[   78.800294] ffs_data_put(): freeing
[   78.801937] file system registered
[   78.803053] unloading
[   78.813313] ffs_data_put(): freeing
[   78.813808] ffs_data_put(): freeing
[   78.815358] file system registered
[   78.818402] unloading
[   78.826075] ffs_data_put(): freeing
[   78.826253] ffs_data_put(): freeing
[   78.826798] ffs_data_put(): freeing
[   78.828386] file system registered
[   78.831065] unloading
[   78.837387] ffs_data_put(): freeing
[   78.837767] ffs_data_put(): freeing
[   78.839966] file system registered
[   78.842990] unloading
[   78.849768] ffs_data_put(): freeing
[   78.852259] file system registered
[   78.854240] unloading
[   78.868279] ffs_data_put(): freeing
[   78.868373] ffs_data_put(): freeing
[   78.873773] file system registered
[   78.877430] unloading
[   78.884144] ffs_data_put(): freeing
[   78.886937] file system registered
[   78.889867] unloading
[   78.897108] ffs_data_put(): freeing
[   78.900396] file system registered
[   78.902292] unloading
[   78.911104] ffs_data_put(): freeing
[   78.911188] ffs_data_put(): freeing
[   78.913037] file system registered
[   78.915225] unloading
[   78.922171] ffs_data_put(): freeing
[   78.922383] ffs_data_put(): freeing
[   78.923896] ffs_data_put(): freeing
[   78.923997] file system registered
[   78.925074] unloading
[   78.929123] ffs_data_put(): freeing
[   78.931212] file system registered
[   78.933045] unloading
[   78.939365] ffs_data_put(): freeing
[   78.940870] ffs_data_put(): freeing
[   78.941223] file system registered
[   78.943273] unloading
[   78.955781] ffs_data_put(): freeing
[   78.956340] ffs_data_put(): freeing
[   78.956772] ffs_data_put(): freeing
[   78.961378] file system registered
[   78.965355] unloading
[   78.973748] file system registered
[   78.976622] unloading
[   78.985717] file system registered
[   78.987388] unloading
[   78.993192] ffs_data_put(): freeing
[   78.993339] ffs_data_put(): freeing
[   78.996899] file system registered
[   78.999163] unloading
[   79.007202] file system registered
[   79.008987] unloading
[   79.020047] ffs_data_put(): freeing
[   79.022408] file system registered
[   79.024166] unloading
[   79.032162] ffs_data_put(): freeing
[   79.034355] file system registered
[   79.036176] unloading
[   79.041337] ffs_data_put(): freeing
[   79.041400] ffs_data_put(): freeing
[   79.044783] file system registered
[   79.046918] unloading
[   79.057020] ffs_data_put(): freeing
[   79.059221] file system registered
[   79.061032] unloading
[   79.069122] ffs_data_put(): freeing
[   79.071253] file system registered
[   79.073804] unloading
[   79.085142] file system registered
[   79.086998] unloading
[   79.096987] ffs_data_put(): freeing
[   79.099137] file system registered
[   79.101052] unloading
[   79.115348] ffs_data_put(): freeing
[   79.117397] file system registered
[   79.119115] unloading
[   79.129311] ffs_data_put(): freeing
[   79.129796] ffs_data_put(): freeing
[   79.129917] ffs_data_put(): freeing
[   79.131010] file system registered
[   79.133173] unloading
[   79.143384] ffs_data_put(): freeing
[   79.143787] ffs_data_put(): freeing
[   79.148232] file system registered
[   79.151830] unloading
[   79.160292] file system registered
[   79.162885] unloading
[   79.168129] ffs_data_put(): freeing
[   79.172041] file system registered
[   79.174964] unloading
[   79.182691] ffs_data_put(): freeing
[   79.182818] ffs_data_put(): freeing
[   79.184851] file system registered
[   79.188164] unloading
[   79.195289] file system registered
[   79.197043] unloading
[   79.201120] ffs_data_put(): freeing
[   79.201270] ffs_data_put(): freeing
[   79.201347] ffs_data_put(): freeing
[   79.204232] file system registered
[   79.206055] unloading
[   79.214364] file system registered
[   79.216214] unloading
[   79.225065] ffs_data_put(): freeing
[   79.227208] file system registered
[   79.229363] unloading
[   79.233030] ffs_data_put(): freeing
[   79.235166] file system registered
[   79.237055] unloading
[   79.243970] ffs_data_put(): freeing
[   79.245893] file system registered
[   79.246825] unloading
[   79.252948] ffs_data_put(): freeing
[   79.254885] file system registered
[   79.256263] unloading
[   79.270063] ffs_data_put(): freeing
[   79.272336] file system registered
[   79.274802] unloading
[   79.282186] ffs_data_put(): freeing
[   79.284080] file system registered
[   79.286412] unloading
[   79.292975] ffs_data_put(): freeing
[   79.295374] file system registered
[   79.297148] unloading
[   79.306129] ffs_data_put(): freeing
[   79.306332] ffs_data_put(): freeing
[   79.308032] file system registered
[   79.309960] unloading
[   79.318242] ffs_data_put(): freeing
[   79.320826] file system registered
[   79.323779] unloading
[   79.335224] ffs_data_put(): freeing
[   79.335346] ffs_data_put(): freeing
[   79.338791] file system registered
[   79.341925] unloading
[   79.354163] ffs_data_put(): freeing
[   79.359731] file system registered
[   79.362203] unloading
[   79.370985] file system registered
[   79.372652] unloading
[   79.378127] ffs_data_put(): freeing
[   79.380718] file system registered
[   79.382741] unloading
[   79.395208] ffs_data_put(): freeing
[   79.395387] ffs_data_put(): freeing
[   79.398188] file system registered
[   79.400407] unloading
[   79.411237] ffs_data_put(): freeing
[   79.414350] file system registered
[   79.416955] unloading
[   79.425260] ffs_data_put(): freeing
[   79.425900] ffs_data_put(): freeing
[   79.425905] ffs_data_put(): freeing
[   79.427883] file system registered
[   79.431075] unloading
[   79.439744] ffs_data_put(): freeing
[   79.439866] ffs_data_put(): freeing
[   79.439994] ffs_data_put(): freeing
[   79.443003] file system registered
[   79.446781] unloading
[   79.459063] file system registered
[   79.461862] unloading
[   79.469404] ffs_data_put(): freeing
[   79.471956] file system registered
[   79.474076] unloading
[   79.483897] file system registered
[   79.485211] unloading
[   79.491093] ffs_data_put(): freeing
[   79.493225] file system registered
[   79.494886] unloading
[   79.501184] ffs_data_put(): freeing
[   79.502947] file system registered
[   79.504052] unloading
[   79.510175] ffs_data_put(): freeing
[   79.511749] file system registered
[   79.513391] unloading
[   79.521029] ffs_data_put(): freeing
[   79.523290] file system registered
[   79.525351] unloading
[   79.535159] ffs_data_put(): freeing
[   79.537695] file system registered
[   79.539182] unloading
[   79.549011] ffs_data_put(): freeing
[   79.551278] file system registered
[   79.552981] unloading
[   79.565740] file system registered
[   79.567817] unloading
[   79.577382] file system registered
[   79.579802] unloading
[   79.586656] ffs_data_put(): freeing
[   79.586689] ffs_data_put(): freeing
[   79.588208] file system registered
[   79.590252] unloading
[   79.601072] file system registered
[   79.602375] unloading
[   79.615132] ffs_data_put(): freeing
[   79.615257] ffs_data_put(): freeing
[   79.617521] file system registered
[   79.619283] unloading
[   79.627988] file system registered
[   79.629126] unloading
[   79.635186] ffs_data_put(): freeing
[   79.637986] file system registered
[   79.640068] unloading
[   79.646049] ffs_data_put(): freeing
[   79.646142] ffs_data_put(): freeing
[   79.647160] file system registered
[   79.649256] unloading
[   79.655013] ffs_data_put(): freeing
[   79.657687] file system registered
[   79.660112] unloading
[   79.671187] ffs_data_put(): freeing
[   79.671295] ffs_data_put(): freeing
[   79.677739] file system registered
[   79.681128] unloading
[   79.688030] ffs_data_put(): freeing
[   79.688135] ffs_data_put(): freeing
[   79.689941] file system registered
[   79.691414] unloading
[   79.698051] ffs_data_put(): freeing
[   79.698135] ffs_data_put(): freeing
[   79.700959] file system registered
[   79.703245] unloading
[   79.712353] file system registered
[   79.714054] unloading
[   79.725136] ffs_data_put(): freeing
[   79.725373] ffs_data_put(): freeing
[   79.726010] ffs_data_put(): freeing
[   79.727247] file system registered
[   79.729359] unloading
[   79.738149] ffs_data_put(): freeing
[   79.738363] ffs_data_put(): freeing
[   79.738727] ffs_data_put(): freeing
[   79.740837] file system registered
[   79.743103] unloading
[   79.749220] ffs_data_put(): freeing
[   79.749396] ffs_data_put(): freeing
[   79.752358] file system registered
[   79.754839] unloading
[   79.766132] file system registered
[   79.768889] unloading
[   79.777866] file system registered
[   79.779968] unloading
[   79.785997] ffs_data_put(): freeing
[   79.788744] file system registered
[   79.791247] unloading
[   79.801300] ffs_data_put(): freeing
[   79.801406] ffs_data_put(): freeing
[   79.802618] file system registered
[   79.804052] unloading
[   79.810107] ffs_data_put(): freeing
[   79.810201] ffs_data_put(): freeing
[   79.812548] file system registered
[   79.814660] unloading
[   79.824103] ffs_data_put(): freeing
[   79.826862] file system registered
[   79.828279] unloading
[   79.834158] ffs_data_put(): freeing
[   79.834316] ffs_data_put(): freeing
[   79.838147] file system registered
[   79.840018] unloading
[   79.848177] ffs_data_put(): freeing
[   79.851988] file system registered
[   79.854203] unloading
[   79.863148] ffs_data_put(): freeing
[   79.865721] file system registered
[   79.867935] unloading
[   79.876000] ffs_data_put(): freeing
[   79.878026] file system registered
[   79.879928] unloading
[   79.884866] ffs_data_put(): freeing
[   79.884968] ffs_data_put(): freeing
[   79.887116] file system registered
[   79.888988] unloading
[   79.896078] ffs_data_put(): freeing
[   79.898120] file system registered
[   79.900188] unloading
[   79.908642] file system registered
[   79.910391] unloading
[   79.917987] ffs_data_put(): freeing
[   79.918117] ffs_data_put(): freeing
[   79.918204] ffs_data_put(): freeing
[   79.919780] file system registered
[   79.921632] unloading
[   79.931017] ffs_data_put(): freeing
[   79.931129] ffs_data_put(): freeing
[   79.933348] file system registered
[   79.935754] unloading
[   79.941699] ffs_data_put(): freeing
[   79.941783] ffs_data_put(): freeing
[   79.944888] file system registered
[   79.947037] unloading
[   79.952984] ffs_data_put(): freeing
[   79.955035] file system registered
[   79.957124] unloading
[   79.966886] ffs_data_put(): freeing
[   79.969306] file system registered
[   79.970983] unloading
[   79.980946] ffs_data_put(): freeing
[   79.983073] file system registered
[   79.984345] unloading
[   79.990179] ffs_data_put(): freeing
[   79.991012] file system registered
[   79.992356] unloading
[   80.002113] ffs_data_put(): freeing
[   80.002861] ffs_data_put(): freeing
[   80.004089] file system registered
[   80.005953] unloading
[   80.013155] ffs_data_put(): freeing
[   80.013423] ffs_data_put(): freeing
[   80.013657] ffs_data_put(): freeing
[   80.015343] file system registered
[   80.018362] unloading
[   80.025693] ffs_data_put(): freeing
[   80.028127] file system registered
[   80.031678] unloading
[   80.040985] ffs_data_put(): freeing
[   80.041077] ffs_data_put(): freeing
[   80.043298] file system registered
[   80.045184] unloading
[   80.055013] ffs_data_put(): freeing
[   80.056696] file system registered
[   80.058213] unloading
[   80.064181] ffs_data_put(): freeing
[   80.066977] file system registered
[   80.069343] unloading
[   80.078063] ffs_data_put(): freeing
[   80.078219] ffs_data_put(): freeing
[   80.080296] file system registered
[   80.081863] unloading
[   80.088074] ffs_data_put(): freeing
[   80.090099] file system registered
[   80.092034] unloading
[   80.103765] file system registered
[   80.105284] unloading
[   80.112713] file system registered
[   80.114236] unloading
[   80.123027] ffs_data_put(): freeing
[   80.123130] ffs_data_put(): freeing
[   80.125030] file system registered
[   80.126759] unloading
[   80.132136] ffs_data_put(): freeing
[   80.132279] ffs_data_put(): freeing
[   80.132374] ffs_data_put(): freeing
[   80.134407] file system registered
[   80.136122] unloading
[   80.152214] ffs_data_put(): freeing
[   80.152345] ffs_data_put(): freeing
[   80.155254] file system registered
[   80.157758] unloading
[   80.166157] ffs_data_put(): freeing
[   80.166310] ffs_data_put(): freeing
[   80.168260] file system registered
[   80.170178] unloading
[   80.181859] ffs_data_put(): freeing
[   80.184659] file system registered
[   80.185912] unloading
[   80.198034] ffs_data_put(): freeing
[   80.198324] ffs_data_put(): freeing
[   80.201378] file system registered
[   80.203741] unloading
[   80.211234] ffs_data_put(): freeing
[   80.211840] ffs_data_put(): freeing
[   80.212030] ffs_data_put(): freeing
[   80.214268] file system registered
[   80.216285] unloading
[   80.226439] ffs_data_put(): freeing
[   80.230056] file system registered
[   80.232864] unloading
[   80.239339] ffs_data_put(): freeing
[   80.241397] file system registered
[   80.243145] ffs_data_put(): freeing
[   80.244051] unloading
[   80.254355] ffs_data_put(): freeing
[   80.255223] ffs_data_put(): freeing
[   80.256380] file system registered
[   80.259879] unloading
[   80.267145] ffs_data_put(): freeing
[   80.267237] ffs_data_put(): freeing
[   80.269822] file system registered
[   80.273049] unloading
[   80.281115] ffs_data_put(): freeing
[   80.281225] ffs_data_put(): freeing
[   80.281366] ffs_data_put(): freeing
[   80.284840] file system registered
[   80.288392] unloading
[   80.297129] file system registered
[   80.299225] unloading
[   80.307298] ffs_data_put(): freeing
[   80.307394] ffs_data_put(): freeing
[   80.310156] file system registered
[   80.314294] unloading
[   80.324421] ffs_data_put(): freeing
[   80.327051] file system registered
[   80.328996] unloading
[   80.338257] ffs_data_put(): freeing
[   80.340756] file system registered
[   80.342313] unloading
[   80.350984] file system registered
[   80.352387] unloading
[   80.358289] ffs_data_put(): freeing
[   80.360348] file system registered
[   80.362215] unloading
[   80.373377] file system registered
[   80.374928] unloading
[   80.386373] file system registered
[   80.388381] unloading
[   80.394034] ffs_data_put(): freeing
[   80.394125] ffs_data_put(): freeing
[   80.395863] file system registered
[   80.397122] unloading
[   80.404948] ffs_data_put(): freeing
[   80.405101] ffs_data_put(): freeing
[   80.405240] ffs_data_put(): freeing
[   80.405339] ffs_data_put(): freeing
[   80.405978] file system registered
[   80.407252] unloading
[   80.413051] ffs_data_put(): freeing
[   80.413248] ffs_data_put(): freeing
[   80.413654] ffs_data_put(): freeing
[   80.413713] ffs_data_put(): freeing
[   80.415747] file system registered
[   80.417359] unloading
[   80.431348] ffs_data_put(): freeing
[   80.433639] file system registered
[   80.435357] unloading
[   80.447030] ffs_data_put(): freeing
[   80.447176] ffs_data_put(): freeing
[   80.450109] file system registered
[   80.452671] unloading
[   80.466139] ffs_data_put(): freeing
[   80.466400] ffs_data_put(): freeing
[   80.467052] ffs_data_put(): freeing
[   80.470046] file system registered
[   80.473985] unloading
[   80.482907] ffs_data_put(): freeing
[   80.484382] ffs_data_put(): freeing
[   80.487151] file system registered
[   80.490410] unloading
[   80.499185] ffs_data_put(): freeing
[   80.499414] ffs_data_put(): freeing
[   80.503068] file system registered
[   80.507173] unloading
[   80.516238] ffs_data_put(): freeing
[   80.519379] file system registered
[   80.522165] unloading
[   80.533254] ffs_data_put(): freeing
[   80.534660] file system registered
[   80.536162] unloading
[   80.546182] ffs_data_put(): freeing
[   80.546309] ffs_data_put(): freeing
[   80.548844] file system registered
[   80.550699] unloading
[   80.560917] ffs_data_put(): freeing
[   80.562769] file system registered
[   80.565959] unloading
[   80.571156] ffs_data_put(): freeing
[   80.571335] ffs_data_put(): freeing
[   80.574140] file system registered
[   80.576690] unloading
[   80.585207] ffs_data_put(): freeing
[   80.587249] file system registered
[   80.588965] unloading
[   80.596915] file system registered
[   80.599027] unloading
[   80.607983] ffs_data_put(): freeing
[   80.608092] ffs_data_put(): freeing
[   80.609988] file system registered
[   80.615301] unloading
[   80.621012] ffs_data_put(): freeing
[   80.623024] file system registered
[   80.624922] ffs_data_put(): freeing
[   80.625142] unloading
[   80.630351] ffs_data_put(): freeing
[   80.630754] ffs_data_put(): freeing
[   80.631805] file system registered
[   80.632978] unloading
[   80.641989] ffs_data_put(): freeing
[   80.642080] ffs_data_put(): freeing
[   80.643862] file system registered
[   80.644905] unloading
[   80.654169] ffs_data_put(): freeing
[   80.656831] file system registered
[   80.659000] unloading
[   80.668241] ffs_data_put(): freeing
[   80.671398] file system registered
[   80.673702] unloading
[   80.681927] ffs_data_put(): freeing
[   80.683105] file system registered
[   80.684760] unloading
[   80.693007] ffs_data_put(): freeing
[   80.693141] ffs_data_put(): freeing
[   80.695385] file system registered
[   80.697682] unloading
[   80.705274] ffs_data_put(): freeing
[   80.708081] file system registered
[   80.710793] unloading
[   80.719376] ffs_data_put(): freeing
[   80.721637] file system registered
[   80.723260] unloading
[   80.732130] file system registered
[   80.734261] unloading
[   80.739987] ffs_data_put(): freeing
[   80.740245] ffs_data_put(): freeing
[   80.740233] ffs_data_put(): freeing
[   80.742186] file system registered
[   80.744038] unloading
[   80.754039] ffs_data_put(): freeing
[   80.756142] file system registered
[   80.758258] unloading
[   80.765028] ffs_data_put(): freeing
[   80.765170] ffs_data_put(): freeing
[   80.765295] ffs_data_put(): freeing
[   80.766347] file system registered
[   80.768156] unloading
[   80.777304] ffs_data_put(): freeing
[   80.777611] ffs_data_put(): freeing
[   80.777725] ffs_data_put(): freeing
[   80.779250] file system registered
[   80.782112] unloading
[   80.788327] ffs_data_put(): freeing
[   80.788864] ffs_data_put(): freeing
[   80.791303] file system registered
[   80.793668] unloading
[   80.803265] file system registered
[   80.805153] unloading
[   80.815089] ffs_data_put(): freeing
[   80.816800] file system registered
[   80.818698] unloading
[   80.825536] ffs_data_put(): freeing
[   80.828168] file system registered
[   80.830134] unloading
[   80.839594] file system registered
[   80.841006] unloading
[   80.849150] ffs_data_put(): freeing
[   80.851555] file system registered
[   80.853801] unloading
[   80.864096] ffs_data_put(): freeing
[   80.864273] ffs_data_put(): freeing
[   80.864369] ffs_data_put(): freeing
[   80.865768] file system registered
[   80.867008] unloading
[   80.876224] ffs_data_put(): freeing
[   80.876585] ffs_data_put(): freeing
[   80.876805] ffs_data_put(): freeing
[   80.877004] ffs_data_put(): freeing
[   80.877874] file system registered
[   80.879910] unloading
[   80.886133] ffs_data_put(): freeing
[   80.886337] ffs_data_put(): freeing
[   80.886616] ffs_data_put(): freeing
[   80.889375] file system registered
[   80.892109] unloading
[   80.903094] file system registered
[   80.906006] unloading
[   80.912375] file system registered
[   80.914083] unloading
[   80.922005] file system registered
[   80.924051] unloading
[   80.933052] ffs_data_put(): freeing
[   80.935391] file system registered
[   80.938197] unloading
[   80.946642] file system registered
[   80.947754] unloading
[   80.957106] file system registered
[   80.958654] unloading
[   80.963936] ffs_data_put(): freeing
[   80.966184] file system registered
[   80.968019] unloading
[   80.973011] ffs_data_put(): freeing
[   80.975776] file system registered
[   80.976964] unloading
[   80.984209] file system registered
[   80.985914] unloading
[   80.992025] ffs_data_put(): freeing
[   80.995336] file system registered
[   80.997091] unloading
[   81.005000] ffs_data_put(): freeing
[   81.006986] file system registered
[   81.008785] unloading
[   81.014089] ffs_data_put(): freeing
[   81.014155] ffs_data_put(): freeing
[   81.015369] file system registered
[   81.016783] unloading
[   81.022985] ffs_data_put(): freeing
[   81.023037] ffs_data_put(): freeing
[   81.024369] file system registered
[   81.026017] unloading
[   81.032107] ffs_data_put(): freeing
[   81.032280] ffs_data_put(): freeing
[   81.034686] file system registered
[   81.036059] unloading
[   81.044319] file system registered
[   81.046052] unloading
[   81.052069] ffs_data_put(): freeing
[   81.054203] file system registered
[   81.055843] unloading
[   81.064931] ffs_data_put(): freeing
[   81.067373] file system registered
[   81.068791] unloading
[   81.075150] ffs_data_put(): freeing
[   81.078260] file system registered
[   81.079748] unloading
[   81.088700] file system registered
[   81.090376] unloading
[   81.100108] ffs_data_put(): freeing
[   81.100221] ffs_data_put(): freeing
[   81.102991] file system registered
[   81.105323] unloading
[   81.114885] file system registered
[   81.116662] unloading
[   81.124384] ffs_data_put(): freeing
[   81.125866] file system registered
[   81.127209] unloading
[   81.134969] ffs_data_put(): freeing
[   81.137221] file system registered
[   81.138873] unloading
[   81.149082] ffs_data_put(): freeing
[   81.149205] ffs_data_put(): freeing
[   81.153287] file system registered
[   81.156667] unloading
[   81.165310] ffs_data_put(): freeing
[   81.167181] file system registered
[   81.170099] unloading
[   81.178225] ffs_data_put(): freeing
[   81.178392] ffs_data_put(): freeing
[   81.182010] file system registered
[   81.185778] unloading
[   81.191324] ffs_data_put(): freeing
[   81.193404] file system registered
[   81.194765] unloading
[   81.200338] ffs_data_put(): freeing
[   81.202301] file system registered
[   81.203783] unloading
[   81.210966] ffs_data_put(): freeing
[   81.211096] ffs_data_put(): freeing
[   81.212146] file system registered
[   81.213295] unloading
[   81.219165] ffs_data_put(): freeing
[   81.219240] ffs_data_put(): freeing
[   81.221683] file system registered
[   81.223702] unloading
[   81.229366] ffs_data_put(): freeing
[   81.231372] file system registered
[   81.233349] unloading
[   81.244273] file system registered
[   81.247183] unloading
[   81.256254] ffs_data_put(): freeing
[   81.256342] ffs_data_put(): freeing
[   81.258085] file system registered
[   81.259310] unloading
[   81.264789] ffs_data_put(): freeing
[   81.266497] file system registered
[   81.268840] unloading
[   81.277134] file system registered
[   81.278880] unloading
[   81.287018] ffs_data_put(): freeing
[   81.287143] ffs_data_put(): freeing
[   81.288876] file system registered
[   81.290960] unloading
[   81.296079] ffs_data_put(): freeing
[   81.296685] ffs_data_put(): freeing
[   81.298306] file system registered
[   81.301391] ffs_data_put(): freeing
[   81.302104] unloading
[   81.316114] ffs_data_put(): freeing
[   81.318981] file system registered
[   81.320686] unloading
[   81.329126] file system registered
[   81.331000] unloading
[   81.340893] file system registered
[   81.342325] unloading
[   81.351100] ffs_data_put(): freeing
[   81.353120] file system registered
[   81.355107] unloading
[   81.362015] file system registered
[   81.363329] unloading
[   81.371006] file system registered
[   81.372827] unloading
[   81.378998] ffs_data_put(): freeing
[   81.380693] file system registered
[   81.381825] unloading
[   81.391758] file system registered
[   81.393232] ffs_data_put(): freeing
[   81.393342] unloading
[   81.399061] ffs_data_put(): freeing
[   81.400093] file system registered
[   81.401663] unloading
[   81.406033] ffs_data_put(): freeing
[   81.406132] ffs_data_put(): freeing
[   81.408172] file system registered
[   81.409699] unloading
[   81.415969] ffs_data_put(): freeing
[   81.416118] ffs_data_put(): freeing
[   81.416207] ffs_data_put(): freeing
[   81.418304] file system registered
[   81.420310] unloading
[   81.430901] file system registered
[   81.433004] unloading
[   81.442119] ffs_data_put(): freeing
[   81.442213] ffs_data_put(): freeing
[   81.443882] file system registered
[   81.445592] unloading
[   81.453007] file system registered
[   81.454898] unloading
[   81.462855] file system registered
[   81.464988] unloading
[   81.475102] ffs_data_put(): freeing
[   81.475295] ffs_data_put(): freeing
[   81.475381] ffs_data_put(): freeing
[   81.476739] file system registered
[   81.478362] unloading
[   81.487123] ffs_data_put(): freeing
[   81.487343] ffs_data_put(): freeing
[   81.489217] file system registered
[   81.491467] unloading
[   81.500168] ffs_data_put(): freeing
[   81.502705] file system registered
[   81.505238] unloading
[   81.513255] ffs_data_put(): freeing
[   81.513616] ffs_data_put(): freeing
[   81.515093] file system registered
[   81.517324] unloading
[   81.525217] ffs_data_put(): freeing
[   81.525798] ffs_data_put(): freeing
[   81.525960] ffs_data_put(): freeing
[   81.527206] file system registered
[   81.529338] unloading
[   81.538113] ffs_data_put(): freeing
[   81.538327] ffs_data_put(): freeing
[   81.539266] file system registered
[   81.540912] unloading
[   81.546041] ffs_data_put(): freeing
[   81.548331] file system registered
[   81.550318] unloading
[   81.555242] ffs_data_put(): freeing
[   81.557412] file system registered
[   81.559132] unloading
[   81.569133] ffs_data_put(): freeing
[   81.571976] file system registered
[   81.574231] unloading
[   81.583012] ffs_data_put(): freeing
[   81.583163] ffs_data_put(): freeing
[   81.585653] file system registered
[   81.587146] unloading
[   81.596177] ffs_data_put(): freeing
[   81.598422] file system registered
[   81.600132] unloading
[   81.607053] ffs_data_put(): freeing
[   81.610261] file system registered
[   81.612824] unloading
[   81.620005] ffs_data_put(): freeing
[   81.620132] ffs_data_put(): freeing
[   81.622676] file system registered
[   81.625394] unloading
[   81.634049] ffs_data_put(): freeing
[   81.636350] file system registered
[   81.638241] unloading
[   81.643819] file system registered
[   81.645200] unloading
[   81.655718] file system registered
[   81.657027] unloading
[   81.661968] ffs_data_put(): freeing
[   81.662064] ffs_data_put(): freeing
[   81.664122] file system registered
[   81.665641] unloading
[   81.676056] file system registered
[   81.678286] unloading
[   81.687953] ffs_data_put(): freeing
[   81.688072] ffs_data_put(): freeing
[   81.690779] file system registered
[   81.692287] unloading
[   81.698003] ffs_data_put(): freeing
[   81.701665] file system registered
[   81.703315] unloading
[   81.708995] ffs_data_put(): freeing
[   81.710785] file system registered
[   81.712197] unloading
[   81.719056] ffs_data_put(): freeing
[   81.720825] file system registered
[   81.722180] unloading
[   81.728109] ffs_data_put(): freeing
[   81.728263] ffs_data_put(): freeing
[   81.728387] ffs_data_put(): freeing
[   81.729250] file system registered
[   81.730870] unloading
[   81.734935] ffs_data_put(): freeing
[   81.735082] ffs_data_put(): freeing
[   81.735252] ffs_data_put(): freeing
[   81.735391] ffs_data_put(): freeing
[   81.736335] file system registered
[   81.737922] unloading
[   81.744593] ffs_data_put(): freeing
[   81.744778] ffs_data_put(): freeing
[   81.744952] ffs_data_put(): freeing
[   81.745055] ffs_data_put(): freeing
[   81.746290] file system registered
[   81.747923] unloading
[   81.758182] file system registered
[   81.760136] unloading
[   81.771210] file system registered
[   81.773111] unloading
[   81.785076] ffs_data_put(): freeing
[   81.787947] file system registered
[   81.790757] unloading
[   81.799351] file system registered
[   81.801191] unloading
[   81.806987] ffs_data_put(): freeing
[   81.809241] file system registered
[   81.810984] unloading
[   81.822003] ffs_data_put(): freeing
[   81.822088] ffs_data_put(): freeing
[   81.824903] file system registered
[   81.827171] unloading
[   81.840175] ffs_data_put(): freeing
[   81.840598] ffs_data_put(): freeing
[   81.840774] ffs_data_put(): freeing
[   81.842937] file system registered
[   81.846114] unloading
[   81.852261] ffs_data_put(): freeing
[   81.855393] file system registered
[   81.858116] unloading
[   81.867716] file system registered
[   81.869298] unloading
[   81.875768] file system registered
[   81.877594] unloading
[   81.885077] ffs_data_put(): freeing
[   81.886778] file system registered
[   81.887968] unloading
[   81.894005] ffs_data_put(): freeing
[   81.895221] file system registered
[   81.896812] unloading
[   81.905022] ffs_data_put(): freeing
[   81.905109] ffs_data_put(): freeing
[   81.906986] file system registered
[   81.908810] unloading
[   81.921133] file system registered
[   81.922404] unloading
[   81.928948] ffs_data_put(): freeing
[   81.930943] file system registered
[   81.932313] ffs_data_put(): freeing
[   81.934124] ffs_data_put(): freeing
[   81.934980] unloading
[   81.939936] ffs_data_put(): freeing
[   81.940124] ffs_data_put(): freeing
[   81.940211] ffs_data_put(): freeing
[   81.941751] file system registered
[   81.943025] unloading
[   81.948012] ffs_data_put(): freeing
[   81.948079] ffs_data_put(): freeing
[   81.950292] file system registered
[   81.951915] unloading
[   81.960952] ffs_data_put(): freeing
[   81.962378] file system registered
[   81.964169] unloading
[   81.974062] file system registered
[   81.975814] unloading
[   81.985033] ffs_data_put(): freeing
[   81.985176] ffs_data_put(): freeing
[   81.985264] ffs_data_put(): freeing
[   81.987254] file system registered
[   81.988997] ffs_data_put(): freeing
[   81.989121] unloading
[   81.996015] ffs_data_put(): freeing
[   81.997370] file system registered
[   81.999304] unloading
[   82.010226] ffs_data_put(): freeing
[   82.012174] file system registered
[   82.014192] unloading
[   82.019957] ffs_data_put(): freeing
[   82.022766] file system registered
[   82.024271] unloading
[   82.030269] ffs_data_put(): freeing
[   82.030901] ffs_data_put(): freeing
[   82.032264] file system registered
[   82.033912] unloading
[   82.046179] ffs_data_put(): freeing
[   82.046322] ffs_data_put(): freeing
[   82.049148] file system registered
[   82.052290] unloading
[   82.061781] file system registered
[   82.065311] unloading
[   82.070065] ffs_data_put(): freeing
[   82.072257] file system registered
[   82.074881] unloading
[   82.081371] ffs_data_put(): freeing
[   82.081943] ffs_data_put(): freeing
[   82.083995] file system registered
[   82.086215] unloading
[   82.094976] file system registered
[   82.096265] unloading
[   82.102621] ffs_data_put(): freeing
[   82.102746] ffs_data_put(): freeing
[   82.104165] file system registered
[   82.105702] unloading
[   82.114120] ffs_data_put(): freeing
[   82.114227] ffs_data_put(): freeing
[   82.115890] file system registered
[   82.118325] ffs_data_put(): freeing
[   82.118551] unloading
[   82.125240] ffs_data_put(): freeing
[   82.125673] ffs_data_put(): freeing
[   82.125672] ffs_data_put(): freeing
[   82.126763] file system registered
[   82.128327] unloading
[   82.135303] ffs_data_put(): freeing
[   82.135707] ffs_data_put(): freeing
[   82.135774] ffs_data_put(): freeing
[   82.137822] file system registered
[   82.140800] unloading
[   82.147054] ffs_data_put(): freeing
[   82.147233] ffs_data_put(): freeing
[   82.147666] ffs_data_put(): freeing
[   82.147668] ffs_data_put(): freeing
[   82.150103] file system registered
[   82.153052] unloading
[   82.159759] file system registered
[   82.162260] unloading
[   82.167034] ffs_data_put(): freeing
[   82.168976] file system registered
[   82.170903] unloading
[   82.181122] ffs_data_put(): freeing
[   82.184411] file system registered
[   82.187080] unloading
[   82.192004] ffs_data_put(): freeing
[   82.194033] file system registered
[   82.196025] unloading
[   82.205934] ffs_data_put(): freeing
[   82.208033] file system registered
[   82.211016] unloading
[   82.218017] ffs_data_put(): freeing
[   82.220100] file system registered
[   82.222061] unloading
[   82.229052] ffs_data_put(): freeing
[   82.229161] ffs_data_put(): freeing
[   82.231661] file system registered
[   82.233862] unloading
[   82.240929] ffs_data_put(): freeing
[   82.243339] file system registered
[   82.245796] unloading
[   82.258602] ffs_data_put(): freeing
[   82.260023] file system registered
[   82.262165] unloading
[   82.269617] file system registered
[   82.271067] unloading
[   82.277058] ffs_data_put(): freeing
[   82.277161] ffs_data_put(): freeing
[   82.279088] file system registered
[   82.281725] unloading
[   82.289038] ffs_data_put(): freeing
[   82.290942] file system registered
[   82.292224] unloading
[   82.302389] file system registered
[   82.303872] unloading
[   82.312186] file system registered
[   82.313860] unloading
[   82.319044] ffs_data_put(): freeing
[   82.319169] ffs_data_put(): freeing
[   82.319263] ffs_data_put(): freeing
[   82.320454] file system registered
[   82.322122] unloading
[   82.331980] ffs_data_put(): freeing
[   82.332129] ffs_data_put(): freeing
[   82.332195] ffs_data_put(): freeing
[   82.335154] file system registered
[   82.338202] unloading
[   82.344278] ffs_data_put(): freeing
[   82.346332] file system registered
[   82.348631] unloading
[   82.357782] file system registered
[   82.359271] unloading
[   82.365028] ffs_data_put(): freeing
[   82.365158] ffs_data_put(): freeing
[   82.366733] file system registered
[   82.368127] unloading
[   82.378233] ffs_data_put(): freeing
[   82.378353] ffs_data_put(): freeing
[   82.381308] file system registered
[   82.383206] unloading
[   82.396025] ffs_data_put(): freeing
[   82.398075] file system registered
[   82.400309] unloading
[   82.405019] ffs_data_put(): freeing
[   82.405116] ffs_data_put(): freeing
[   82.407623] file system registered
[   82.408770] unloading
[   82.417971] file system registered
[   82.420649] unloading
[   82.427917] ffs_data_put(): freeing
[   82.429453] file system registered
[   82.431004] unloading
[   82.442385] file system registered
[   82.444059] unloading
[   82.452297] file system registered
[   82.453814] unloading
[   82.459142] file system registered
[   82.460785] unloading
[   82.467878] file system registered
[   82.469704] unloading
[   82.475995] ffs_data_put(): freeing
[   82.476111] ffs_data_put(): freeing
[   82.478205] file system registered
[   82.479971] unloading
[   82.487964] ffs_data_put(): freeing
[   82.488222] ffs_data_put(): freeing
[   82.488305] ffs_data_put(): freeing
[   82.489387] file system registered
[   82.491257] unloading
[   82.501246] ffs_data_put(): freeing
[   82.501779] ffs_data_put(): freeing
[   82.502205] ffs_data_put(): freeing
[   82.503422] file system registered
[   82.505237] unloading
[   82.511213] ffs_data_put(): freeing
[   82.511742] ffs_data_put(): freeing
[   82.514809] file system registered
[   82.517787] unloading
[   82.524379] ffs_data_put(): freeing
[   82.526867] file system registered
[   82.529790] unloading
[   82.535271] ffs_data_put(): freeing
[   82.537303] file system registered
[   82.540018] unloading
[   82.548205] ffs_data_put(): freeing
[   82.550199] file system registered
[   82.552109] unloading
[   82.559204] ffs_data_put(): freeing
[   82.559365] ffs_data_put(): freeing
[   82.560349] ffs_data_put(): freeing
[   82.561313] file system registered
[   82.562824] unloading
[   82.570199] ffs_data_put(): freeing
[   82.570298] ffs_data_put(): freeing
[   82.573300] file system registered
[   82.575379] unloading
[   82.585294] ffs_data_put(): freeing
[   82.585593] ffs_data_put(): freeing
[   82.589681] file system registered
[   82.592097] unloading
[   82.598229] file system registered
[   82.600216] unloading
[   82.606808] file system registered
[   82.608115] unloading
[   82.613054] ffs_data_put(): freeing
[   82.615624] file system registered
[   82.617016] unloading
[   82.626013] ffs_data_put(): freeing
[   82.626137] ffs_data_put(): freeing
[   82.628127] file system registered
[   82.630168] unloading
[   82.648097] ffs_data_put(): freeing
[   82.648742] ffs_data_put(): freeing
[   82.649830] file system registered
[   82.652317] unloading
[   82.661066] ffs_data_put(): freeing
[   82.661329] ffs_data_put(): freeing
[   82.662366] file system registered
[   82.664350] unloading
[   82.670210] ffs_data_put(): freeing
[   82.673199] file system registered
[   82.675083] unloading
[   82.687039] ffs_data_put(): freeing
[   82.687186] ffs_data_put(): freeing
[   82.689011] file system registered
[   82.691183] unloading
[   82.701730] file system registered
[   82.705248] unloading
[   82.710990] ffs_data_put(): freeing
[   82.711099] ffs_data_put(): freeing
[   82.713049] file system registered
[   82.714819] ffs_data_put(): freeing
[   82.714897] unloading
[   82.723071] ffs_data_put(): freeing
[   82.725029] file system registered
[   82.727233] unloading
[   82.735163] ffs_data_put(): freeing
[   82.738099] file system registered
[   82.740034] unloading
[   82.747932] ffs_data_put(): freeing
[   82.749768] file system registered
[   82.751190] unloading
[   82.762945] ffs_data_put(): freeing
[   82.763050] ffs_data_put(): freeing
[   82.763159] ffs_data_put(): freeing
[   82.763990] ffs_data_put(): freeing
[   82.765265] file system registered
[   82.767657] unloading
[   82.773100] ffs_data_put(): freeing
[   82.776131] file system registered
[   82.778309] unloading
[   82.787148] ffs_data_put(): freeing
[   82.788839] file system registered
[   82.790216] unloading
[   82.796164] ffs_data_put(): freeing
[   82.798317] file system registered
[   82.799972] unloading
[   82.805307] ffs_data_put(): freeing
[   82.807792] file system registered
[   82.809235] unloading
[   82.816107] ffs_data_put(): freeing
[   82.818184] file system registered
[   82.819925] unloading
[   82.836269] ffs_data_put(): freeing
[   82.836413] ffs_data_put(): freeing
[   82.839930] file system registered
[   82.842419] unloading
[   82.853018] ffs_data_put(): freeing
[   82.854252] file system registered
[   82.855869] unloading
[   82.862324] ffs_data_put(): freeing
[   82.863892] file system registered
[   82.865556] unloading
[   82.870250] ffs_data_put(): freeing
[   82.872816] file system registered
[   82.875246] unloading
[   82.883074] ffs_data_put(): freeing
[   82.885411] file system registered
[   82.887372] unloading
[   82.895181] ffs_data_put(): freeing
[   82.897304] file system registered
[   82.899023] unloading
[   82.906905] ffs_data_put(): freeing
[   82.909166] file system registered
[   82.910871] unloading
[   82.918844] file system registered
[   82.920091] unloading
[   82.925979] ffs_data_put(): freeing
[   82.927263] file system registered
[   82.928775] unloading
[   82.933933] ffs_data_put(): freeing
[   82.936006] file system registered
[   82.937029] unloading
[   82.942893] ffs_data_put(): freeing
[   82.942963] ffs_data_put(): freeing
[   82.944333] file system registered
[   82.946097] unloading
[   82.956281] file system registered
[   82.958058] unloading
[   82.972007] ffs_data_put(): freeing
[   82.972124] ffs_data_put(): freeing
[   82.974397] file system registered
[   82.975975] unloading
[   82.982118] ffs_data_put(): freeing
[   82.983960] file system registered
[   82.985119] unloading
[   82.994363] file system registered
[   82.996868] unloading
[   83.007089] file system registered
[   83.008811] unloading
[   83.015433] file system registered
[   83.016997] unloading
[   83.023011] ffs_data_put(): freeing
[   83.024916] file system registered
[   83.026088] unloading
[   83.030923] ffs_data_put(): freeing
[   83.032631] file system registered
[   83.033340] unloading
[   83.039005] ffs_data_put(): freeing
[   83.040877] file system registered
[   83.042328] unloading
[   83.048995] ffs_data_put(): freeing
[   83.049096] ffs_data_put(): freeing
[   83.050099] file system registered
[   83.051721] unloading
[   83.058135] ffs_data_put(): freeing
[   83.059281] file system registered
[   83.060220] unloading
[   83.067402] file system registered
[   83.067740] ffs_data_put(): freeing
[   83.069043] unloading
[   83.076060] ffs_data_put(): freeing
[   83.077374] file system registered
[   83.079005] unloading
[   83.084965] ffs_data_put(): freeing
[   83.087745] file system registered
[   83.089301] unloading
[   83.095916] ffs_data_put(): freeing
[   83.097949] file system registered
[   83.099247] unloading
[   83.104057] ffs_data_put(): freeing
[   83.107035] file system registered
[   83.108353] unloading
[   83.113972] file system registered
[   83.115295] unloading
[   83.123142] file system registered
[   83.124233] unloading
[   83.131001] ffs_data_put(): freeing
[   83.133112] file system registered
[   83.135964] unloading
[   83.145863] ffs_data_put(): freeing
[   83.145957] ffs_data_put(): freeing
[   83.147179] file system registered
[   83.149050] unloading
[   83.154291] ffs_data_put(): freeing
[   83.154323] ffs_data_put(): freeing
[   83.154394] ffs_data_put(): freeing
[   83.155906] file system registered
[   83.157376] unloading
[   83.163882] ffs_data_put(): freeing
[   83.164035] ffs_data_put(): freeing
[   83.165805] file system registered
[   83.166967] unloading
[   83.174031] ffs_data_put(): freeing
[   83.174291] ffs_data_put(): freeing
[   83.174795] ffs_data_put(): freeing
[   83.175667] file system registered
[   83.177254] unloading
[   83.183136] ffs_data_put(): freeing
[   83.183213] ffs_data_put(): freeing
[   83.185651] file system registered
[   83.188741] unloading
[   83.198328] file system registered
[   83.201341] ffs_data_put(): freeing
[   83.201881] unloading
[   83.214274] ffs_data_put(): freeing
[   83.214379] ffs_data_put(): freeing
[   83.216322] file system registered
[   83.218081] unloading
[   83.224277] ffs_data_put(): freeing
[   83.226803] file system registered
[   83.226812] ffs_data_put(): freeing
[   83.228876] unloading
[   83.235417] file system registered
[   83.239203] unloading
[   83.245740] ffs_data_put(): freeing
[   83.245851] ffs_data_put(): freeing
[   83.248782] file system registered
[   83.250782] unloading
[   83.261817] file system registered
[   83.263592] unloading
[   83.273714] file system registered
[   83.274938] unloading
[   83.282574] file system registered
[   83.283854] unloading
[   83.291280] file system registered
[   83.293377] unloading
[   83.300000] file system registered
[   83.300965] unloading
[   83.309068] ffs_data_put(): freeing
[   83.311561] file system registered
[   83.312747] unloading
[   83.318006] ffs_data_put(): freeing
[   83.319873] file system registered
[   83.321601] unloading
[   83.327100] ffs_data_put(): freeing
[   83.328660] file system registered
[   83.329954] unloading
[   83.342169] ffs_data_put(): freeing
[   83.342592] ffs_data_put(): freeing
[   83.342840] ffs_data_put(): freeing
[   83.344213] file system registered
[   83.346033] unloading
[   83.353296] ffs_data_put(): freeing
[   83.353754] ffs_data_put(): freeing
[   83.353928] ffs_data_put(): freeing
[   83.355866] file system registered
[   83.358171] unloading
[   83.365152] ffs_data_put(): freeing
[   83.365755] ffs_data_put(): freeing
[   83.365991] ffs_data_put(): freeing
[   83.366719] file system registered
[   83.368396] unloading
[   83.376245] ffs_data_put(): freeing
[   83.376353] ffs_data_put(): freeing
[   83.377893] file system registered
[   83.380357] unloading
[   83.387276] ffs_data_put(): freeing
[   83.387645] ffs_data_put(): freeing
[   83.387854] ffs_data_put(): freeing
[   83.388967] file system registered
[   83.390327] unloading
[   83.394371] ffs_data_put(): freeing
[   83.394553] ffs_data_put(): freeing
[   83.396736] file system registered
[   83.398591] unloading
[   83.407258] ffs_data_put(): freeing
[   83.409777] file system registered
[   83.411270] unloading
[   83.421177] ffs_data_put(): freeing
[   83.424383] file system registered
[   83.427991] unloading
[   83.437065] ffs_data_put(): freeing
[   83.437271] ffs_data_put(): freeing
[   83.437388] ffs_data_put(): freeing
[   83.441334] file system registered
[   83.447278] unloading
[   83.454299] ffs_data_put(): freeing
[   83.454400] ffs_data_put(): freeing
[   83.456760] file system registered
[   83.458691] unloading
[   83.467174] ffs_data_put(): freeing
[   83.468875] file system registered
[   83.470138] unloading
[   83.475220] ffs_data_put(): freeing
[   83.475330] ffs_data_put(): freeing
[   83.476941] file system registered
[   83.478206] unloading
[   83.486084] file system registered
[   83.488157] unloading
[   83.495005] ffs_data_put(): freeing
[   83.496799] file system registered
[   83.498216] unloading
[   83.506988] ffs_data_put(): freeing
[   83.507123] ffs_data_put(): freeing
[   83.508323] file system registered
[   83.509913] unloading
[   83.516337] ffs_data_put(): freeing
[   83.516669] ffs_data_put(): freeing
[   83.518411] file system registered
[   83.520156] unloading
[   83.528123] ffs_data_put(): freeing
[   83.531063] file system registered
[   83.533660] unloading
[   83.540358] file system registered
[   83.542851] unloading
[   83.550705] file system registered
[   83.552119] unloading
[   83.561024] ffs_data_put(): freeing
[   83.561132] ffs_data_put(): freeing
[   83.563811] file system registered
[   83.566374] unloading
[   83.576169] file system registered
[   83.577951] unloading
[   83.585797] file system registered
[   83.587163] unloading
[   83.593849] ffs_data_put(): freeing
[   83.595981] file system registered
[   83.598613] unloading
[   83.607893] ffs_data_put(): freeing
[   83.608019] ffs_data_put(): freeing
[   83.608168] ffs_data_put(): freeing
[   83.609164] file system registered
[   83.610309] unloading
[   83.617039] ffs_data_put(): freeing
[   83.619306] file system registered
[   83.621380] unloading
[   83.628073] ffs_data_put(): freeing
[   83.628207] ffs_data_put(): freeing
[   83.630293] file system registered
[   83.632128] unloading
[   83.641104] file system registered
[   83.642839] unloading
[   83.649202] ffs_data_put(): freeing
[   83.649296] ffs_data_put(): freeing
[   83.652008] file system registered
[   83.654729] unloading
[   83.663000] ffs_data_put(): freeing
[   83.664941] file system registered
[   83.666692] unloading
[   83.677019] ffs_data_put(): freeing
[   83.677146] ffs_data_put(): freeing
[   83.678790] file system registered
[   83.680792] unloading
[   83.695196] ffs_data_put(): freeing
[   83.695807] ffs_data_put(): freeing
[   83.695846] ffs_data_put(): freeing
[   83.697847] file system registered
[   83.700164] unloading
[   83.707333] ffs_data_put(): freeing
[   83.709045] ffs_data_put(): freeing
[   83.709197] file system registered
[   83.710841] unloading
[   83.719162] ffs_data_put(): freeing
[   83.720361] file system registered
[   83.723884] unloading
[   83.733060] ffs_data_put(): freeing
[   83.735070] file system registered
[   83.737188] unloading
[   83.743121] ffs_data_put(): freeing
[   83.745254] file system registered
[   83.747088] unloading
[   83.757144] ffs_data_put(): freeing
[   83.757245] ffs_data_put(): freeing
[   83.759315] file system registered
[   83.761906] unloading
[   83.769270] ffs_data_put(): freeing
[   83.770135] ffs_data_put(): freeing
[   83.770933] ffs_data_put(): freeing
[   83.771792] file system registered
[   83.773350] unloading
[   83.785363] ffs_data_put(): freeing
[   83.785700] ffs_data_put(): freeing
[   83.785810] ffs_data_put(): freeing
[   83.787370] file system registered
[   83.791038] unloading
[   83.797128] ffs_data_put(): freeing
[   83.797751] ffs_data_put(): freeing
[   83.798187] ffs_data_put(): freeing
[   83.798799] ffs_data_put(): freeing
[   83.802046] file system registered
[   83.806427] unloading
[   83.815847] file system registered
[   83.817348] ffs_data_put(): freeing
[   83.818672] unloading
[   83.826016] file system registered
[   83.827827] unloading
[   83.833929] file system registered
[   83.835137] unloading
[   83.842182] file system registered
[   83.843896] unloading
[   83.856260] file system registered
[   83.858914] unloading
[   83.867974] ffs_data_put(): freeing
[   83.870788] file system registered
[   83.872069] unloading
[   83.878982] ffs_data_put(): freeing
[   83.880676] file system registered
[   83.881992] unloading
[   83.888974] ffs_data_put(): freeing
[   83.889067] ffs_data_put(): freeing
[   83.890204] file system registered
[   83.892022] unloading
[   83.897062] ffs_data_put(): freeing
[   83.899386] file system registered
[   83.900858] unloading
[   83.906973] ffs_data_put(): freeing
[   83.907083] ffs_data_put(): freeing
[   83.907179] ffs_data_put(): freeing
[   83.909225] file system registered
[   83.911038] unloading
[   83.924119] ffs_data_put(): freeing
[   83.924280] ffs_data_put(): freeing
[   83.926718] file system registered
[   83.929401] unloading
[   83.935978] ffs_data_put(): freeing
[   83.937982] file system registered
[   83.940352] unloading
[   83.952153] ffs_data_put(): freeing
[   83.952294] ffs_data_put(): freeing
[   83.954961] file system registered
[   83.957142] unloading
[   83.968030] ffs_data_put(): freeing
[   83.968133] ffs_data_put(): freeing
[   83.969371] file system registered
[   83.971066] unloading
[   83.979676] ffs_data_put(): freeing
[   83.979839] ffs_data_put(): freeing
[   83.982936] file system registered
[   83.986882] unloading
[   83.998614] file system registered
[   84.000750] unloading
[   84.007228] ffs_data_put(): freeing
[   84.009097] file system registered
[   84.011286] unloading
[   84.018013] ffs_data_put(): freeing
[   84.020013] file system registered
[   84.021592] unloading
[   84.030026] ffs_data_put(): freeing
[   84.030135] ffs_data_put(): freeing
[   84.031254] file system registered
[   84.033103] unloading
[   84.044215] ffs_data_put(): freeing
[   84.044314] ffs_data_put(): freeing
[   84.046146] file system registered
[   84.048195] unloading
[   84.059235] ffs_data_put(): freeing
[   84.062190] file system registered
[   84.064372] unloading
[   84.071007] file system registered
[   84.072687] unloading
[   84.086096] ffs_data_put(): freeing
[   84.086194] ffs_data_put(): freeing
[   84.087806] file system registered
[   84.089262] unloading
[   84.099220] ffs_data_put(): freeing
[   84.101938] file system registered
[   84.104144] unloading
[   84.114326] file system registered
[   84.117759] unloading
[   84.124036] ffs_data_put(): freeing
[   84.125741] file system registered
[   84.127134] unloading
[   84.132957] ffs_data_put(): freeing
[   84.134173] file system registered
[   84.135447] unloading
[   84.143320] ffs_data_put(): freeing
[   84.146099] file system registered
[   84.147826] unloading
[   84.158029] ffs_data_put(): freeing
[   84.158163] ffs_data_put(): freeing
[   84.160080] file system registered
[   84.161268] unloading
[   84.169283] file system registered
[   84.170990] unloading
[   84.179329] ffs_data_put(): freeing
[   84.180833] file system registered
[   84.182172] unloading
[   84.187087] ffs_data_put(): freeing
[   84.187196] ffs_data_put(): freeing
[   84.189152] file system registered
[   84.190947] unloading
[   84.200959] ffs_data_put(): freeing
[   84.201098] ffs_data_put(): freeing
[   84.201279] ffs_data_put(): freeing
[   84.203141] file system registered
[   84.205266] unloading
[   84.223877] ffs_data_put(): freeing
[   84.223985] ffs_data_put(): freeing
[   84.224263] ffs_data_put(): freeing
[   84.229162] file system registered
[   84.233433] unloading
[   84.242126] file system registered
[   84.246257] unloading
[   84.256305] ffs_data_put(): freeing
[   84.256371] ffs_data_put(): freeing
[   84.260094] file system registered
[   84.261955] unloading
[   84.275182] file system registered
[   84.277251] unloading
[   84.284255] ffs_data_put(): freeing
[   84.287226] file system registered
[   84.289081] unloading
[   84.298010] ffs_data_put(): freeing
[   84.298222] ffs_data_put(): freeing
[   84.298343] ffs_data_put(): freeing
[   84.299347] file system registered
[   84.300763] unloading
[   84.308007] file system registered
[   84.311280] unloading
[   84.316019] ffs_data_put(): freeing
[   84.317855] file system registered
[   84.319063] unloading
[   84.322121] ffs_data_put(): freeing
[   84.323741] file system registered
[   84.324871] unloading
[   84.330927] ffs_data_put(): freeing
[   84.331049] ffs_data_put(): freeing
[   84.333083] file system registered
[   84.334766] unloading
[   84.346069] ffs_data_put(): freeing
[   84.347671] file system registered
[   84.349068] unloading
[   84.354801] ffs_data_put(): freeing
[   84.356094] file system registered
[   84.357749] unloading
[   84.367008] ffs_data_put(): freeing
[   84.367164] ffs_data_put(): freeing
[   84.368730] file system registered
[   84.369968] unloading
[   84.374947] ffs_data_put(): freeing
[   84.375086] ffs_data_put(): freeing
[   84.376144] file system registered
[   84.378216] unloading
[   84.384127] ffs_data_put(): freeing
[   84.384307] ffs_data_put(): freeing
[   84.384394] ffs_data_put(): freeing
[   84.385175] file system registered
[   84.386621] unloading
[   84.393144] ffs_data_put(): freeing
[   84.393642] ffs_data_put(): freeing
[   84.393729] ffs_data_put(): freeing
[   84.394785] file system registered
[   84.396330] unloading
[   84.401935] ffs_data_put(): freeing
[   84.402232] ffs_data_put(): freeing
[   84.402759] ffs_data_put(): freeing
[   84.402931] ffs_data_put(): freeing
[   84.404078] file system registered
[   84.406258] unloading
[   84.415221] ffs_data_put(): freeing
[   84.415724] ffs_data_put(): freeing
[   84.415806] ffs_data_put(): freeing
[   84.415965] ffs_data_put(): freeing
[   84.418306] file system registered
[   84.421794] ffs_data_put(): freeing
[   84.423266] ffs_data_put(): freeing
[   84.426034] unloading
[   84.439262] ffs_data_put(): freeing
[   84.440111] ffs_data_put(): freeing
[   84.444277] file system registered
[   84.449904] unloading
[   84.456957] ffs_data_put(): freeing
[   84.458165] file system registered
[   84.461137] unloading
[   84.471244] ffs_data_put(): freeing
[   84.471365] ffs_data_put(): freeing
[   84.473177] file system registered
[   84.476077] unloading
[   84.485176] ffs_data_put(): freeing
[   84.488715] file system registered
[   84.491038] unloading
[   84.503249] ffs_data_put(): freeing
[   84.503406] ffs_data_put(): freeing
[   84.503635] ffs_data_put(): freeing
[   84.505634] file system registered
[   84.507116] unloading
[   84.518209] ffs_data_put(): freeing
[   84.518342] ffs_data_put(): freeing
[   84.518691] ffs_data_put(): freeing
[   84.520932] file system registered
[   84.523324] unloading
[   84.532690] ffs_data_put(): freeing
[   84.537131] file system registered
[   84.539865] ffs_data_put(): freeing
[   84.540403] unloading
[   84.549083] ffs_data_put(): freeing
[   84.552545] file system registered
[   84.554057] unloading
[   84.560005] ffs_data_put(): freeing
[   84.561836] file system registered
[   84.563409] unloading
[   84.569088] ffs_data_put(): freeing
[   84.571151] file system registered
[   84.572846] unloading
[   84.582081] ffs_data_put(): freeing
[   84.582185] ffs_data_put(): freeing
[   84.584910] file system registered
[   84.586371] unloading
[   84.595882] file system registered
[   84.597598] unloading
[   84.602035] ffs_data_put(): freeing
[   84.604847] file system registered
[   84.606299] unloading
[   84.616315] file system registered
[   84.618083] unloading
[   84.625013] ffs_data_put(): freeing
[   84.625109] ffs_data_put(): freeing
[   84.627048] file system registered
[   84.629901] unloading
[   84.638219] file system registered
[   84.639967] unloading
[   84.648791] file system registered
[   84.650363] unloading
[   84.655980] ffs_data_put(): freeing
[   84.658093] file system registered
[   84.659805] unloading
[   84.669897] ffs_data_put(): freeing
[   84.669986] ffs_data_put(): freeing
[   84.671240] file system registered
[   84.672949] unloading
[   84.679153] ffs_data_put(): freeing
[   84.679261] ffs_data_put(): freeing
[   84.681271] file system registered
[   84.683356] ffs_data_put(): freeing
[   84.683816] unloading
[   84.689959] ffs_data_put(): freeing
[   84.690065] ffs_data_put(): freeing
[   84.691060] file system registered
[   84.692582] unloading
[   84.697154] ffs_data_put(): freeing
[   84.697287] ffs_data_put(): freeing
[   84.697548] ffs_data_put(): freeing
[   84.698340] file system registered
[   84.699879] unloading
[   84.705883] ffs_data_put(): freeing
[   84.705997] ffs_data_put(): freeing
[   84.707425] file system registered
[   84.709010] unloading
[   84.715066] ffs_data_put(): freeing
[   84.715164] ffs_data_put(): freeing
[   84.717104] file system registered
[   84.718886] unloading
[   84.727043] ffs_data_put(): freeing
[   84.728406] file system registered
[   84.729952] unloading
[   84.737022] ffs_data_put(): freeing
[   84.738959] file system registered
[   84.740637] unloading
[   84.746003] ffs_data_put(): freeing
[   84.747082] file system registered
[   84.748566] unloading
[   84.755028] ffs_data_put(): freeing
[   84.757191] file system registered
[   84.758634] unloading
[   84.767650] file system registered
[   84.768906] unloading
[   84.774881] ffs_data_put(): freeing
[   84.775003] ffs_data_put(): freeing
[   84.776267] file system registered
[   84.777889] unloading
[   84.784010] ffs_data_put(): freeing
[   84.784135] ffs_data_put(): freeing
[   84.784225] ffs_data_put(): freeing
[   84.785277] file system registered
[   84.787133] unloading
[   84.793230] ffs_data_put(): freeing
[   84.795995] file system registered
[   84.798284] unloading
[   84.805308] ffs_data_put(): freeing
[   84.807620] file system registered
[   84.810237] unloading
[   84.819008] ffs_data_put(): freeing
[   84.819123] ffs_data_put(): freeing
[   84.820968] file system registered
[   84.822632] unloading
[   84.830081] ffs_data_put(): freeing
[   84.832343] file system registered
[   84.835801] unloading
[   84.843076] ffs_data_put(): freeing
[   84.843188] ffs_data_put(): freeing
[   84.845340] file system registered
[   84.847401] unloading
[   84.857313] ffs_data_put(): freeing
[   84.858920] ffs_data_put(): freeing
[   84.860031] file system registered
[   84.862169] unloading
[   84.869250] ffs_data_put(): freeing
[   84.869379] ffs_data_put(): freeing
[   84.871733] file system registered
[   84.874113] unloading
[   84.884785] ffs_data_put(): freeing
[   84.885144] ffs_data_put(): freeing
[   84.885704] ffs_data_put(): freeing
[   84.885770] ffs_data_put(): freeing
[   84.894095] file system registered
[   84.898083] unloading
[   84.909904] file system registered
[   84.912134] unloading
[   84.918225] file system registered
[   84.920395] unloading
[   84.930627] ffs_data_put(): freeing
[   84.932904] file system registered
[   84.934707] unloading
[   84.939237] ffs_data_put(): freeing
[   84.941190] file system registered
[   84.942461] unloading
[   84.952302] ffs_data_put(): freeing
[   84.954381] file system registered
[   84.956177] unloading
[   84.966308] ffs_data_put(): freeing
[   84.966406] ffs_data_put(): freeing
[   84.975185] file system registered
[   84.978835] unloading
[   84.986079] ffs_data_put(): freeing
[   84.986271] ffs_data_put(): freeing
[   84.986476] ffs_data_put(): freeing
[   84.986670] ffs_data_put(): freeing
[   84.988987] file system registered
[   84.990254] unloading
[   85.000386] file system registered
[   85.001749] unloading
[   85.010162] file system registered
[   85.012343] unloading
[   85.017025] ffs_data_put(): freeing
[   85.019186] file system registered
[   85.020678] unloading
[   85.025039] ffs_data_put(): freeing
[   85.025127] ffs_data_put(): freeing
[   85.027398] file system registered
[   85.028795] unloading
[   85.034075] ffs_data_put(): freeing
[   85.034178] ffs_data_put(): freeing
[   85.036234] file system registered
[   85.038039] unloading
[   85.052214] ffs_data_put(): freeing
[   85.052358] ffs_data_put(): freeing
[   85.054084] file system registered
[   85.056266] unloading
[   85.068655] ffs_data_put(): freeing
[   85.068802] ffs_data_put(): freeing
[   85.072751] file system registered
[   85.075311] unloading
[   85.084888] file system registered
[   85.087132] unloading
[   85.098590] file system registered
[   85.100379] unloading
[   85.112337] file system registered
[   85.114154] unloading
[   85.122202] ffs_data_put(): freeing
[   85.125457] file system registered
[   85.127287] unloading
[   85.137277] file system registered
[   85.138789] unloading
[   85.148212] file system registered
[   85.150309] ffs_data_put(): freeing
[   85.150673] unloading
[   85.159338] ffs_data_put(): freeing
[   85.161869] file system registered
[   85.164160] unloading
[   85.172768] file system registered
[   85.174080] unloading
[   85.183068] ffs_data_put(): freeing
[   85.183205] ffs_data_put(): freeing
[   85.185403] file system registered
[   85.187789] unloading
[   85.196259] file system registered
[   85.198066] unloading
[   85.204070] ffs_data_put(): freeing
[   85.206230] file system registered
[   85.208134] unloading
[   85.216203] ffs_data_put(): freeing
[   85.218889] file system registered
[   85.220279] unloading
[   85.233154] file system registered
[   85.234631] unloading
[   85.242115] file system registered
[   85.244556] unloading
[   85.251932] ffs_data_put(): freeing
[   85.252095] ffs_data_put(): freeing
[   85.252208] ffs_data_put(): freeing
[   85.253298] file system registered
[   85.254878] unloading
[   85.259345] ffs_data_put(): freeing
[   85.259421] ffs_data_put(): freeing
[   85.264349] file system registered
[   85.267667] unloading
[   85.272065] ffs_data_put(): freeing
[   85.274158] file system registered
[   85.275784] unloading
[   85.282071] ffs_data_put(): freeing
[   85.284972] file system registered
[   85.287670] unloading
[   85.297300] ffs_data_put(): freeing
[   85.297411] ffs_data_put(): freeing
[   85.299165] file system registered
[   85.301063] unloading
[   85.306861] ffs_data_put(): freeing
[   85.308364] file system registered
[   85.310999] unloading
[   85.318305] file system registered
[   85.319813] unloading
[   85.329230] ffs_data_put(): freeing
[   85.331004] file system registered
[   85.332850] unloading
[   85.339186] ffs_data_put(): freeing
[   85.339298] ffs_data_put(): freeing
[   85.342673] file system registered
[   85.344371] unloading
[   85.350989] ffs_data_put(): freeing
[   85.351231] ffs_data_put(): freeing
[   85.353629] file system registered
[   85.355165] unloading
[   85.358320] ffs_data_put(): freeing
[   85.359015] ffs_data_put(): freeing
[   85.359626] ffs_data_put(): freeing
[   85.360030] file system registered
[   85.362703] unloading
[   85.369923] ffs_data_put(): freeing
[   85.371344] file system registered
[   85.373210] unloading
[   85.379105] ffs_data_put(): freeing
[   85.379201] ffs_data_put(): freeing
[   85.382089] file system registered
[   85.384034] unloading
[   85.390196] ffs_data_put(): freeing
[   85.391260] file system registered
[   85.392896] unloading
[   85.401194] ffs_data_put(): freeing
[   85.401276] ffs_data_put(): freeing
[   85.402785] file system registered
[   85.404152] unloading
[   85.410070] ffs_data_put(): freeing
[   85.410267] ffs_data_put(): freeing
[   85.413116] file system registered
[   85.415188] unloading
[   85.422061] ffs_data_put(): freeing
[   85.424091] file system registered
[   85.426120] unloading
[   85.440274] ffs_data_put(): freeing
[   85.440407] ffs_data_put(): freeing
[   85.442166] file system registered
[   85.444156] unloading
[   85.452328] ffs_data_put(): freeing
[   85.452682] ffs_data_put(): freeing
[   85.454053] file system registered
[   85.455896] unloading
[   85.460286] ffs_data_put(): freeing
[   85.461321] ffs_data_put(): freeing
[   85.463872] file system registered
[   85.466252] unloading
[   85.474199] file system registered
[   85.476128] unloading
[   85.486051] ffs_data_put(): freeing
[   85.488840] file system registered
[   85.490878] unloading
[   85.498173] ffs_data_put(): freeing
[   85.500716] file system registered
[   85.503291] unloading
[   85.508941] ffs_data_put(): freeing
[   85.510773] file system registered
[   85.512176] unloading
[   85.522366] file system registered
[   85.524129] unloading
[   85.532906] ffs_data_put(): freeing
[   85.533061] ffs_data_put(): freeing
[   85.534157] file system registered
[   85.535687] unloading
[   85.543129] ffs_data_put(): freeing
[   85.545288] file system registered
[   85.547323] unloading
[   85.553091] ffs_data_put(): freeing
[   85.555310] file system registered
[   85.557068] unloading
[   85.572046] ffs_data_put(): freeing
[   85.572222] ffs_data_put(): freeing
[   85.572334] ffs_data_put(): freeing
[   85.575874] file system registered
[   85.578865] unloading
[   85.587712] file system registered
[   85.590989] unloading
[   85.598425] file system registered
[   85.600981] unloading
[   85.608185] file system registered
[   85.609997] unloading
[   85.618163] ffs_data_put(): freeing
[   85.618363] ffs_data_put(): freeing
[   85.619317] ffs_data_put(): freeing
[   85.620376] file system registered
[   85.622104] unloading
[   85.627196] ffs_data_put(): freeing
[   85.627348] ffs_data_put(): freeing
[   85.628045] ffs_data_put(): freeing
[   85.629836] file system registered
[   85.631619] unloading
[   85.637290] ffs_data_put(): freeing
[   85.639325] ffs_data_put(): freeing
[   85.639469] file system registered
[   85.641336] unloading
[   85.651386] ffs_data_put(): freeing
[   85.653379] file system registered
[   85.655984] unloading
[   85.662127] ffs_data_put(): freeing
[   85.664035] file system registered
[   85.666666] unloading
[   85.672650] ffs_data_put(): freeing
[   85.672823] ffs_data_put(): freeing
[   85.672939] ffs_data_put(): freeing
[   85.674211] file system registered
[   85.676066] unloading
[   85.680266] ffs_data_put(): freeing
[   85.683740] file system registered
[   85.686893] unloading
[   85.695392] file system registered
[   85.697765] ffs_data_put(): freeing
[   85.699010] unloading
[   85.705228] ffs_data_put(): freeing
[   85.705357] ffs_data_put(): freeing
[   85.707486] file system registered
[   85.709447] unloading
[   85.716021] ffs_data_put(): freeing
[   85.718366] file system registered
[   85.720608] ffs_data_put(): freeing
[   85.720795] unloading
[   85.729364] ffs_data_put(): freeing
[   85.730164] ffs_data_put(): freeing
[   85.732260] file system registered
[   85.735811] unloading
[   85.747400] ffs_data_put(): freeing
[   85.751028] file system registered
[   85.753618] unloading
[   85.762729] file system registered
[   85.764198] unloading
[   85.773087] ffs_data_put(): freeing
[   85.776056] file system registered
[   85.778142] unloading
[   85.785001] file system registered
[   85.786796] unloading
[   85.794617] file system registered
[   85.796177] unloading
[   85.804370] file system registered
[   85.805255] unloading
[   85.813690] file system registered
[   85.814944] unloading
[   85.824962] ffs_data_put(): freeing
[   85.825104] ffs_data_put(): freeing
[   85.826833] file system registered
[   85.827930] unloading
[   85.834920] file system registered
[   85.836344] unloading
[   85.848098] ffs_data_put(): freeing
[   85.848166] ffs_data_put(): freeing
[   85.849813] file system registered
[   85.851398] unloading
[   85.859969] ffs_data_put(): freeing
[   85.860198] ffs_data_put(): freeing
[   85.861164] file system registered
[   85.863392] unloading
[   85.872200] ffs_data_put(): freeing
[   85.872701] ffs_data_put(): freeing
[   85.874643] file system registered
[   85.876809] unloading
[   85.884367] ffs_data_put(): freeing
[   85.886048] file system registered
[   85.889111] unloading
[   85.898146] ffs_data_put(): freeing
[   85.898242] ffs_data_put(): freeing
[   85.902747] file system registered
[   85.905943] unloading
[   85.914874] file system registered
[   85.918202] unloading
[   85.925131] ffs_data_put(): freeing
[   85.927212] file system registered
[   85.929085] unloading
[   85.937091] ffs_data_put(): freeing
[   85.937234] ffs_data_put(): freeing
[   85.939278] file system registered
[   85.941243] unloading
[   85.947022] ffs_data_put(): freeing
[   85.949788] file system registered
[   85.951263] unloading
[   85.959368] file system registered
[   85.961020] unloading
[   85.966021] ffs_data_put(): freeing
[   85.968349] file system registered
[   85.970306] unloading
[   85.980018] ffs_data_put(): freeing
[   85.982055] file system registered
[   85.984145] unloading
[   85.992078] ffs_data_put(): freeing
[   85.993997] file system registered
[   85.996172] unloading
[   86.004862] file system registered
[   86.006336] unloading
[   86.013963] ffs_data_put(): freeing
[   86.014048] ffs_data_put(): freeing
[   86.016049] file system registered
[   86.017734] unloading
[   86.027069] ffs_data_put(): freeing
[   86.027226] ffs_data_put(): freeing
[   86.028989] file system registered
[   86.031829] unloading
[   86.037044] ffs_data_put(): freeing
[   86.037060] ffs_data_put(): freeing
[   86.037241] ffs_data_put(): freeing
[   86.037720] ffs_data_put(): freeing
[   86.040785] file system registered
[   86.045746] unloading
[   86.052370] ffs_data_put(): freeing
[   86.057104] file system registered
[   86.060223] unloading
[   86.068698] ffs_data_put(): freeing
[   86.068872] ffs_data_put(): freeing
[   86.071808] file system registered
[   86.073322] unloading
[   86.083342] file system registered
[   86.085274] unloading
[   86.094151] file system registered
[   86.095968] unloading
[   86.104235] ffs_data_put(): freeing
[   86.106353] file system registered
[   86.108093] unloading
[   86.116663] file system registered
[   86.119914] unloading
[   86.128201] ffs_data_put(): freeing
[   86.128312] ffs_data_put(): freeing
[   86.130440] file system registered
[   86.132064] unloading
[   86.139145] ffs_data_put(): freeing
[   86.139240] ffs_data_put(): freeing
[   86.141269] file system registered
[   86.143824] unloading
[   86.152951] file system registered
[   86.154365] unloading
[   86.160195] ffs_data_put(): freeing
[   86.163137] file system registered
[   86.164663] unloading
[   86.174200] ffs_data_put(): freeing
[   86.176282] file system registered
[   86.178100] unloading
[   86.183973] file system registered
[   86.185341] unloading
[   86.192650] file system registered
[   86.193881] unloading
[   86.200167] ffs_data_put(): freeing
[   86.201823] file system registered
[   86.203087] unloading
[   86.209123] ffs_data_put(): freeing
[   86.211846] file system registered
[   86.213325] unloading
[   86.222133] ffs_data_put(): freeing
[   86.223983] file system registered
[   86.226820] unloading
[   86.234074] ffs_data_put(): freeing
[   86.234180] ffs_data_put(): freeing
[   86.235881] file system registered
[   86.237315] unloading
[   86.247039] ffs_data_put(): freeing
[   86.249003] file system registered
[   86.250739] unloading
[   86.257016] ffs_data_put(): freeing
[   86.259389] file system registered
[   86.261006] ffs_data_put(): freeing
[   86.261395] unloading
[   86.271187] ffs_data_put(): freeing
[   86.275100] file system registered
[   86.276906] unloading
[   86.285063] ffs_data_put(): freeing
[   86.285161] ffs_data_put(): freeing
[   86.285282] ffs_data_put(): freeing
[   86.287174] file system registered
[   86.289256] unloading
[   86.295065] ffs_data_put(): freeing
[   86.297409] file system registered
[   86.299010] unloading
[   86.311294] ffs_data_put(): freeing
[   86.314202] file system registered
[   86.316377] unloading
[   86.323305] ffs_data_put(): freeing
[   86.323431] ffs_data_put(): freeing
[   86.326863] file system registered
[   86.328973] unloading
[   86.336098] ffs_data_put(): freeing
[   86.338383] file system registered
[   86.340149] unloading
[   86.348367] ffs_data_put(): freeing
[   86.350387] file system registered
[   86.352024] unloading
[   86.357191] ffs_data_put(): freeing
[   86.358355] file system registered
[   86.359822] unloading
[   86.365304] file system registered
[   86.367182] unloading
[   86.372125] ffs_data_put(): freeing
[   86.374423] file system registered
[   86.376337] unloading
[   86.381963] ffs_data_put(): freeing
[   86.382094] ffs_data_put(): freeing
[   86.383962] file system registered
[   86.385253] unloading
[   86.396005] ffs_data_put(): freeing
[   86.396098] ffs_data_put(): freeing
[   86.398169] file system registered
[   86.400831] unloading
[   86.408681] ffs_data_put(): freeing
[   86.410174] file system registered
[   86.412731] unloading
[   86.419944] ffs_data_put(): freeing
[   86.422061] file system registered
[   86.426058] unloading
[   86.430984] ffs_data_put(): freeing
[   86.434751] file system registered
[   86.437944] unloading
[   86.447114] ffs_data_put(): freeing
[   86.447363] ffs_data_put(): freeing
[   86.447950] ffs_data_put(): freeing
[   86.449077] file system registered
[   86.451975] unloading
[   86.462944] file system registered
[   86.466419] unloading
[   86.474195] ffs_data_put(): freeing
[   86.474311] ffs_data_put(): freeing
[   86.476757] file system registered
[   86.478902] unloading
[   86.485195] ffs_data_put(): freeing
[   86.486699] file system registered
[   86.487387] unloading
[   86.493144] file system registered
[   86.495024] unloading
[   86.506759] file system registered
[   86.508342] unloading
[   86.515220] ffs_data_put(): freeing
[   86.515309] ffs_data_put(): freeing
[   86.517872] file system registered
[   86.519479] unloading
[   86.532991] file system registered
[   86.535099] unloading
[   86.547109] ffs_data_put(): freeing
[   86.547222] ffs_data_put(): freeing
[   86.549296] file system registered
[   86.550890] unloading
[   86.555308] ffs_data_put(): freeing
[   86.555426] ffs_data_put(): freeing
[   86.557283] file system registered
[   86.558413] unloading
[   86.565685] file system registered
[   86.567030] unloading
[   86.572161] ffs_data_put(): freeing
[   86.572253] ffs_data_put(): freeing
[   86.573947] file system registered
[   86.575723] unloading
[   86.586217] ffs_data_put(): freeing
[   86.588809] file system registered
[   86.591194] unloading
[   86.600211] ffs_data_put(): freeing
[   86.603149] file system registered
[   86.605331] unloading
[   86.612242] ffs_data_put(): freeing
[   86.612412] ffs_data_put(): freeing
[   86.615387] file system registered
[   86.618242] unloading
[   86.624135] ffs_data_put(): freeing
[   86.624242] ffs_data_put(): freeing
[   86.627744] file system registered
[   86.630175] unloading
[   86.637084] ffs_data_put(): freeing
[   86.639369] file system registered
[   86.641391] unloading
[   86.650067] file system registered
[   86.652027] unloading
[   86.663373] ffs_data_put(): freeing
[   86.665243] file system registered
[   86.667639] unloading
[   86.674170] ffs_data_put(): freeing
[   86.674394] ffs_data_put(): freeing
[   86.676238] file system registered
[   86.678082] unloading
[   86.685113] ffs_data_put(): freeing
[   86.687129] file system registered
[   86.688951] unloading
[   86.701710] file system registered
[   86.703402] unloading
[   86.710138] ffs_data_put(): freeing
[   86.711695] file system registered
[   86.713095] unloading
[   86.721355] ffs_data_put(): freeing
[   86.722792] ffs_data_put(): freeing
[   86.722954] ffs_data_put(): freeing
[   86.724151] file system registered
[   86.726100] unloading
[   86.733411] ffs_data_put(): freeing
[   86.733841] ffs_data_put(): freeing
[   86.737088] file system registered
[   86.739020] unloading
[   86.751291] file system registered
[   86.753717] unloading
[   86.761233] ffs_data_put(): freeing
[   86.761406] ffs_data_put(): freeing
[   86.765985] file system registered
[   86.769184] unloading
[   86.777845] file system registered
[   86.779717] unloading
[   86.789330] ffs_data_put(): freeing
[   86.789449] ffs_data_put(): freeing
[   86.792281] file system registered
[   86.795856] unloading
[   86.805132] file system registered
[   86.807007] unloading
[   86.812141] ffs_data_put(): freeing
[   86.812623] ffs_data_put(): freeing
[   86.813409] ffs_data_put(): freeing
[   86.814159] file system registered
[   86.816070] unloading
[   86.823139] ffs_data_put(): freeing
[   86.823237] ffs_data_put(): freeing
[   86.827038] file system registered
[   86.829030] unloading
[   86.838940] file system registered
[   86.841142] unloading
[   86.850047] ffs_data_put(): freeing
[   86.852295] file system registered
[   86.854895] unloading
[   86.862115] ffs_data_put(): freeing
[   86.864810] file system registered
[   86.866937] ffs_data_put(): freeing
[   86.868182] unloading
[   86.876124] ffs_data_put(): freeing
[   86.878184] file system registered
[   86.880382] unloading
[   86.886018] ffs_data_put(): freeing
[   86.888209] file system registered
[   86.890044] unloading
[   86.896044] ffs_data_put(): freeing
[   86.898563] file system registered
[   86.900187] unloading
[   86.905223] ffs_data_put(): freeing
[   86.907676] file system registered
[   86.909148] unloading
[   86.921948] ffs_data_put(): freeing
[   86.922057] ffs_data_put(): freeing
[   86.924245] file system registered
[   86.926133] unloading
[   86.933198] ffs_data_put(): freeing
[   86.936331] file system registered
[   86.938359] unloading
[   86.946077] ffs_data_put(): freeing
[   86.948269] file system registered
[   86.950209] unloading
[   86.959175] ffs_data_put(): freeing
[   86.962015] file system registered
[   86.964180] unloading
[   86.971820] file system registered
[   86.973110] unloading
[   86.977979] ffs_data_put(): freeing
[   86.980017] file system registered
[   86.981791] unloading
[   86.992321] ffs_data_put(): freeing
[   86.994373] file system registered
[   86.997064] unloading
[   87.009134] ffs_data_put(): freeing
[   87.009240] ffs_data_put(): freeing
[   87.012053] file system registered
[   87.014929] unloading
[   87.025178] file system registered
[   87.027251] unloading
[   87.035371] file system registered
[   87.037393] unloading
[   87.045226] ffs_data_put(): freeing
[   87.047296] file system registered
[   87.049743] unloading
[   87.057070] ffs_data_put(): freeing
[   87.057202] ffs_data_put(): freeing
[   87.059982] file system registered
[   87.062120] unloading
[   87.075793] file system registered
[   87.078224] unloading
[   87.084050] ffs_data_put(): freeing
[   87.086607] file system registered
[   87.088125] unloading
[   87.096076] file system registered
[   87.098025] unloading
[   87.102109] ffs_data_put(): freeing
[   87.104400] file system registered
[   87.106045] unloading
[   87.116184] ffs_data_put(): freeing
[   87.116292] ffs_data_put(): freeing
[   87.118268] file system registered
[   87.120028] unloading
[   87.129279] ffs_data_put(): freeing
[   87.129400] ffs_data_put(): freeing
[   87.131408] file system registered
[   87.133367] unloading
[   87.141151] ffs_data_put(): freeing
[   87.141286] ffs_data_put(): freeing
[   87.143320] file system registered
[   87.145251] unloading
[   87.150709] ffs_data_put(): freeing
[   87.151438] ffs_data_put(): freeing
[   87.151676] ffs_data_put(): freeing
[   87.155099] file system registered
[   87.158740] unloading
[   87.170386] ffs_data_put(): freeing
[   87.173282] file system registered
[   87.176649] unloading
[   87.185026] file system registered
[   87.188037] unloading
[   87.195129] ffs_data_put(): freeing
[   87.196275] ffs_data_put(): freeing
[   87.197602] file system registered
[   87.199354] unloading
[   87.207048] ffs_data_put(): freeing
[   87.209276] file system registered
[   87.210887] unloading
[   87.225272] ffs_data_put(): freeing
[   87.225700] ffs_data_put(): freeing
[   87.227664] file system registered
[   87.229802] unloading
[   87.235127] ffs_data_put(): freeing
[   87.235290] ffs_data_put(): freeing
[   87.237718] file system registered
[   87.239348] unloading
[   87.246230] ffs_data_put(): freeing
[   87.246720] ffs_data_put(): freeing
[   87.248995] file system registered
[   87.251754] ffs_data_put(): freeing
[   87.251965] unloading
[   87.257101] ffs_data_put(): freeing
[   87.257347] ffs_data_put(): freeing
[   87.260231] file system registered
[   87.264755] unloading
[   87.275133] ffs_data_put(): freeing
[   87.278024] file system registered
[   87.281214] unloading
[   87.286065] ffs_data_put(): freeing
[   87.288181] file system registered
[   87.290095] unloading
[   87.295075] ffs_data_put(): freeing
[   87.295167] ffs_data_put(): freeing
[   87.297750] file system registered
[   87.299998] unloading
[   87.309017] ffs_data_put(): freeing
[   87.309710] file system registered
[   87.309957] ffs_data_put(): freeing
[   87.311011] unloading
[   87.320199] ffs_data_put(): freeing
[   87.320290] ffs_data_put(): freeing
[   87.323864] file system registered
[   87.326115] unloading
[   87.333246] ffs_data_put(): freeing
[   87.335888] file system registered
[   87.337129] unloading
[   87.343052] ffs_data_put(): freeing
[   87.343222] ffs_data_put(): freeing
[   87.346829] file system registered
[   87.351330] ffs_data_put(): freeing
[   87.351929] unloading
[   87.359259] ffs_data_put(): freeing
[   87.361977] file system registered
[   87.363128] unloading
[   87.372943] ffs_data_put(): freeing
[   87.373241] ffs_data_put(): freeing
[   87.373571] ffs_data_put(): freeing
[   87.376337] file system registered
[   87.380096] unloading
[   87.389113] file system registered
[   87.391249] unloading
[   87.397237] ffs_data_put(): freeing
[   87.399373] file system registered
[   87.402134] unloading
[   87.411239] ffs_data_put(): freeing
[   87.411788] ffs_data_put(): freeing
[   87.412171] ffs_data_put(): freeing
[   87.412373] file system registered
[   87.413945] unloading
[   87.420218] ffs_data_put(): freeing
[   87.422297] file system registered
[   87.424125] unloading
[   87.432663] file system registered
[   87.434386] unloading
[   87.441282] file system registered
[   87.443288] unloading
[   87.453297] ffs_data_put(): freeing
[   87.453400] ffs_data_put(): freeing
[   87.455858] file system registered
[   87.457975] unloading
[   87.463240] ffs_data_put(): freeing
[   87.465191] file system registered
[   87.466967] unloading
[   87.474289] ffs_data_put(): freeing
[   87.475867] file system registered
[   87.477066] unloading
[   87.485432] file system registered
[   87.487347] unloading
[   87.493231] ffs_data_put(): freeing
[   87.493800] ffs_data_put(): freeing
[   87.494030] ffs_data_put(): freeing
[   87.495169] file system registered
[   87.497335] unloading
[   87.505288] ffs_data_put(): freeing
[   87.505797] ffs_data_put(): freeing
[   87.509037] file system registered
[   87.513289] unloading
[   87.522692] file system registered
[   87.524894] unloading
[   87.534081] ffs_data_put(): freeing
[   87.537008] file system registered
[   87.539189] unloading
[   87.544314] ffs_data_put(): freeing
[   87.546354] file system registered
[   87.547820] unloading
[   87.561250] ffs_data_put(): freeing
[   87.561336] ffs_data_put(): freeing
[   87.563227] file system registered
[   87.565360] unloading
[   87.572554] ffs_data_put(): freeing
[   87.573990] ffs_data_put(): freeing
[   87.575901] file system registered
[   87.578287] unloading
[   87.588360] ffs_data_put(): freeing
[   87.588665] ffs_data_put(): freeing
[   87.590264] file system registered
[   87.591998] unloading
[   87.598670] ffs_data_put(): freeing
[   87.598918] ffs_data_put(): freeing
[   87.601993] file system registered
[   87.605179] unloading
[   87.614002] ffs_data_put(): freeing
[   87.614063] ffs_data_put(): freeing
[   87.616204] file system registered
[   87.618977] unloading
[   87.631394] ffs_data_put(): freeing
[   87.631828] ffs_data_put(): freeing
[   87.632069] ffs_data_put(): freeing
[   87.634439] file system registered
[   87.637976] unloading
[   87.648364] ffs_data_put(): freeing
[   87.648782] ffs_data_put(): freeing
[   87.649097] ffs_data_put(): freeing
[   87.649343] ffs_data_put(): freeing
[   87.651952] file system registered
[   87.655260] unloading
[   87.666834] ffs_data_put(): freeing
[   87.667223] ffs_data_put(): freeing
[   87.668071] ffs_data_put(): freeing
[   87.670237] file system registered
[   87.674862] unloading
[   87.682117] ffs_data_put(): freeing
[   87.682927] ffs_data_put(): freeing
[   87.682971] ffs_data_put(): freeing
[   87.687216] file system registered
[   87.690376] unloading
[   87.701297] ffs_data_put(): freeing
[   87.704792] file system registered
[   87.708770] unloading
[   87.716653] ffs_data_put(): freeing
[   87.718981] file system registered
[   87.721251] unloading
[   87.728055] ffs_data_put(): freeing
[   87.730841] file system registered
[   87.734000] unloading
[   87.739865] ffs_data_put(): freeing
[   87.742125] file system registered
[   87.743999] unloading
[   87.753328] ffs_data_put(): freeing
[   87.756201] file system registered
[   87.759300] unloading
[   87.764373] ffs_data_put(): freeing
[   87.764539] ffs_data_put(): freeing
[   87.767252] file system registered
[   87.769164] unloading
[   87.779938] file system registered
[   87.781060] unloading
[   87.787076] ffs_data_put(): freeing
[   87.789412] file system registered
[   87.791233] unloading
[   87.801129] file system registered
[   87.803331] unloading
[   87.815146] ffs_data_put(): freeing
[   87.815212] ffs_data_put(): freeing
[   87.818811] file system registered
[   87.820887] unloading
[   87.831789] file system registered
[   87.833981] unloading
[   87.842186] file system registered
[   87.844231] unloading
[   87.855065] ffs_data_put(): freeing
[   87.855230] ffs_data_put(): freeing
[   87.857271] file system registered
[   87.859769] unloading
[   87.869903] ffs_data_put(): freeing
[   87.871138] file system registered
[   87.872827] unloading
[   87.878154] ffs_data_put(): freeing
[   87.878252] ffs_data_put(): freeing
[   87.880201] file system registered
[   87.882124] unloading
[   87.892380] ffs_data_put(): freeing
[   87.892582] ffs_data_put(): freeing
[   87.895331] file system registered
[   87.898217] unloading
[   87.906639] file system registered
[   87.907995] unloading
[   87.914372] file system registered
[   87.916161] unloading
[   87.925029] ffs_data_put(): freeing
[   87.927366] file system registered
[   87.929177] unloading
[   87.938410] file system registered
[   87.940410] unloading
[   87.949313] file system registered
[   87.951090] unloading
[   87.961131] ffs_data_put(): freeing
[   87.961388] ffs_data_put(): freeing
[   87.964284] file system registered
[   87.966232] unloading
[   87.975154] ffs_data_put(): freeing
[   87.975285] ffs_data_put(): freeing
[   87.977886] file system registered
[   87.980346] unloading
[   87.986166] ffs_data_put(): freeing
[   87.988292] file system registered
[   87.990064] unloading
[   88.002249] ffs_data_put(): freeing
[   88.004265] file system registered
[   88.006267] unloading
[   88.018416] ffs_data_put(): freeing
[   88.021233] file system registered
[   88.023824] unloading
[   88.032302] ffs_data_put(): freeing
[   88.032735] ffs_data_put(): freeing
[   88.032860] ffs_data_put(): freeing
[   88.035100] file system registered
[   88.037229] unloading
[   88.051617] file system registered
[   88.054316] unloading
[   88.061195] ffs_data_put(): freeing
[   88.061294] ffs_data_put(): freeing
[   88.063446] file system registered
[   88.065325] unloading
[   88.076194] file system registered
[   88.079557] unloading
[   88.092115] ffs_data_put(): freeing
[   88.092367] ffs_data_put(): freeing
[   88.094416] file system registered
[   88.096377] unloading
[   88.105329] ffs_data_put(): freeing
[   88.106405] ffs_data_put(): freeing
[   88.110048] file system registered
[   88.113414] unloading
[   88.121011] file system registered
[   88.122739] unloading
[   88.130760] file system registered
[   88.132923] unloading
[   88.140837] file system registered
[   88.142420] unloading
[   88.147972] ffs_data_put(): freeing
[   88.150086] file system registered
[   88.152170] unloading
[   88.159062] ffs_data_put(): freeing
[   88.161409] file system registered
[   88.163183] unloading
[   88.173346] ffs_data_put(): freeing
[   88.173428] ffs_data_put(): freeing
[   88.174612] file system registered
[   88.176248] unloading
[   88.181366] ffs_data_put(): freeing
[   88.181588] ffs_data_put(): freeing
[   88.184934] file system registered
[   88.187911] unloading
[   88.196263] file system registered
[   88.198082] unloading
[   88.216158] ffs_data_put(): freeing
[   88.216311] ffs_data_put(): freeing
[   88.226425] file system registered
[   88.230317] unloading
[   88.238329] ffs_data_put(): freeing
[   88.238666] ffs_data_put(): freeing
[   88.240361] file system registered
[   88.242302] unloading
[   88.252273] ffs_data_put(): freeing
[   88.252687] ffs_data_put(): freeing
[   88.252911] ffs_data_put(): freeing
[   88.257046] file system registered
[   88.260142] unloading
[   88.267331] ffs_data_put(): freeing
[   88.271966] file system registered
[   88.276602] unloading
[   88.285202] ffs_data_put(): freeing
[   88.285351] ffs_data_put(): freeing
[   88.287337] file system registered
[   88.289913] unloading
[   88.296154] ffs_data_put(): freeing
[   88.298952] file system registered
[   88.301686] unloading
[   88.312354] ffs_data_put(): freeing
[   88.314847] file system registered
[   88.317980] unloading
[   88.324407] ffs_data_put(): freeing
[   88.327204] file system registered
[   88.330026] unloading
[   88.340216] file system registered
[   88.342693] unloading
[   88.350271] ffs_data_put(): freeing
[   88.350389] ffs_data_put(): freeing
[   88.353021] file system registered
[   88.355016] ffs_data_put(): freeing
[   88.355691] unloading
[   88.364076] ffs_data_put(): freeing
[   88.366422] file system registered
[   88.368359] unloading
[   88.375981] ffs_data_put(): freeing
[   88.376073] ffs_data_put(): freeing
[   88.377792] file system registered
[   88.379100] unloading
[   88.390329] ffs_data_put(): freeing
[   88.391873] ffs_data_put(): freeing
[   88.392406] ffs_data_put(): freeing
[   88.393295] file system registered
[   88.395355] unloading
[   88.404241] ffs_data_put(): freeing
[   88.407325] file system registered
[   88.409086] unloading
[   88.415389] ffs_data_put(): freeing
[   88.417008] file system registered
[   88.419148] unloading
[   88.426149] ffs_data_put(): freeing
[   88.429693] file system registered
[   88.431410] unloading
[   88.437137] ffs_data_put(): freeing
[   88.440404] file system registered
[   88.442361] unloading
[   88.448916] file system registered
[   88.451322] unloading
[   88.460268] ffs_data_put(): freeing
[   88.460369] ffs_data_put(): freeing
[   88.462834] file system registered
[   88.465220] unloading
[   88.474373] file system registered
[   88.476311] unloading
[   88.486964] ffs_data_put(): freeing
[   88.487060] ffs_data_put(): freeing
[   88.488765] file system registered
[   88.490086] unloading
[   88.499913] file system registered
[   88.501858] unloading
[   88.509039] ffs_data_put(): freeing
[   88.510950] file system registered
[   88.513034] unloading
[   88.522324] ffs_data_put(): freeing
[   88.523385] file system registered
[   88.524822] unloading
[   88.529010] ffs_data_put(): freeing
[   88.530706] file system registered
[   88.532062] unloading
[   88.541179] ffs_data_put(): freeing
[   88.543276] file system registered
[   88.545110] unloading
[   88.553266] ffs_data_put(): freeing
[   88.553632] ffs_data_put(): freeing
[   88.555358] file system registered
[   88.557038] unloading
[   88.564027] ffs_data_put(): freeing
[   88.565854] file system registered
[   88.567147] unloading
[   88.575172] ffs_data_put(): freeing
[   88.575336] ffs_data_put(): freeing
[   88.577144] file system registered
[   88.578898] unloading
[   88.584257] ffs_data_put(): freeing
[   88.584684] ffs_data_put(): freeing
[   88.584808] ffs_data_put(): freeing
[   88.585194] ffs_data_put(): freeing
[   88.586158] file system registered
[   88.587997] unloading
[   88.593756] ffs_data_put(): freeing
[   88.593929] ffs_data_put(): freeing
[   88.594137] ffs_data_put(): freeing
[   88.594304] ffs_data_put(): freeing
[   88.596912] file system registered
[   88.599010] unloading
[   88.607878] ffs_data_put(): freeing
[   88.610907] file system registered
[   88.613709] unloading
[   88.619428] ffs_data_put(): freeing
[   88.623345] file system registered
[   88.625788] unloading
[   88.635797] file system registered
[   88.637654] unloading
[   88.646970] ffs_data_put(): freeing
[   88.649697] file system registered
[   88.651785] unloading
[   88.658101] ffs_data_put(): freeing
[   88.661034] file system registered
[   88.663027] unloading
[   88.671029] ffs_data_put(): freeing
[   88.673877] file system registered
[   88.675793] unloading
[   88.686228] file system registered
[   88.688673] unloading
[   88.697320] file system registered
[   88.699407] unloading
[   88.706924] ffs_data_put(): freeing
[   88.707091] ffs_data_put(): freeing
[   88.707377] ffs_data_put(): freeing
[   88.708841] file system registered
[   88.710019] unloading
[   88.715090] ffs_data_put(): freeing
[   88.715255] ffs_data_put(): freeing
[   88.716910] file system registered
[   88.718893] unloading
[   88.726176] ffs_data_put(): freeing
[   88.726247] ffs_data_put(): freeing
[   88.728152] file system registered
[   88.730164] ffs_data_put(): freeing
[   88.731854] unloading
[   88.742255] ffs_data_put(): freeing
[   88.747333] file system registered
[   88.750834] unloading
[   88.761258] file system registered
[   88.763009] unloading
[   88.769975] file system registered
[   88.771049] unloading
[   88.780381] file system registered
[   88.781891] unloading
[   88.795320] ffs_data_put(): freeing
[   88.796321] ffs_data_put(): freeing
[   88.797141] file system registered
[   88.798963] unloading
[   88.809781] ffs_data_put(): freeing
[   88.809916] ffs_data_put(): freeing
[   88.810829] file system registered
[   88.813947] unloading
[   88.822711] ffs_data_put(): freeing
[   88.823065] ffs_data_put(): freeing
[   88.823182] ffs_data_put(): freeing
[   88.826471] file system registered
[   88.830139] unloading
[   88.837318] ffs_data_put(): freeing
[   88.847930] file system registered
[   88.850356] unloading
[   88.858391] file system registered
[   88.860225] unloading
[   88.867191] file system registered
[   88.869160] unloading
[   88.877263] ffs_data_put(): freeing
[   88.878966] file system registered
[   88.880727] unloading
[   88.887100] ffs_data_put(): freeing
[   88.889160] file system registered
[   88.891593] unloading
[   88.902199] ffs_data_put(): freeing
[   88.902308] ffs_data_put(): freeing
[   88.905477] file system registered
[   88.909275] unloading
[   88.916145] ffs_data_put(): freeing
[   88.918113] file system registered
[   88.920178] unloading
[   88.929130] ffs_data_put(): freeing
[   88.929394] ffs_data_put(): freeing
[   88.929745] ffs_data_put(): freeing
[   88.931941] file system registered
[   88.935267] unloading
[   88.941648] ffs_data_put(): freeing
[   88.943403] file system registered
[   88.944973] unloading
[   88.951785] ffs_data_put(): freeing
[   88.952127] file system registered
[   88.953752] unloading
[   88.967123] file system registered
[   88.969410] unloading
[   88.981967] ffs_data_put(): freeing
[   88.982128] ffs_data_put(): freeing
[   88.983831] file system registered
[   88.985624] unloading
[   88.991052] ffs_data_put(): freeing
[   88.991235] ffs_data_put(): freeing
[   88.993096] file system registered
[   88.994229] unloading
[   89.004257] file system registered
[   89.006878] unloading
[   89.013314] ffs_data_put(): freeing
[   89.016966] file system registered
[   89.019771] unloading
[   89.027194] ffs_data_put(): freeing
[   89.029399] file system registered
[   89.031415] unloading
[   89.037263] ffs_data_put(): freeing
[   89.037373] ffs_data_put(): freeing
[   89.038841] file system registered
[   89.039972] unloading
[   89.050844] file system registered
[   89.053862] unloading
[   89.061225] ffs_data_put(): freeing
[   89.061400] ffs_data_put(): freeing
[   89.064001] file system registered
[   89.066860] unloading
[   89.075278] file system registered
[   89.077990] unloading
[   89.085188] ffs_data_put(): freeing
[   89.088215] file system registered
[   89.091082] unloading
[   89.097001] ffs_data_put(): freeing
[   89.098088] file system registered
[   89.099732] unloading
[   89.105270] file system registered
[   89.107260] unloading
[   89.117407] file system registered
[   89.119649] unloading
[   89.126946] file system registered
[   89.128661] ffs_data_put(): freeing
[   89.128792] unloading
[   89.135254] ffs_data_put(): freeing
[   89.135345] ffs_data_put(): freeing
[   89.137110] file system registered
[   89.139230] unloading
[   89.150348] ffs_data_put(): freeing
[   89.152342] file system registered
[   89.154231] unloading
[   89.165106] file system registered
[   89.167146] unloading
[   89.171991] ffs_data_put(): freeing
[   89.175133] file system registered
[   89.177136] unloading
[   89.187404] file system registered
[   89.189295] unloading
[   89.193974] ffs_data_put(): freeing
[   89.196400] file system registered
[   89.198094] unloading
[   89.205991] ffs_data_put(): freeing
[   89.206323] ffs_data_put(): freeing
[   89.208114] file system registered
[   89.210199] unloading
[   89.221115] ffs_data_put(): freeing
[   89.221244] ffs_data_put(): freeing
[   89.221766] ffs_data_put(): freeing
[   89.224088] file system registered
[   89.226167] unloading
[   89.231309] ffs_data_put(): freeing
[   89.233242] file system registered
[   89.236148] unloading
[   89.243157] ffs_data_put(): freeing
[   89.243431] ffs_data_put(): freeing
[   89.245182] file system registered
[   89.246218] unloading
[   89.252832] file system registered
[   89.254046] unloading
[   89.264070] file system registered
[   89.267118] unloading
[   89.275270] file system registered
[   89.277234] unloading
[   89.286052] ffs_data_put(): freeing
[   89.286172] ffs_data_put(): freeing
[   89.288704] file system registered
[   89.290439] unloading
[   89.303225] file system registered
[   89.306400] unloading
[   89.316403] ffs_data_put(): freeing
[   89.318809] file system registered
[   89.320120] unloading
[   89.326985] file system registered
[   89.329030] unloading
[   89.339796] file system registered
[   89.341315] unloading
[   89.348822] file system registered
[   89.350342] unloading
[   89.364244] ffs_data_put(): freeing
[   89.364386] ffs_data_put(): freeing
[   89.366384] file system registered
[   89.367193] ffs_data_put(): freeing
[   89.369230] unloading
[   89.377219] ffs_data_put(): freeing
[   89.377368] ffs_data_put(): freeing
[   89.379255] ffs_data_put(): freeing
[   89.379795] file system registered
[   89.382670] unloading
[   89.390731] ffs_data_put(): freeing
[   89.391066] ffs_data_put(): freeing
[   89.394098] file system registered
[   89.397163] unloading
[   89.403322] ffs_data_put(): freeing
[   89.403667] ffs_data_put(): freeing
[   89.408055] file system registered
[   89.410873] unloading
[   89.419321] ffs_data_put(): freeing
[   89.421781] file system registered
[   89.423695] unloading
[   89.430289] ffs_data_put(): freeing
[   89.432897] file system registered
[   89.435330] unloading
[   89.443234] ffs_data_put(): freeing
[   89.443372] ffs_data_put(): freeing
[   89.445922] file system registered
[   89.448106] unloading
[   89.458692] ffs_data_put(): freeing
[   89.461286] ffs_data_put(): freeing
[   89.461333] file system registered
[   89.464210] unloading
[   89.473920] file system registered
[   89.475282] unloading
[   89.487718] file system registered
[   89.489945] unloading
[   89.496320] ffs_data_put(): freeing
[   89.496407] ffs_data_put(): freeing
[   89.498239] file system registered
[   89.500195] unloading
[   89.512101] ffs_data_put(): freeing
[   89.512208] ffs_data_put(): freeing
[   89.513951] file system registered
[   89.516380] unloading
[   89.529314] ffs_data_put(): freeing
[   89.529414] ffs_data_put(): freeing
[   89.532199] file system registered
[   89.534696] unloading
[   89.541957] file system registered
[   89.544784] unloading
[   89.552189] ffs_data_put(): freeing
[   89.553880] file system registered
[   89.556226] unloading
[   89.563302] ffs_data_put(): freeing
[   89.566138] file system registered
[   89.569904] unloading
[   89.575227] ffs_data_put(): freeing
[   89.578233] file system registered
[   89.581040] unloading
[   89.588023] ffs_data_put(): freeing
[   89.590754] file system registered
[   89.593218] unloading
[   89.600059] ffs_data_put(): freeing
[   89.602150] file system registered
[   89.603915] unloading
[   89.609185] ffs_data_put(): freeing
[   89.611783] file system registered
[   89.613158] unloading
[   89.619955] ffs_data_put(): freeing
[   89.621765] file system registered
[   89.623090] unloading
[   89.633188] ffs_data_put(): freeing
[   89.633318] ffs_data_put(): freeing
[   89.634971] file system registered
[   89.637083] unloading
[   89.650432] file system registered
[   89.653293] unloading
[   89.663916] file system registered
[   89.667221] unloading
[   89.674135] ffs_data_put(): freeing
[   89.674233] ffs_data_put(): freeing
[   89.675821] file system registered
[   89.677892] unloading
[   89.687244] ffs_data_put(): freeing
[   89.687353] ffs_data_put(): freeing
[   89.689670] file system registered
[   89.691176] unloading
[   89.705227] ffs_data_put(): freeing
[   89.705794] ffs_data_put(): freeing
[   89.706024] ffs_data_put(): freeing
[   89.708052] file system registered
[   89.709822] unloading
[   89.714807] ffs_data_put(): freeing
[   89.715701] ffs_data_put(): freeing
[   89.716505] file system registered
[   89.718458] unloading
[   89.723354] ffs_data_put(): freeing
[   89.726367] file system registered
[   89.728176] unloading
[   89.735282] ffs_data_put(): freeing
[   89.738416] file system registered
[   89.739986] unloading
[   89.753262] ffs_data_put(): freeing
[   89.755985] file system registered
[   89.758036] unloading
[   89.768137] ffs_data_put(): freeing
[   89.768391] ffs_data_put(): freeing
[   89.771358] file system registered
[   89.773860] unloading
[   89.781171] ffs_data_put(): freeing
[   89.784119] file system registered
[   89.786227] unloading
[   89.802016] file system registered
[   89.806264] unloading
[   89.815273] ffs_data_put(): freeing
[   89.815413] ffs_data_put(): freeing
[   89.815801] ffs_data_put(): freeing
[   89.817369] file system registered
[   89.819766] unloading
[   89.825302] ffs_data_put(): freeing
[   89.828154] file system registered
[   89.830770] unloading
[   89.838260] ffs_data_put(): freeing
[   89.838853] ffs_data_put(): freeing
[   89.838976] ffs_data_put(): freeing
[   89.839814] file system registered
[   89.841376] unloading
[   89.846359] ffs_data_put(): freeing
[   89.846572] ffs_data_put(): freeing
[   89.848834] ffs_data_put(): freeing
[   89.851368] file system registered
[   89.852892] unloading
[   89.860742] file system registered
[   89.861974] unloading
[   89.871189] ffs_data_put(): freeing
[   89.873344] file system registered
[   89.875072] unloading
[   89.881149] file system registered
[   89.882343] unloading
[   89.888020] file system registered
[   89.889886] unloading
[   89.898214] ffs_data_put(): freeing
[   89.899741] file system registered
[   89.900894] unloading
[   89.905995] ffs_data_put(): freeing
[   89.908227] file system registered
[   89.910055] unloading
[   89.920999] file system registered
[   89.922740] unloading
[   89.928088] ffs_data_put(): freeing
[   89.930391] file system registered
[   89.931821] unloading
[   89.939122] ffs_data_put(): freeing
[   89.939223] ffs_data_put(): freeing
[   89.942157] file system registered
[   89.944308] unloading
[   89.952420] file system registered
[   89.954267] unloading
[   89.963210] ffs_data_put(): freeing
[   89.965908] file system registered
[   89.967916] unloading
[   89.977765] file system registered
[   89.980169] unloading
[   89.986170] ffs_data_put(): freeing
[   89.988817] file system registered
[   89.990770] unloading
[   89.996131] ffs_data_put(): freeing
[   89.996285] ffs_data_put(): freeing
[   89.998151] file system registered
[   89.999968] unloading
[   90.010185] ffs_data_put(): freeing
[   90.010296] ffs_data_put(): freeing
[   90.012652] file system registered
[   90.014663] unloading
[   90.022124] ffs_data_put(): freeing
[   90.022235] ffs_data_put(): freeing
[   90.024216] file system registered
[   90.026913] unloading
[   90.034317] ffs_data_put(): freeing
[   90.034696] ffs_data_put(): freeing
[   90.036162] file system registered
[   90.038013] unloading
[   90.044297] ffs_data_put(): freeing
[   90.044912] ffs_data_put(): freeing
[   90.046697] file system registered
[   90.048306] unloading
[   90.056296] ffs_data_put(): freeing
[   90.058383] file system registered
[   90.060262] unloading
[   90.066241] ffs_data_put(): freeing
[   90.067323] ffs_data_put(): freeing
[   90.069262] file system registered
[   90.071940] unloading
[   90.079198] ffs_data_put(): freeing
[   90.081188] file system registered
[   90.083654] unloading
[   90.089982] ffs_data_put(): freeing
[   90.090092] ffs_data_put(): freeing
[   90.091679] file system registered
[   90.093152] unloading
[   90.105023] ffs_data_put(): freeing
[   90.105130] ffs_data_put(): freeing
[   90.107344] file system registered
[   90.109258] unloading
[   90.120742] file system registered
[   90.122351] ffs_data_put(): freeing
[   90.123264] unloading
[   90.129308] ffs_data_put(): freeing
[   90.131398] file system registered
[   90.133226] unloading
[   90.140121] ffs_data_put(): freeing
[   90.142352] file system registered
[   90.144207] unloading
[   90.154037] ffs_data_put(): freeing
[   90.156170] file system registered
[   90.157910] unloading
[   90.168199] ffs_data_put(): freeing
[   90.172730] file system registered
[   90.174349] unloading
[   90.181050] ffs_data_put(): freeing
[   90.181156] ffs_data_put(): freeing
[   90.183188] file system registered
[   90.185407] unloading
[   90.193097] ffs_data_put(): freeing
[   90.193200] ffs_data_put(): freeing
[   90.195123] file system registered
[   90.197036] unloading
[   90.207066] ffs_data_put(): freeing
[   90.209971] file system registered
[   90.212745] unloading
[   90.220063] ffs_data_put(): freeing
[   90.220162] ffs_data_put(): freeing
[   90.222386] file system registered
[   90.224143] unloading
[   90.229935] ffs_data_put(): freeing
[   90.231972] file system registered
[   90.234994] unloading
[   90.242250] ffs_data_put(): freeing
[   90.245022] file system registered
[   90.247376] unloading
[   90.255752] ffs_data_put(): freeing
[   90.256935] file system registered
[   90.258861] unloading
[   90.264349] ffs_data_put(): freeing
[   90.264610] ffs_data_put(): freeing
[   90.264888] ffs_data_put(): freeing
[   90.265232] file system registered
[   90.265367] ffs_data_put(): freeing
[   90.266973] unloading
[   90.271265] ffs_data_put(): freeing
[   90.272024] ffs_data_put(): freeing
[   90.272189] ffs_data_put(): freeing
[   90.273236] file system registered
[   90.275171] unloading
[   90.286140] ffs_data_put(): freeing
[   90.286369] ffs_data_put(): freeing
[   90.287266] ffs_data_put(): freeing
[   90.288649] file system registered
[   90.291374] unloading
[   90.303288] ffs_data_put(): freeing
[   90.303885] ffs_data_put(): freeing
[   90.308818] file system registered
[   90.313115] unloading
[   90.322320] ffs_data_put(): freeing
[   90.325793] file system registered
[   90.328405] unloading
[   90.335754] ffs_data_put(): freeing
[   90.335879] ffs_data_put(): freeing
[   90.336033] ffs_data_put(): freeing
[   90.339130] file system registered
[   90.342105] unloading
[   90.351420] file system registered
[   90.354306] unloading
[   90.360253] ffs_data_put(): freeing
[   90.363208] file system registered
[   90.365241] unloading
[   90.373346] ffs_data_put(): freeing
[   90.374019] ffs_data_put(): freeing
[   90.374185] ffs_data_put(): freeing
[   90.375333] file system registered
[   90.377841] unloading
[   90.384023] ffs_data_put(): freeing
[   90.384132] ffs_data_put(): freeing
[   90.386383] file system registered
[   90.388205] unloading
[   90.398802] ffs_data_put(): freeing
[   90.402362] file system registered
[   90.406143] unloading
[   90.414147] ffs_data_put(): freeing
[   90.414306] ffs_data_put(): freeing
[   90.416290] file system registered
[   90.418163] unloading
[   90.425127] ffs_data_put(): freeing
[   90.427277] file system registered
[   90.428414] unloading
[   90.433075] ffs_data_put(): freeing
[   90.435269] file system registered
[   90.436901] unloading
[   90.448654] file system registered
[   90.451362] unloading
[   90.459167] ffs_data_put(): freeing
[   90.459325] ffs_data_put(): freeing
[   90.462818] file system registered
[   90.464723] unloading
[   90.471038] ffs_data_put(): freeing
[   90.473778] file system registered
[   90.476879] unloading
[   90.487169] ffs_data_put(): freeing
[   90.487307] ffs_data_put(): freeing
[   90.487663] ffs_data_put(): freeing
[   90.489708] file system registered
[   90.492151] unloading
[   90.506147] file system registered
[   90.509088] unloading
[   90.519281] ffs_data_put(): freeing
[   90.519422] ffs_data_put(): freeing
[   90.519781] ffs_data_put(): freeing
[   90.521377] file system registered
[   90.524953] unloading
[   90.536231] ffs_data_put(): freeing
[   90.536342] ffs_data_put(): freeing
[   90.539467] file system registered
[   90.543053] unloading
[   90.549757] ffs_data_put(): freeing
[   90.550774] file system registered
[   90.552047] unloading
[   90.559234] ffs_data_put(): freeing
[   90.561272] file system registered
[   90.563163] unloading
[   90.574217] ffs_data_put(): freeing
[   90.577413] file system registered
[   90.579346] unloading
[   90.592324] file system registered
[   90.595702] unloading
[   90.603311] ffs_data_put(): freeing
[   90.603399] ffs_data_put(): freeing
[   90.605264] file system registered
[   90.606794] unloading
[   90.617119] ffs_data_put(): freeing
[   90.617217] ffs_data_put(): freeing
[   90.618353] file system registered
[   90.620396] unloading
[   90.627126] ffs_data_put(): freeing
[   90.629323] file system registered
[   90.631905] unloading
[   90.641296] ffs_data_put(): freeing
[   90.641404] ffs_data_put(): freeing
[   90.643949] file system registered
[   90.646196] unloading
[   90.655236] ffs_data_put(): freeing
[   90.657453] file system registered
[   90.659410] unloading
[   90.667933] file system registered
[   90.669647] unloading
[   90.676739] file system registered
[   90.678807] unloading
[   90.684084] ffs_data_put(): freeing
[   90.684189] ffs_data_put(): freeing
[   90.686395] file system registered
[   90.688046] unloading
[   90.697066] file system registered
[   90.698403] unloading
[   90.707029] ffs_data_put(): freeing
[   90.708718] file system registered
[   90.710155] unloading
[   90.721219] ffs_data_put(): freeing
[   90.723054] file system registered
[   90.724904] unloading
[   90.733143] file system registered
[   90.734960] unloading
[   90.745034] file system registered
[   90.748766] unloading
[   90.762100] ffs_data_put(): freeing
[   90.762266] ffs_data_put(): freeing
[   90.764319] file system registered
[   90.766322] unloading
[   90.777419] ffs_data_put(): freeing
[   90.778894] ffs_data_put(): freeing
[   90.780743] file system registered
[   90.783864] unloading
[   90.792245] ffs_data_put(): freeing
[   90.792503] ffs_data_put(): freeing
[   90.792892] ffs_data_put(): freeing
[   90.795170] file system registered
[   90.797322] unloading
[   90.806696] ffs_data_put(): freeing
[   90.806902] ffs_data_put(): freeing
[   90.809008] file system registered
[   90.812039] unloading
[   90.828370] ffs_data_put(): freeing
[   90.830129] ffs_data_put(): freeing
[   90.830989] ffs_data_put(): freeing
[   90.831548] file system registered
[   90.834980] unloading
[   90.842397] ffs_data_put(): freeing
[   90.842686] ffs_data_put(): freeing
[   90.843676] ffs_data_put(): freeing
[   90.845885] file system registered
[   90.850011] unloading
[   90.858750] ffs_data_put(): freeing
[   90.858945] ffs_data_put(): freeing
[   90.859000] ffs_data_put(): freeing
[   90.861192] file system registered
[   90.863207] unloading
[   90.870368] ffs_data_put(): freeing
[   90.870670] ffs_data_put(): freeing
[   90.872822] file system registered
[   90.875353] unloading
[   90.888341] ffs_data_put(): freeing
[   90.888764] ffs_data_put(): freeing
[   90.888923] ffs_data_put(): freeing
[   90.891553] file system registered
[   90.895414] unloading
[   90.906879] file system registered
[   90.909372] unloading
[   90.915374] ffs_data_put(): freeing
[   90.915598] ffs_data_put(): freeing
[   90.918932] file system registered
[   90.921868] ffs_data_put(): freeing
[   90.922912] unloading
[   90.934216] ffs_data_put(): freeing
[   90.934382] ffs_data_put(): freeing
[   90.937100] file system registered
[   90.939268] unloading
[   90.951748] ffs_data_put(): freeing
[   90.953856] file system registered
[   90.955796] unloading
[   90.960440] ffs_data_put(): freeing
[   90.963809] file system registered
[   90.966141] unloading
[   90.971257] ffs_data_put(): freeing
[   90.973913] file system registered
[   90.977198] unloading
[   90.984216] ffs_data_put(): freeing
[   90.984327] ffs_data_put(): freeing
[   90.987275] file system registered
[   90.990196] unloading
[   90.999113] ffs_data_put(): freeing
[   91.002097] file system registered
[   91.006042] unloading
[   91.016138] ffs_data_put(): freeing
[   91.018809] file system registered
[   91.020150] unloading
[   91.029070] ffs_data_put(): freeing
[   91.031316] file system registered
[   91.033158] unloading
[   91.043422] file system registered
[   91.045814] unloading
[   91.056257] ffs_data_put(): freeing
[   91.057933] file system registered
[   91.059821] unloading
[   91.069238] ffs_data_put(): freeing
[   91.073141] file system registered
[   91.076404] unloading
[   91.086144] ffs_data_put(): freeing
[   91.086224] ffs_data_put(): freeing
[   91.088913] file system registered
[   91.091070] unloading
[   91.103305] file system registered
[   91.104955] unloading
[   91.115181] ffs_data_put(): freeing
[   91.117120] file system registered
[   91.118937] unloading
[   91.129077] ffs_data_put(): freeing
[   91.129324] ffs_data_put(): freeing
[   91.132136] file system registered
[   91.133899] unloading
[   91.142209] ffs_data_put(): freeing
[   91.145091] file system registered
[   91.148245] ffs_data_put(): freeing
[   91.148923] unloading
[   91.153409] ffs_data_put(): freeing
[   91.154418] ffs_data_put(): freeing
[   91.156234] file system registered
[   91.158306] unloading
[   91.165047] file system registered
[   91.165206] ffs_data_put(): freeing
[   91.167132] unloading
[   91.174298] ffs_data_put(): freeing
[   91.174403] ffs_data_put(): freeing
[   91.176021] file system registered
[   91.177282] unloading
[   91.187205] ffs_data_put(): freeing
[   91.187346] ffs_data_put(): freeing
[   91.190313] file system registered
[   91.194024] unloading
[   91.207149] ffs_data_put(): freeing
[   91.209929] file system registered
[   91.212738] unloading
[   91.219680] ffs_data_put(): freeing
[   91.221817] file system registered
[   91.221931] ffs_data_put(): freeing
[   91.224325] unloading
[   91.232669] ffs_data_put(): freeing
[   91.233812] ffs_data_put(): freeing
[   91.234436] file system registered
[   91.236895] unloading
[   91.243217] ffs_data_put(): freeing
[   91.243691] ffs_data_put(): freeing
[   91.245592] file system registered
[   91.247217] unloading
[   91.259325] file system registered
[   91.261607] unloading
[   91.267020] ffs_data_put(): freeing
[   91.268881] file system registered
[   91.272299] unloading
[   91.279553] ffs_data_put(): freeing
[   91.281397] file system registered
[   91.283150] unloading
[   91.290163] ffs_data_put(): freeing
[   91.292160] file system registered
[   91.294315] unloading
[   91.299165] ffs_data_put(): freeing
[   91.301897] file system registered
[   91.303082] unloading
[   91.310834] file system registered
[   91.312029] unloading
[   91.318005] ffs_data_put(): freeing
[   91.318285] ffs_data_put(): freeing
[   91.319908] file system registered
[   91.321187] unloading
[   91.328184] ffs_data_put(): freeing
[   91.328293] ffs_data_put(): freeing
[   91.330408] file system registered
[   91.332630] unloading
[   91.342232] file system registered
[   91.344409] unloading
[   91.353346] ffs_data_put(): freeing
[   91.355179] ffs_data_put(): freeing
[   91.355255] ffs_data_put(): freeing
[   91.357027] file system registered
[   91.359072] unloading
[   91.364147] ffs_data_put(): freeing
[   91.364285] ffs_data_put(): freeing
[   91.366601] file system registered
[   91.368218] unloading
[   91.373068] ffs_data_put(): freeing
[   91.373285] ffs_data_put(): freeing
[   91.373360] ffs_data_put(): freeing
[   91.375265] file system registered
[   91.377910] ffs_data_put(): freeing
[   91.378996] unloading
[   91.383309] ffs_data_put(): freeing
[   91.383652] ffs_data_put(): freeing
[   91.383797] ffs_data_put(): freeing
[   91.385369] file system registered
[   91.387352] unloading
[   91.395077] ffs_data_put(): freeing
[   91.397738] file system registered
[   91.399801] unloading
[   91.407118] ffs_data_put(): freeing
[   91.407207] ffs_data_put(): freeing
[   91.409036] file system registered
[   91.411065] unloading
[   91.420270] ffs_data_put(): freeing
[   91.422135] file system registered
[   91.423746] unloading
[   91.428112] ffs_data_put(): freeing
[   91.430686] file system registered
[   91.432779] unloading
[   91.443284] ffs_data_put(): freeing
[   91.443354] ffs_data_put(): freeing
[   91.445125] file system registered
[   91.446835] unloading
[   91.461108] ffs_data_put(): freeing
[   91.461768] ffs_data_put(): freeing
[   91.461753] ffs_data_put(): freeing
[   91.463020] file system registered
[   91.467157] unloading
[   91.473192] ffs_data_put(): freeing
[   91.473833] ffs_data_put(): freeing
[   91.474108] ffs_data_put(): freeing
[   91.475055] file system registered
[   91.476947] unloading
[   91.490172] ffs_data_put(): freeing
[   91.490401] ffs_data_put(): freeing
[   91.492111] file system registered
[   91.494050] unloading
[   91.499105] ffs_data_put(): freeing
[   91.502465] file system registered
[   91.504973] unloading
[   91.511341] ffs_data_put(): freeing
[   91.512852] file system registered
[   91.513872] unloading
[   91.525766] file system registered
[   91.528189] unloading
[   91.534045] ffs_data_put(): freeing
[   91.536810] file system registered
[   91.538908] unloading
[   91.546040] ffs_data_put(): freeing
[   91.548612] file system registered
[   91.550163] unloading
[   91.560757] file system registered
[   91.562217] unloading
[   91.570047] file system registered
[   91.571830] unloading
[   91.585267] ffs_data_put(): freeing
[   91.588612] file system registered
[   91.590374] unloading
[   91.598101] ffs_data_put(): freeing
[   91.600258] file system registered
[   91.601992] unloading
[   91.608271] ffs_data_put(): freeing
[   91.609246] file system registered
[   91.610955] unloading
[   91.619022] ffs_data_put(): freeing
[   91.620992] file system registered
[   91.622872] unloading
[   91.629042] ffs_data_put(): freeing
[   91.631182] file system registered
[   91.634087] unloading
[   91.643019] ffs_data_put(): freeing
[   91.643211] ffs_data_put(): freeing
[   91.643331] ffs_data_put(): freeing
[   91.644714] file system registered
[   91.646388] unloading
[   91.660741] ffs_data_put(): freeing
[   91.660952] ffs_data_put(): freeing
[   91.661165] ffs_data_put(): freeing
[   91.661268] ffs_data_put(): freeing
[   91.663341] file system registered
[   91.667128] unloading
[   91.679072] file system registered
[   91.681210] unloading
[   91.687180] ffs_data_put(): freeing
[   91.689075] file system registered
[   91.690989] unloading
[   91.700037] ffs_data_put(): freeing
[   91.702962] file system registered
[   91.705315] unloading
[   91.711070] ffs_data_put(): freeing
[   91.714258] file system registered
[   91.716870] unloading
[   91.722226] ffs_data_put(): freeing
[   91.725192] file system registered
[   91.727233] unloading
[   91.736575] file system registered
[   91.738003] unloading
[   91.743057] ffs_data_put(): freeing
[   91.745130] file system registered
[   91.746761] unloading
[   91.752851] file system registered
[   91.753994] unloading
[   91.760829] file system registered
[   91.761985] unloading
[   91.767996] ffs_data_put(): freeing
[   91.768089] ffs_data_put(): freeing
[   91.769939] file system registered
[   91.771059] unloading
[   91.778066] ffs_data_put(): freeing
[   91.778141] ffs_data_put(): freeing
[   91.780734] file system registered
[   91.782149] unloading
[   91.792168] ffs_data_put(): freeing
[   91.792350] ffs_data_put(): freeing
[   91.794138] file system registered
[   91.796179] unloading
[   91.805210] ffs_data_put(): freeing
[   91.807635] file system registered
[   91.809339] unloading
[   91.818158] ffs_data_put(): freeing
[   91.818329] ffs_data_put(): freeing
[   91.820651] file system registered
[   91.822860] unloading
[   91.830106] ffs_data_put(): freeing
[   91.832841] file system registered
[   91.834349] unloading
[   91.845089] ffs_data_put(): freeing
[   91.847208] file system registered
[   91.849163] unloading
[   91.858201] ffs_data_put(): freeing
[   91.858338] ffs_data_put(): freeing
[   91.860382] file system registered
[   91.863048] unloading
[   91.871037] ffs_data_put(): freeing
[   91.872994] file system registered
[   91.875344] unloading
[   91.883139] file system registered
[   91.885032] unloading
[   91.894303] file system registered
[   91.895921] unloading
[   91.905019] ffs_data_put(): freeing
[   91.907152] file system registered
[   91.908781] unloading
[   91.914908] file system registered
[   91.916230] unloading
[   91.922108] ffs_data_put(): freeing
[   91.922196] ffs_data_put(): freeing
[   91.923848] file system registered
[   91.925213] unloading
[   91.934072] ffs_data_put(): freeing
[   91.934234] ffs_data_put(): freeing
[   91.934345] ffs_data_put(): freeing
[   91.938064] file system registered
[   91.941136] unloading
[   91.952397] file system registered
[   91.955592] unloading
[   91.962180] file system registered
[   91.963903] unloading
[   91.971000] ffs_data_put(): freeing
[   91.972427] file system registered
[   91.974481] unloading
[   91.983043] ffs_data_put(): freeing
[   91.983175] ffs_data_put(): freeing
[   91.985937] file system registered
[   91.988105] unloading
[   91.995070] ffs_data_put(): freeing
[   91.996959] file system registered
[   91.997981] unloading
[   92.004147] file system registered
[   92.006057] unloading
[   92.017336] ffs_data_put(): freeing
[   92.018991] file system registered
[   92.021909] unloading
[   92.033040] ffs_data_put(): freeing
[   92.033217] ffs_data_put(): freeing
[   92.035141] file system registered
[   92.036856] unloading
[   92.042141] ffs_data_put(): freeing
[   92.045115] file system registered
[   92.047410] unloading
[   92.054194] ffs_data_put(): freeing
[   92.054326] ffs_data_put(): freeing
[   92.056722] file system registered
[   92.058636] unloading
[   92.070143] ffs_data_put(): freeing
[   92.070256] ffs_data_put(): freeing
[   92.073049] file system registered
[   92.075241] unloading
[   92.085253] ffs_data_put(): freeing
[   92.086500] ffs_data_put(): freeing
[   92.088818] file system registered
[   92.091250] unloading
[   92.098242] ffs_data_put(): freeing
[   92.100647] file system registered
[   92.102567] unloading
[   92.107128] ffs_data_put(): freeing
[   92.110990] file system registered
[   92.113792] unloading
[   92.122115] ffs_data_put(): freeing
[   92.124250] file system registered
[   92.126355] unloading
[   92.136286] ffs_data_put(): freeing
[   92.136355] ffs_data_put(): freeing
[   92.139674] file system registered
[   92.142064] unloading
[   92.148215] ffs_data_put(): freeing
[   92.152456] file system registered
[   92.155210] ffs_data_put(): freeing
[   92.155290] unloading
[   92.166364] ffs_data_put(): freeing
[   92.167698] ffs_data_put(): freeing
[   92.168964] file system registered
[   92.173126] unloading
[   92.188150] ffs_data_put(): freeing
[   92.188301] ffs_data_put(): freeing
[   92.190934] file system registered
[   92.192319] unloading
[   92.199210] ffs_data_put(): freeing
[   92.203358] file system registered
[   92.206327] unloading
[   92.211256] ffs_data_put(): freeing
[   92.214161] file system registered
[   92.216166] unloading
[   92.223171] ffs_data_put(): freeing
[   92.226231] file system registered
[   92.228990] ffs_data_put(): freeing
[   92.229980] unloading
[   92.235170] ffs_data_put(): freeing
[   92.238290] file system registered
[   92.239921] unloading
[   92.246998] ffs_data_put(): freeing
[   92.247098] ffs_data_put(): freeing
[   92.248788] file system registered
[   92.249945] unloading
[   92.254891] ffs_data_put(): freeing
[   92.256670] file system registered
[   92.258180] unloading
[   92.264993] ffs_data_put(): freeing
[   92.268282] file system registered
[   92.271336] unloading
[   92.281737] file system registered
[   92.283095] unloading
[   92.288059] ffs_data_put(): freeing
[   92.290184] file system registered
[   92.291864] unloading
[   92.304006] ffs_data_put(): freeing
[   92.304110] ffs_data_put(): freeing
[   92.304226] ffs_data_put(): freeing
[   92.306354] file system registered
[   92.308767] unloading
[   92.314062] ffs_data_put(): freeing
[   92.314825] ffs_data_put(): freeing
[   92.316184] file system registered
[   92.317872] unloading
[   92.326950] ffs_data_put(): freeing
[   92.329717] file system registered
[   92.331340] unloading
[   92.336174] ffs_data_put(): freeing
[   92.338245] file system registered
[   92.340248] unloading
[   92.347161] ffs_data_put(): freeing
[   92.349160] file system registered
[   92.351079] unloading
[   92.358170] ffs_data_put(): freeing
[   92.358355] ffs_data_put(): freeing
[   92.358597] ffs_data_put(): freeing
[   92.360269] file system registered
[   92.362842] unloading
[   92.368780] ffs_data_put(): freeing
[   92.370146] file system registered
[   92.372819] unloading
[   92.381904] ffs_data_put(): freeing
[   92.382103] ffs_data_put(): freeing
[   92.384238] file system registered
[   92.386004] unloading
[   92.393341] file system registered
[   92.396056] unloading
[   92.404997] ffs_data_put(): freeing
[   92.405179] ffs_data_put(): freeing
[   92.405308] ffs_data_put(): freeing
[   92.406900] file system registered
[   92.408864] unloading
[   92.414035] ffs_data_put(): freeing
[   92.414210] ffs_data_put(): freeing
[   92.416348] file system registered
[   92.418379] unloading
[   92.423252] ffs_data_put(): freeing
[   92.423762] ffs_data_put(): freeing
[   92.425116] file system registered
[   92.427036] unloading
[   92.436292] ffs_data_put(): freeing
[   92.436748] ffs_data_put(): freeing
[   92.437035] ffs_data_put(): freeing
[   92.437356] ffs_data_put(): freeing
[   92.438284] file system registered
[   92.440118] unloading
[   92.451212] ffs_data_put(): freeing
[   92.451665] ffs_data_put(): freeing
[   92.451788] ffs_data_put(): freeing
[   92.451913] ffs_data_put(): freeing
[   92.453696] file system registered
[   92.456023] unloading
[   92.463661] ffs_data_put(): freeing
[   92.463996] ffs_data_put(): freeing
[   92.464286] ffs_data_put(): freeing
[   92.466090] file system registered
[   92.471167] unloading
[   92.477971] ffs_data_put(): freeing
[   92.478253] ffs_data_put(): freeing
[   92.483055] file system registered
[   92.487859] unloading
[   92.505232] file system registered
[   92.507916] unloading
[   92.518287] ffs_data_put(): freeing
[   92.518409] ffs_data_put(): freeing
[   92.521929] file system registered
[   92.525870] unloading
[   92.534264] file system registered
[   92.537045] unloading
[   92.544201] ffs_data_put(): freeing
[   92.546804] file system registered
[   92.549812] ffs_data_put(): freeing
[   92.550021] unloading
[   92.557774] ffs_data_put(): freeing
[   92.557780] ffs_data_put(): freeing
[   92.558172] ffs_data_put(): freeing
[   92.559399] file system registered
[   92.561436] unloading
[   92.570419] ffs_data_put(): freeing
[   92.570699] ffs_data_put(): freeing
[   92.570863] ffs_data_put(): freeing
[   92.572856] file system registered
[   92.575244] unloading
[   92.582211] ffs_data_put(): freeing
[   92.582729] ffs_data_put(): freeing
[   92.585389] file system registered
[   92.587898] ffs_data_put(): freeing
[   92.588353] unloading
[   92.594258] ffs_data_put(): freeing
[   92.594365] ffs_data_put(): freeing
[   92.597989] file system registered
[   92.600630] unloading
[   92.610115] file system registered
[   92.614062] unloading
[   92.621983] ffs_data_put(): freeing
[   92.622147] ffs_data_put(): freeing
[   92.622239] ffs_data_put(): freeing
[   92.623897] file system registered
[   92.625521] unloading
[   92.634144] ffs_data_put(): freeing
[   92.637243] file system registered
[   92.641226] unloading
[   92.651167] ffs_data_put(): freeing
[   92.653231] file system registered
[   92.655078] unloading
[   92.661158] file system registered
[   92.662995] unloading
[   92.674099] file system registered
[   92.675882] unloading
[   92.682046] ffs_data_put(): freeing
[   92.685056] file system registered
[   92.686908] unloading
[   92.694629] file system registered
[   92.696179] unloading
[   92.704045] ffs_data_put(): freeing
[   92.704161] ffs_data_put(): freeing
[   92.705657] file system registered
[   92.707237] unloading
[   92.713007] ffs_data_put(): freeing
[   92.713113] ffs_data_put(): freeing
[   92.714879] file system registered
[   92.716758] unloading
[   92.724017] ffs_data_put(): freeing
[   92.726640] file system registered
[   92.728188] unloading
[   92.735163] ffs_data_put(): freeing
[   92.735273] ffs_data_put(): freeing
[   92.737304] file system registered
[   92.739318] unloading
[   92.748774] file system registered
[   92.749616] unloading
[   92.755936] ffs_data_put(): freeing
[   92.757248] file system registered
[   92.758904] unloading
[   92.768181] ffs_data_put(): freeing
[   92.768399] ffs_data_put(): freeing
[   92.768589] ffs_data_put(): freeing
[   92.770401] file system registered
[   92.772927] unloading
[   92.783165] file system registered
[   92.785282] unloading
[   92.794124] ffs_data_put(): freeing
[   92.796985] file system registered
[   92.799776] unloading
[   92.808173] ffs_data_put(): freeing
[   92.808300] ffs_data_put(): freeing
[   92.810182] file system registered
[   92.811908] unloading
[   92.820294] ffs_data_put(): freeing
[   92.820666] ffs_data_put(): freeing
[   92.822727] file system registered
[   92.824368] unloading
[   92.832068] ffs_data_put(): freeing
[   92.832238] ffs_data_put(): freeing
[   92.834920] file system registered
[   92.836817] unloading
[   92.850342] ffs_data_put(): freeing
[   92.850708] ffs_data_put(): freeing
[   92.851343] ffs_data_put(): freeing
[   92.852384] file system registered
[   92.854190] unloading
[   92.860065] ffs_data_put(): freeing
[   92.860261] ffs_data_put(): freeing
[   92.863092] file system registered
[   92.864300] unloading
[   92.874348] file system registered
[   92.878070] unloading
[   92.887330] ffs_data_put(): freeing
[   92.887424] ffs_data_put(): freeing
[   92.892026] file system registered
[   92.893845] unloading
[   92.905841] file system registered
[   92.908218] unloading
[   92.914626] file system registered
[   92.916016] unloading
[   92.923909] file system registered
[   92.925030] unloading
[   92.933091] ffs_data_put(): freeing
[   92.933161] ffs_data_put(): freeing
[   92.935060] file system registered
[   92.936920] unloading
[   92.950319] ffs_data_put(): freeing
[   92.951033] ffs_data_put(): freeing
[   92.952409] file system registered
[   92.954306] unloading
[   92.965156] ffs_data_put(): freeing
[   92.967306] file system registered
[   92.969312] unloading
[   92.982859] ffs_data_put(): freeing
[   92.983973] ffs_data_put(): freeing
[   92.984766] file system registered
[   92.987628] ffs_data_put(): freeing
[   92.988330] unloading
[   92.999253] ffs_data_put(): freeing
[   92.999323] ffs_data_put(): freeing
[   92.999931] file system registered
[   93.004298] unloading
[   93.010253] ffs_data_put(): freeing
[   93.011405] ffs_data_put(): freeing
[   93.011800] ffs_data_put(): freeing
[   93.013980] file system registered
[   93.017055] unloading
[   93.024119] ffs_data_put(): freeing
[   93.027306] file system registered
[   93.029768] unloading
[   93.034099] ffs_data_put(): freeing
[   93.036633] file system registered
[   93.038365] unloading
[   93.046232] ffs_data_put(): freeing
[   93.046341] ffs_data_put(): freeing
[   93.048963] file system registered
[   93.051087] unloading
[   93.061118] ffs_data_put(): freeing
[   93.061275] ffs_data_put(): freeing
[   93.061655] ffs_data_put(): freeing
[   93.063869] file system registered
[   93.066045] unloading
[   93.079401] file system registered
[   93.081069] unloading
[   93.090128] ffs_data_put(): freeing
[   93.090262] ffs_data_put(): freeing
[   93.092951] file system registered
[   93.094745] unloading
[   93.101266] ffs_data_put(): freeing
[   93.103020] file system registered
[   93.104734] unloading
[   93.113409] ffs_data_put(): freeing
[   93.117670] file system registered
[   93.120163] unloading
[   93.132284] ffs_data_put(): freeing
[   93.133346] ffs_data_put(): freeing
[   93.134471] file system registered
[   93.136965] unloading
[   93.151231] ffs_data_put(): freeing
[   93.152276] ffs_data_put(): freeing
[   93.156135] file system registered
[   93.156364] ffs_data_put(): freeing
[   93.156430] ffs_data_put(): freeing
[   93.161512] unloading
[   93.171105] ffs_data_put(): freeing
[   93.172053] ffs_data_put(): freeing
[   93.172120] ffs_data_put(): freeing
[   93.175022] file system registered
[   93.179106] unloading
[   93.188887] ffs_data_put(): freeing
[   93.189258] ffs_data_put(): freeing
[   93.189858] ffs_data_put(): freeing
[   93.192416] file system registered
[   93.195413] unloading
[   93.208033] ffs_data_put(): freeing
[   93.209232] file system registered
[   93.211255] unloading
[   93.217405] ffs_data_put(): freeing
[   93.220234] file system registered
[   93.223658] unloading
[   93.231263] ffs_data_put(): freeing
[   93.231457] ffs_data_put(): freeing
[   93.233098] file system registered
[   93.235179] unloading
[   93.244645] file system registered
[   93.247834] unloading
[   93.254052] ffs_data_put(): freeing
[   93.256629] file system registered
[   93.258706] unloading
[   93.266247] ffs_data_put(): freeing
[   93.266410] ffs_data_put(): freeing
[   93.268768] file system registered
[   93.271022] unloading
[   93.276065] ffs_data_put(): freeing
[   93.277640] file system registered
[   93.279038] unloading
[   93.284952] ffs_data_put(): freeing
[   93.285061] ffs_data_put(): freeing
[   93.285256] ffs_data_put(): freeing
[   93.286897] file system registered
[   93.288248] unloading
[   93.295205] ffs_data_put(): freeing
[   93.295394] ffs_data_put(): freeing
[   93.297336] file system registered
[   93.298964] unloading
[   93.309285] ffs_data_put(): freeing
[   93.311166] file system registered
[   93.313228] unloading
[   93.319993] ffs_data_put(): freeing
[   93.320111] ffs_data_put(): freeing
[   93.322648] file system registered
[   93.324203] unloading
[   93.329779] file system registered
[   93.331979] unloading
[   93.338192] ffs_data_put(): freeing
[   93.338313] file system registered
[   93.338610] ffs_data_put(): freeing
[   93.339379] unloading
[   93.347224] file system registered
[   93.349391] unloading
[   93.356914] ffs_data_put(): freeing
[   93.357045] ffs_data_put(): freeing
[   93.358492] file system registered
[   93.360015] ffs_data_put(): freeing
[   93.360286] unloading
[   93.366061] ffs_data_put(): freeing
[   93.366174] ffs_data_put(): freeing
[   93.367884] file system registered
[   93.369888] unloading
[   93.378045] ffs_data_put(): freeing
[   93.379764] file system registered
[   93.381050] unloading
[   93.392202] file system registered
[   93.393917] unloading
[   93.400322] file system registered
[   93.401902] unloading
[   93.407936] ffs_data_put(): freeing
[   93.409166] file system registered
[   93.410778] ffs_data_put(): freeing
[   93.410892] unloading
[   93.417043] ffs_data_put(): freeing
[   93.418110] file system registered
[   93.419768] unloading
[   93.426086] file system registered
[   93.429810] ffs_data_put(): freeing
[   93.430966] ffs_data_put(): freeing
[   93.432763] ffs_data_put(): freeing
[   93.433110] ffs_data_put(): freeing
[   93.433424] ffs_data_put(): freeing
[   93.434039] unloading
[   93.440030] ffs_data_put(): freeing
[   93.441810] file system registered
[   93.443087] unloading
[   93.449931] ffs_data_put(): freeing
[   93.451845] file system registered
[   93.453026] unloading
[   93.460315] file system registered
[   93.462151] unloading
[   93.467983] ffs_data_put(): freeing
[   93.470197] file system registered
[   93.472002] unloading
[   93.479945] file system registered
[   93.481721] unloading
[   93.496934] ffs_data_put(): freeing
[   93.497037] ffs_data_put(): freeing
[   93.498547] file system registered
[   93.500073] ffs_data_put(): freeing
[   93.500628] unloading
[   93.510181] ffs_data_put(): freeing
[   93.510319] ffs_data_put(): freeing
[   93.512297] file system registered
[   93.513962] unloading
[   93.523711] ffs_data_put(): freeing
[   93.523892] ffs_data_put(): freeing
[   93.525927] file system registered
[   93.529342] unloading
[   93.534700] ffs_data_put(): freeing
[   93.534733] ffs_data_put(): freeing
[   93.537055] file system registered
[   93.539260] unloading
[   93.546086] ffs_data_put(): freeing
[   93.546221] ffs_data_put(): freeing
[   93.549115] file system registered
[   93.552285] unloading
[   93.557166] ffs_data_put(): freeing
[   93.559884] file system registered
[   93.562188] unloading
[   93.568246] ffs_data_put(): freeing
[   93.568357] ffs_data_put(): freeing
[   93.569795] file system registered
[   93.570977] unloading
[   93.575212] ffs_data_put(): freeing
[   93.578368] file system registered
[   93.580205] unloading
[   93.585975] ffs_data_put(): freeing
[   93.587295] file system registered
[   93.588666] unloading
[   93.597644] file system registered
[   93.599127] unloading
[   93.604886] ffs_data_put(): freeing
[   93.607181] file system registered
[   93.608856] unloading
[   93.616899] ffs_data_put(): freeing
[   93.619037] file system registered
[   93.620804] unloading
[   93.628963] ffs_data_put(): freeing
[   93.629076] ffs_data_put(): freeing
[   93.630260] file system registered
[   93.632038] unloading
[   93.638964] ffs_data_put(): freeing
[   93.641032] file system registered
[   93.643035] unloading
[   93.647997] ffs_data_put(): freeing
[   93.648079] ffs_data_put(): freeing
[   93.650735] file system registered
[   93.652236] unloading
[   93.665024] ffs_data_put(): freeing
[   93.665155] ffs_data_put(): freeing
[   93.666326] file system registered
[   93.667993] unloading
[   93.678957] ffs_data_put(): freeing
[   93.679070] ffs_data_put(): freeing
[   93.680169] file system registered
[   93.682251] unloading
[   93.689152] ffs_data_put(): freeing
[   93.689270] ffs_data_put(): freeing
[   93.689384] ffs_data_put(): freeing
[   93.691182] file system registered
[   93.693637] unloading
[   93.701391] ffs_data_put(): freeing
[   93.703018] file system registered
[   93.704995] unloading
[   93.714127] ffs_data_put(): freeing
[   93.716311] file system registered
[   93.717602] unloading
[   93.726933] ffs_data_put(): freeing
[   93.728755] file system registered
[   93.730015] unloading
[   93.736004] ffs_data_put(): freeing
[   93.736148] ffs_data_put(): freeing
[   93.737992] file system registered
[   93.739752] unloading
[   93.745151] ffs_data_put(): freeing
[   93.747608] file system registered
[   93.749167] unloading
[   93.758031] ffs_data_put(): freeing
[   93.758151] ffs_data_put(): freeing
[   93.759692] file system registered
[   93.760886] unloading
[   93.766917] ffs_data_put(): freeing
[   93.768140] file system registered
[   93.769792] unloading
[   93.775976] ffs_data_put(): freeing
[   93.777868] file system registered
[   93.779365] unloading
[   93.787141] file system registered
[   93.789366] unloading
[   93.797911] ffs_data_put(): freeing
[   93.800305] file system registered
[   93.802083] unloading
[   93.810962] ffs_data_put(): freeing
[   93.813381] file system registered
[   93.815364] unloading
[   93.824114] ffs_data_put(): freeing
[   93.824237] ffs_data_put(): freeing
[   93.826404] file system registered
[   93.828977] unloading
[   93.837176] file system registered
[   93.839016] unloading
[   93.849584] file system registered
[   93.851203] unloading
[   93.857045] ffs_data_put(): freeing
[   93.857160] ffs_data_put(): freeing
[   93.858405] file system registered
[   93.859958] unloading
[   93.867988] ffs_data_put(): freeing
[   93.868103] ffs_data_put(): freeing
[   93.869347] file system registered
[   93.871006] unloading
[   93.885265] ffs_data_put(): freeing
[   93.886369] ffs_data_put(): freeing
[   93.888687] file system registered
[   93.890987] unloading
[   93.899538] file system registered
[   93.901104] unloading
[   93.911102] ffs_data_put(): freeing
[   93.911204] ffs_data_put(): freeing
[   93.913843] file system registered
[   93.916822] unloading
[   93.923037] ffs_data_put(): freeing
[   93.925317] file system registered
[   93.927318] unloading
[   93.936899] file system registered
[   93.938840] unloading
[   93.945863] ffs_data_put(): freeing
[   93.947187] file system registered
[   93.948665] unloading
[   93.956926] ffs_data_put(): freeing
[   93.958613] file system registered
[   93.960289] unloading
[   93.969918] ffs_data_put(): freeing
[   93.970019] ffs_data_put(): freeing
[   93.971120] file system registered
[   93.973277] unloading
[   93.979121] ffs_data_put(): freeing
[   93.980869] file system registered
[   93.982338] unloading
[   93.989318] file system registered
[   93.990969] unloading
[   93.996851] ffs_data_put(): freeing
[   93.998093] file system registered
[   93.999784] unloading
[   94.005055] ffs_data_put(): freeing
[   94.005166] ffs_data_put(): freeing
[   94.006191] file system registered
[   94.007855] unloading
[   94.014026] ffs_data_put(): freeing
[   94.015792] file system registered
[   94.016970] unloading
[   94.026036] ffs_data_put(): freeing
[   94.026142] ffs_data_put(): freeing
[   94.028200] file system registered
[   94.029840] unloading
[   94.041953] ffs_data_put(): freeing
[   94.044444] file system registered
[   94.048123] unloading
[   94.056091] ffs_data_put(): freeing
[   94.056268] ffs_data_put(): freeing
[   94.056350] ffs_data_put(): freeing
[   94.058248] file system registered
[   94.060119] unloading
[   94.065130] ffs_data_put(): freeing
[   94.066867] file system registered
[   94.067897] unloading
[   94.075146] ffs_data_put(): freeing
[   94.077302] file system registered
[   94.080265] unloading
[   94.088981] ffs_data_put(): freeing
[   94.089054] ffs_data_put(): freeing
[   94.091082] file system registered
[   94.092574] unloading
[   94.098007] ffs_data_put(): freeing
[   94.098169] ffs_data_put(): freeing
[   94.099430] file system registered
[   94.100946] unloading
[   94.108906] ffs_data_put(): freeing
[   94.108994] ffs_data_put(): freeing
[   94.110160] file system registered
[   94.111851] unloading
[   94.117218] ffs_data_put(): freeing
[   94.117350] ffs_data_put(): freeing
[   94.119996] file system registered
[   94.121593] unloading
[   94.128156] ffs_data_put(): freeing
[   94.130359] file system registered
[   94.133098] unloading
[   94.142069] ffs_data_put(): freeing
[   94.142237] ffs_data_put(): freeing
[   94.145104] file system registered
[   94.147848] unloading
[   94.157194] ffs_data_put(): freeing
[   94.159316] file system registered
[   94.161161] unloading
[   94.168992] ffs_data_put(): freeing
[   94.171391] file system registered
[   94.173795] unloading
[   94.182686] file system registered
[   94.184183] unloading
[   94.188954] ffs_data_put(): freeing
[   94.191300] file system registered
[   94.192860] unloading
[   94.202909] ffs_data_put(): freeing
[   94.204842] file system registered
[   94.206023] unloading
[   94.211932] ffs_data_put(): freeing
[   94.212010] ffs_data_put(): freeing
[   94.213251] file system registered
[   94.215010] unloading
[   94.223009] ffs_data_put(): freeing
[   94.223168] ffs_data_put(): freeing
[   94.223271] ffs_data_put(): freeing
[   94.225224] file system registered
[   94.227331] unloading
[   94.239027] file system registered
[   94.241041] unloading
[   94.249797] file system registered
[   94.251247] unloading
[   94.259221] file system registered
[   94.261285] unloading
[   94.268687] file system registered
[   94.269901] unloading
[   94.279911] ffs_data_put(): freeing
[   94.280079] ffs_data_put(): freeing
[   94.280174] ffs_data_put(): freeing
[   94.281250] file system registered
[   94.282889] unloading
[   94.288942] ffs_data_put(): freeing
[   94.289153] ffs_data_put(): freeing
[   94.289240] ffs_data_put(): freeing
[   94.290669] file system registered
[   94.291984] unloading
[   94.297015] ffs_data_put(): freeing
[   94.297155] ffs_data_put(): freeing
[   94.298880] file system registered
[   94.299955] unloading
[   94.306003] ffs_data_put(): freeing
[   94.308325] file system registered
[   94.310022] unloading
[   94.315057] ffs_data_put(): freeing
[   94.315188] ffs_data_put(): freeing
[   94.318080] file system registered
[   94.319302] unloading
[   94.326027] ffs_data_put(): freeing
[   94.327071] file system registered
[   94.328803] unloading
[   94.333253] ffs_data_put(): freeing
[   94.335475] file system registered
[   94.336925] unloading
[   94.346132] ffs_data_put(): freeing
[   94.346307] ffs_data_put(): freeing
[   94.349336] file system registered
[   94.351257] unloading
[   94.358031] ffs_data_put(): freeing
[   94.360274] file system registered
[   94.362020] unloading
[   94.367135] ffs_data_put(): freeing
[   94.367333] ffs_data_put(): freeing
[   94.367421] ffs_data_put(): freeing
[   94.369230] file system registered
[   94.371361] ffs_data_put(): freeing
[   94.371767] unloading
[   94.381284] ffs_data_put(): freeing
[   94.383353] file system registered
[   94.385726] unloading
[   94.396873] file system registered
[   94.398255] unloading
[   94.408210] ffs_data_put(): freeing
[   94.408378] ffs_data_put(): freeing
[   94.409848] file system registered
[   94.410955] unloading
[   94.414409] ffs_data_put(): freeing
[   94.415954] file system registered
[   94.417279] unloading
[   94.427173] ffs_data_put(): freeing
[   94.427329] ffs_data_put(): freeing
[   94.427623] ffs_data_put(): freeing
[   94.428753] file system registered
[   94.430173] unloading
[   94.441037] ffs_data_put(): freeing
[   94.441150] ffs_data_put(): freeing
[   94.443200] file system registered
[   94.445697] ffs_data_put(): freeing
[   94.448023] unloading
[   94.457160] ffs_data_put(): freeing
[   94.457310] ffs_data_put(): freeing
[   94.460156] file system registered
[   94.462940] unloading
[   94.474205] ffs_data_put(): freeing
[   94.478153] file system registered
[   94.481760] unloading
[   94.491086] ffs_data_put(): freeing
[   94.493377] file system registered
[   94.495222] unloading
[   94.504035] file system registered
[   94.505706] unloading
[   94.509971] ffs_data_put(): freeing
[   94.511767] file system registered
[   94.512849] unloading
[   94.516959] ffs_data_put(): freeing
[   94.517073] ffs_data_put(): freeing
[   94.517156] ffs_data_put(): freeing
[   94.518854] file system registered
[   94.520323] unloading
[   94.525905] ffs_data_put(): freeing
[   94.526006] ffs_data_put(): freeing
[   94.526069] ffs_data_put(): freeing
[   94.528375] file system registered
[   94.530169] ffs_data_put(): freeing
[   94.530311] unloading
[   94.539321] ffs_data_put(): freeing
[   94.539394] ffs_data_put(): freeing
[   94.542174] file system registered
[   94.544635] unloading
[   94.555196] file system registered
[   94.557133] unloading
[   94.564269] ffs_data_put(): freeing
[   94.566985] file system registered
[   94.568997] unloading
[   94.578625] file system registered
[   94.580240] unloading
[   94.591108] file system registered
[   94.592907] unloading
[   94.602004] ffs_data_put(): freeing
[   94.602127] ffs_data_put(): freeing
[   94.603863] file system registered
[   94.605306] unloading
[   94.613059] ffs_data_put(): freeing
[   94.613180] ffs_data_put(): freeing
[   94.614970] file system registered
[   94.616878] unloading
[   94.626025] ffs_data_put(): freeing
[   94.626312] ffs_data_put(): freeing
[   94.627781] file system registered
[   94.629207] unloading
[   94.640053] ffs_data_put(): freeing
[   94.640234] ffs_data_put(): freeing
[   94.641830] file system registered
[   94.643176] unloading
[   94.650042] ffs_data_put(): freeing
[   94.650165] ffs_data_put(): freeing
[   94.650297] ffs_data_put(): freeing
[   94.651950] file system registered
[   94.654649] ffs_data_put(): freeing
[   94.655333] ffs_data_put(): freeing
[   94.657747] unloading
[   94.671885] ffs_data_put(): freeing
[   94.672145] ffs_data_put(): freeing
[   94.672586] ffs_data_put(): freeing
[   94.675793] file system registered
[   94.680046] unloading
[   94.688681] file system registered
[   94.690878] unloading
[   94.698205] ffs_data_put(): freeing
[   94.700122] file system registered
[   94.702013] unloading
[   94.708033] ffs_data_put(): freeing
[   94.708165] ffs_data_put(): freeing
[   94.708279] ffs_data_put(): freeing
[   94.710295] file system registered
[   94.712263] unloading
[   94.718070] ffs_data_put(): freeing
[   94.718375] ffs_data_put(): freeing
[   94.719145] file system registered
[   94.721124] unloading
[   94.734080] ffs_data_put(): freeing
[   94.734246] ffs_data_put(): freeing
[   94.736306] file system registered
[   94.739001] unloading
[   94.746202] ffs_data_put(): freeing
[   94.746351] ffs_data_put(): freeing
[   94.747853] file system registered
[   94.749350] unloading
[   94.755215] ffs_data_put(): freeing
[   94.756950] file system registered
[   94.758887] unloading
[   94.764340] ffs_data_put(): freeing
[   94.765159] ffs_data_put(): freeing
[   94.767366] file system registered
[   94.769146] unloading
[   94.777006] ffs_data_put(): freeing
[   94.778298] file system registered
[   94.780264] unloading
[   94.788065] ffs_data_put(): freeing
[   94.788181] ffs_data_put(): freeing
[   94.789854] file system registered
[   94.792738] unloading
[   94.799091] ffs_data_put(): freeing
[   94.799293] ffs_data_put(): freeing
[   94.801143] file system registered
[   94.803008] unloading
[   94.810998] ffs_data_put(): freeing
[   94.812366] file system registered
[   94.813893] unloading
[   94.819994] ffs_data_put(): freeing
[   94.822748] file system registered
[   94.824184] unloading
[   94.833090] ffs_data_put(): freeing
[   94.834390] file system registered
[   94.835861] unloading
[   94.845077] ffs_data_put(): freeing
[   94.845206] ffs_data_put(): freeing
[   94.847118] file system registered
[   94.849363] unloading
[   94.855230] ffs_data_put(): freeing
[   94.857147] file system registered
[   94.858769] unloading
[   94.868936] ffs_data_put(): freeing
[   94.869108] ffs_data_put(): freeing
[   94.870979] file system registered
[   94.872767] unloading
[   94.884997] ffs_data_put(): freeing
[   94.885120] ffs_data_put(): freeing
[   94.885238] ffs_data_put(): freeing
[   94.888032] file system registered
[   94.890959] ffs_data_put(): freeing
[   94.891184] unloading
[   94.899357] ffs_data_put(): freeing
[   94.902208] file system registered
[   94.904693] unloading
[   94.910185] ffs_data_put(): freeing
[   94.912774] file system registered
[   94.914191] unloading
[   94.923301] file system registered
[   94.924971] unloading
[   94.933066] file system registered
[   94.934990] unloading
[   94.941267] ffs_data_put(): freeing
[   94.942157] file system registered
[   94.943906] unloading
[   94.948939] ffs_data_put(): freeing
[   94.950336] file system registered
[   94.951985] unloading
[   94.959401] file system registered
[   94.960820] unloading
[   94.965979] ffs_data_put(): freeing
[   94.966079] ffs_data_put(): freeing
[   94.969053] file system registered
[   94.971151] unloading
[   94.976978] ffs_data_put(): freeing
[   94.980131] file system registered
[   94.982056] unloading
[   94.990985] ffs_data_put(): freeing
[   94.993214] file system registered
[   94.995214] unloading
[   95.005334] file system registered
[   95.008150] unloading
[   95.015034] ffs_data_put(): freeing
[   95.015167] ffs_data_put(): freeing
[   95.018002] file system registered
[   95.020895] unloading
[   95.031374] file system registered
[   95.033186] unloading
[   95.042290] file system registered
[   95.043900] unloading
[   95.053978] ffs_data_put(): freeing
[   95.054075] ffs_data_put(): freeing
[   95.055927] file system registered
[   95.057643] unloading
[   95.067012] ffs_data_put(): freeing
[   95.068929] file system registered
[   95.070117] unloading
[   95.078961] ffs_data_put(): freeing
[   95.081242] file system registered
[   95.083854] unloading
[   95.089843] ffs_data_put(): freeing
[   95.089996] ffs_data_put(): freeing
[   95.090088] ffs_data_put(): freeing
[   95.091941] file system registered
[   95.093126] unloading
[   95.100908] file system registered
[   95.102816] ffs_data_put(): freeing
[   95.102902] unloading
[   95.108045] ffs_data_put(): freeing
[   95.109148] file system registered
[   95.110667] unloading
[   95.117295] file system registered
[   95.119068] unloading
[   95.129363] file system registered
[   95.131005] unloading
[   95.136957] ffs_data_put(): freeing
[   95.137061] ffs_data_put(): freeing
[   95.139149] file system registered
[   95.141120] unloading
[   95.148010] ffs_data_put(): freeing
[   95.148134] ffs_data_put(): freeing
[   95.150161] file system registered
[   95.152137] unloading
[   95.162151] ffs_data_put(): freeing
[   95.163358] file system registered
[   95.164791] ffs_data_put(): freeing
[   95.165209] unloading
[   95.174058] ffs_data_put(): freeing
[   95.176367] file system registered
[   95.178106] unloading
[   95.188077] ffs_data_put(): freeing
[   95.188254] ffs_data_put(): freeing
[   95.188338] ffs_data_put(): freeing
[   95.190195] file system registered
[   95.191995] unloading
[   95.200301] file system registered
[   95.201656] unloading
[   95.207089] ffs_data_put(): freeing
[   95.210310] file system registered
[   95.212713] unloading
[   95.220001] ffs_data_put(): freeing
[   95.222135] file system registered
[   95.224063] unloading
[   95.232020] ffs_data_put(): freeing
[   95.234628] file system registered
[   95.236211] unloading
[   95.248000] file system registered
[   95.250021] unloading
[   95.260022] ffs_data_put(): freeing
[   95.260157] ffs_data_put(): freeing
[   95.260251] ffs_data_put(): freeing
[   95.262055] file system registered
[   95.263884] unloading
[   95.268016] ffs_data_put(): freeing
[   95.271078] file system registered
[   95.273733] unloading
[   95.281344] ffs_data_put(): freeing
[   95.283043] file system registered
[   95.284853] unloading
[   95.298099] file system registered
[   95.300147] unloading
[   95.308043] ffs_data_put(): freeing
[   95.308124] ffs_data_put(): freeing
[   95.310219] file system registered
[   95.312181] unloading
[   95.319042] file system registered
[   95.320945] unloading
[   95.329991] ffs_data_put(): freeing
[   95.331370] file system registered
[   95.333317] unloading
[   95.341067] ffs_data_put(): freeing
[   95.341186] ffs_data_put(): freeing
[   95.341274] ffs_data_put(): freeing
[   95.343048] file system registered
[   95.345582] unloading
[   95.353827] file system registered
[   95.355198] unloading
[   95.360068] ffs_data_put(): freeing
[   95.361284] file system registered
[   95.363023] unloading
[   95.373993] ffs_data_put(): freeing
[   95.374132] ffs_data_put(): freeing
[   95.374324] ffs_data_put(): freeing
[   95.374731] ffs_data_put(): freeing
[   95.376041] file system registered
[   95.378464] unloading
[   95.386330] ffs_data_put(): freeing
[   95.390669] file system registered
[   95.392827] ffs_data_put(): freeing
[   95.394262] unloading
[   95.401073] ffs_data_put(): freeing
[   95.401226] ffs_data_put(): freeing
[   95.403322] file system registered
[   95.404942] unloading
[   95.410296] file system registered
[   95.411980] unloading
[   95.418585] file system registered
[   95.420045] unloading
[   95.425182] ffs_data_put(): freeing
[   95.427172] file system registered
[   95.429293] unloading
[   95.437010] ffs_data_put(): freeing
[   95.437126] ffs_data_put(): freeing
[   95.438839] file system registered
[   95.440109] unloading
[   95.448811] file system registered
[   95.449926] unloading
[   95.455795] ffs_data_put(): freeing
[   95.457066] file system registered
[   95.458361] unloading
[   95.463927] ffs_data_put(): freeing
[   95.464005] ffs_data_put(): freeing
[   95.465154] file system registered
[   95.466607] unloading
[   95.472006] ffs_data_put(): freeing
[   95.472094] ffs_data_put(): freeing
[   95.474214] file system registered
[   95.475978] unloading
[   95.484730] file system registered
[   95.485949] unloading
[   95.492929] ffs_data_put(): freeing
[   95.494402] file system registered
[   95.495836] unloading
[   95.501910] ffs_data_put(): freeing
[   95.504108] file system registered
[   95.506267] unloading
[   95.514871] file system registered
[   95.517093] unloading
[   95.521822] ffs_data_put(): freeing
[   95.524075] file system registered
[   95.525840] unloading
[   95.534899] ffs_data_put(): freeing
[   95.536984] file system registered
[   95.540075] unloading
[   95.547052] ffs_data_put(): freeing
[   95.549239] file system registered
[   95.550931] unloading
[   95.560137] ffs_data_put(): freeing
[   95.562335] file system registered
[   95.563947] unloading
[   95.572000] ffs_data_put(): freeing
[   95.574224] file system registered
[   95.576138] unloading
[   95.584132] ffs_data_put(): freeing
[   95.585950] file system registered
[   95.587839] unloading
[   95.597076] ffs_data_put(): freeing
[   95.598287] file system registered
[   95.600394] unloading
[   95.608972] ffs_data_put(): freeing
[   95.609074] ffs_data_put(): freeing
[   95.611264] file system registered
[   95.613086] unloading
[   95.621958] ffs_data_put(): freeing
[   95.623259] file system registered
[   95.624736] unloading
[   95.631015] ffs_data_put(): freeing
[   95.632618] file system registered
[   95.634012] unloading
[   95.638930] ffs_data_put(): freeing
[   95.640262] file system registered
[   95.641810] unloading
[   95.648889] ffs_data_put(): freeing
[   95.651050] file system registered
[   95.652953] unloading
[   95.661098] ffs_data_put(): freeing
[   95.663359] file system registered
[   95.664931] unloading
[   95.674005] ffs_data_put(): freeing
[   95.674094] ffs_data_put(): freeing
[   95.675401] file system registered
[   95.677114] unloading
[   95.686296] ffs_data_put(): freeing
[   95.688247] file system registered
[   95.690143] unloading
[   95.697187] ffs_data_put(): freeing
[   95.697288] ffs_data_put(): freeing
[   95.698770] file system registered
[   95.700263] unloading
[   95.705979] ffs_data_put(): freeing
[   95.706069] ffs_data_put(): freeing
[   95.707264] file system registered
[   95.709030] unloading
[   95.716868] file system registered
[   95.718222] unloading
[   95.723988] file system registered
[   95.726194] unloading
[   95.735307] file system registered
[   95.736670] unloading
[   95.743134] ffs_data_put(): freeing
[   95.743252] ffs_data_put(): freeing
[   95.744268] file system registered
[   95.745700] unloading
[   95.751009] ffs_data_put(): freeing
[   95.751166] ffs_data_put(): freeing
[   95.754316] file system registered
[   95.756346] unloading
[   95.762006] ffs_data_put(): freeing
[   95.762150] ffs_data_put(): freeing
[   95.764237] file system registered
[   95.765808] unloading
[   95.775344] ffs_data_put(): freeing
[   95.777198] file system registered
[   95.779029] unloading
[   95.786265] ffs_data_put(): freeing
[   95.789115] file system registered
[   95.791768] unloading
[   95.799013] ffs_data_put(): freeing
[   95.800326] file system registered
[   95.802127] unloading
[   95.811030] ffs_data_put(): freeing
[   95.811119] ffs_data_put(): freeing
[   95.812797] file system registered
[   95.815723] unloading
[   95.825668] ffs_data_put(): freeing
[   95.827895] file system registered
[   95.829273] unloading
[   95.843183] file system registered
[   95.845968] unloading
[   95.852688] ffs_data_put(): freeing
[   95.852807] ffs_data_put(): freeing
[   95.854387] file system registered
[   95.855692] unloading
[   95.862817] file system registered
[   95.864306] unloading
[   95.873939] file system registered
[   95.875363] unloading
[   95.882115] ffs_data_put(): freeing
[   95.884021] file system registered
[   95.886109] unloading
[   95.896604] file system registered
[   95.898185] unloading
[   95.907945] ffs_data_put(): freeing
[   95.909370] file system registered
[   95.910890] unloading
[   95.919078] ffs_data_put(): freeing
[   95.919201] ffs_data_put(): freeing
[   95.922161] file system registered
[   95.925057] unloading
[   95.935102] ffs_data_put(): freeing
[   95.938233] file system registered
[   95.940080] unloading
[   95.950111] ffs_data_put(): freeing
[   95.950314] ffs_data_put(): freeing
[   95.952146] file system registered
[   95.954023] unloading
[   95.963268] ffs_data_put(): freeing
[   95.963417] ffs_data_put(): freeing
[   95.964889] file system registered
[   95.966323] unloading
[   95.975389] ffs_data_put(): freeing
[   95.975933] ffs_data_put(): freeing
[   95.978526] file system registered
[   95.983093] unloading
[   95.989663] file system registered
[   95.992028] unloading
[   96.003230] ffs_data_put(): freeing
[   96.005696] file system registered
[   96.007880] ffs_data_put(): freeing
[   96.008799] unloading
[   96.014064] ffs_data_put(): freeing
[   96.014186] ffs_data_put(): freeing
[   96.016473] file system registered
[   96.019052] unloading
[   96.027069] ffs_data_put(): freeing
[   96.028329] file system registered
[   96.029776] unloading
[   96.036041] ffs_data_put(): freeing
[   96.038912] file system registered
[   96.040196] unloading
[   96.047352] file system registered
[   96.049959] unloading
[   96.059023] file system registered
[   96.060866] unloading
[   96.067931] ffs_data_put(): freeing
[   96.069915] file system registered
[   96.071973] unloading
[   96.083319] ffs_data_put(): freeing
[   96.084948] file system registered
[   96.088113] unloading
[   96.096022] ffs_data_put(): freeing
[   96.096141] ffs_data_put(): freeing
[   96.096289] ffs_data_put(): freeing
[   96.096594] ffs_data_put(): freeing
[   96.097639] file system registered
[   96.098833] unloading
[   96.105254] ffs_data_put(): freeing
[   96.105399] ffs_data_put(): freeing
[   96.105801] ffs_data_put(): freeing
[   96.107318] file system registered
[   96.109153] unloading
[   96.115365] ffs_data_put(): freeing
[   96.118334] file system registered
[   96.120346] unloading
[   96.128320] ffs_data_put(): freeing
[   96.128660] ffs_data_put(): freeing
[   96.130675] file system registered
[   96.133403] unloading
[   96.139158] ffs_data_put(): freeing
[   96.139227] ffs_data_put(): freeing
[   96.142741] file system registered
[   96.145625] unloading
[   96.154118] ffs_data_put(): freeing
[   96.156266] file system registered
[   96.158365] unloading
[   96.165990] ffs_data_put(): freeing
[   96.168205] file system registered
[   96.170074] unloading
[   96.178841] file system registered
[   96.180901] ffs_data_put(): freeing
[   96.182775] unloading
[   96.193143] ffs_data_put(): freeing
[   96.193354] ffs_data_put(): freeing
[   96.194087] ffs_data_put(): freeing
[   96.195234] file system registered
[   96.196787] unloading
[   96.204155] ffs_data_put(): freeing
[   96.204395] ffs_data_put(): freeing
[   96.204626] ffs_data_put(): freeing
[   96.206125] file system registered
[   96.208369] unloading
[   96.216272] ffs_data_put(): freeing
[   96.216458] ffs_data_put(): freeing
[   96.219039] file system registered
[   96.221312] unloading
[   96.227140] ffs_data_put(): freeing
[   96.229214] file system registered
[   96.231745] unloading
[   96.239084] ffs_data_put(): freeing
[   96.240641] file system registered
[   96.241898] unloading
[   96.250092] file system registered
[   96.251941] unloading
[   96.256991] ffs_data_put(): freeing
[   96.259398] file system registered
[   96.261412] unloading
[   96.270077] ffs_data_put(): freeing
[   96.272047] file system registered
[   96.273812] unloading
[   96.284029] ffs_data_put(): freeing
[   96.286194] file system registered
[   96.288174] unloading
[   96.297942] ffs_data_put(): freeing
[   96.298060] ffs_data_put(): freeing
[   96.299900] file system registered
[   96.301622] unloading
[   96.305704] ffs_data_put(): freeing
[   96.306153] ffs_data_put(): freeing
[   96.307269] file system registered
[   96.309085] unloading
[   96.316111] ffs_data_put(): freeing
[   96.319163] file system registered
[   96.321099] unloading
[   96.335065] ffs_data_put(): freeing
[   96.335195] ffs_data_put(): freeing
[   96.339848] file system registered
[   96.341988] unloading
[   96.350096] ffs_data_put(): freeing
[   96.352004] file system registered
[   96.353880] unloading
[   96.364248] ffs_data_put(): freeing
[   96.365662] ffs_data_put(): freeing
[   96.365783] ffs_data_put(): freeing
[   96.366676] file system registered
[   96.369267] unloading
[   96.375282] ffs_data_put(): freeing
[   96.375378] ffs_data_put(): freeing
[   96.378746] file system registered
[   96.382176] unloading
[   96.390236] ffs_data_put(): freeing
[   96.393089] file system registered
[   96.394806] unloading
[   96.401080] file system registered
[   96.402753] unloading
[   96.409284] file system registered
[   96.410947] unloading
[   96.419948] ffs_data_put(): freeing
[   96.420069] ffs_data_put(): freeing
[   96.421661] file system registered
[   96.423140] unloading
[   96.430800] file system registered
[   96.432336] unloading
[   96.439242] file system registered
[   96.440987] unloading
[   96.449113] ffs_data_put(): freeing
[   96.450860] file system registered
[   96.452160] unloading
[   96.464713] file system registered
[   96.466404] unloading
[   96.474864] file system registered
[   96.476024] unloading
[   96.480980] ffs_data_put(): freeing
[   96.482871] file system registered
[   96.484007] unloading
[   96.493954] ffs_data_put(): freeing
[   96.495819] file system registered
[   96.497229] unloading
[   96.503008] ffs_data_put(): freeing
[   96.503113] ffs_data_put(): freeing
[   96.504279] file system registered
[   96.505896] unloading
[   96.515026] ffs_data_put(): freeing
[   96.517312] file system registered
[   96.519796] unloading
[   96.528221] file system registered
[   96.529760] unloading
[   96.535873] ffs_data_put(): freeing
[   96.538752] file system registered
[   96.539963] unloading
[   96.546976] ffs_data_put(): freeing
[   96.548783] file system registered
[   96.549949] unloading
[   96.555959] ffs_data_put(): freeing
[   96.556078] ffs_data_put(): freeing
[   96.557303] file system registered
[   96.558463] unloading
[   96.563004] ffs_data_put(): freeing
[   96.563083] ffs_data_put(): freeing
[   96.565027] file system registered
[   96.566604] unloading
[   96.575043] ffs_data_put(): freeing
[   96.575147] ffs_data_put(): freeing
[   96.577198] file system registered
[   96.579038] unloading
[   96.587351] file system registered
[   96.589264] unloading
[   96.598026] ffs_data_put(): freeing
[   96.598108] ffs_data_put(): freeing
[   96.600173] file system registered
[   96.602004] unloading
[   96.611029] ffs_data_put(): freeing
[   96.613649] file system registered
[   96.615371] unloading
[   96.625064] ffs_data_put(): freeing
[   96.625127] ffs_data_put(): freeing
[   96.627158] file system registered
[   96.628997] unloading
[   96.639156] ffs_data_put(): freeing
[   96.639252] ffs_data_put(): freeing
[   96.648837] file system registered
[   96.651768] unloading
[   96.657137] ffs_data_put(): freeing
[   96.659689] file system registered
[   96.661369] unloading
[   96.668947] ffs_data_put(): freeing
[   96.670905] file system registered
[   96.672070] unloading
[   96.677968] ffs_data_put(): freeing
[   96.678065] ffs_data_put(): freeing
[   96.679880] file system registered
[   96.681107] unloading
[   96.688896] ffs_data_put(): freeing
[   96.690758] file system registered
[   96.692005] unloading
[   96.698250] ffs_data_put(): freeing
[   96.698405] ffs_data_put(): freeing
[   96.699942] file system registered
[   96.701195] unloading
[   96.707950] ffs_data_put(): freeing
[   96.708152] ffs_data_put(): freeing
[   96.708280] ffs_data_put(): freeing
[   96.709051] file system registered
[   96.710949] unloading
[   96.719977] ffs_data_put(): freeing
[   96.720144] ffs_data_put(): freeing
[   96.720612] ffs_data_put(): freeing
[   96.720665] ffs_data_put(): freeing
[   96.721350] file system registered
[   96.723229] unloading
[   96.729057] ffs_data_put(): freeing
[   96.729170] ffs_data_put(): freeing
[   96.729648] ffs_data_put(): freeing
[   96.730694] ffs_data_put(): freeing
[   96.731360] file system registered
[   96.733979] unloading
[   96.741780] ffs_data_put(): freeing
[   96.741894] ffs_data_put(): freeing
[   96.744436] file system registered
[   96.748260] unloading
[   96.754771] ffs_data_put(): freeing
[   96.757406] file system registered
[   96.759258] unloading
[   96.771034] file system registered
[   96.773299] unloading
[   96.783138] ffs_data_put(): freeing
[   96.784828] file system registered
[   96.786228] unloading
[   96.794994] ffs_data_put(): freeing
[   96.797287] file system registered
[   96.798592] unloading
[   96.804703] file system registered
[   96.806090] unloading
[   96.814927] file system registered
[   96.816031] unloading
[   96.821912] ffs_data_put(): freeing
[   96.824312] file system registered
[   96.825854] unloading
[   96.834654] file system registered
[   96.835912] unloading
[   96.844663] file system registered
[   96.845951] unloading
[   96.853660] file system registered
[   96.855025] unloading
[   96.861373] file system registered
[   96.862925] unloading
[   96.875054] ffs_data_put(): freeing
[   96.875143] ffs_data_put(): freeing
[   96.877518] file system registered
[   96.880844] unloading
[   96.886217] ffs_data_put(): freeing
[   96.888881] file system registered
[   96.890253] ffs_data_put(): freeing
[   96.890970] unloading
[   96.896118] ffs_data_put(): freeing
[   96.896227] ffs_data_put(): freeing
[   96.898794] file system registered
[   96.900038] unloading
[   96.912038] file system registered
[   96.913676] unloading
[   96.927992] ffs_data_put(): freeing
[   96.928144] ffs_data_put(): freeing
[   96.930144] file system registered
[   96.932147] unloading
[   96.938074] ffs_data_put(): freeing
[   96.939585] file system registered
[   96.941197] unloading
[   96.947103] ffs_data_put(): freeing
[   96.950099] file system registered
[   96.951385] unloading
[   96.959785] file system registered
[   96.961171] unloading
[   96.967014] ffs_data_put(): freeing
[   96.967104] ffs_data_put(): freeing
[   96.968779] file system registered
[   96.969937] unloading
[   96.979042] ffs_data_put(): freeing
[   96.979205] ffs_data_put(): freeing
[   96.981077] file system registered
[   96.982921] unloading
[   96.992928] ffs_data_put(): freeing
[   96.993057] ffs_data_put(): freeing
[   96.995124] file system registered
[   96.997164] unloading
[   97.007399] file system registered
[   97.009180] unloading
[   97.015026] ffs_data_put(): freeing
[   97.015114] ffs_data_put(): freeing
[   97.017145] file system registered
[   97.019144] unloading
[   97.028010] ffs_data_put(): freeing
[   97.030394] file system registered
[   97.031930] unloading
[   97.037762] file system registered
[   97.039031] unloading
[   97.050173] ffs_data_put(): freeing
[   97.051856] file system registered
[   97.053371] unloading
[   97.059206] ffs_data_put(): freeing
[   97.059318] ffs_data_put(): freeing
[   97.063209] file system registered
[   97.065858] unloading
[   97.073832] file system registered
[   97.075193] unloading
[   97.079938] ffs_data_put(): freeing
[   97.079981] ffs_data_put(): freeing
[   97.081136] file system registered
[   97.083159] unloading
[   97.092897] ffs_data_put(): freeing
[   97.094225] file system registered
[   97.096178] ffs_data_put(): freeing
[   97.096249] unloading
[   97.108123] ffs_data_put(): freeing
[   97.110957] file system registered
[   97.113272] ffs_data_put(): freeing
[   97.113726] unloading
[   97.127626] ffs_data_put(): freeing
[   97.132181] file system registered
[   97.135085] unloading
[   97.147003] file system registered
[   97.148380] unloading
[   97.158809] file system registered
[   97.160179] unloading
[   97.170080] ffs_data_put(): freeing
[   97.172613] file system registered
[   97.174048] unloading
[   97.181171] file system registered
[   97.183038] unloading
[   97.190976] file system registered
[   97.192251] unloading
[   97.198910] ffs_data_put(): freeing
[   97.199006] ffs_data_put(): freeing
[   97.200712] file system registered
[   97.202120] unloading
[   97.211082] ffs_data_put(): freeing
[   97.212970] file system registered
[   97.214167] unloading
[   97.221100] ffs_data_put(): freeing
[   97.221181] ffs_data_put(): freeing
[   97.226989] file system registered
[   97.229175] unloading
[   97.235966] ffs_data_put(): freeing
[   97.236072] ffs_data_put(): freeing
[   97.237566] file system registered
[   97.239231] unloading
[   97.245986] ffs_data_put(): freeing
[   97.246144] ffs_data_put(): freeing
[   97.248785] file system registered
[   97.250211] unloading
[   97.258058] ffs_data_put(): freeing
[   97.258183] ffs_data_put(): freeing
[   97.260186] file system registered
[   97.262299] unloading
[   97.268137] file system registered
[   97.269722] unloading
[   97.276941] file system registered
[   97.277999] unloading
[   97.285679] file system registered
[   97.286714] unloading
[   97.293872] ffs_data_put(): freeing
[   97.295104] file system registered
[   97.297368] unloading
[   97.305960] ffs_data_put(): freeing
[   97.306061] ffs_data_put(): freeing
[   97.307366] file system registered
[   97.309184] unloading
[   97.314287] ffs_data_put(): freeing
[   97.314766] ffs_data_put(): freeing
[   97.316297] file system registered
[   97.317817] unloading
[   97.326022] file system registered
[   97.327079] unloading
[   97.332955] ffs_data_put(): freeing
[   97.334909] file system registered
[   97.336161] unloading
[   97.345979] ffs_data_put(): freeing
[   97.348179] file system registered
[   97.350047] unloading
[   97.358071] ffs_data_put(): freeing
[   97.360170] file system registered
[   97.361967] unloading
[   97.375047] ffs_data_put(): freeing
[   97.375137] ffs_data_put(): freeing
[   97.377217] file system registered
[   97.379079] unloading
[   97.389232] ffs_data_put(): freeing
[   97.389812] ffs_data_put(): freeing
[   97.389940] ffs_data_put(): freeing
[   97.392297] file system registered
[   97.394086] unloading
[   97.403716] ffs_data_put(): freeing
[   97.406347] file system registered
[   97.408787] unloading
[   97.416913] ffs_data_put(): freeing
[   97.417038] ffs_data_put(): freeing
[   97.419013] file system registered
[   97.421310] unloading
[   97.430396] ffs_data_put(): freeing
[   97.433107] file system registered
[   97.435199] unloading
[   97.445071] ffs_data_put(): freeing
[   97.447231] file system registered
[   97.449194] unloading
[   97.456398] ffs_data_put(): freeing
[   97.460481] file system registered
[   97.462831] unloading
[   97.471118] ffs_data_put(): freeing
[   97.472911] file system registered
[   97.474568] unloading
[   97.480131] ffs_data_put(): freeing
[   97.481356] file system registered
[   97.483167] unloading
[   97.493088] ffs_data_put(): freeing
[   97.495664] file system registered
[   97.497231] unloading
[   97.507170] ffs_data_put(): freeing
[   97.507520] ffs_data_put(): freeing
[   97.510347] file system registered
[   97.512263] unloading
[   97.522713] file system registered
[   97.524338] unloading
[   97.532012] ffs_data_put(): freeing
[   97.534326] file system registered
[   97.536958] unloading
[   97.544146] ffs_data_put(): freeing
[   97.544264] ffs_data_put(): freeing
[   97.546295] file system registered
[   97.549037] unloading
[   97.557746] file system registered
[   97.559082] unloading
[   97.563993] ffs_data_put(): freeing
[   97.566193] file system registered
[   97.567828] unloading
[   97.577944] ffs_data_put(): freeing
[   97.579903] file system registered
[   97.581793] unloading
[   97.592991] ffs_data_put(): freeing
[   97.594864] file system registered
[   97.596019] unloading
[   97.601135] ffs_data_put(): freeing
[   97.603110] file system registered
[   97.604802] unloading
[   97.613045] ffs_data_put(): freeing
[   97.615085] file system registered
[   97.616890] unloading
[   97.626021] ffs_data_put(): freeing
[   97.627736] file system registered
[   97.629142] unloading
[   97.638029] ffs_data_put(): freeing
[   97.638210] ffs_data_put(): freeing
[   97.638412] ffs_data_put(): freeing
[   97.638675] ffs_data_put(): freeing
[   97.640371] file system registered
[   97.642240] unloading
[   97.655314] ffs_data_put(): freeing
[   97.655704] ffs_data_put(): freeing
[   97.655820] ffs_data_put(): freeing
[   97.659962] file system registered
[   97.663996] unloading
[   97.676284] file system registered
[   97.678783] unloading
[   97.687231] file system registered
[   97.689043] unloading
[   97.697341] file system registered
[   97.699062] unloading
[   97.712133] file system registered
[   97.714224] unloading
[   97.722099] ffs_data_put(): freeing
[   97.724292] file system registered
[   97.726083] unloading
[   97.732092] ffs_data_put(): freeing
[   97.732195] ffs_data_put(): freeing
[   97.733103] file system registered
[   97.734628] ffs_data_put(): freeing
[   97.734694] unloading
[   97.740095] ffs_data_put(): freeing
[   97.741391] file system registered
[   97.743025] unloading
[   97.751975] ffs_data_put(): freeing
[   97.754121] file system registered
[   97.756049] unloading
[   97.766859] ffs_data_put(): freeing
[   97.769125] file system registered
[   97.771164] unloading
[   97.776082] ffs_data_put(): freeing
[   97.778038] file system registered
[   97.779627] unloading
[   97.788028] ffs_data_put(): freeing
[   97.788193] ffs_data_put(): freeing
[   97.788281] ffs_data_put(): freeing
[   97.789216] file system registered
[   97.790992] unloading
[   97.796257] ffs_data_put(): freeing
[   97.796638] ffs_data_put(): freeing
[   97.796698] ffs_data_put(): freeing
[   97.798875] file system registered
[   97.800410] unloading
[   97.805319] ffs_data_put(): freeing
[   97.806780] file system registered
[   97.808264] unloading
[   97.818009] ffs_data_put(): freeing
[   97.818076] ffs_data_put(): freeing
[   97.819301] file system registered
[   97.821106] unloading
[   97.828235] ffs_data_put(): freeing
[   97.828415] ffs_data_put(): freeing
[   97.829681] ffs_data_put(): freeing
[   97.830827] file system registered
[   97.833227] unloading
[   97.842167] ffs_data_put(): freeing
[   97.842387] ffs_data_put(): freeing
[   97.842620] ffs_data_put(): freeing
[   97.844240] file system registered
[   97.847915] unloading
[   97.857335] ffs_data_put(): freeing
[   97.857776] ffs_data_put(): freeing
[   97.857927] ffs_data_put(): freeing
[   97.859263] file system registered
[   97.862011] unloading
[   97.872318] ffs_data_put(): freeing
[   97.872455] ffs_data_put(): freeing
[   97.874715] file system registered
[   97.878414] unloading
[   97.886318] ffs_data_put(): freeing
[   97.886643] ffs_data_put(): freeing
[   97.889920] file system registered
[   97.892780] unloading
[   97.908173] ffs_data_put(): freeing
[   97.911166] file system registered
[   97.914264] unloading
[   97.922114] ffs_data_put(): freeing
[   97.924266] file system registered
[   97.926993] unloading
[   97.934127] ffs_data_put(): freeing
[   97.934386] ffs_data_put(): freeing
[   97.936183] file system registered
[   97.937965] unloading
[   97.947128] ffs_data_put(): freeing
[   97.947525] ffs_data_put(): freeing
[   97.947859] ffs_data_put(): freeing
[   97.947947] ffs_data_put(): freeing
[   97.949054] file system registered
[   97.951718] unloading
[   97.962943] ffs_data_put(): freeing
[   97.963269] ffs_data_put(): freeing
[   97.964850] file system registered
[   97.966141] unloading
[   97.973080] file system registered
[   97.975430] unloading
[   97.980092] ffs_data_put(): freeing
[   97.983199] file system registered
[   97.986698] unloading
[   97.994889] file system registered
[   97.998840] unloading
[   98.005912] ffs_data_put(): freeing
[   98.008306] file system registered
[   98.010283] unloading
[   98.022700] file system registered
[   98.024634] unloading
[   98.032744] ffs_data_put(): freeing
[   98.034236] file system registered
[   98.036079] unloading
[   98.042903] file system registered
[   98.044146] unloading
[   98.053998] ffs_data_put(): freeing
[   98.054089] ffs_data_put(): freeing
[   98.054809] file system registered
[   98.056278] unloading
[   98.067150] ffs_data_put(): freeing
[   98.067381] ffs_data_put(): freeing
[   98.070745] file system registered
[   98.072400] unloading
[   98.080960] ffs_data_put(): freeing
[   98.081075] ffs_data_put(): freeing
[   98.083697] file system registered
[   98.086949] unloading
[   98.096270] file system registered
[   98.098058] unloading
[   98.106021] ffs_data_put(): freeing
[   98.106195] ffs_data_put(): freeing
[   98.106296] ffs_data_put(): freeing
[   98.107634] file system registered
[   98.109248] unloading
[   98.114031] ffs_data_put(): freeing
[   98.114231] ffs_data_put(): freeing
[   98.115298] ffs_data_put(): freeing
[   98.118394] file system registered
[   98.122112] unloading
[   98.133114] file system registered
[   98.135015] unloading
[   98.145933] file system registered
[   98.148005] unloading
[   98.158835] file system registered
[   98.160800] unloading
[   98.170999] ffs_data_put(): freeing
[   98.171121] ffs_data_put(): freeing
[   98.174018] file system registered
[   98.175927] unloading
[   98.186147] file system registered
[   98.187633] unloading
[   98.193127] ffs_data_put(): freeing
[   98.195234] file system registered
[   98.196292] unloading
[   98.200970] ffs_data_put(): freeing
[   98.201077] ffs_data_put(): freeing
[   98.202805] file system registered
[   98.204308] unloading
[   98.213153] ffs_data_put(): freeing
[   98.213244] ffs_data_put(): freeing
[   98.214971] file system registered
[   98.216617] ffs_data_put(): freeing
[   98.216969] unloading
[   98.225137] ffs_data_put(): freeing
[   98.225246] ffs_data_put(): freeing
[   98.227372] file system registered
[   98.228874] unloading
[   98.235038] ffs_data_put(): freeing
[   98.238259] file system registered
[   98.239968] unloading
[   98.248901] ffs_data_put(): freeing
[   98.248985] ffs_data_put(): freeing
[   98.250081] file system registered
[   98.251952] unloading
[   98.257320] ffs_data_put(): freeing
[   98.257410] ffs_data_put(): freeing
[   98.262961] file system registered
[   98.266306] unloading
[   98.274171] ffs_data_put(): freeing
[   98.274280] ffs_data_put(): freeing
[   98.276330] file system registered
[   98.278664] unloading
[   98.286138] ffs_data_put(): freeing
[   98.288311] file system registered
[   98.289951] unloading
[   98.300931] file system registered
[   98.303198] unloading
[   98.314083] file system registered
[   98.316208] ffs_data_put(): freeing
[   98.317171] unloading
[   98.323212] ffs_data_put(): freeing
[   98.324864] file system registered
[   98.326214] unloading
[   98.331914] ffs_data_put(): freeing
[   98.334197] file system registered
[   98.336130] unloading
[   98.345350] file system registered
[   98.347044] unloading
[   98.354583] file system registered
[   98.356077] unloading
[   98.366048] ffs_data_put(): freeing
[   98.366144] ffs_data_put(): freeing
[   98.367518] file system registered
[   98.369022] unloading
[   98.379028] ffs_data_put(): freeing
[   98.381356] file system registered
[   98.383229] unloading
[   98.392267] file system registered
[   98.394883] unloading
[   98.403146] ffs_data_put(): freeing
[   98.403323] ffs_data_put(): freeing
[   98.405185] file system registered
[   98.407302] unloading
[   98.418125] ffs_data_put(): freeing
[   98.418248] ffs_data_put(): freeing
[   98.419913] file system registered
[   98.421980] unloading
[   98.430037] ffs_data_put(): freeing
[   98.430237] ffs_data_put(): freeing
[   98.430381] ffs_data_put(): freeing
[   98.433392] file system registered
[   98.436671] unloading
[   98.445286] ffs_data_put(): freeing
[   98.445390] ffs_data_put(): freeing
[   98.447191] file system registered
[   98.449889] unloading
[   98.458953] ffs_data_put(): freeing
[   98.460102] file system registered
[   98.462240] unloading
[   98.469981] ffs_data_put(): freeing
[   98.470133] ffs_data_put(): freeing
[   98.472842] file system registered
[   98.475800] unloading
[   98.481280] ffs_data_put(): freeing
[   98.481370] ffs_data_put(): freeing
[   98.483634] file system registered
[   98.485121] unloading
[   98.489389] ffs_data_put(): freeing
[   98.489886] ffs_data_put(): freeing
[   98.492039] file system registered
[   98.493350] unloading
[   98.504196] file system registered
[   98.505849] unloading
[   98.519009] file system registered
[   98.520181] unloading
[   98.525978] ffs_data_put(): freeing
[   98.527978] file system registered
[   98.530062] unloading
[   98.537992] ffs_data_put(): freeing
[   98.539868] file system registered
[   98.541286] unloading
[   98.551136] file system registered
[   98.552692] unloading
[   98.560102] file system registered
[   98.561962] unloading
[   98.575025] ffs_data_put(): freeing
[   98.575133] ffs_data_put(): freeing
[   98.578236] file system registered
[   98.580115] unloading
[   98.591039] file system registered
[   98.593872] unloading
[   98.603159] ffs_data_put(): freeing
[   98.603271] ffs_data_put(): freeing
[   98.603391] ffs_data_put(): freeing
[   98.605808] file system registered
[   98.607638] unloading
[   98.615074] ffs_data_put(): freeing
[   98.617543] file system registered
[   98.619329] unloading
[   98.627937] file system registered
[   98.629329] unloading
[   98.634037] ffs_data_put(): freeing
[   98.636734] file system registered
[   98.638120] unloading
[   98.646988] file system registered
[   98.648810] unloading
[   98.660927] ffs_data_put(): freeing
[   98.661035] ffs_data_put(): freeing
[   98.663095] file system registered
[   98.665187] unloading
[   98.675086] file system registered
[   98.677016] unloading
[   98.682180] ffs_data_put(): freeing
[   98.682260] ffs_data_put(): freeing
[   98.684111] file system registered
[   98.685727] unloading
[   98.693934] ffs_data_put(): freeing
[   98.696728] file system registered
[   98.698048] unloading
[   98.707885] ffs_data_put(): freeing
[   98.710084] file system registered
[   98.711748] unloading
[   98.719235] file system registered
[   98.720974] unloading
[   98.728976] ffs_data_put(): freeing
[   98.729088] ffs_data_put(): freeing
[   98.730207] file system registered
[   98.731840] unloading
[   98.745967] ffs_data_put(): freeing
[   98.747628] file system registered
[   98.749195] unloading
[   98.758980] ffs_data_put(): freeing
[   98.760698] file system registered
[   98.762035] unloading
[   98.766979] ffs_data_put(): freeing
[   98.769401] file system registered
[   98.770866] unloading
[   98.779052] ffs_data_put(): freeing
[   98.779180] ffs_data_put(): freeing
[   98.779293] ffs_data_put(): freeing
[   98.780894] file system registered
[   98.782357] unloading
[   98.793177] ffs_data_put(): freeing
[   98.793322] ffs_data_put(): freeing
[   98.796384] file system registered
[   98.799999] unloading
[   98.806063] ffs_data_put(): freeing
[   98.808342] file system registered
[   98.810811] unloading
[   98.819669] file system registered
[   98.821967] unloading
[   98.828012] ffs_data_put(): freeing
[   98.828162] ffs_data_put(): freeing
[   98.828247] ffs_data_put(): freeing
[   98.829061] file system registered
[   98.830673] unloading
[   98.840973] ffs_data_put(): freeing
[   98.841129] ffs_data_put(): freeing
[   98.841262] ffs_data_put(): freeing
[   98.842711] file system registered
[   98.844753] unloading
[   98.855339] ffs_data_put(): freeing
[   98.855670] ffs_data_put(): freeing
[   98.857996] file system registered
[   98.860939] unloading
[   98.869352] file system registered
[   98.871173] unloading
[   98.884358] file system registered
[   98.886041] unloading
[   98.892255] ffs_data_put(): freeing
[   98.895378] file system registered
[   98.897313] unloading
[   98.904154] ffs_data_put(): freeing
[   98.905846] file system registered
[   98.907188] unloading
[   98.912914] ffs_data_put(): freeing
[   98.915351] file system registered
[   98.918063] unloading
[   98.925969] ffs_data_put(): freeing
[   98.926078] ffs_data_put(): freeing
[   98.927914] file system registered
[   98.928960] unloading
[   98.934022] ffs_data_put(): freeing
[   98.936821] file system registered
[   98.938606] unloading
[   98.945002] ffs_data_put(): freeing
[   98.947759] file system registered
[   98.949347] unloading
[   98.957014] ffs_data_put(): freeing
[   98.957089] ffs_data_put(): freeing
[   98.959239] file system registered
[   98.961016] unloading
[   98.966921] ffs_data_put(): freeing
[   98.967034] ffs_data_put(): freeing
[   98.968039] file system registered
[   98.969366] unloading
[   98.978073] ffs_data_put(): freeing
[   98.980138] file system registered
[   98.981687] unloading
[   98.991942] ffs_data_put(): freeing
[   98.993910] file system registered
[   98.995633] unloading
[   99.000949] ffs_data_put(): freeing
[   99.003186] file system registered
[   99.004810] unloading
[   99.011042] ffs_data_put(): freeing
[   99.011171] ffs_data_put(): freeing
[   99.013223] file system registered
[   99.015126] ffs_data_put(): freeing
[   99.015229] unloading
[   99.024720] ffs_data_put(): freeing
[   99.026873] file system registered
[   99.028995] unloading
[   99.035189] ffs_data_put(): freeing
[   99.035289] ffs_data_put(): freeing
[   99.037682] file system registered
[   99.039210] unloading
[   99.047135] ffs_data_put(): freeing
[   99.049864] file system registered
[   99.051274] unloading
[   99.062012] file system registered
[   99.064033] unloading
[   99.070659] ffs_data_put(): freeing
[   99.072347] file system registered
[   99.074385] unloading
[   99.080229] ffs_data_put(): freeing
[   99.082771] file system registered
[   99.085251] unloading
[   99.091861] file system registered
[   99.093145] unloading
[   99.101824] ffs_data_put(): freeing
[   99.101913] ffs_data_put(): freeing
[   99.102967] file system registered
[   99.104151] unloading
[   99.112203] file system registered
[   99.114014] unloading
[   99.119918] ffs_data_put(): freeing
[   99.121898] file system registered
[   99.123742] unloading
[   99.132989] ffs_data_put(): freeing
[   99.134147] file system registered
[   99.135976] unloading
[   99.147263] ffs_data_put(): freeing
[   99.149849] file system registered
[   99.152000] ffs_data_put(): freeing
[   99.152242] unloading
[   99.162052] ffs_data_put(): freeing
[   99.162171] ffs_data_put(): freeing
[   99.163689] file system registered
[   99.164919] unloading
[   99.179395] ffs_data_put(): freeing
[   99.179749] ffs_data_put(): freeing
[   99.182110] file system registered
[   99.183921] unloading
[   99.192340] ffs_data_put(): freeing
[   99.192636] ffs_data_put(): freeing
[   99.192935] ffs_data_put(): freeing
[   99.194711] file system registered
[   99.197094] unloading
[   99.202859] ffs_data_put(): freeing
[   99.202952] ffs_data_put(): freeing
[   99.205405] ffs_data_put(): freeing
[   99.205902] file system registered
[   99.208966] unloading
[   99.216782] ffs_data_put(): freeing
[   99.217003] ffs_data_put(): freeing
[   99.220214] file system registered
[   99.224400] unloading
[   99.232287] ffs_data_put(): freeing
[   99.233232] ffs_data_put(): freeing
[   99.235037] file system registered
[   99.238027] unloading
[   99.250321] ffs_data_put(): freeing
[   99.253349] file system registered
[   99.255383] unloading
[   99.263267] ffs_data_put(): freeing
[   99.266047] file system registered
[   99.268955] unloading
[   99.280131] file system registered
[   99.282706] unloading
[   99.291206] file system registered
[   99.292880] unloading
[   99.302991] file system registered
[   99.304924] unloading
[   99.316126] file system registered
[   99.318049] unloading
[   99.324114] file system registered
[   99.325354] unloading
[   99.333228] file system registered
[   99.334569] unloading
[   99.341826] file system registered
[   99.343025] unloading
[   99.350224] file system registered
[   99.351739] unloading
[   99.356882] ffs_data_put(): freeing
[   99.356980] ffs_data_put(): freeing
[   99.358091] file system registered
[   99.359347] unloading
[   99.364049] file system registered
[   99.365367] unloading
[   99.371850] ffs_data_put(): freeing
[   99.373242] file system registered
[   99.374206] unloading
[   99.381127] file system registered
[   99.382773] unloading
[   99.392944] ffs_data_put(): freeing
[   99.393016] ffs_data_put(): freeing
[   99.394926] file system registered
[   99.396724] unloading
[   99.407209] file system registered
[   99.409249] unloading
[   99.419025] ffs_data_put(): freeing
[   99.419117] ffs_data_put(): freeing
[   99.421757] file system registered
[   99.423813] unloading
[   99.432200] ffs_data_put(): freeing
[   99.434948] file system registered
[   99.437176] unloading
[   99.444970] ffs_data_put(): freeing
[   99.446787] file system registered
[   99.448253] unloading
[   99.454019] ffs_data_put(): freeing
[   99.456131] file system registered
[   99.457075] unloading
[   99.462026] ffs_data_put(): freeing
[   99.464184] file system registered
[   99.466186] unloading
[   99.473970] ffs_data_put(): freeing
[   99.474064] ffs_data_put(): freeing
[   99.475853] file system registered
[   99.477933] unloading
[   99.490294] ffs_data_put(): freeing
[   99.491059] ffs_data_put(): freeing
[   99.491220] ffs_data_put(): freeing
[   99.491348] ffs_data_put(): freeing
[   99.493180] file system registered
[   99.495336] unloading
[   99.503926] ffs_data_put(): freeing
[   99.504104] ffs_data_put(): freeing
[   99.508089] file system registered
[   99.513004] unloading
[   99.521333] ffs_data_put(): freeing
[   99.521702] ffs_data_put(): freeing
[   99.521827] ffs_data_put(): freeing
[   99.523160] file system registered
[   99.524727] unloading
[   99.530029] ffs_data_put(): freeing
[   99.530206] ffs_data_put(): freeing
[   99.531235] file system registered
[   99.532466] unloading
[   99.537915] ffs_data_put(): freeing
[   99.541156] file system registered
[   99.544681] unloading
[   99.549319] ffs_data_put(): freeing
[   99.549399] ffs_data_put(): freeing
[   99.551147] file system registered
[   99.552904] unloading
[   99.556998] ffs_data_put(): freeing
[   99.560239] file system registered
[   99.561686] unloading
[   99.565975] ffs_data_put(): freeing
[   99.568244] file system registered
[   99.570016] unloading
[   99.579109] ffs_data_put(): freeing
[   99.581449] file system registered
[   99.583689] unloading
[   99.592022] ffs_data_put(): freeing
[   99.594692] file system registered
[   99.597200] unloading
[   99.609091] ffs_data_put(): freeing
[   99.609203] ffs_data_put(): freeing
[   99.609316] ffs_data_put(): freeing
[   99.612344] file system registered
[   99.614923] unloading
[   99.621023] ffs_data_put(): freeing
[   99.623875] file system registered
[   99.626282] unloading
[   99.634152] ffs_data_put(): freeing
[   99.637154] file system registered
[   99.664561] unloading
stats: mount_ok=1353 mount_err=28879 umount=1353 mkdir=5040 rmdir=5040
repro finished without killing the box
=== repro exited rc=0, checking dmesg ===
[   74.373321] ffs_data_put(): freeing
[   74.373669] ffs_data_put(): freeing
[   74.385080] ffs_data_put(): freeing
[   74.402329] ffs_data_put(): freeing
[   74.403374] ffs_data_put(): freeing
[   74.426022] ffs_data_put(): freeing
[   74.434941] ffs_data_put(): freeing
[   74.444152] ffs_data_put(): freeing
[   74.452038] ffs_data_put(): freeing
[   74.452200] ffs_data_put(): freeing
[   74.466984] ffs_data_put(): freeing
[   74.467094] ffs_data_put(): freeing
[   74.478068] ffs_data_put(): freeing
[   74.478243] ffs_data_put(): freeing
[   74.478356] ffs_data_put(): freeing
[   74.493750] ffs_data_put(): freeing
[   74.493892] ffs_data_put(): freeing
[   74.529016] ffs_data_put(): freeing
[   74.540172] ffs_data_put(): freeing
[   74.561879] ffs_data_put(): freeing
[   74.570315] ffs_data_put(): freeing
[   74.583107] ffs_data_put(): freeing
[   74.605953] ffs_data_put(): freeing
[   74.606036] ffs_data_put(): freeing
[   74.608752] ffs_data_put(): freeing
[   74.616060] ffs_data_put(): freeing
[   74.625037] ffs_data_put(): freeing
[   74.625118] ffs_data_put(): freeing
[   74.636923] ffs_data_put(): freeing
[   74.645998] ffs_data_put(): freeing
[   74.658956] ffs_data_put(): freeing
[   74.659048] ffs_data_put(): freeing
[   74.668282] ffs_data_put(): freeing
[   74.668403] ffs_data_put(): freeing
[   74.681212] ffs_data_put(): freeing
[   74.691042] ffs_data_put(): freeing
[   74.691286] ffs_data_put(): freeing
[   74.691396] ffs_data_put(): freeing
[   74.691641] ffs_data_put(): freeing
[   74.705154] ffs_data_put(): freeing
[   74.714109] ffs_data_put(): freeing
[   74.714351] ffs_data_put(): freeing
[   74.714585] ffs_data_put(): freeing
[   74.722091] ffs_data_put(): freeing
[   74.722270] ffs_data_put(): freeing
[   74.735332] ffs_data_put(): freeing
[   74.736822] ffs_data_put(): freeing
[   74.755109] ffs_data_put(): freeing
[   74.782961] ffs_data_put(): freeing
[   74.797021] ffs_data_put(): freeing
[   74.797105] ffs_data_put(): freeing
[   74.821036] ffs_data_put(): freeing
[   74.821146] ffs_data_put(): freeing
[   74.832200] ffs_data_put(): freeing
[   74.832325] ffs_data_put(): freeing
[   74.843220] ffs_data_put(): freeing
[   74.863934] ffs_data_put(): freeing
[   74.873095] ffs_data_put(): freeing
[   74.873189] ffs_data_put(): freeing
[   74.894185] ffs_data_put(): freeing
=== VERDICT_CHECK_DONE ===
[  121.663518] ACPI: PM: Preparing to enter system sleep state S5
[  121.674354] reboot: Power down
