c[?7l[2J[0mSeaBIOS (version 1.15.0-1)


iPXE (https://ipxe.org) 00:03.0 CA00 PCI2.10 PnP PMM+BFF8B340+BFECB340 CA00
Press Ctrl-B to configure iPXE (PCI 00:03.0)...
                                                                               


Booting from ROM...
c[?7l[2J[    0.000000] Linux version 7.3.0-rc6-00010-g69f80fef3153 (builder@buildhost.local) (gcc (Ubuntu 11.4.0-1ubuntu1~22.04.3) 11.4.0, GNU ld (GNU Binutils for Ubuntu) 2.38) #3 SMP PREEMPT_DYNAMIC Tue Oct  6 14:55:42 CDT 2026
[    0.000000] Command line: console=ttyS0 panic=-1 kasan.multi_shot=1 REPRO_SECS=90
[    0.000000] BIOS-provided physical RAM map:
[    0.000000] BIOS-e820: [mem 0x0000000000000000-0x000000000009fbff]  System RAM
[    0.000000] BIOS-e820: [mem 0x000000000009fc00-0x000000000009ffff]  device reserved
[    0.000000] BIOS-e820: [gap 0x00000000000a0000-0x00000000000effff]
[    0.000000] BIOS-e820: [mem 0x00000000000f0000-0x00000000000fffff]  device reserved
[    0.000000] BIOS-e820: [mem 0x0000000000100000-0x00000000bffdffff]  System RAM
[    0.000000] BIOS-e820: [mem 0x00000000bffe0000-0x00000000bfffffff]  device reserved
[    0.000000] BIOS-e820: [gap 0x00000000c0000000-0x00000000fffbffff]
[    0.000000] BIOS-e820: [mem 0x00000000fffc0000-0x00000000ffffffff]  device reserved
[    0.000000] BIOS-e820: [mem 0x0000000100000000-0x000000013fffffff]  System RAM
[    0.000000] NX (Execute Disable) protection: active
[    0.000000] APIC: Static calls initialized
[    0.000000] DMI: SMBIOS 2.8 present.
[    0.000000] DMI: QEMU Standard PC (i440FX + PIIX, 1996), BIOS 1.15.0-1 04/01/2014
[    0.000000] DMI: Memory slots populated: 1/1
[    0.000000] last_pfn = 0x140000 max_arch_pfn = 0x400000000
[    0.000000] MTRR map: 4 entries (3 fixed + 1 variable; max 19), built from 8 variable MTRRs
[    0.000000] x86/PAT: Configuration [0-7]: WB  WC  UC- UC  WB  WP  UC- WT  
[    0.000000] last_pfn = 0xbffe0 max_arch_pfn = 0x400000000
[    0.000000] found SMP MP-table at [mem 0x000f5ba0-0x000f5baf]
[    0.000000] RAMDISK: [mem 0xbfe71000-0xbffdffff]
[    0.000000] ACPI: Early table checksum verification disabled
[    0.000000] ACPI: RSDP 0x00000000000F59C0 000014 (v00 BOCHS )
[    0.000000] ACPI: RSDT 0x00000000BFFE1B95 000034 (v01 BOCHS  BXPC     00000001 BXPC 00000001)
[    0.000000] ACPI: FACP 0x00000000BFFE1A11 000074 (v01 BOCHS  BXPC     00000001 BXPC 00000001)
[    0.000000] ACPI: DSDT 0x00000000BFFE0040 0019D1 (v01 BOCHS  BXPC     00000001 BXPC 00000001)
[    0.000000] ACPI: FACS 0x00000000BFFE0000 000040
[    0.000000] ACPI: APIC 0x00000000BFFE1A85 0000B0 (v01 BOCHS  BXPC     00000001 BXPC 00000001)
[    0.000000] ACPI: HPET 0x00000000BFFE1B35 000038 (v01 BOCHS  BXPC     00000001 BXPC 00000001)
[    0.000000] ACPI: WAET 0x00000000BFFE1B6D 000028 (v01 BOCHS  BXPC     00000001 BXPC 00000001)
[    0.000000] ACPI: Reserving FACP table memory at [mem 0xbffe1a11-0xbffe1a84]
[    0.000000] ACPI: Reserving DSDT table memory at [mem 0xbffe0040-0xbffe1a10]
[    0.000000] ACPI: Reserving FACS table memory at [mem 0xbffe0000-0xbffe003f]
[    0.000000] ACPI: Reserving APIC table memory at [mem 0xbffe1a85-0xbffe1b34]
[    0.000000] ACPI: Reserving HPET table memory at [mem 0xbffe1b35-0xbffe1b6c]
[    0.000000] ACPI: Reserving WAET table memory at [mem 0xbffe1b6d-0xbffe1b94]
[    0.000000] No NUMA configuration found
[    0.000000] Faking a node at [mem 0x0000000000000000-0x000000013fffffff]
[    0.000000] NODE_DATA(0) allocated [mem 0x13fff9680-0x13fffcfff]
[    0.000000] KernelAddressSanitizer initialized (generic)
[    0.000000] ACPI: PM-Timer IO Port: 0x608
[    0.000000] ACPI: LAPIC_NMI (acpi_id[0xff] dfl dfl lint[0x1])
[    0.000000] IOAPIC[0]: apic_id 0, version 32, address 0xfec00000, GSI 0-23
[    0.000000] ACPI: INT_SRC_OVR (bus 0 bus_irq 0 global_irq 2 dfl dfl)
[    0.000000] ACPI: INT_SRC_OVR (bus 0 bus_irq 5 global_irq 5 high level)
[    0.000000] ACPI: INT_SRC_OVR (bus 0 bus_irq 9 global_irq 9 high level)
[    0.000000] ACPI: INT_SRC_OVR (bus 0 bus_irq 10 global_irq 10 high level)
[    0.000000] ACPI: INT_SRC_OVR (bus 0 bus_irq 11 global_irq 11 high level)
[    0.000000] ACPI: Using ACPI (MADT) for SMP configuration information
[    0.000000] ACPI: HPET id: 0x8086a201 base: 0xfed00000
[    0.000000] CPU topo: Max. logical packages:   1
[    0.000000] CPU topo: Max. logical nodes:      1
[    0.000000] CPU topo: Num. nodes per package:  1
[    0.000000] CPU topo: Max. logical dies:       1
[    0.000000] CPU topo: Max. dies per package:   1
[    0.000000] CPU topo: Max. threads per core:   1
[    0.000000] CPU topo: Num. cores per package:     8
[    0.000000] CPU topo: Num. threads per package:   8
[    0.000000] CPU topo: Allowing 8 present CPUs plus 0 hotplug CPUs
[    0.000000] PM: hibernation: Registered nosave memory: [mem 0x00000000-0x00000fff]
[    0.000000] PM: hibernation: Registered nosave memory: [mem 0x0009f000-0x000fffff]
[    0.000000] PM: hibernation: Registered nosave memory: [mem 0xbffe0000-0xffffffff]
[    0.000000] [gap 0xc0000000-0xfffbffff] available for PCI devices
[    0.000000] Booting paravirtualized kernel on bare hardware
[    0.000000] clocksource: refined-jiffies: mask: 0xffffffff max_cycles: 0xffffffff, max_idle_ns: 1910969940391419 ns
[    0.000000] Zone ranges:
[    0.000000]   DMA      [mem 0x0000000000001000-0x0000000000ffffff]
[    0.000000]   DMA32    [mem 0x0000000001000000-0x00000000ffffffff]
[    0.000000]   Normal   [mem 0x0000000100000000-0x000000013fffffff]
[    0.000000] Movable zone start for each node
[    0.000000] Early memory node ranges
[    0.000000]   node   0: [mem 0x0000000000001000-0x000000000009efff]
[    0.000000]   node   0: [mem 0x0000000000100000-0x00000000bffdffff]
[    0.000000]   node   0: [mem 0x0000000100000000-0x000000013fffffff]
[    0.000000] Initmem setup node 0 [mem 0x0000000000001000-0x000000013fffffff]
[    0.000000] On node 0, zone DMA: 1 pages in unavailable ranges
[    0.000000] On node 0, zone DMA: 97 pages in unavailable ranges
[    0.000000] On node 0, zone Normal: 32 pages in unavailable ranges
[    0.000000] setup_percpu: NR_CPUS:64 nr_cpumask_bits:8 nr_cpu_ids:8 nr_node_ids:1
[    0.000000] percpu: Embedded 65 pages/cpu s226136 r8192 d31912 u524288
[    0.000000] Kernel command line: console=ttyS0 panic=-1 kasan.multi_shot=1 REPRO_SECS=90
[    0.000000] Unknown kernel command line parameters "REPRO_SECS=90", will be passed to user space.
[    0.000000] printk: log buffer data + meta data: 262144 + 917504 = 1179648 bytes
[    0.000000] Dentry cache hash table entries: 524288 (order: 10, 4194304 bytes, linear)
[    0.000000] Inode-cache hash table entries: 262144 (order: 9, 2097152 bytes, linear)
[    0.000000] software IO TLB: area num 8.
[    0.000000] Fallback order for Node 0: 0 
[    0.000000] Built 1 zonelists, mobility grouping on.  Total pages: 1048446
[    0.000000] Policy zone: Normal
[    0.000000] mem auto-init: stack:off, heap alloc:off, heap free:off
[    0.000000] stackdepot: allocating hash table via alloc_large_system_hash
[    0.000000] stackdepot hash table entries: 1048576 (order: 12, 16777216 bytes, linear)
[    0.000000] stackdepot: allocating space for 8192 stack pools via memblock
[    0.000000] SLUB: HWalign=64, Order=0-3, MinObjects=0, CPUs=8, Nodes=1
[    0.000000] Dynamic Preempt: lazy
[    0.000000] rcu: Preemptible hierarchical RCU implementation.
[    0.000000] rcu: 	RCU event tracing is enabled.
[    0.000000] rcu: 	RCU restricting CPUs from NR_CPUS=64 to nr_cpu_ids=8.
[    0.000000] 	Trampoline variant of Tasks RCU enabled.
[    0.000000] 	Tracing variant of Tasks RCU enabled.
[    0.000000] rcu: RCU calculated value of scheduler-enlistment delay is 100 jiffies.
[    0.000000] rcu: Adjusting geometry for rcu_fanout_leaf=16, nr_cpu_ids=8
[    0.000000] RCU Tasks: Setting shift to 3 and lim to 1 rcu_task_cb_adjust=1 rcu_task_cpu_ids=8.
[    0.000000] NR_IRQS: 4352, nr_irqs: 488, preallocated irqs: 16
[    0.000000] rcu: srcu_init: Setting srcu_struct sizes based on contention.
[    0.000000] clocksource: jiffies: mask: 0xffffffff max_cycles: 0xffffffff, max_idle_ns: 1911260446275000 ns
[    0.000000] Console: colour VGA+ 80x25
[    0.000000] printk: console [ttyS0] enabled
[    0.000000] ACPI: Core revision 20260408
[    0.000000] clocksource: hpet: mask: 0xffffffff max_cycles: 0xffffffff, max_idle_ns: 19112604467 ns
[    0.007000] APIC: Switch to symmetric I/O mode setup
[    0.022000] ..TIMER: vector=0x30 apic1=0 pin1=2 apic2=-1 pin2=-1
[    0.032000] tsc: Unable to calibrate against PIT
[    0.032000] tsc: using HPET reference calibration
[    0.033000] tsc: Detected 2199.929 MHz processor
[    0.001620] clocksource: tsc-early: mask: 0xffffffffffffffff max_cycles: 0x1fb5effa7b6, max_idle_ns: 440795299249 ns
[    0.004223] Calibrating delay loop (skipped), value calculated using timer frequency.. 4399.85 BogoMIPS (lpj=2199929)
[    0.017948] Last level iTLB entries: 4KB 512, 2MB 255, 4MB 127
[    0.018549] Last level dTLB entries: 4KB 512, 2MB 255, 4MB 127, 1GB 0
[    0.020035] mitigations: Enabled attack vectors: user_kernel, user_user, SMT mitigations: auto
[    0.022676] Spectre V2 : Mitigation: Retpolines
[    0.023848] Spectre V1 : Mitigation: usercopy/swapgs barriers and __user pointer sanitization
[    0.024790] Spectre V2 : Spectre v2 / SpectreRSB: Filling RSB on context switch and VMEXIT
[    0.032354] x86/fpu: x87 FPU will use FXSAVE
[    0.644895] pid_max: default: 32768 minimum: 301
[    0.691541] SELinux:  Initializing.
[    0.721823] Mount-cache hash table entries: 8192 (order: 4, 65536 bytes, linear)
[    0.722748] Mountpoint-cache hash table entries: 8192 (order: 4, 65536 bytes, linear)
[    0.774018] VFS: Finished mounting rootfs on nullfs
[    0.974574] smpboot: CPU0: AMD QEMU Virtual CPU version 2.5+ (family: 0xf, model: 0x6b, stepping: 0x1)
[    1.026806] Performance Events: PMU not available due to virtualization, using software events only.
[    1.031232] signal: max sigframe size: 1440
[    1.040058] rcu: Hierarchical SRCU implementation.
[    1.040869] rcu: 	Max phase no-delay instances is 400.
[    1.048518] Timer migration: 1 hierarchy levels; 8 children per group; 1 crossnode level
[    1.093612] smp: Bringing up secondary CPUs ...
[    1.127654] smpboot: x86: Booting SMP configuration:
[    1.127747] .... node  #0, CPUs:      #1 #2 #3 #4 #5 #6 #7
[    0.000000] calibrate_delay_direct() dropping max bogoMips estimate 0 = 2648175
[    1.719157] smp: Brought up 1 node, 8 CPUs
[    1.722515] smpboot: Total of 8 processors activated (35137.77 BogoMIPS)
[    1.772292] Memory: 3396224K/4193784K available (55048K kernel code, 9288K rwdata, 12572K rodata, 6460K init, 836K bss, 790920K reserved, 0K cma-reserved)
[    1.843726] devtmpfs: initialized
[    2.040348] posixtimers hash table entries: 4096 (order: 4, 65536 bytes, linear)
[    2.042548] futex hash table entries: 2048 (131072 bytes on 1 NUMA nodes, total 128 KiB, linear).
[    2.063697] PM: RTC time: 19:56:56, date: 2026-10-06
[    2.100270] NET: Registered PF_NETLINK/PF_ROUTE protocol family
[    2.126362] audit: initializing netlink subsys (disabled)
[    2.149647] audit: type=2000 audit(1791316615.177:1): state=initialized audit_enabled=0 res=1
[    2.177823] thermal_sys: Registered thermal governor 'step_wise'
[    2.181683] cpuidle: using governor menu
[    2.204870] PCI: Using configuration type 1 for base access
[    2.206306] mtrr: your CPUs had inconsistent fixed MTRR settings
[    2.206363] mtrr: your CPUs had inconsistent variable MTRR settings
[    2.206521] mtrr: your CPUs had inconsistent MTRRdefType settings
[    2.206559] mtrr: probably your BIOS does not setup all CPUs.
[    2.206600] mtrr: corrected configuration.
[    2.222167] kprobes: kprobe jump-optimization is enabled. All kprobes are optimized if possible.
[    2.259021] HugeTLB: registered 2.00 MiB page size, pre-allocated 0 pages
[    2.259174] HugeTLB: 28 KiB vmemmap can be freed for a 2.00 MiB page
[    2.303731] ACPI: Added _OSI(Module Device)
[    2.303812] ACPI: Added _OSI(Processor Device)
[    2.303848] ACPI: Added _OSI(Processor Aggregator Device)
[    2.992629] ACPI: 1 ACPI AML tables successfully acquired and loaded
[    3.146876] ACPI: \_SB_: platform _OSC: OS support mask [002a7eee]
[    3.261067] ACPI: Interpreter enabled
[    3.267585] ACPI: PM: (supports S0 S3 S4 S5)
[    3.267791] ACPI: Using IOAPIC for interrupt routing
[    3.269517] PCI: Using host bridge windows from ACPI; if necessary, use "pci=nocrs" and report a bug
[    3.269670] PCI: Using E820 reservations for host bridge windows
[    3.311786] ACPI: Enabled 2 GPEs in block 00 to 0F
[    4.838157] ACPI: PCI Root Bridge [PCI0] (domain 0000 [bus 00-ff])
[    4.847219] acpi PNP0A03:00: fail to add MMCONFIG information, can't access extended configuration space under this bridge
[    4.876858] PCI host bridge to bus 0000:00
[    4.880900] pci_bus 0000:00: root bus resource [io  0x0000-0x0cf7 window]
[    4.881730] pci_bus 0000:00: root bus resource [io  0x0d00-0xffff window]
[    4.881894] pci_bus 0000:00: root bus resource [mem 0x000a0000-0x000bffff window]
[    4.882213] pci_bus 0000:00: root bus resource [mem 0xc0000000-0xfebfffff window]
[    4.882400] pci_bus 0000:00: root bus resource [mem 0x140000000-0x1bfffffff window]
[    4.882523] pci_bus 0000:00: root bus resource [bus 00-ff]
[    4.891969] pci 0000:00:00.0: [8086:1237] type 00 class 0x060000 conventional PCI endpoint
[    5.294145] pci 0000:00:01.0: [8086:7000] type 00 class 0x060100 conventional PCI endpoint
[    5.324099] pci 0000:00:01.1: [8086:7010] type 00 class 0x010180 conventional PCI endpoint
[    5.327050] pci 0000:00:01.1: BAR 4 [io  0xc040-0xc04f]
[    5.327050] pci 0000:00:01.1: BAR 0 [io  0x01f0-0x01f7]: legacy IDE quirk
[    5.327050] pci 0000:00:01.1: BAR 1 [io  0x03f6]: legacy IDE quirk
[    5.327050] pci 0000:00:01.1: BAR 2 [io  0x0170-0x0177]: legacy IDE quirk
[    5.327050] pci 0000:00:01.1: BAR 3 [io  0x0376]: legacy IDE quirk
[    5.332068] pci 0000:00:01.3: [8086:7113] type 00 class 0x068000 conventional PCI endpoint
[    5.333087] pci 0000:00:01.3: quirk: [io  0x0600-0x063f] claimed by PIIX4 ACPI
[    5.333262] pci 0000:00:01.3: quirk: [io  0x0700-0x070f] claimed by PIIX4 SMB
[    5.337369] pci 0000:00:02.0: [1234:1111] type 00 class 0x030000 conventional PCI endpoint
[    5.340624] pci 0000:00:02.0: BAR 0 [mem 0xfd000000-0xfdffffff pref]
[    5.341568] pci 0000:00:02.0: BAR 2 [mem 0xfebb0000-0xfebb0fff]
[    5.341684] pci 0000:00:02.0: ROM [mem 0xfeba0000-0xfebaffff pref]
[    5.341858] pci 0000:00:02.0: Video device with shadowed ROM at [mem 0x000c0000-0x000dffff]
[    5.580245] pci 0000:00:03.0: [8086:100e] type 00 class 0x020000 conventional PCI endpoint
[    5.581625] pci 0000:00:03.0: BAR 0 [mem 0xfeb80000-0xfeb9ffff]
[    5.581625] pci 0000:00:03.0: BAR 1 [io  0xc000-0xc03f]
[    5.581625] pci 0000:00:03.0: ROM [mem 0xfeb00000-0xfeb7ffff pref]
[    5.904856] ACPI: PCI: Interrupt link LNKA configured for IRQ 10
[    5.931751] ACPI: PCI: Interrupt link LNKB configured for IRQ 10
[    5.957743] ACPI: PCI: Interrupt link LNKC configured for IRQ 11
[    5.983984] ACPI: PCI: Interrupt link LNKD configured for IRQ 11
[    5.992309] ACPI: PCI: Interrupt link LNKS configured for IRQ 9
[    6.111111] iommu: Default domain type: Translated
[    6.111229] iommu: DMA domain TLB invalidation policy: lazy mode
[    6.166100] SCSI subsystem initialized
[    6.178511] ACPI: bus type USB registered
[    6.182650] usbcore: registered new interface driver usbfs
[    6.184880] usbcore: registered new interface driver hub
[    6.186507] usbcore: registered new device driver usb
[    6.191133] pps_core: LinuxPPS API ver. 1 registered
[    6.191197] pps_core: Software ver. 5.3.6 - Copyright 2005-2007 Rodolfo Giometti <giometti@linux.it>
[    6.191839] PTP clock support registered
[    6.206213] Advanced Linux Sound Architecture Driver Initialized.
[    6.265997] NetLabel: Initializing
[    6.266059] NetLabel:  domain hash size = 128
[    6.266098] NetLabel:  protocols = UNLABELED CIPSOv4 CALIPSO
[    6.270700] NetLabel:  unlabeled traffic allowed by default
[    6.319524] PCI: Using ACPI for IRQ routing
[    6.327050] e820: register RAM buffer resource [mem 0x0009fc00-0x0009ffff]
[    6.329784] e820: register RAM buffer resource [mem 0xbffe0000-0xbfffffff]
[    6.346482] pci 0000:00:02.0: vgaarb: setting as boot VGA device
[    6.346482] pci 0000:00:02.0: vgaarb: bridge control possible
[    6.346482] pci 0000:00:02.0: vgaarb: VGA device added: decodes=io+mem,owns=io+mem,locks=none
[    6.350724] vgaarb: loaded
[    6.365885] hpet: 3 channels of 0 reserved for per-cpu timers
[    6.367548] hpet0: at MMIO 0xfed00000, IRQs 2, 8, 0
[    6.368117] hpet0: 3 comparators, 64-bit 100.000000 MHz counter
[    6.393825] clocksource: Switched to clocksource tsc-early
[    6.438306] VFS: Disk quotas dquot_6.6.0
[    6.439770] VFS: Dquot-cache hash table entries: 512 (4096 bytes)
[    6.487311] pnp: PnP ACPI init
[    6.588008] pnp: PnP ACPI: found 5 devices
[    7.253218] clocksource: acpi_pm: mask: 0xffffff max_cycles: 0xffffff, max_idle_ns: 2085701024 ns
[    7.262386] NET: Registered PF_INET protocol family
[    7.269928] IP idents hash table entries: 65536 (order: 7, 524288 bytes, linear)
[    7.342274] tcp_listen_portaddr_hash hash table entries: 2048 (order: 3, 32768 bytes, linear)
[    7.342799] Table-perturb hash table entries: 65536 (order: 6, 262144 bytes, linear)
[    7.344375] TCP established hash table entries: 32768 (order: 6, 262144 bytes, linear)
[    7.346088] TCP bind hash table entries: 32768 (order: 8, 1048576 bytes, linear)
[    7.348816] TCP: Hash tables configured (established 32768 bind 32768)
[    7.357608] UDP hash table entries: 2048 (order: 5, 131072 bytes, linear)
[    7.373703] NET: Registered PF_UNIX/PF_LOCAL protocol family
[    7.399494] RPC: Registered named UNIX socket transport module.
[    7.399854] RPC: Registered udp transport module.
[    7.399905] RPC: Registered tcp transport module.
[    7.399939] RPC: Registered tcp-with-tls transport module.
[    7.399972] RPC: Registered tcp NFSv4.1 backchannel transport module.
[    7.430855] pci_bus 0000:00: resource 4 [io  0x0000-0x0cf7 window]
[    7.430958] pci_bus 0000:00: resource 5 [io  0x0d00-0xffff window]
[    7.431003] pci_bus 0000:00: resource 6 [mem 0x000a0000-0x000bffff window]
[    7.431047] pci_bus 0000:00: resource 7 [mem 0xc0000000-0xfebfffff window]
[    7.431088] pci_bus 0000:00: resource 8 [mem 0x140000000-0x1bfffffff window]
[    7.440136] pci 0000:00:01.0: PIIX3: Enabling Passive Release
[    7.440738] pci 0000:00:00.0: Limiting direct PCI/PCI transfers
[    7.441435] PCI: CLS 0 bytes, default 64
[    7.445451] PCI-DMA: Using software bounce buffering for IO (SWIOTLB)
[    7.446055] software IO TLB: mapped [mem 0x00000000bbe71000-0x00000000bfe71000] (64MB)
[    7.485868] Unpacking initramfs...
[    7.706978] Initialise system trusted keyrings
[    7.717934] workingset: timestamp_bits=56 (anon: 51) max_order=20 bucket_order=0 (anon: 0)
[    7.760982] NFS: Registering the id_resolver key type
[    7.762936] Key type id_resolver registered
[    7.763034] Key type id_legacy registered
[    7.763453] nfs4filelayout_init: NFSv4 File Layout Driver Registering...
[    7.765070] nfs4flexfilelayout_init: NFSv4 Flexfile Layout Driver Registering...
[    7.774764] 9p: Installing v9fs 9p2000 file system support
[    7.820092] Key type asymmetric registered
[    7.820409] Asymmetric key parser 'x509' registered
[    7.822688] Block layer SCSI generic (bsg) driver version 0.4 loaded (major 251)
[    7.825162] io scheduler mq-deadline registered
[    7.825362] io scheduler kyber registered
[    7.854709] input: Power Button as /devices/platform/LNXPWRBN:00/input/input0
[    7.863848] ACPI: button: Power Button [PWRF]
[    7.900065] Serial: 8250/16550 driver, 4 ports, IRQ sharing enabled
[    7.914899] Freeing initrd memory: 1468K
[    7.934101] 00:04: ttyS0 I/O:0x3f8 (irq = 4, base_baud = 115200) is a 16550A
[    8.053973] Non-volatile memory driver v1.3
[    8.072040] ACPI: bus type drm_connector registered
[    8.510984] tsc: Refined TSC clocksource calibration: 2199.959 MHz
[    8.512281] clocksource: tsc: mask: 0xffffffffffffffff max_cycles: 0x1fb60c3619b, max_idle_ns: 440795247762 ns
[    8.523848] clocksource: Switched to clocksource tsc
[    8.620085] loop: module loaded
[    8.726296] scsi host0: ata_piix
[    8.758092] scsi host1: ata_piix
[    8.767684] ata1: PATA max MWDMA2 cmd 0x1f0 ctl 0x3f6 bmdma 0xc040 irq 14 lpm-pol 0
[    8.767882] ata2: PATA max MWDMA2 cmd 0x170 ctl 0x376 bmdma 0xc048 irq 15 lpm-pol 0
[    8.801230] e100: Intel(R) PRO/100 Network Driver
[    8.801296] e100: Copyright(c) 1999-2006 Intel Corporation
[    8.802650] e1000: Intel(R) PRO/1000 Network Driver
[    8.803153] e1000: Copyright (c) 1999-2006 Intel Corporation.
[    8.980115] ata2: found unknown device (class 0)
[    9.020403] ata2.00: ATAPI: QEMU DVD-ROM, 2.5+, max UDMA/100
[    9.137469] scsi 1:0:0:0: CD-ROM            QEMU     QEMU DVD-ROM     2.5+ PQ: 0 ANSI: 5
[    9.260373] sr 1:0:0:0: [sr0] scsi3-mmc drive: 4x/4x cd/rw xa/form2 tray
[    9.290715] cdrom: Uniform CD-ROM driver Revision: 3.20
[    9.411481] sr 1:0:0:0: Attached scsi generic sg0 type 5
[   35.448831] ACPI: \_SB_.LNKC: Enabled at IRQ 11
[   35.785440] e1000 0000:00:03.0 eth0: (PCI:33MHz:32-bit) 52:54:00:12:34:56
[   35.787438] e1000 0000:00:03.0 eth0: Intel(R) PRO/1000 Network Connection
[   35.790106] e1000e: Intel(R) PRO/1000 Network Driver
[   35.790158] e1000e: Copyright(c) 1999 - 2015 Intel Corporation.
[   35.792174] sky2: driver version 1.30
[   35.821045] usbcore: registered new interface driver usblp
[   35.823400] usbcore: registered new interface driver usb-storage
[   35.834858] i8042: PNP: PS/2 Controller [PNP0303:KBD,PNP0f13:MOU] at 0x60,0x64 irq 1,12
[   35.849271] serio: i8042 KBD port at 0x60,0x64 irq 1
[   35.850469] serio: i8042 AUX port at 0x60,0x64 irq 12
[   35.903214] rtc_cmos PNP0B00:00: RTC can wake from S4
[   35.903380] input: AT Translated Set 2 keyboard as /devices/platform/i8042/serio0/input/input1
[   35.938444] rtc_cmos PNP0B00:00: registered as rtc0
[   35.945477] rtc_cmos PNP0B00:00: alarms up to one day, y3k, 242 bytes nvram, hpet irqs
[   35.963753] device-mapper: ioctl: 4.50.0-ioctl (2025-04-28) initialised: dm-devel@lists.linux.dev
[   35.967222] hid: raw HID events driver (C) Jiri Kosina
[   35.983727] usbcore: registered new interface driver usbhid
[   35.983811] usbhid: USB HID core driver
[   36.030760] nf_conntrack_irc: The irc conntrack helper is scheduled for removal.
[   36.030760] Please contact the netfilter-devel mailing list if you still need this.
[   36.050135] Initializing XFRM netlink socket
[   36.059865] NET: Registered PF_INET6 protocol family
[   36.132503] Segment Routing with IPv6
[   36.134217] In-situ OAM (IOAM) with IPv6
[   36.141154] NET: Registered PF_PACKET protocol family
[   36.148707] 9pnet: Installing 9P2000 support
[   36.150454] Key type dns_resolver registered
[   36.274756] IPI shorthand broadcast: enabled
[   36.400083] input: ImExPS/2 Generic Explorer Mouse as /devices/platform/i8042/serio1/input/input3
[   37.202084] sched_clock: Marking stable (37236075520, -34517483)->(37381094423, -179536386)
[   37.231359] registered taskstats version 1
[   37.231700] Loading compiled-in X.509 certificates
[   37.752336] Demotion targets for Node 0: null
[   37.766817] PM:   Magic number: 14:382:950
[   37.767756] cpuid cpu5: hash matches
[   37.767899] tty tty7: hash matches
[   37.768016] cpu cpu5: hash matches
[   37.770351] netconsole: network logging started
[   37.779692] cfg80211: Loading compiled-in X.509 certificates for regulatory database
[   37.844991] kworker/u32:1 (99) used greatest stack depth: 28840 bytes left
[   37.954949] Loaded X.509 cert 'sforshee: 00b28ddf47aef9cea7'
[   37.960783] Loaded X.509 cert 'wens: 61c038651aabdcf94bd0ac7ff06c7248db18c600'
[   37.971146] ALSA device list:
[   37.972245] faux_driver regulatory: Direct firmware load for regulatory.db failed with error -2
[   37.972338]   No soundcards found.
[   37.973744] cfg80211: failed to load regulatory.db
[   38.416839] Freeing unused kernel image (initmem) memory: 6460K
[   38.417639] Write protecting the kernel read-only data: 69632k
[   38.429343] Freeing unused kernel image (text/rodata gap) memory: 244K
[   38.440843] Freeing unused kernel image (rodata/data gap) memory: 1764K
[   39.452588] x86/mm: Checked W+X mappings: passed, no W+X pages found.
[   39.453664] Run /init as init process
[   40.005120] busybox (102) used greatest stack depth: 27448 bytes left
[   40.583706] mount (111) used greatest stack depth: 27280 bytes left
=== repro starting (REPRO_SECS=90) ===
[   40.705690] file system registered
setup ok: instance /sys/kernel/config/usb_gadget/g1/functions/ffs.f0 created
[   40.742161] ffs_data_put(): freeing
[   40.743183] ffs_data_put(): freeing
[   40.748277] ffs_data_put(): freeing
[   40.751907] unloading
[   40.767741] ffs_data_put(): freeing
[   40.771731] file system registered
[   40.774751] ffs_data_put(): freeing
[   40.775332] unloading
[   40.787289] ffs_data_put(): freeing
[   40.787455] ffs_data_put(): freeing
[   40.788314] ffs_data_put(): freeing
[   40.789383] file system registered
[   40.791633] unloading
[   40.797302] ffs_data_put(): freeing
[   40.800046] file system registered
[   40.802371] unloading
[   40.809452] file system registered
[   40.811430] unloading
[   40.816193] ffs_data_put(): freeing
[   40.817843] file system registered
[   40.820285] unloading
[   40.833282] ffs_data_put(): freeing
[   40.835413] file system registered
[   40.836079] ffs_data_put(): freeing
[   40.837954] unloading
[   40.847416] ffs_data_put(): freeing
[   40.847902] ffs_data_put(): freeing
[   40.851439] file system registered
[   40.855885] unloading
[   40.861566] ffs_data_put(): freeing
[   40.864324] file system registered
[   40.868246] unloading
[   40.876901] ffs_data_put(): freeing
[   40.877218] ffs_data_put(): freeing
[   40.879821] file system registered
[   40.882923] unloading
[   40.890363] ffs_data_put(): freeing
[   40.890470] ffs_data_put(): freeing
[   40.892932] file system registered
[   40.895487] unloading
[   40.902365] ffs_data_put(): freeing
[   40.902480] ffs_data_put(): freeing
[   40.904356] file system registered
[   40.906310] unloading
[   40.915099] ffs_data_put(): freeing
[   40.915304] ffs_data_put(): freeing
[   40.916944] file system registered
[   40.919505] unloading
[   40.927369] ffs_data_put(): freeing
[   40.927474] ffs_data_put(): freeing
[   40.929761] file system registered
[   40.931938] unloading
[   40.939207] ffs_data_put(): freeing
[   40.940080] ffs_data_put(): freeing
[   40.940221] ffs_data_put(): freeing
[   40.942334] file system registered
[   40.944963] unloading
[   40.951510] ffs_data_put(): freeing
[   40.954021] file system registered
[   40.956381] unloading
[   40.962309] ffs_data_put(): freeing
[   40.963482] file system registered
[   40.965846] unloading
[   40.973376] ffs_data_put(): freeing
[   40.973497] ffs_data_put(): freeing
[   40.976322] file system registered
[   40.979204] unloading
[   40.985368] ffs_data_put(): freeing
[   40.987869] file system registered
[   40.989844] unloading
[   40.996150] ffs_data_put(): freeing
[   40.997857] file system registered
[   40.999235] unloading
[   41.004073] ffs_data_put(): freeing
[   41.004158] ffs_data_put(): freeing
[   41.005916] file system registered
[   41.007190] unloading
[   41.016247] ffs_data_put(): freeing
[   41.016476] ffs_data_put(): freeing
[   41.016698] ffs_data_put(): freeing
[   41.018296] file system registered
[   41.020427] unloading
[   41.028863] file system registered
[   41.031278] unloading
[   41.042913] file system registered
[   41.045112] unloading
[   41.054260] ffs_data_put(): freeing
[   41.056447] file system registered
[   41.058281] unloading
[   41.066229] ffs_data_put(): freeing
[   41.066306] ffs_data_put(): freeing
[   41.068288] file system registered
[   41.070177] unloading
[   41.076173] ffs_data_put(): freeing
[   41.077423] file system registered
[   41.078970] unloading
[   41.086350] file system registered
[   41.088043] unloading
[   41.098113] file system registered
[   41.099506] unloading
[   41.106155] ffs_data_put(): freeing
[   41.108128] file system registered
[   41.109772] unloading
[   41.120114] ffs_data_put(): freeing
[   41.120195] ffs_data_put(): freeing
[   41.122164] file system registered
[   41.124324] unloading
[   41.133487] ffs_data_put(): freeing
[   41.133742] ffs_data_put(): freeing
[   41.136367] file system registered
[   41.139469] unloading
[   41.146930] ffs_data_put(): freeing
[   41.147266] ffs_data_put(): freeing
[   41.149963] file system registered
[   41.152500] unloading
[   41.161508] file system registered
[   41.163393] unloading
[   41.168198] ffs_data_put(): freeing
[   41.168415] ffs_data_put(): freeing
[   41.170359] file system registered
[   41.172011] unloading
[   41.184135] ffs_data_put(): freeing
[   41.187169] file system registered
[   41.189132] unloading
[   41.195165] ffs_data_put(): freeing
[   41.195362] ffs_data_put(): freeing
[   41.195825] ffs_data_put(): freeing
[   41.196458] ffs_data_put(): freeing
[   41.197321] file system registered
[   41.199184] unloading
[   41.206282] ffs_data_put(): freeing
[   41.206475] ffs_data_put(): freeing
[   41.207063] ffs_data_put(): freeing
[   41.208919] file system registered
[   41.211022] unloading
[   41.217374] ffs_data_put(): freeing
[   41.218198] ffs_data_put(): freeing
[   41.219051] ffs_data_put(): freeing
[   41.219975] file system registered
[   41.221479] unloading
[   41.231418] ffs_data_put(): freeing
[   41.233043] ffs_data_put(): freeing
[   41.233314] ffs_data_put(): freeing
[   41.234068] ffs_data_put(): freeing
[   41.234414] file system registered
[   41.238055] unloading
[   41.245303] ffs_data_put(): freeing
[   41.245506] ffs_data_put(): freeing
[   41.248283] file system registered
[   41.251405] unloading
[   41.259463] ffs_data_put(): freeing
[   41.259778] ffs_data_put(): freeing
[   41.260058] ffs_data_put(): freeing
[   41.262380] file system registered
[   41.265089] unloading
[   41.277219] ffs_data_put(): freeing
[   41.281996] file system registered
[   41.285215] unloading
[   41.293227] ffs_data_put(): freeing
[   41.294318] file system registered
[   41.296435] unloading
[   41.302370] ffs_data_put(): freeing
[   41.304200] file system registered
[   41.305368] unloading
[   41.313918] file system registered
[   41.316328] unloading
[   41.328433] ffs_data_put(): freeing
[   41.328573] ffs_data_put(): freeing
[   41.328888] ffs_data_put(): freeing
[   41.332275] file system registered
[   41.335492] unloading
[   41.348740] file system registered
[   41.353276] unloading
[   41.360349] ffs_data_put(): freeing
[   41.360461] ffs_data_put(): freeing
[   41.362269] file system registered
[   41.364224] ffs_data_put(): freeing
[   41.364396] unloading
[   41.372438] ffs_data_put(): freeing
[   41.374398] file system registered
[   41.376515] unloading
[   41.389241] ffs_data_put(): freeing
[   41.389327] ffs_data_put(): freeing
[   41.392515] file system registered
[   41.394367] unloading
[   41.406823] file system registered
[   41.408151] unloading
[   41.417374] file system registered
[   41.419336] unloading
[   41.429155] ffs_data_put(): freeing
[   41.432045] file system registered
[   41.434035] unloading
[   41.443261] ffs_data_put(): freeing
[   41.447548] file system registered
[   41.449850] unloading
[   41.459120] file system registered
[   41.460908] unloading
[   41.470101] file system registered
[   41.473207] unloading
[   41.480180] ffs_data_put(): freeing
[   41.480293] ffs_data_put(): freeing
[   41.482364] file system registered
[   41.485379] unloading
[   41.498239] ffs_data_put(): freeing
[   41.499846] file system registered
[   41.501357] unloading
[   41.509326] ffs_data_put(): freeing
[   41.509477] ffs_data_put(): freeing
[   41.512419] file system registered
[   41.514960] unloading
[   41.524980] file system registered
[   41.527149] unloading
[   41.534201] ffs_data_put(): freeing
[   41.537029] file system registered
[   41.538358] unloading
[   41.545223] ffs_data_put(): freeing
[   41.547008] file system registered
[   41.548123] unloading
[   41.555242] file system registered
[   41.557095] unloading
[   41.566120] ffs_data_put(): freeing
[   41.568395] file system registered
[   41.570129] unloading
[   41.581493] file system registered
[   41.583807] unloading
[   41.593142] ffs_data_put(): freeing
[   41.595086] file system registered
[   41.596892] unloading
[   41.602786] ffs_data_put(): freeing
[   41.604045] ffs_data_put(): freeing
[   41.606284] file system registered
[   41.608857] unloading
[   41.616201] file system registered
[   41.618280] unloading
[   41.627417] ffs_data_put(): freeing
[   41.629490] file system registered
[   41.631394] unloading
[   41.638295] ffs_data_put(): freeing
[   41.638379] ffs_data_put(): freeing
[   41.640831] file system registered
[   41.642169] unloading
[   41.653251] ffs_data_put(): freeing
[   41.655178] file system registered
[   41.656181] unloading
[   41.662212] ffs_data_put(): freeing
[   41.666467] file system registered
[   41.669851] unloading
[   41.678269] ffs_data_put(): freeing
[   41.678474] ffs_data_put(): freeing
[   41.679529] file system registered
[   41.681001] unloading
[   41.685215] ffs_data_put(): freeing
[   41.688185] file system registered
[   41.690420] unloading
[   41.698143] ffs_data_put(): freeing
[   41.698288] ffs_data_put(): freeing
[   41.700500] file system registered
[   41.703475] unloading
[   41.712521] ffs_data_put(): freeing
[   41.715193] file system registered
[   41.718351] unloading
[   41.724410] ffs_data_put(): freeing
[   41.730418] file system registered
[   41.732988] unloading
[   41.739486] file system registered
[   41.740183] ffs_data_put(): freeing
[   41.741400] unloading
[   41.751184] ffs_data_put(): freeing
[   41.753415] file system registered
[   41.755456] unloading
[   41.764146] ffs_data_put(): freeing
[   41.766752] file system registered
[   41.768462] unloading
[   41.778310] file system registered
[   41.779483] unloading
[   41.787179] ffs_data_put(): freeing
[   41.789137] file system registered
[   41.790948] unloading
[   41.797069] ffs_data_put(): freeing
[   41.797297] ffs_data_put(): freeing
[   41.797398] ffs_data_put(): freeing
[   41.799072] file system registered
[   41.801240] unloading
[   41.814284] ffs_data_put(): freeing
[   41.814461] ffs_data_put(): freeing
[   41.816411] file system registered
[   41.818824] unloading
[   41.827330] ffs_data_put(): freeing
[   41.827752] ffs_data_put(): freeing
[   41.830224] file system registered
[   41.832936] unloading
[   41.840395] ffs_data_put(): freeing
[   41.843525] file system registered
[   41.847811] unloading
[   41.853371] ffs_data_put(): freeing
[   41.856481] file system registered
[   41.858676] unloading
[   41.868391] ffs_data_put(): freeing
[   41.870019] file system registered
[   41.871459] unloading
[   41.876225] ffs_data_put(): freeing
[   41.879115] file system registered
[   41.881405] unloading
[   41.893406] ffs_data_put(): freeing
[   41.893784] ffs_data_put(): freeing
[   41.897047] file system registered
[   41.898975] unloading
[   41.906233] ffs_data_put(): freeing
[   41.908274] file system registered
[   41.910137] unloading
[   41.921760] ffs_data_put(): freeing
[   41.921773] ffs_data_put(): freeing
[   41.923433] file system registered
[   41.925466] unloading
[   41.937988] ffs_data_put(): freeing
[   41.938408] ffs_data_put(): freeing
[   41.938750] ffs_data_put(): freeing
[   41.939212] file system registered
[   41.942164] unloading
[   41.954892] ffs_data_put(): freeing
[   41.957348] ffs_data_put(): freeing
[   41.958225] file system registered
[   41.962359] unloading
[   41.968516] ffs_data_put(): freeing
[   41.970573] file system registered
[   41.974047] unloading
[   41.980510] ffs_data_put(): freeing
[   41.983875] file system registered
[   41.985875] unloading
[   41.994393] ffs_data_put(): freeing
[   41.994860] ffs_data_put(): freeing
[   41.997010] file system registered
[   41.999316] unloading
[   42.003402] ffs_data_put(): freeing
[   42.004209] ffs_data_put(): freeing
[   42.006721] file system registered
[   42.008479] unloading
[   42.017946] ffs_data_put(): freeing
[   42.017993] ffs_data_put(): freeing
[   42.020087] file system registered
[   42.022201] unloading
[   42.032258] ffs_data_put(): freeing
[   42.032401] ffs_data_put(): freeing
[   42.034799] file system registered
[   42.036516] unloading
[   42.047108] ffs_data_put(): freeing
[   42.047487] ffs_data_put(): freeing
[   42.048002] ffs_data_put(): freeing
[   42.054202] file system registered
[   42.058139] unloading
[   42.068764] file system registered
[   42.070517] unloading
[   42.076413] ffs_data_put(): freeing
[   42.078148] ffs_data_put(): freeing
[   42.078775] file system registered
[   42.080782] unloading
[   42.085316] ffs_data_put(): freeing
[   42.085458] ffs_data_put(): freeing
[   42.088897] file system registered
[   42.091212] unloading
[   42.100369] ffs_data_put(): freeing
[   42.102815] file system registered
[   42.104369] unloading
[   42.111281] ffs_data_put(): freeing
[   42.111447] ffs_data_put(): freeing
[   42.114289] file system registered
[   42.116811] unloading
[   42.129301] file system registered
[   42.131912] unloading
[   42.140099] ffs_data_put(): freeing
[   42.142730] file system registered
[   42.146128] unloading
[   42.155035] file system registered
[   42.157227] ffs_data_put(): freeing
[   42.157505] unloading
[   42.165196] ffs_data_put(): freeing
[   42.167225] file system registered
[   42.169153] unloading
[   42.180104] ffs_data_put(): freeing
[   42.180225] ffs_data_put(): freeing
[   42.181373] file system registered
[   42.183025] unloading
[   42.188126] ffs_data_put(): freeing
[   42.188234] ffs_data_put(): freeing
[   42.189166] file system registered
[   42.190839] ffs_data_put(): freeing
[   42.191381] unloading
[   42.202227] ffs_data_put(): freeing
[   42.204523] file system registered
[   42.207031] unloading
[   42.219081] file system registered
[   42.221400] unloading
[   42.228312] ffs_data_put(): freeing
[   42.228423] ffs_data_put(): freeing
[   42.230410] file system registered
[   42.232391] unloading
[   42.237374] ffs_data_put(): freeing
[   42.237970] ffs_data_put(): freeing
[   42.238168] ffs_data_put(): freeing
[   42.241362] file system registered
[   42.243492] unloading
[   42.253853] file system registered
[   42.255963] unloading
[   42.262486] ffs_data_put(): freeing
[   42.265150] file system registered
[   42.268345] unloading
[   42.276212] ffs_data_put(): freeing
[   42.276505] ffs_data_put(): freeing
[   42.278969] file system registered
[   42.281402] unloading
[   42.290302] ffs_data_put(): freeing
[   42.293037] file system registered
[   42.295403] unloading
[   42.303299] ffs_data_put(): freeing
[   42.303435] ffs_data_put(): freeing
[   42.305863] file system registered
[   42.307399] unloading
[   42.315472] ffs_data_put(): freeing
[   42.315938] ffs_data_put(): freeing
[   42.316062] ffs_data_put(): freeing
[   42.318363] file system registered
[   42.321988] unloading
[   42.331198] file system registered
[   42.334845] unloading
[   42.342399] ffs_data_put(): freeing
[   42.342770] ffs_data_put(): freeing
[   42.344825] file system registered
[   42.346903] unloading
[   42.358110] file system registered
[   42.359902] unloading
[   42.365337] ffs_data_put(): freeing
[   42.365385] ffs_data_put(): freeing
[   42.367565] file system registered
[   42.369229] unloading
[   42.375017] ffs_data_put(): freeing
[   42.376548] file system registered
[   42.378149] unloading
[   42.381246] ffs_data_put(): freeing
[   42.386114] file system registered
[   42.388241] unloading
[   42.396065] ffs_data_put(): freeing
[   42.397861] file system registered
[   42.399145] unloading
[   42.409844] file system registered
[   42.411361] unloading
[   42.419038] file system registered
[   42.420290] unloading
[   42.426358] ffs_data_put(): freeing
[   42.426448] ffs_data_put(): freeing
[   42.429469] file system registered
[   42.431544] ffs_data_put(): freeing
[   42.431891] unloading
[   42.444328] ffs_data_put(): freeing
[   42.444428] ffs_data_put(): freeing
[   42.445422] file system registered
[   42.447158] unloading
[   42.453236] ffs_data_put(): freeing
[   42.453377] ffs_data_put(): freeing
[   42.453501] ffs_data_put(): freeing
[   42.455128] file system registered
[   42.457334] ffs_data_put(): freeing
[   42.457804] unloading
[   42.467053] ffs_data_put(): freeing
[   42.467277] ffs_data_put(): freeing
[   42.470090] file system registered
[   42.472227] unloading
[   42.479653] ffs_data_put(): freeing
[   42.481973] file system registered
[   42.484826] unloading
[   42.493316] ffs_data_put(): freeing
[   42.495778] file system registered
[   42.497899] unloading
[   42.504340] ffs_data_put(): freeing
[   42.504459] ffs_data_put(): freeing
[   42.506850] file system registered
[   42.508811] unloading
[   42.516439] ffs_data_put(): freeing
[   42.516699] ffs_data_put(): freeing
[   42.519976] file system registered
[   42.523312] unloading
[   42.529163] ffs_data_put(): freeing
[   42.531273] file system registered
[   42.533406] unloading
[   42.540386] ffs_data_put(): freeing
[   42.542091] file system registered
[   42.544033] unloading
[   42.553851] ffs_data_put(): freeing
[   42.553941] ffs_data_put(): freeing
[   42.555913] file system registered
[   42.557343] unloading
[   42.567103] ffs_data_put(): freeing
[   42.567349] ffs_data_put(): freeing
[   42.569908] file system registered
[   42.573299] unloading
[   42.582440] ffs_data_put(): freeing
[   42.583989] file system registered
[   42.586122] unloading
[   42.597334] file system registered
[   42.599019] unloading
[   42.607302] ffs_data_put(): freeing
[   42.609489] file system registered
[   42.611404] unloading
[   42.620098] ffs_data_put(): freeing
[   42.621623] file system registered
[   42.623314] unloading
[   42.629794] ffs_data_put(): freeing
[   42.631315] file system registered
[   42.633053] unloading
[   42.646907] file system registered
[   42.648625] unloading
[   42.658697] file system registered
[   42.659752] unloading
[   42.666981] file system registered
[   42.668221] unloading
[   42.673278] ffs_data_put(): freeing
[   42.675417] file system registered
[   42.677027] unloading
[   42.684843] ffs_data_put(): freeing
[   42.684920] ffs_data_put(): freeing
[   42.686357] file system registered
[   42.688254] ffs_data_put(): freeing
[   42.688351] unloading
[   42.699199] ffs_data_put(): freeing
[   42.702242] file system registered
[   42.705259] unloading
[   42.713527] ffs_data_put(): freeing
[   42.716337] file system registered
[   42.719104] unloading
[   42.731790] file system registered
[   42.734340] unloading
[   42.741404] ffs_data_put(): freeing
[   42.743507] file system registered
[   42.745200] unloading
[   42.754242] ffs_data_put(): freeing
[   42.757386] file system registered
[   42.759844] unloading
[   42.765141] ffs_data_put(): freeing
[   42.765458] ffs_data_put(): freeing
[   42.766456] file system registered
[   42.768003] unloading
[   42.777364] ffs_data_put(): freeing
[   42.777687] ffs_data_put(): freeing
[   42.779913] file system registered
[   42.782026] unloading
[   42.789244] ffs_data_put(): freeing
[   42.789853] ffs_data_put(): freeing
[   42.792095] file system registered
[   42.794449] unloading
[   42.804515] ffs_data_put(): freeing
[   42.804783] ffs_data_put(): freeing
[   42.808145] file system registered
[   42.811399] unloading
[   42.821518] file system registered
[   42.823216] ffs_data_put(): freeing
[   42.823535] unloading
[   42.827923] ffs_data_put(): freeing
[   42.829862] file system registered
[   42.830746] unloading
[   42.836158] ffs_data_put(): freeing
[   42.836294] ffs_data_put(): freeing
[   42.837885] file system registered
[   42.839237] unloading
[   42.847226] ffs_data_put(): freeing
[   42.849289] file system registered
[   42.851004] unloading
[   42.861105] ffs_data_put(): freeing
[   42.863175] file system registered
[   42.865232] unloading
[   42.874770] file system registered
[   42.876668] unloading
[   42.882193] ffs_data_put(): freeing
[   42.884154] file system registered
[   42.885970] unloading
[   42.892112] ffs_data_put(): freeing
[   42.892198] ffs_data_put(): freeing
[   42.894949] file system registered
[   42.896229] unloading
[   42.905907] ffs_data_put(): freeing
[   42.905916] ffs_data_put(): freeing
[   42.906813] file system registered
[   42.908238] unloading
[   42.913289] ffs_data_put(): freeing
[   42.913522] ffs_data_put(): freeing
[   42.913817] ffs_data_put(): freeing
[   42.915320] file system registered
[   42.917053] unloading
[   42.928357] ffs_data_put(): freeing
[   42.930152] file system registered
[   42.932311] unloading
[   42.939435] ffs_data_put(): freeing
[   42.941955] file system registered
[   42.943445] unloading
[   42.953273] ffs_data_put(): freeing
[   42.953375] ffs_data_put(): freeing
[   42.955544] file system registered
[   42.957831] unloading
[   42.963827] ffs_data_put(): freeing
[   42.966342] file system registered
[   42.968418] unloading
[   42.977104] ffs_data_put(): freeing
[   42.979189] file system registered
[   42.981008] unloading
[   42.991108] file system registered
[   42.993272] unloading
[   43.000369] ffs_data_put(): freeing
[   43.001904] file system registered
[   43.003124] unloading
[   43.008726] file system registered
[   43.010107] unloading
[   43.023123] ffs_data_put(): freeing
[   43.023241] ffs_data_put(): freeing
[   43.025233] file system registered
[   43.026637] unloading
[   43.031046] ffs_data_put(): freeing
[   43.031169] ffs_data_put(): freeing
[   43.032800] file system registered
[   43.034197] unloading
[   43.040222] ffs_data_put(): freeing
[   43.041971] file system registered
[   43.042827] unloading
[   43.051102] ffs_data_put(): freeing
[   43.053846] file system registered
[   43.055327] unloading
[   43.065105] file system registered
[   43.067889] unloading
[   43.077098] ffs_data_put(): freeing
[   43.079155] file system registered
[   43.081281] unloading
[   43.089319] ffs_data_put(): freeing
[   43.091198] file system registered
[   43.093071] unloading
[   43.101771] ffs_data_put(): freeing
[   43.103399] file system registered
[   43.105283] unloading
[   43.114140] ffs_data_put(): freeing
[   43.114237] ffs_data_put(): freeing
[   43.116105] file system registered
[   43.117476] unloading
[   43.125162] ffs_data_put(): freeing
[   43.127206] file system registered
[   43.129504] unloading
[   43.139402] ffs_data_put(): freeing
[   43.140342] ffs_data_put(): freeing
[   43.141519] file system registered
[   43.143420] unloading
[   43.149264] ffs_data_put(): freeing
[   43.152411] file system registered
[   43.154272] unloading
[   43.164020] ffs_data_put(): freeing
[   43.164164] ffs_data_put(): freeing
[   43.164388] ffs_data_put(): freeing
[   43.164490] ffs_data_put(): freeing
[   43.165190] file system registered
[   43.166912] unloading
[   43.175167] ffs_data_put(): freeing
[   43.175517] ffs_data_put(): freeing
[   43.175924] ffs_data_put(): freeing
[   43.176140] ffs_data_put(): freeing
[   43.177423] file system registered
[   43.179509] unloading
[   43.186833] ffs_data_put(): freeing
[   43.187225] ffs_data_put(): freeing
[   43.189184] file system registered
[   43.192381] unloading
[   43.202240] ffs_data_put(): freeing
[   43.202382] ffs_data_put(): freeing
[   43.202864] ffs_data_put(): freeing
[   43.205117] file system registered
[   43.207168] unloading
[   43.220268] file system registered
[   43.222930] unloading
[   43.233466] file system registered
[   43.234904] unloading
[   43.243241] ffs_data_put(): freeing
[   43.245425] file system registered
[   43.248051] unloading
[   43.252239] ffs_data_put(): freeing
[   43.254489] file system registered
[   43.257161] unloading
[   43.271199] ffs_data_put(): freeing
[   43.273311] file system registered
[   43.274823] unloading
[   43.283204] ffs_data_put(): freeing
[   43.285510] file system registered
[   43.287432] unloading
[   43.295860] file system registered
[   43.297153] unloading
[   43.301247] ffs_data_put(): freeing
[   43.303043] file system registered
[   43.304174] unloading
[   43.309146] ffs_data_put(): freeing
[   43.311286] file system registered
[   43.313325] unloading
[   43.321178] ffs_data_put(): freeing
[   43.321253] ffs_data_put(): freeing
[   43.323438] file system registered
[   43.325289] unloading
[   43.330144] ffs_data_put(): freeing
[   43.330310] ffs_data_put(): freeing
[   43.330385] ffs_data_put(): freeing
[   43.334983] file system registered
[   43.337405] unloading
[   43.343987] ffs_data_put(): freeing
[   43.345349] file system registered
[   43.347099] unloading
[   43.352066] ffs_data_put(): freeing
[   43.354283] file system registered
[   43.356148] unloading
[   43.364939] ffs_data_put(): freeing
[   43.365043] ffs_data_put(): freeing
[   43.366292] file system registered
[   43.368104] unloading
[   43.377196] ffs_data_put(): freeing
[   43.379679] file system registered
[   43.381023] unloading
[   43.385359] ffs_data_put(): freeing
[   43.388027] file system registered
[   43.389965] unloading
[   43.398460] file system registered
[   43.400961] unloading
[   43.407411] ffs_data_put(): freeing
[   43.409143] file system registered
[   43.410680] unloading
[   43.415110] ffs_data_put(): freeing
[   43.415195] ffs_data_put(): freeing
[   43.419032] file system registered
[   43.420247] unloading
[   43.428208] file system registered
[   43.430136] unloading
[   43.440199] ffs_data_put(): freeing
[   43.440343] ffs_data_put(): freeing
[   43.442310] file system registered
[   43.445434] unloading
[   43.452171] ffs_data_put(): freeing
[   43.454126] file system registered
[   43.456848] unloading
[   43.464353] ffs_data_put(): freeing
[   43.466957] file system registered
[   43.468144] unloading
[   43.474173] ffs_data_put(): freeing
[   43.474323] ffs_data_put(): freeing
[   43.477196] file system registered
[   43.479137] unloading
[   43.486100] ffs_data_put(): freeing
[   43.487513] file system registered
[   43.488743] unloading
[   43.493186] ffs_data_put(): freeing
[   43.495905] file system registered
[   43.497541] unloading
[   43.508141] ffs_data_put(): freeing
[   43.508275] ffs_data_put(): freeing
[   43.509452] file system registered
[   43.511213] unloading
[   43.516208] ffs_data_put(): freeing
[   43.516345] ffs_data_put(): freeing
[   43.518395] file system registered
[   43.520343] unloading
[   43.526286] ffs_data_put(): freeing
[   43.531856] file system registered
[   43.534057] unloading
[   43.540405] file system registered
[   43.542242] unloading
[   43.547164] ffs_data_put(): freeing
[   43.549807] file system registered
[   43.551736] unloading
[   43.558773] ffs_data_put(): freeing
[   43.561236] file system registered
[   43.563392] unloading
[   43.572195] ffs_data_put(): freeing
[   43.575033] file system registered
[   43.577096] unloading
[   43.588832] file system registered
[   43.590223] unloading
[   43.599900] file system registered
[   43.601202] unloading
[   43.606154] ffs_data_put(): freeing
[   43.608506] file system registered
[   43.610107] unloading
[   43.620111] ffs_data_put(): freeing
[   43.622914] file system registered
[   43.624255] unloading
[   43.633279] file system registered
[   43.635928] unloading
[   43.642104] ffs_data_put(): freeing
[   43.644000] file system registered
[   43.645440] unloading
[   43.650221] ffs_data_put(): freeing
[   43.650374] ffs_data_put(): freeing
[   43.652202] file system registered
[   43.653858] unloading
[   43.658280] ffs_data_put(): freeing
[   43.658420] ffs_data_put(): freeing
[   43.659942] file system registered
[   43.661130] unloading
[   43.667254] ffs_data_put(): freeing
[   43.669084] file system registered
[   43.670284] unloading
[   43.676093] ffs_data_put(): freeing
[   43.676386] ffs_data_put(): freeing
[   43.678398] file system registered
[   43.680219] unloading
[   43.687300] ffs_data_put(): freeing
[   43.689293] file system registered
[   43.691242] unloading
[   43.699373] ffs_data_put(): freeing
[   43.701976] file system registered
[   43.703492] unloading
[   43.714410] ffs_data_put(): freeing
[   43.714514] ffs_data_put(): freeing
[   43.716039] file system registered
[   43.717778] unloading
[   43.725676] ffs_data_put(): freeing
[   43.727427] file system registered
[   43.729343] unloading
[   43.740416] ffs_data_put(): freeing
[   43.743933] file system registered
[   43.746462] unloading
[   43.752200] ffs_data_put(): freeing
[   43.752236] ffs_data_put(): freeing
[   43.754808] file system registered
[   43.757209] unloading
[   43.764174] ffs_data_put(): freeing
[   43.766099] file system registered
[   43.768191] unloading
[   43.777231] ffs_data_put(): freeing
[   43.778443] file system registered
[   43.779991] unloading
[   43.785132] ffs_data_put(): freeing
[   43.787055] file system registered
[   43.788690] unloading
[   43.798213] ffs_data_put(): freeing
[   43.798857] ffs_data_put(): freeing
[   43.799229] ffs_data_put(): freeing
[   43.801325] file system registered
[   43.803289] unloading
[   43.813230] ffs_data_put(): freeing
[   43.816907] file system registered
[   43.820787] unloading
[   43.832220] file system registered
[   43.833700] unloading
[   43.838326] ffs_data_put(): freeing
[   43.841057] file system registered
[   43.842945] unloading
[   43.853214] file system registered
[   43.856204] unloading
[   43.863132] ffs_data_put(): freeing
[   43.863224] ffs_data_put(): freeing
[   43.864827] file system registered
[   43.866304] unloading
[   43.877229] ffs_data_put(): freeing
[   43.877378] ffs_data_put(): freeing
[   43.877526] ffs_data_put(): freeing
[   43.880256] file system registered
[   43.882169] unloading
[   43.887303] ffs_data_put(): freeing
[   43.887396] ffs_data_put(): freeing
[   43.890063] file system registered
[   43.891275] unloading
[   43.901370] file system registered
[   43.905246] unloading
[   43.915260] ffs_data_put(): freeing
[   43.916937] file system registered
[   43.918111] unloading
[   43.925191] file system registered
[   43.926843] unloading
[   43.935007] file system registered
[   43.936280] unloading
[   43.942027] ffs_data_put(): freeing
[   43.945530] file system registered
[   43.948224] unloading
[   43.956756] ffs_data_put(): freeing
[   43.956820] ffs_data_put(): freeing
[   43.958458] file system registered
[   43.960427] unloading
[   43.966833] ffs_data_put(): freeing
[   43.968194] file system registered
[   43.969483] unloading
[   43.978188] ffs_data_put(): freeing
[   43.978303] ffs_data_put(): freeing
[   43.979976] file system registered
[   43.981704] unloading
[   43.991163] file system registered
[   43.993390] unloading
[   44.004234] file system registered
[   44.007087] unloading
[   44.017062] file system registered
[   44.019331] unloading
[   44.030118] file system registered
[   44.032284] unloading
[   44.039440] file system registered
[   44.042017] unloading
[   44.048155] ffs_data_put(): freeing
[   44.048426] ffs_data_put(): freeing
[   44.049716] file system registered
[   44.051199] unloading
[   44.057263] ffs_data_put(): freeing
[   44.059966] file system registered
[   44.061781] unloading
[   44.069176] ffs_data_put(): freeing
[   44.069352] ffs_data_put(): freeing
[   44.071368] file system registered
[   44.073278] unloading
[   44.080254] ffs_data_put(): freeing
[   44.082512] file system registered
[   44.084252] unloading
[   44.094232] ffs_data_put(): freeing
[   44.095362] ffs_data_put(): freeing
[   44.096329] ffs_data_put(): freeing
[   44.096514] file system registered
[   44.099060] unloading
[   44.106761] file system registered
[   44.108743] unloading
[   44.114577] file system registered
[   44.116424] unloading
[   44.126103] ffs_data_put(): freeing
[   44.128472] file system registered
[   44.130373] unloading
[   44.142267] file system registered
[   44.143291] unloading
[   44.148067] ffs_data_put(): freeing
[   44.149907] file system registered
[   44.151166] unloading
[   44.157284] ffs_data_put(): freeing
[   44.159199] file system registered
[   44.161374] unloading
[   44.168284] ffs_data_put(): freeing
[   44.168407] ffs_data_put(): freeing
[   44.170458] file system registered
[   44.172313] unloading
[   44.185225] ffs_data_put(): freeing
[   44.185488] ffs_data_put(): freeing
[   44.185783] ffs_data_put(): freeing
[   44.188232] file system registered
[   44.191223] unloading
[   44.200471] ffs_data_put(): freeing
[   44.203204] file system registered
[   44.205278] unloading
[   44.212362] ffs_data_put(): freeing
[   44.212471] ffs_data_put(): freeing
[   44.214751] file system registered
[   44.216455] unloading
[   44.225107] ffs_data_put(): freeing
[   44.228313] file system registered
[   44.232166] unloading
[   44.237286] ffs_data_put(): freeing
[   44.240463] file system registered
[   44.242400] unloading
[   44.249267] ffs_data_put(): freeing
[   44.251505] file system registered
[   44.253802] unloading
[   44.260334] ffs_data_put(): freeing
[   44.262389] file system registered
[   44.264769] unloading
[   44.269171] ffs_data_put(): freeing
[   44.269271] ffs_data_put(): freeing
[   44.271734] file system registered
[   44.273481] unloading
[   44.280256] ffs_data_put(): freeing
[   44.280365] ffs_data_put(): freeing
[   44.282251] file system registered
[   44.283729] unloading
[   44.290031] ffs_data_put(): freeing
[   44.291842] file system registered
[   44.293270] unloading
[   44.298105] ffs_data_put(): freeing
[   44.300080] file system registered
[   44.301771] unloading
[   44.313080] ffs_data_put(): freeing
[   44.315415] file system registered
[   44.318265] unloading
[   44.328114] file system registered
[   44.330217] unloading
[   44.339333] ffs_data_put(): freeing
[   44.339386] ffs_data_put(): freeing
[   44.342398] file system registered
[   44.346042] unloading
[   44.351366] ffs_data_put(): freeing
[   44.352005] ffs_data_put(): freeing
[   44.352010] ffs_data_put(): freeing
[   44.354080] file system registered
[   44.356369] unloading
[   44.363857] ffs_data_put(): freeing
[   44.366167] file system registered
[   44.368298] unloading
[   44.377335] file system registered
[   44.379874] unloading
[   44.392435] file system registered
[   44.395060] unloading
[   44.405259] file system registered
[   44.407877] unloading
[   44.415298] ffs_data_put(): freeing
[   44.417905] file system registered
[   44.419367] unloading
[   44.429038] file system registered
[   44.430416] unloading
[   44.436357] ffs_data_put(): freeing
[   44.436499] ffs_data_put(): freeing
[   44.440958] file system registered
[   44.442464] unloading
[   44.451289] ffs_data_put(): freeing
[   44.451378] ffs_data_put(): freeing
[   44.455080] file system registered
[   44.457067] unloading
[   44.465808] file system registered
[   44.467066] unloading
[   44.474203] ffs_data_put(): freeing
[   44.474359] ffs_data_put(): freeing
[   44.476841] file system registered
[   44.478992] unloading
[   44.486340] ffs_data_put(): freeing
[   44.489075] file system registered
[   44.491951] unloading
[   44.500468] file system registered
[   44.501671] unloading
[   44.506138] ffs_data_put(): freeing
[   44.508374] file system registered
[   44.510333] unloading
[   44.517350] file system registered
[   44.518768] unloading
[   44.531294] ffs_data_put(): freeing
[   44.531482] ffs_data_put(): freeing
[   44.531884] ffs_data_put(): freeing
[   44.533355] file system registered
[   44.535072] unloading
[   44.543342] ffs_data_put(): freeing
[   44.546925] file system registered
[   44.549113] ffs_data_put(): freeing
[   44.550000] unloading
[   44.556377] ffs_data_put(): freeing
[   44.559202] file system registered
[   44.562286] unloading
[   44.568188] ffs_data_put(): freeing
[   44.570991] file system registered
[   44.573349] unloading
[   44.585271] ffs_data_put(): freeing
[   44.585384] ffs_data_put(): freeing
[   44.585475] ffs_data_put(): freeing
[   44.588213] file system registered
[   44.591081] unloading
[   44.603109] file system registered
[   44.605987] unloading
[   44.613478] ffs_data_put(): freeing
[   44.613834] ffs_data_put(): freeing
[   44.616163] file system registered
[   44.620317] unloading
[   44.627278] ffs_data_put(): freeing
[   44.627485] ffs_data_put(): freeing
[   44.629298] file system registered
[   44.630927] unloading
[   44.635462] ffs_data_put(): freeing
[   44.636957] ffs_data_put(): freeing
[   44.637177] file system registered
[   44.639928] unloading
[   44.646434] ffs_data_put(): freeing
[   44.647223] ffs_data_put(): freeing
[   44.648424] file system registered
[   44.651135] unloading
[   44.664275] ffs_data_put(): freeing
[   44.664371] ffs_data_put(): freeing
[   44.666845] file system registered
[   44.669842] unloading
[   44.678776] ffs_data_put(): freeing
[   44.679135] ffs_data_put(): freeing
[   44.680952] file system registered
[   44.682389] unloading
[   44.692461] ffs_data_put(): freeing
[   44.693449] ffs_data_put(): freeing
[   44.695311] file system registered
[   44.697752] unloading
[   44.703498] ffs_data_put(): freeing
[   44.703908] ffs_data_put(): freeing
[   44.706407] file system registered
[   44.708785] unloading
[   44.717862] file system registered
[   44.720078] unloading
[   44.726189] ffs_data_put(): freeing
[   44.729041] file system registered
[   44.731528] unloading
[   44.737303] ffs_data_put(): freeing
[   44.737464] ffs_data_put(): freeing
[   44.737786] ffs_data_put(): freeing
[   44.740082] file system registered
[   44.742344] unloading
[   44.752212] file system registered
[   44.754183] unloading
[   44.762216] ffs_data_put(): freeing
[   44.764381] file system registered
[   44.766104] unloading
[   44.774171] ffs_data_put(): freeing
[   44.777246] file system registered
[   44.779830] unloading
[   44.787253] ffs_data_put(): freeing
[   44.787358] ffs_data_put(): freeing
[   44.789921] file system registered
[   44.791309] unloading
[   44.796144] ffs_data_put(): freeing
[   44.798138] file system registered
[   44.799973] unloading
[   44.807391] ffs_data_put(): freeing
[   44.809004] file system registered
[   44.810091] unloading
[   44.816064] ffs_data_put(): freeing
[   44.816213] ffs_data_put(): freeing
[   44.817983] file system registered
[   44.820025] unloading
[   44.829873] ffs_data_put(): freeing
[   44.830310] ffs_data_put(): freeing
[   44.831256] file system registered
[   44.833379] unloading
[   44.839519] ffs_data_put(): freeing
[   44.839732] ffs_data_put(): freeing
[   44.841361] file system registered
[   44.844049] unloading
[   44.850275] ffs_data_put(): freeing
[   44.850491] ffs_data_put(): freeing
[   44.851587] file system registered
[   44.853178] unloading
[   44.860484] ffs_data_put(): freeing
[   44.862268] file system registered
[   44.864103] unloading
[   44.867458] ffs_data_put(): freeing
[   44.868214] ffs_data_put(): freeing
[   44.870209] file system registered
[   44.872235] unloading
[   44.881199] ffs_data_put(): freeing
[   44.884239] file system registered
[   44.886865] ffs_data_put(): freeing
[   44.887911] unloading
[   44.894130] ffs_data_put(): freeing
[   44.894265] ffs_data_put(): freeing
[   44.895861] file system registered
[   44.897286] unloading
[   44.912463] ffs_data_put(): freeing
[   44.912782] ffs_data_put(): freeing
[   44.915478] file system registered
[   44.918308] unloading
[   44.927103] file system registered
[   44.930216] unloading
[   44.939492] file system registered
[   44.941363] unloading
[   44.946162] ffs_data_put(): freeing
[   44.946295] ffs_data_put(): freeing
[   44.948398] file system registered
[   44.950089] unloading
[   44.954079] ffs_data_put(): freeing
[   44.955988] file system registered
[   44.957191] unloading
[   44.964132] file system registered
[   44.965286] unloading
[   44.974250] file system registered
[   44.976069] unloading
[   44.985666] file system registered
[   44.987081] unloading
[   44.996250] ffs_data_put(): freeing
[   44.998195] file system registered
[   45.000463] ffs_data_put(): freeing
[   45.000841] ffs_data_put(): freeing
[   45.000951] unloading
[   45.016329] ffs_data_put(): freeing
[   45.017493] ffs_data_put(): freeing
[   45.018468] file system registered
[   45.020397] unloading
[   45.030214] ffs_data_put(): freeing
[   45.032967] file system registered
[   45.035445] unloading
[   45.042349] ffs_data_put(): freeing
[   45.045434] file system registered
[   45.048233] unloading
[   45.055099] ffs_data_put(): freeing
[   45.055472] ffs_data_put(): freeing
[   45.055793] ffs_data_put(): freeing
[   45.057487] file system registered
[   45.059889] unloading
[   45.067139] ffs_data_put(): freeing
[   45.070246] file system registered
[   45.073367] unloading
[   45.079411] ffs_data_put(): freeing
[   45.079761] ffs_data_put(): freeing
[   45.081397] file system registered
[   45.083849] unloading
[   45.090900] file system registered
[   45.092193] unloading
[   45.097380] ffs_data_put(): freeing
[   45.099006] file system registered
[   45.100272] unloading
[   45.107188] ffs_data_put(): freeing
[   45.110206] file system registered
[   45.112417] unloading
[   45.119327] ffs_data_put(): freeing
[   45.119423] ffs_data_put(): freeing
[   45.121414] file system registered
[   45.123969] unloading
[   45.132334] ffs_data_put(): freeing
[   45.135026] file system registered
[   45.137096] unloading
[   45.142143] ffs_data_put(): freeing
[   45.144991] file system registered
[   45.146487] unloading
[   45.156147] ffs_data_put(): freeing
[   45.156272] ffs_data_put(): freeing
[   45.159164] file system registered
[   45.160841] unloading
[   45.165925] file system registered
[   45.166909] unloading
[   45.175952] file system registered
[   45.177948] unloading
[   45.187082] file system registered
[   45.188691] unloading
[   45.195141] ffs_data_put(): freeing
[   45.196882] file system registered
[   45.198100] unloading
[   45.203172] ffs_data_put(): freeing
[   45.203239] ffs_data_put(): freeing
[   45.205428] file system registered
[   45.206967] unloading
[   45.213174] ffs_data_put(): freeing
[   45.213245] ffs_data_put(): freeing
[   45.216162] file system registered
[   45.218339] unloading
[   45.225319] ffs_data_put(): freeing
[   45.225384] ffs_data_put(): freeing
[   45.227189] file system registered
[   45.229266] unloading
[   45.236334] ffs_data_put(): freeing
[   45.236484] ffs_data_put(): freeing
[   45.238320] file system registered
[   45.240293] unloading
[   45.247424] ffs_data_put(): freeing
[   45.247775] ffs_data_put(): freeing
[   45.249464] file system registered
[   45.251473] unloading
[   45.257104] ffs_data_put(): freeing
[   45.257233] ffs_data_put(): freeing
[   45.259002] file system registered
[   45.261327] unloading
[   45.269289] ffs_data_put(): freeing
[   45.269779] ffs_data_put(): freeing
[   45.269895] ffs_data_put(): freeing
[   45.275035] file system registered
[   45.280208] unloading
[   45.288295] ffs_data_put(): freeing
[   45.293161] file system registered
[   45.298112] unloading
[   45.305391] ffs_data_put(): freeing
[   45.305940] ffs_data_put(): freeing
[   45.306388] ffs_data_put(): freeing
[   45.308247] file system registered
[   45.309951] unloading
[   45.315322] ffs_data_put(): freeing
[   45.317162] file system registered
[   45.319154] unloading
[   45.324288] file system registered
[   45.326410] unloading
[   45.332703] ffs_data_put(): freeing
[   45.336034] file system registered
[   45.337412] unloading
[   45.346444] file system registered
[   45.347955] unloading
[   45.354482] ffs_data_put(): freeing
[   45.355241] ffs_data_put(): freeing
[   45.356017] file system registered
[   45.357499] unloading
[   45.368264] ffs_data_put(): freeing
[   45.370338] file system registered
[   45.372482] unloading
[   45.384211] ffs_data_put(): freeing
[   45.384359] ffs_data_put(): freeing
[   45.384813] ffs_data_put(): freeing
[   45.387296] file system registered
[   45.389325] unloading
[   45.393798] ffs_data_put(): freeing
[   45.393869] ffs_data_put(): freeing
[   45.395005] ffs_data_put(): freeing
[   45.395966] file system registered
[   45.397168] unloading
[   45.402264] ffs_data_put(): freeing
[   45.402472] ffs_data_put(): freeing
[   45.405510] file system registered
[   45.409273] unloading
[   45.415425] ffs_data_put(): freeing
[   45.415759] ffs_data_put(): freeing
[   45.419340] file system registered
[   45.421971] unloading
[   45.432431] ffs_data_put(): freeing
[   45.435493] file system registered
[   45.438369] unloading
[   45.446486] ffs_data_put(): freeing
[   45.449101] file system registered
[   45.451115] unloading
[   45.461845] file system registered
[   45.463406] unloading
[   45.468991] ffs_data_put(): freeing
[   45.472298] file system registered
[   45.474017] unloading
[   45.484364] ffs_data_put(): freeing
[   45.486374] file system registered
[   45.488324] unloading
[   45.496298] ffs_data_put(): freeing
[   45.499298] file system registered
[   45.501181] unloading
[   45.505131] ffs_data_put(): freeing
[   45.508861] file system registered
[   45.511146] unloading
[   45.519158] ffs_data_put(): freeing
[   45.521299] file system registered
[   45.523106] unloading
[   45.531125] ffs_data_put(): freeing
[   45.533418] file system registered
[   45.534997] unloading
[   45.541408] file system registered
[   45.543149] unloading
[   45.551073] ffs_data_put(): freeing
[   45.553436] file system registered
[   45.555437] unloading
[   45.563232] ffs_data_put(): freeing
[   45.563343] ffs_data_put(): freeing
[   45.565979] file system registered
[   45.568493] unloading
[   45.577839] file system registered
[   45.580323] unloading
[   45.587144] ffs_data_put(): freeing
[   45.589479] file system registered
[   45.591206] unloading
[   45.598089] ffs_data_put(): freeing
[   45.600390] file system registered
[   45.602359] unloading
[   45.612275] ffs_data_put(): freeing
[   45.614086] file system registered
[   45.616508] unloading
[   45.627273] file system registered
[   45.630499] unloading
[   45.638212] ffs_data_put(): freeing
[   45.640952] file system registered
[   45.643192] unloading
[   45.655236] ffs_data_put(): freeing
[   45.658052] file system registered
[   45.659457] unloading
[   45.668380] ffs_data_put(): freeing
[   45.673321] file system registered
[   45.675436] unloading
[   45.682269] ffs_data_put(): freeing
[   45.682337] ffs_data_put(): freeing
[   45.684283] file system registered
[   45.685892] unloading
[   45.699422] ffs_data_put(): freeing
[   45.701462] file system registered
[   45.703391] unloading
[   45.711305] ffs_data_put(): freeing
[   45.713254] file system registered
[   45.715118] unloading
[   45.723266] ffs_data_put(): freeing
[   45.725432] file system registered
[   45.727001] unloading
[   45.737364] ffs_data_put(): freeing
[   45.737776] ffs_data_put(): freeing
[   45.741085] file system registered
[   45.743971] unloading
[   45.753312] ffs_data_put(): freeing
[   45.756705] file system registered
[   45.758971] unloading
[   45.769047] file system registered
[   45.770940] unloading
[   45.779185] file system registered
[   45.780976] unloading
[   45.792165] file system registered
[   45.794131] unloading
[   45.800162] ffs_data_put(): freeing
[   45.802816] file system registered
[   45.804987] unloading
[   45.811234] ffs_data_put(): freeing
[   45.813389] file system registered
[   45.814921] unloading
[   45.824203] ffs_data_put(): freeing
[   45.827254] file system registered
[   45.829203] unloading
[   45.841266] ffs_data_put(): freeing
[   45.841363] ffs_data_put(): freeing
[   45.845096] file system registered
[   45.848343] unloading
[   45.856377] file system registered
[   45.858005] unloading
[   45.863232] ffs_data_put(): freeing
[   45.864186] file system registered
[   45.865483] unloading
[   45.871353] ffs_data_put(): freeing
[   45.871453] ffs_data_put(): freeing
[   45.873289] file system registered
[   45.874325] unloading
[   45.880195] ffs_data_put(): freeing
[   45.880351] ffs_data_put(): freeing
[   45.880801] ffs_data_put(): freeing
[   45.883311] file system registered
[   45.885238] unloading
[   45.893395] ffs_data_put(): freeing
[   45.893471] ffs_data_put(): freeing
[   45.896258] file system registered
[   45.898372] unloading
[   45.906136] ffs_data_put(): freeing
[   45.906250] ffs_data_put(): freeing
[   45.908908] file system registered
[   45.911411] unloading
[   45.918342] ffs_data_put(): freeing
[   45.918441] ffs_data_put(): freeing
[   45.921507] file system registered
[   45.923437] unloading
[   45.932781] file system registered
[   45.934998] unloading
[   45.943591] ffs_data_put(): freeing
[   45.945259] file system registered
[   45.947268] unloading
[   45.957279] ffs_data_put(): freeing
[   45.959167] file system registered
[   45.961738] unloading
[   45.968166] ffs_data_put(): freeing
[   45.970999] file system registered
[   45.973314] unloading
[   45.983510] ffs_data_put(): freeing
[   45.983916] ffs_data_put(): freeing
[   45.985974] file system registered
[   45.988244] unloading
[   45.997261] ffs_data_put(): freeing
[   45.999521] file system registered
[   46.001135] unloading
[   46.008197] ffs_data_put(): freeing
[   46.010385] file system registered
[   46.012134] unloading
[   46.022095] ffs_data_put(): freeing
[   46.022234] ffs_data_put(): freeing
[   46.024754] file system registered
[   46.027095] unloading
[   46.039722] file system registered
[   46.041444] unloading
[   46.050174] ffs_data_put(): freeing
[   46.052326] file system registered
[   46.053989] unloading
[   46.064127] file system registered
[   46.066072] unloading
[   46.076418] ffs_data_put(): freeing
[   46.078375] file system registered
[   46.079669] unloading
[   46.086282] ffs_data_put(): freeing
[   46.090292] file system registered
[   46.092440] unloading
[   46.098264] ffs_data_put(): freeing
[   46.100978] file system registered
[   46.102208] unloading
[   46.114172] ffs_data_put(): freeing
[   46.117012] file system registered
[   46.118116] unloading
[   46.127378] file system registered
[   46.129047] unloading
[   46.134471] file system registered
[   46.135855] unloading
[   46.142102] ffs_data_put(): freeing
[   46.144118] file system registered
[   46.145762] unloading
[   46.149872] ffs_data_put(): freeing
[   46.151091] file system registered
[   46.152412] unloading
[   46.158079] file system registered
[   46.159703] unloading
[   46.167426] file system registered
[   46.168998] unloading
[   46.181261] file system registered
[   46.183166] unloading
[   46.192309] ffs_data_put(): freeing
[   46.194388] file system registered
[   46.197170] unloading
[   46.204219] ffs_data_put(): freeing
[   46.204327] ffs_data_put(): freeing
[   46.206237] file system registered
[   46.208038] unloading
[   46.215509] ffs_data_put(): freeing
[   46.215698] ffs_data_put(): freeing
[   46.217440] file system registered
[   46.219226] unloading
[   46.230279] ffs_data_put(): freeing
[   46.230455] ffs_data_put(): freeing
[   46.232262] file system registered
[   46.233897] unloading
[   46.249759] ffs_data_put(): freeing
[   46.249983] ffs_data_put(): freeing
[   46.250107] ffs_data_put(): freeing
[   46.251902] file system registered
[   46.253374] unloading
[   46.264970] ffs_data_put(): freeing
[   46.271022] file system registered
[   46.275049] unloading
[   46.283938] ffs_data_put(): freeing
[   46.286808] file system registered
[   46.288495] unloading
[   46.297285] ffs_data_put(): freeing
[   46.299444] file system registered
[   46.301219] unloading
[   46.311431] file system registered
[   46.313498] unloading
[   46.324535] ffs_data_put(): freeing
[   46.328125] file system registered
[   46.330215] unloading
[   46.338133] ffs_data_put(): freeing
[   46.340135] file system registered
[   46.342077] unloading
[   46.347387] ffs_data_put(): freeing
[   46.347497] ffs_data_put(): freeing
[   46.349503] file system registered
[   46.351864] unloading
[   46.359363] ffs_data_put(): freeing
[   46.359514] ffs_data_put(): freeing
[   46.362068] file system registered
[   46.364231] unloading
[   46.370198] ffs_data_put(): freeing
[   46.370384] ffs_data_put(): freeing
[   46.372130] file system registered
[   46.374394] unloading
[   46.388453] ffs_data_put(): freeing
[   46.388782] ffs_data_put(): freeing
[   46.391404] file system registered
[   46.395094] unloading
[   46.403492] ffs_data_put(): freeing
[   46.407175] file system registered
[   46.410068] unloading
[   46.415262] ffs_data_put(): freeing
[   46.417870] file system registered
[   46.419280] unloading
[   46.429158] ffs_data_put(): freeing
[   46.431434] file system registered
[   46.433380] unloading
[   46.441267] ffs_data_put(): freeing
[   46.441385] ffs_data_put(): freeing
[   46.442995] file system registered
[   46.444802] unloading
[   46.452255] ffs_data_put(): freeing
[   46.454310] file system registered
[   46.456142] unloading
[   46.466774] file system registered
[   46.468136] unloading
[   46.474352] file system registered
[   46.475955] unloading
[   46.483101] ffs_data_put(): freeing
[   46.485436] file system registered
[   46.487069] unloading
[   46.497244] ffs_data_put(): freeing
[   46.497350] ffs_data_put(): freeing
[   46.504858] file system registered
[   46.506716] unloading
[   46.513432] ffs_data_put(): freeing
[   46.513513] ffs_data_put(): freeing
[   46.515359] file system registered
[   46.517450] ffs_data_put(): freeing
[   46.517919] ffs_data_put(): freeing
[   46.518185] unloading
[   46.524265] ffs_data_put(): freeing
[   46.525949] file system registered
[   46.527068] unloading
[   46.532047] ffs_data_put(): freeing
[   46.532126] ffs_data_put(): freeing
[   46.533066] file system registered
[   46.534838] unloading
[   46.542274] ffs_data_put(): freeing
[   46.542411] ffs_data_put(): freeing
[   46.544282] file system registered
[   46.546100] unloading
[   46.555911] ffs_data_put(): freeing
[   46.557975] file system registered
[   46.559347] unloading
[   46.567217] ffs_data_put(): freeing
[   46.569297] file system registered
[   46.570964] unloading
[   46.580987] ffs_data_put(): freeing
[   46.581097] ffs_data_put(): freeing
[   46.582849] file system registered
[   46.584189] unloading
[   46.592086] ffs_data_put(): freeing
[   46.593837] file system registered
[   46.595737] unloading
[   46.605212] ffs_data_put(): freeing
[   46.605388] ffs_data_put(): freeing
[   46.607452] file system registered
[   46.609890] unloading
[   46.622192] ffs_data_put(): freeing
[   46.624663] file system registered
[   46.626189] unloading
[   46.636304] file system registered
[   46.638065] unloading
[   46.643240] ffs_data_put(): freeing
[   46.645795] file system registered
[   46.647481] unloading
[   46.656366] ffs_data_put(): freeing
[   46.656463] ffs_data_put(): freeing
[   46.658246] file system registered
[   46.660407] unloading
[   46.668309] ffs_data_put(): freeing
[   46.670289] file system registered
[   46.671970] unloading
[   46.678140] ffs_data_put(): freeing
[   46.679456] file system registered
[   46.681299] ffs_data_put(): freeing
[   46.681527] unloading
[   46.687301] ffs_data_put(): freeing
[   46.688956] file system registered
[   46.690162] unloading
[   46.697150] ffs_data_put(): freeing
[   46.697335] ffs_data_put(): freeing
[   46.697421] ffs_data_put(): freeing
[   46.699159] file system registered
[   46.700988] unloading
[   46.710131] ffs_data_put(): freeing
[   46.710222] ffs_data_put(): freeing
[   46.712781] file system registered
[   46.714858] unloading
[   46.725339] ffs_data_put(): freeing
[   46.725931] ffs_data_put(): freeing
[   46.727481] file system registered
[   46.729439] unloading
[   46.739359] ffs_data_put(): freeing
[   46.739817] ffs_data_put(): freeing
[   46.742296] file system registered
[   46.745251] unloading
[   46.753289] ffs_data_put(): freeing
[   46.753473] ffs_data_put(): freeing
[   46.753862] ffs_data_put(): freeing
[   46.756255] file system registered
[   46.759363] unloading
[   46.769286] file system registered
[   46.771325] unloading
[   46.777279] ffs_data_put(): freeing
[   46.778966] file system registered
[   46.780383] unloading
[   46.789301] ffs_data_put(): freeing
[   46.791531] file system registered
[   46.793044] unloading
[   46.796413] ffs_data_put(): freeing
[   46.797245] ffs_data_put(): freeing
[   46.800195] file system registered
[   46.802511] unloading
[   46.811042] file system registered
[   46.813136] unloading
[   46.823411] ffs_data_put(): freeing
[   46.823692] ffs_data_put(): freeing
[   46.824443] ffs_data_put(): freeing
[   46.825322] file system registered
[   46.827350] unloading
[   46.836391] ffs_data_put(): freeing
[   46.843917] ffs_data_put(): freeing
[   46.844170] file system registered
[   46.846446] unloading
[   46.855397] ffs_data_put(): freeing
[   46.859003] file system registered
[   46.861876] unloading
[   46.868496] ffs_data_put(): freeing
[   46.869340] ffs_data_put(): freeing
[   46.870880] file system registered
[   46.873166] unloading
[   46.881317] ffs_data_put(): freeing
[   46.881454] ffs_data_put(): freeing
[   46.884258] file system registered
[   46.887090] unloading
[   46.895270] ffs_data_put(): freeing
[   46.898036] file system registered
[   46.901136] unloading
[   46.909324] ffs_data_put(): freeing
[   46.909374] ffs_data_put(): freeing
[   46.912938] file system registered
[   46.915459] unloading
[   46.922129] ffs_data_put(): freeing
[   46.924775] file system registered
[   46.926501] unloading
[   46.933217] ffs_data_put(): freeing
[   46.935339] file system registered
[   46.937040] unloading
[   46.950106] ffs_data_put(): freeing
[   46.952260] file system registered
[   46.954106] unloading
[   46.960314] ffs_data_put(): freeing
[   46.962749] file system registered
[   46.964365] unloading
[   46.973141] ffs_data_put(): freeing
[   46.975360] file system registered
[   46.977202] unloading
[   46.988503] ffs_data_put(): freeing
[   46.991413] file system registered
[   46.993465] unloading
[   47.001488] ffs_data_put(): freeing
[   47.003231] file system registered
[   47.005001] unloading
[   47.015032] ffs_data_put(): freeing
[   47.015117] ffs_data_put(): freeing
[   47.016207] file system registered
[   47.017922] unloading
[   47.028387] ffs_data_put(): freeing
[   47.028503] ffs_data_put(): freeing
[   47.030005] file system registered
[   47.031976] unloading
[   47.046483] ffs_data_put(): freeing
[   47.046973] ffs_data_put(): freeing
[   47.050005] file system registered
[   47.054266] unloading
[   47.060950] ffs_data_put(): freeing
[   47.061218] ffs_data_put(): freeing
[   47.061472] ffs_data_put(): freeing
[   47.065086] file system registered
[   47.066965] unloading
[   47.076218] file system registered
[   47.078229] unloading
[   47.083478] ffs_data_put(): freeing
[   47.087185] file system registered
[   47.089428] unloading
[   47.095168] ffs_data_put(): freeing
[   47.097352] file system registered
[   47.099395] unloading
[   47.109006] file system registered
[   47.110755] unloading
[   47.125167] ffs_data_put(): freeing
[   47.127757] file system registered
[   47.129157] unloading
[   47.134473] ffs_data_put(): freeing
[   47.136767] file system registered
[   47.138133] unloading
[   47.146340] ffs_data_put(): freeing
[   47.149312] file system registered
[   47.151410] unloading
[   47.157163] ffs_data_put(): freeing
[   47.159126] file system registered
[   47.160280] unloading
[   47.168790] file system registered
[   47.170048] unloading
[   47.179270] ffs_data_put(): freeing
[   47.181930] file system registered
[   47.185056] unloading
[   47.192471] file system registered
[   47.194321] unloading
[   47.202386] ffs_data_put(): freeing
[   47.202691] ffs_data_put(): freeing
[   47.202904] ffs_data_put(): freeing
[   47.204074] file system registered
[   47.205934] unloading
[   47.211239] ffs_data_put(): freeing
[   47.211327] ffs_data_put(): freeing
[   47.213907] file system registered
[   47.215343] unloading
[   47.219543] ffs_data_put(): freeing
[   47.222160] file system registered
[   47.224188] unloading
[   47.232038] file system registered
[   47.233285] unloading
[   47.238320] ffs_data_put(): freeing
[   47.238428] ffs_data_put(): freeing
[   47.240382] file system registered
[   47.242032] unloading
[   47.246436] ffs_data_put(): freeing
[   47.247083] ffs_data_put(): freeing
[   47.247606] file system registered
[   47.249472] unloading
[   47.254385] ffs_data_put(): freeing
[   47.254500] ffs_data_put(): freeing
[   47.257298] file system registered
[   47.259427] unloading
[   47.270730] file system registered
[   47.273125] unloading
[   47.281386] ffs_data_put(): freeing
[   47.284411] file system registered
[   47.286454] unloading
[   47.295219] ffs_data_put(): freeing
[   47.297770] file system registered
[   47.299934] unloading
[   47.307253] ffs_data_put(): freeing
[   47.307461] ffs_data_put(): freeing
[   47.309436] file system registered
[   47.311170] unloading
[   47.321351] ffs_data_put(): freeing
[   47.321511] ffs_data_put(): freeing
[   47.323595] file system registered
[   47.325182] unloading
[   47.334220] ffs_data_put(): freeing
[   47.334405] ffs_data_put(): freeing
[   47.334718] ffs_data_put(): freeing
[   47.336498] file system registered
[   47.339303] unloading
[   47.346497] ffs_data_put(): freeing
[   47.347452] ffs_data_put(): freeing
[   47.350503] file system registered
[   47.353402] unloading
[   47.364460] file system registered
[   47.367361] ffs_data_put(): freeing
[   47.368155] unloading
[   47.377185] ffs_data_put(): freeing
[   47.377314] ffs_data_put(): freeing
[   47.378774] file system registered
[   47.380451] unloading
[   47.389427] ffs_data_put(): freeing
[   47.389556] ffs_data_put(): freeing
[   47.393023] file system registered
[   47.395494] unloading
[   47.401289] ffs_data_put(): freeing
[   47.403502] file system registered
[   47.405173] unloading
[   47.415384] ffs_data_put(): freeing
[   47.415480] ffs_data_put(): freeing
[   47.416765] file system registered
[   47.418262] unloading
[   47.423244] ffs_data_put(): freeing
[   47.423449] ffs_data_put(): freeing
[   47.424861] file system registered
[   47.426282] unloading
[   47.432104] ffs_data_put(): freeing
[   47.434234] file system registered
[   47.436162] unloading
[   47.443824] ffs_data_put(): freeing
[   47.443886] ffs_data_put(): freeing
[   47.445458] file system registered
[   47.447804] unloading
[   47.455431] ffs_data_put(): freeing
[   47.455633] ffs_data_put(): freeing
[   47.457783] file system registered
[   47.459215] unloading
[   47.468986] ffs_data_put(): freeing
[   47.470506] file system registered
[   47.472345] unloading
[   47.481506] file system registered
[   47.483079] unloading
[   47.488174] ffs_data_put(): freeing
[   47.489285] file system registered
[   47.491037] unloading
[   47.499165] file system registered
[   47.501192] unloading
[   47.510507] ffs_data_put(): freeing
[   47.511140] ffs_data_put(): freeing
[   47.512572] file system registered
[   47.515890] unloading
[   47.525858] ffs_data_put(): freeing
[   47.526165] ffs_data_put(): freeing
[   47.526289] ffs_data_put(): freeing
[   47.527460] file system registered
[   47.529209] unloading
[   47.538341] ffs_data_put(): freeing
[   47.540507] file system registered
[   47.542252] unloading
[   47.548709] ffs_data_put(): freeing
[   47.550866] file system registered
[   47.553052] unloading
[   47.557271] ffs_data_put(): freeing
[   47.559447] file system registered
[   47.560996] unloading
[   47.570860] ffs_data_put(): freeing
[   47.571120] ffs_data_put(): freeing
[   47.574998] file system registered
[   47.577683] unloading
[   47.584209] ffs_data_put(): freeing
[   47.587423] file system registered
[   47.589366] unloading
[   47.598086] ffs_data_put(): freeing
[   47.600522] file system registered
[   47.602677] unloading
[   47.611246] ffs_data_put(): freeing
[   47.611402] ffs_data_put(): freeing
[   47.611696] ffs_data_put(): freeing
[   47.614110] file system registered
[   47.616839] unloading
[   47.625760] file system registered
[   47.627255] unloading
[   47.633372] file system registered
[   47.635161] unloading
[   47.643326] file system registered
[   47.644902] unloading
[   47.652342] ffs_data_put(): freeing
[   47.654705] file system registered
[   47.656151] unloading
[   47.661518] ffs_data_put(): freeing
[   47.661736] ffs_data_put(): freeing
[   47.665299] file system registered
[   47.668058] unloading
[   47.680258] file system registered
[   47.683494] unloading
[   47.692474] file system registered
[   47.694276] unloading
[   47.702500] ffs_data_put(): freeing
[   47.703875] ffs_data_put(): freeing
[   47.704884] file system registered
[   47.706297] unloading
[   47.714467] ffs_data_put(): freeing
[   47.714883] ffs_data_put(): freeing
[   47.717849] file system registered
[   47.720026] unloading
[   47.727388] ffs_data_put(): freeing
[   47.729386] file system registered
[   47.732402] unloading
[   47.739363] ffs_data_put(): freeing
[   47.739463] ffs_data_put(): freeing
[   47.743075] file system registered
[   47.745413] unloading
[   47.752322] ffs_data_put(): freeing
[   47.755279] file system registered
[   47.756482] unloading
[   47.766330] ffs_data_put(): freeing
[   47.766468] ffs_data_put(): freeing
[   47.767094] ffs_data_put(): freeing
[   47.769221] file system registered
[   47.771449] unloading
[   47.777390] ffs_data_put(): freeing
[   47.784134] file system registered
[   47.787087] unloading
[   47.796480] ffs_data_put(): freeing
[   47.797219] ffs_data_put(): freeing
[   47.797437] ffs_data_put(): freeing
[   47.799251] file system registered
[   47.802498] unloading
[   47.813362] ffs_data_put(): freeing
[   47.817005] file system registered
[   47.819225] unloading
[   47.827248] ffs_data_put(): freeing
[   47.829005] file system registered
[   47.831324] unloading
[   47.837377] ffs_data_put(): freeing
[   47.839953] file system registered
[   47.842514] unloading
[   47.848439] ffs_data_put(): freeing
[   47.848564] ffs_data_put(): freeing
[   47.850042] file system registered
[   47.852123] unloading
[   47.857132] ffs_data_put(): freeing
[   47.857379] ffs_data_put(): freeing
[   47.859437] file system registered
[   47.861777] unloading
[   47.866282] ffs_data_put(): freeing
[   47.866454] ffs_data_put(): freeing
[   47.866723] ffs_data_put(): freeing
[   47.871372] file system registered
[   47.875035] unloading
[   47.884707] ffs_data_put(): freeing
[   47.885440] file system registered
[   47.887285] unloading
[   47.897157] ffs_data_put(): freeing
[   47.899371] file system registered
[   47.901913] unloading
[   47.909709] ffs_data_put(): freeing
[   47.910470] ffs_data_put(): freeing
[   47.911374] file system registered
[   47.913182] unloading
[   47.923354] ffs_data_put(): freeing
[   47.925275] file system registered
[   47.927042] unloading
[   47.936199] ffs_data_put(): freeing
[   47.936405] ffs_data_put(): freeing
[   47.936781] ffs_data_put(): freeing
[   47.937933] file system registered
[   47.939333] unloading
[   47.945756] ffs_data_put(): freeing
[   47.945889] ffs_data_put(): freeing
[   47.949385] file system registered
[   47.953296] unloading
[   47.960334] ffs_data_put(): freeing
[   47.960488] ffs_data_put(): freeing
[   47.963417] file system registered
[   47.966987] unloading
[   47.976419] ffs_data_put(): freeing
[   47.979946] file system registered
[   47.983334] unloading
[   47.994461] file system registered
[   47.998197] unloading
[   48.006287] ffs_data_put(): freeing
[   48.006386] ffs_data_put(): freeing
[   48.009351] file system registered
[   48.012119] unloading
[   48.019299] ffs_data_put(): freeing
[   48.022164] file system registered
[   48.025432] unloading
[   48.033056] file system registered
[   48.035174] ffs_data_put(): freeing
[   48.035326] unloading
[   48.046355] ffs_data_put(): freeing
[   48.046493] ffs_data_put(): freeing
[   48.046849] ffs_data_put(): freeing
[   48.048476] file system registered
[   48.050335] unloading
[   48.061865] file system registered
[   48.065288] unloading
[   48.074842] ffs_data_put(): freeing
[   48.077446] file system registered
[   48.079889] unloading
[   48.087423] ffs_data_put(): freeing
[   48.089416] file system registered
[   48.090905] unloading
[   48.101215] ffs_data_put(): freeing
[   48.103125] file system registered
[   48.104822] unloading
[   48.112518] file system registered
[   48.114134] unloading
[   48.120899] file system registered
[   48.122212] unloading
[   48.127023] ffs_data_put(): freeing
[   48.128806] file system registered
[   48.130089] unloading
[   48.135021] ffs_data_put(): freeing
[   48.135122] ffs_data_put(): freeing
[   48.137228] file system registered
[   48.139148] unloading
[   48.144081] ffs_data_put(): freeing
[   48.144201] ffs_data_put(): freeing
[   48.147128] file system registered
[   48.149010] unloading
[   48.156133] ffs_data_put(): freeing
[   48.158114] file system registered
[   48.159918] unloading
[   48.168129] ffs_data_put(): freeing
[   48.168248] ffs_data_put(): freeing
[   48.169502] file system registered
[   48.171304] unloading
[   48.182334] ffs_data_put(): freeing
[   48.185952] file system registered
[   48.188429] unloading
[   48.197315] ffs_data_put(): freeing
[   48.199867] file system registered
[   48.201794] unloading
[   48.210164] ffs_data_put(): freeing
[   48.211329] file system registered
[   48.213206] unloading
[   48.219150] ffs_data_put(): freeing
[   48.222313] file system registered
[   48.224196] unloading
[   48.233457] ffs_data_put(): freeing
[   48.233545] ffs_data_put(): freeing
[   48.235054] file system registered
[   48.237510] unloading
[   48.245326] ffs_data_put(): freeing
[   48.245734] ffs_data_put(): freeing
[   48.248008] file system registered
[   48.249872] unloading
[   48.259539] ffs_data_put(): freeing
[   48.259812] ffs_data_put(): freeing
[   48.264446] file system registered
[   48.267066] unloading
[   48.275350] ffs_data_put(): freeing
[   48.277097] file system registered
[   48.279032] unloading
[   48.283251] ffs_data_put(): freeing
[   48.285198] file system registered
[   48.286991] ffs_data_put(): freeing
[   48.287278] unloading
[   48.292121] ffs_data_put(): freeing
[   48.295338] file system registered
[   48.298254] unloading
[   48.305396] ffs_data_put(): freeing
[   48.309967] file system registered
[   48.312752] unloading
[   48.320173] ffs_data_put(): freeing
[   48.322980] file system registered
[   48.324730] unloading
[   48.333231] file system registered
[   48.335384] unloading
[   48.342494] ffs_data_put(): freeing
[   48.343356] ffs_data_put(): freeing
[   48.346040] file system registered
[   48.348084] unloading
[   48.353163] ffs_data_put(): freeing
[   48.356129] file system registered
[   48.358156] unloading
[   48.367143] ffs_data_put(): freeing
[   48.368958] file system registered
[   48.371126] unloading
[   48.379164] ffs_data_put(): freeing
[   48.379330] ffs_data_put(): freeing
[   48.380731] file system registered
[   48.382184] unloading
[   48.391141] ffs_data_put(): freeing
[   48.393767] file system registered
[   48.395859] unloading
[   48.403284] ffs_data_put(): freeing
[   48.403463] ffs_data_put(): freeing
[   48.403771] ffs_data_put(): freeing
[   48.403836] ffs_data_put(): freeing
[   48.405478] file system registered
[   48.408377] unloading
[   48.417275] ffs_data_put(): freeing
[   48.421051] file system registered
[   48.424302] ffs_data_put(): freeing
[   48.424468] unloading
[   48.432318] ffs_data_put(): freeing
[   48.434131] file system registered
[   48.435491] unloading
[   48.443350] ffs_data_put(): freeing
[   48.445245] file system registered
[   48.447125] unloading
[   48.455180] ffs_data_put(): freeing
[   48.456952] file system registered
[   48.458081] unloading
[   48.463450] file system registered
[   48.464864] unloading
[   48.471107] ffs_data_put(): freeing
[   48.473275] file system registered
[   48.474949] unloading
[   48.483090] ffs_data_put(): freeing
[   48.484880] file system registered
[   48.486210] unloading
[   48.492252] ffs_data_put(): freeing
[   48.494171] file system registered
[   48.495955] unloading
[   48.505457] ffs_data_put(): freeing
[   48.506144] ffs_data_put(): freeing
[   48.507473] file system registered
[   48.509919] unloading
[   48.519306] file system registered
[   48.521060] unloading
[   48.524894] ffs_data_put(): freeing
[   48.526258] file system registered
[   48.527954] unloading
[   48.537113] file system registered
[   48.538951] unloading
[   48.549166] ffs_data_put(): freeing
[   48.549259] ffs_data_put(): freeing
[   48.550909] file system registered
[   48.552163] unloading
[   48.561101] ffs_data_put(): freeing
[   48.563408] file system registered
[   48.565307] unloading
[   48.575079] file system registered
[   48.576922] unloading
[   48.587327] ffs_data_put(): freeing
[   48.589341] file system registered
[   48.590918] unloading
[   48.602956] file system registered
[   48.603838] unloading
[   48.610107] ffs_data_put(): freeing
[   48.612467] file system registered
[   48.614387] unloading
[   48.625938] file system registered
[   48.627443] unloading
[   48.633111] ffs_data_put(): freeing
[   48.633247] ffs_data_put(): freeing
[   48.633377] ffs_data_put(): freeing
[   48.634923] file system registered
[   48.636258] unloading
[   48.642223] ffs_data_put(): freeing
[   48.644118] file system registered
[   48.646041] unloading
[   48.651134] ffs_data_put(): freeing
[   48.652309] file system registered
[   48.654169] ffs_data_put(): freeing
[   48.654702] ffs_data_put(): freeing
[   48.654860] unloading
[   48.662076] ffs_data_put(): freeing
[   48.663497] file system registered
[   48.665252] unloading
[   48.672233] ffs_data_put(): freeing
[   48.673478] file system registered
[   48.675098] unloading
[   48.681329] file system registered
[   48.683693] unloading
[   48.690416] file system registered
[   48.691990] unloading
[   48.699189] ffs_data_put(): freeing
[   48.699357] ffs_data_put(): freeing
[   48.699453] ffs_data_put(): freeing
[   48.700492] file system registered
[   48.702074] unloading
[   48.708318] ffs_data_put(): freeing
[   48.708408] ffs_data_put(): freeing
[   48.710390] file system registered
[   48.712159] unloading
[   48.719113] file system registered
[   48.720435] unloading
[   48.726017] ffs_data_put(): freeing
[   48.728418] file system registered
[   48.730160] unloading
[   48.734757] ffs_data_put(): freeing
[   48.736990] file system registered
[   48.739044] ffs_data_put(): freeing
[   48.739861] unloading
[   48.746132] ffs_data_put(): freeing
[   48.747470] file system registered
[   48.749360] unloading
[   48.758102] ffs_data_put(): freeing
[   48.759804] file system registered
[   48.761030] unloading
[   48.768157] ffs_data_put(): freeing
[   48.769347] file system registered
[   48.770783] unloading
[   48.777167] ffs_data_put(): freeing
[   48.777298] ffs_data_put(): freeing
[   48.779181] file system registered
[   48.780675] unloading
[   48.786136] ffs_data_put(): freeing
[   48.788887] file system registered
[   48.790407] unloading
[   48.801242] ffs_data_put(): freeing
[   48.805410] file system registered
[   48.808319] unloading
[   48.814182] ffs_data_put(): freeing
[   48.814292] ffs_data_put(): freeing
[   48.816445] file system registered
[   48.818281] unloading
[   48.831197] file system registered
[   48.832857] unloading
[   48.842159] ffs_data_put(): freeing
[   48.844085] file system registered
[   48.846036] unloading
[   48.854268] ffs_data_put(): freeing
[   48.856772] file system registered
[   48.858399] unloading
[   48.867201] ffs_data_put(): freeing
[   48.869391] file system registered
[   48.871404] unloading
[   48.885250] ffs_data_put(): freeing
[   48.885392] ffs_data_put(): freeing
[   48.887908] ffs_data_put(): freeing
[   48.888847] file system registered
[   48.892082] unloading
[   48.899402] ffs_data_put(): freeing
[   48.899708] ffs_data_put(): freeing
[   48.902908] file system registered
[   48.905425] unloading
[   48.911397] ffs_data_put(): freeing
[   48.914196] file system registered
[   48.916258] unloading
[   48.924423] file system registered
[   48.926759] unloading
[   48.933113] ffs_data_put(): freeing
[   48.934991] file system registered
[   48.936147] unloading
[   48.942532] ffs_data_put(): freeing
[   48.943149] ffs_data_put(): freeing
[   48.946303] file system registered
[   48.948363] unloading
[   48.955232] ffs_data_put(): freeing
[   48.957405] file system registered
[   48.959240] unloading
[   48.966222] ffs_data_put(): freeing
[   48.966372] ffs_data_put(): freeing
[   48.968205] file system registered
[   48.971103] ffs_data_put(): freeing
[   48.971253] unloading
[   48.980312] ffs_data_put(): freeing
[   48.980812] ffs_data_put(): freeing
[   48.980927] ffs_data_put(): freeing
[   48.981790] file system registered
[   48.983331] unloading
[   48.992350] ffs_data_put(): freeing
[   48.992813] ffs_data_put(): freeing
[   48.993439] ffs_data_put(): freeing
[   48.993579] ffs_data_put(): freeing
[   48.994405] file system registered
[   48.997110] unloading
[   49.004065] ffs_data_put(): freeing
[   49.004174] ffs_data_put(): freeing
[   49.007432] file system registered
[   49.014463] unloading
[   49.024274] ffs_data_put(): freeing
[   49.024480] ffs_data_put(): freeing
[   49.025072] ffs_data_put(): freeing
[   49.028507] file system registered
[   49.032957] unloading
[   49.042470] ffs_data_put(): freeing
[   49.045227] file system registered
[   49.047974] unloading
[   49.054408] ffs_data_put(): freeing
[   49.054716] ffs_data_put(): freeing
[   49.058076] file system registered
[   49.062893] unloading
[   49.073310] ffs_data_put(): freeing
[   49.073413] ffs_data_put(): freeing
[   49.076471] file system registered
[   49.078433] unloading
[   49.090170] file system registered
[   49.093404] unloading
[   49.098224] ffs_data_put(): freeing
[   49.098354] ffs_data_put(): freeing
[   49.101213] file system registered
[   49.103203] unloading
[   49.111387] ffs_data_put(): freeing
[   49.113795] file system registered
[   49.116045] unloading
[   49.124850] file system registered
[   49.126319] unloading
[   49.137183] ffs_data_put(): freeing
[   49.140207] file system registered
[   49.142001] ffs_data_put(): freeing
[   49.142393] unloading
[   49.151235] ffs_data_put(): freeing
[   49.153808] file system registered
[   49.155503] unloading
[   49.162175] ffs_data_put(): freeing
[   49.164284] file system registered
[   49.166222] unloading
[   49.172000] ffs_data_put(): freeing
[   49.172171] ffs_data_put(): freeing
[   49.172269] ffs_data_put(): freeing
[   49.173195] file system registered
[   49.174791] unloading
[   49.184162] ffs_data_put(): freeing
[   49.184263] ffs_data_put(): freeing
[   49.185946] file system registered
[   49.187479] unloading
[   49.192268] ffs_data_put(): freeing
[   49.195123] file system registered
[   49.197770] unloading
[   49.204287] ffs_data_put(): freeing
[   49.206802] file system registered
[   49.208288] unloading
[   49.217409] ffs_data_put(): freeing
[   49.217510] ffs_data_put(): freeing
[   49.219074] file system registered
[   49.220930] unloading
[   49.225268] ffs_data_put(): freeing
[   49.225378] ffs_data_put(): freeing
[   49.229413] file system registered
[   49.235082] unloading
[   49.245199] ffs_data_put(): freeing
[   49.245396] ffs_data_put(): freeing
[   49.245509] ffs_data_put(): freeing
[   49.247156] file system registered
[   49.249120] unloading
[   49.255214] ffs_data_put(): freeing
[   49.257292] file system registered
[   49.259180] unloading
[   49.267409] ffs_data_put(): freeing
[   49.267896] ffs_data_put(): freeing
[   49.268199] ffs_data_put(): freeing
[   49.270167] file system registered
[   49.272780] unloading
[   49.278429] ffs_data_put(): freeing
[   49.279263] ffs_data_put(): freeing
[   49.279485] ffs_data_put(): freeing
[   49.281009] file system registered
[   49.283968] ffs_data_put(): freeing
[   49.284164] unloading
[   49.295973] ffs_data_put(): freeing
[   49.296148] ffs_data_put(): freeing
[   49.296266] ffs_data_put(): freeing
[   49.299844] file system registered
[   49.303315] unloading
[   49.318051] file system registered
[   49.322765] unloading
[   49.331308] ffs_data_put(): freeing
[   49.335479] file system registered
[   49.339891] unloading
[   49.345336] ffs_data_put(): freeing
[   49.345709] ffs_data_put(): freeing
[   49.345751] ffs_data_put(): freeing
[   49.350099] file system registered
[   49.353398] unloading
[   49.360285] ffs_data_put(): freeing
[   49.362443] file system registered
[   49.364502] unloading
[   49.373213] ffs_data_put(): freeing
[   49.373311] ffs_data_put(): freeing
[   49.375883] file system registered
[   49.378448] unloading
[   49.392111] ffs_data_put(): freeing
[   49.392238] ffs_data_put(): freeing
[   49.395436] file system registered
[   49.398777] unloading
[   49.408828] file system registered
[   49.412146] unloading
[   49.426473] ffs_data_put(): freeing
[   49.431029] file system registered
[   49.434375] ffs_data_put(): freeing
[   49.435166] unloading
[   49.441231] ffs_data_put(): freeing
[   49.441367] ffs_data_put(): freeing
[   49.444286] file system registered
[   49.447748] unloading
[   49.452331] ffs_data_put(): freeing
[   49.454334] file system registered
[   49.456272] unloading
[   49.462108] ffs_data_put(): freeing
[   49.464690] file system registered
[   49.465932] unloading
[   49.473283] ffs_data_put(): freeing
[   49.473436] ffs_data_put(): freeing
[   49.473740] ffs_data_put(): freeing
[   49.474853] file system registered
[   49.476167] unloading
[   49.486349] ffs_data_put(): freeing
[   49.486496] ffs_data_put(): freeing
[   49.486802] ffs_data_put(): freeing
[   49.489088] file system registered
[   49.491359] unloading
[   49.498412] ffs_data_put(): freeing
[   49.500478] file system registered
[   49.502477] unloading
[   49.509163] file system registered
[   49.511402] unloading
[   49.516512] ffs_data_put(): freeing
[   49.520759] file system registered
[   49.524862] unloading
[   49.530223] ffs_data_put(): freeing
[   49.530387] ffs_data_put(): freeing
[   49.530495] ffs_data_put(): freeing
[   49.532738] file system registered
[   49.534859] unloading
[   49.542044] ffs_data_put(): freeing
[   49.544324] file system registered
[   49.546510] ffs_data_put(): freeing
[   49.547104] unloading
[   49.552711] ffs_data_put(): freeing
[   49.554327] file system registered
[   49.556051] unloading
[   49.563267] ffs_data_put(): freeing
[   49.565044] file system registered
[   49.566728] unloading
[   49.571211] ffs_data_put(): freeing
[   49.573810] file system registered
[   49.576797] unloading
[   49.582308] ffs_data_put(): freeing
[   49.584436] file system registered
[   49.586273] unloading
[   49.597375] ffs_data_put(): freeing
[   49.597455] ffs_data_put(): freeing
[   49.600432] file system registered
[   49.604937] unloading
[   49.610149] ffs_data_put(): freeing
[   49.613051] file system registered
[   49.615326] unloading
[   49.625124] ffs_data_put(): freeing
[   49.625349] ffs_data_put(): freeing
[   49.626230] file system registered
[   49.627815] unloading
[   49.634257] ffs_data_put(): freeing
[   49.634369] ffs_data_put(): freeing
[   49.636350] file system registered
[   49.638232] unloading
[   49.648197] ffs_data_put(): freeing
[   49.648404] ffs_data_put(): freeing
[   49.648672] ffs_data_put(): freeing
[   49.650969] file system registered
[   49.653809] unloading
[   49.663064] file system registered
[   49.666448] unloading
[   49.674169] file system registered
[   49.676133] unloading
[   49.686517] ffs_data_put(): freeing
[   49.686797] ffs_data_put(): freeing
[   49.688248] file system registered
[   49.690312] unloading
[   49.699385] ffs_data_put(): freeing
[   49.701345] file system registered
[   49.703350] unloading
[   49.716439] file system registered
[   49.718506] unloading
[   49.725303] ffs_data_put(): freeing
[   49.728927] file system registered
[   49.731861] unloading
[   49.736150] ffs_data_put(): freeing
[   49.736246] ffs_data_put(): freeing
[   49.736518] ffs_data_put(): freeing
[   49.738335] file system registered
[   49.740831] unloading
[   49.746223] ffs_data_put(): freeing
[   49.748323] file system registered
[   49.749481] unloading
[   49.755111] ffs_data_put(): freeing
[   49.755180] ffs_data_put(): freeing
[   49.757326] file system registered
[   49.758689] unloading
[   49.763134] ffs_data_put(): freeing
[   49.763232] ffs_data_put(): freeing
[   49.765475] file system registered
[   49.767085] unloading
[   49.776275] ffs_data_put(): freeing
[   49.778914] file system registered
[   49.781023] unloading
[   49.788248] ffs_data_put(): freeing
[   49.788355] ffs_data_put(): freeing
[   49.790392] file system registered
[   49.792405] unloading
[   49.799127] file system registered
[   49.801122] unloading
[   49.808360] ffs_data_put(): freeing
[   49.810854] file system registered
[   49.812050] unloading
[   49.820264] ffs_data_put(): freeing
[   49.822898] file system registered
[   49.824458] unloading
[   49.829792] ffs_data_put(): freeing
[   49.830060] ffs_data_put(): freeing
[   49.832500] file system registered
[   49.834093] unloading
[   49.847918] ffs_data_put(): freeing
[   49.848594] ffs_data_put(): freeing
[   49.849385] file system registered
[   49.852208] unloading
[   49.857390] ffs_data_put(): freeing
[   49.859946] file system registered
[   49.862442] unloading
[   49.872950] file system registered
[   49.874412] unloading
[   49.881208] ffs_data_put(): freeing
[   49.883739] file system registered
[   49.885224] unloading
[   49.890133] ffs_data_put(): freeing
[   49.892145] file system registered
[   49.893434] unloading
[   49.898251] ffs_data_put(): freeing
[   49.901402] file system registered
[   49.903232] unloading
[   49.913081] file system registered
[   49.915207] unloading
[   49.925329] ffs_data_put(): freeing
[   49.926990] file system registered
[   49.928974] unloading
[   49.936246] ffs_data_put(): freeing
[   49.936348] ffs_data_put(): freeing
[   49.937180] file system registered
[   49.939224] unloading
[   49.951342] ffs_data_put(): freeing
[   49.951747] ffs_data_put(): freeing
[   49.954896] file system registered
[   49.957498] unloading
[   49.968436] file system registered
[   49.971210] unloading
[   49.978094] ffs_data_put(): freeing
[   49.980960] file system registered
[   49.983300] unloading
[   49.990451] ffs_data_put(): freeing
[   49.990675] ffs_data_put(): freeing
[   49.992885] file system registered
[   49.995225] unloading
[   50.003220] ffs_data_put(): freeing
[   50.005333] file system registered
[   50.007283] unloading
[   50.013221] ffs_data_put(): freeing
[   50.015230] file system registered
[   50.018038] unloading
[   50.023321] ffs_data_put(): freeing
[   50.025273] file system registered
[   50.027428] unloading
[   50.036038] ffs_data_put(): freeing
[   50.038883] file system registered
[   50.040321] unloading
[   50.048938] file system registered
[   50.050852] unloading
[   50.059195] ffs_data_put(): freeing
[   50.059303] ffs_data_put(): freeing
[   50.061463] file system registered
[   50.063834] unloading
[   50.072152] ffs_data_put(): freeing
[   50.074760] file system registered
[   50.076264] unloading
[   50.081271] file system registered
[   50.083447] unloading
[   50.095315] ffs_data_put(): freeing
[   50.096933] file system registered
[   50.098109] unloading
[   50.103293] ffs_data_put(): freeing
[   50.105184] file system registered
[   50.107260] unloading
[   50.115269] ffs_data_put(): freeing
[   50.115386] ffs_data_put(): freeing
[   50.117939] file system registered
[   50.120326] unloading
[   50.128314] file system registered
[   50.130051] unloading
[   50.136270] ffs_data_put(): freeing
[   50.138728] file system registered
[   50.139860] unloading
[   50.149284] ffs_data_put(): freeing
[   50.152426] file system registered
[   50.154247] unloading
[   50.164272] ffs_data_put(): freeing
[   50.167973] file system registered
[   50.169723] unloading
[   50.180518] file system registered
[   50.182908] unloading
[   50.189409] ffs_data_put(): freeing
[   50.189522] ffs_data_put(): freeing
[   50.191425] file system registered
[   50.193329] unloading
[   50.203412] ffs_data_put(): freeing
[   50.204245] ffs_data_put(): freeing
[   50.205513] file system registered
[   50.207464] unloading
[   50.220390] ffs_data_put(): freeing
[   50.220729] ffs_data_put(): freeing
[   50.221975] file system registered
[   50.223866] unloading
[   50.231830] file system registered
[   50.233390] unloading
[   50.248826] file system registered
[   50.251689] unloading
[   50.257407] ffs_data_put(): freeing
[   50.259866] file system registered
[   50.262047] unloading
[   50.269189] ffs_data_put(): freeing
[   50.270716] file system registered
[   50.272103] unloading
[   50.277324] ffs_data_put(): freeing
[   50.277440] ffs_data_put(): freeing
[   50.279491] file system registered
[   50.281242] unloading
[   50.291133] ffs_data_put(): freeing
[   50.291449] ffs_data_put(): freeing
[   50.291748] ffs_data_put(): freeing
[   50.292233] ffs_data_put(): freeing
[   50.293941] file system registered
[   50.296422] unloading
[   50.306287] ffs_data_put(): freeing
[   50.306821] ffs_data_put(): freeing
[   50.307050] ffs_data_put(): freeing
[   50.309092] file system registered
[   50.311494] unloading
[   50.320466] ffs_data_put(): freeing
[   50.320920] ffs_data_put(): freeing
[   50.321135] ffs_data_put(): freeing
[   50.323594] file system registered
[   50.326450] unloading
[   50.335448] ffs_data_put(): freeing
[   50.335739] ffs_data_put(): freeing
[   50.337956] file system registered
[   50.340280] unloading
[   50.349472] ffs_data_put(): freeing
[   50.349820] ffs_data_put(): freeing
[   50.352334] file system registered
[   50.355243] unloading
[   50.366363] ffs_data_put(): freeing
[   50.366935] ffs_data_put(): freeing
[   50.367257] ffs_data_put(): freeing
[   50.369283] file system registered
[   50.371454] unloading
[   50.383922] ffs_data_put(): freeing
[   50.384350] ffs_data_put(): freeing
[   50.384764] ffs_data_put(): freeing
[   50.387079] file system registered
[   50.392788] unloading
[   50.401117] ffs_data_put(): freeing
[   50.401401] ffs_data_put(): freeing
[   50.401953] ffs_data_put(): freeing
[   50.404040] file system registered
[   50.406917] unloading
[   50.418762] ffs_data_put(): freeing
[   50.419045] ffs_data_put(): freeing
[   50.421302] file system registered
[   50.424389] unloading
[   50.430796] ffs_data_put(): freeing
[   50.431245] ffs_data_put(): freeing
[   50.435231] file system registered
[   50.438255] ffs_data_put(): freeing
[   50.439435] unloading
[   50.446186] file system registered
[   50.448142] unloading
[   50.457010] file system registered
[   50.458357] unloading
[   50.467195] file system registered
[   50.469322] unloading
[   50.478097] ffs_data_put(): freeing
[   50.480857] file system registered
[   50.482360] unloading
[   50.490235] ffs_data_put(): freeing
[   50.490356] ffs_data_put(): freeing
[   50.493477] file system registered
[   50.495227] unloading
[   50.501424] ffs_data_put(): freeing
[   50.503620] file system registered
[   50.505553] unloading
[   50.513218] ffs_data_put(): freeing
[   50.513327] ffs_data_put(): freeing
[   50.515119] file system registered
[   50.516167] unloading
[   50.521178] ffs_data_put(): freeing
[   50.521303] ffs_data_put(): freeing
[   50.524520] file system registered
[   50.527839] unloading
[   50.537416] file system registered
[   50.539171] unloading
[   50.547021] file system registered
[   50.548223] unloading
[   50.557870] file system registered
[   50.559278] unloading
[   50.564147] ffs_data_put(): freeing
[   50.564227] ffs_data_put(): freeing
[   50.566400] file system registered
[   50.568310] unloading
[   50.578184] file system registered
[   50.579351] unloading
[   50.587077] ffs_data_put(): freeing
[   50.589075] file system registered
[   50.590760] unloading
[   50.597518] ffs_data_put(): freeing
[   50.598959] file system registered
[   50.600422] unloading
[   50.611157] ffs_data_put(): freeing
[   50.611264] ffs_data_put(): freeing
[   50.614174] file system registered
[   50.616881] unloading
[   50.622470] ffs_data_put(): freeing
[   50.624827] file system registered
[   50.626424] unloading
[   50.637474] file system registered
[   50.639344] unloading
[   50.647013] file system registered
[   50.648123] unloading
[   50.656073] ffs_data_put(): freeing
[   50.658947] file system registered
[   50.661123] unloading
[   50.667363] ffs_data_put(): freeing
[   50.670403] file system registered
[   50.672121] unloading
[   50.682239] file system registered
[   50.683913] unloading
[   50.690883] file system registered
[   50.692905] unloading
[   50.698980] ffs_data_put(): freeing
[   50.699121] ffs_data_put(): freeing
[   50.699213] ffs_data_put(): freeing
[   50.700387] file system registered
[   50.702179] unloading
[   50.713551] ffs_data_put(): freeing
[   50.714289] ffs_data_put(): freeing
[   50.716357] file system registered
[   50.718792] unloading
[   50.726239] ffs_data_put(): freeing
[   50.726432] ffs_data_put(): freeing
[   50.726803] ffs_data_put(): freeing
[   50.728840] file system registered
[   50.730320] unloading
[   50.737210] ffs_data_put(): freeing
[   50.737499] ffs_data_put(): freeing
[   50.740922] file system registered
[   50.744730] unloading
[   50.752487] ffs_data_put(): freeing
[   50.754343] file system registered
[   50.757829] unloading
[   50.766441] file system registered
[   50.769250] unloading
[   50.778190] ffs_data_put(): freeing
[   50.779739] file system registered
[   50.781142] unloading
[   50.789006] file system registered
[   50.791114] unloading
[   50.800389] file system registered
[   50.802246] unloading
[   50.812225] file system registered
[   50.814011] unloading
[   50.822167] ffs_data_put(): freeing
[   50.824140] file system registered
[   50.826100] unloading
[   50.833249] ffs_data_put(): freeing
[   50.836019] file system registered
[   50.838968] unloading
[   50.848472] ffs_data_put(): freeing
[   50.848794] ffs_data_put(): freeing
[   50.850429] file system registered
[   50.852410] unloading
[   50.862274] file system registered
[   50.864178] unloading
[   50.872243] ffs_data_put(): freeing
[   50.874941] file system registered
[   50.877114] unloading
[   50.888243] ffs_data_put(): freeing
[   50.888337] ffs_data_put(): freeing
[   50.891169] file system registered
[   50.893477] unloading
[   50.900132] ffs_data_put(): freeing
[   50.903004] file system registered
[   50.905144] unloading
[   50.910483] ffs_data_put(): freeing
[   50.913308] file system registered
[   50.915431] unloading
[   50.923403] file system registered
[   50.925137] unloading
[   50.931188] ffs_data_put(): freeing
[   50.933406] file system registered
[   50.935389] unloading
[   50.944095] file system registered
[   50.946756] unloading
[   50.953146] ffs_data_put(): freeing
[   50.955456] file system registered
[   50.957884] unloading
[   50.968470] file system registered
[   50.970126] unloading
[   50.978186] ffs_data_put(): freeing
[   50.980187] file system registered
[   50.981779] unloading
[   50.989138] ffs_data_put(): freeing
[   50.989243] ffs_data_put(): freeing
[   50.991377] file system registered
[   50.993278] unloading
[   51.004406] file system registered
[   51.006190] unloading
[   51.015445] ffs_data_put(): freeing
[   51.015686] ffs_data_put(): freeing
[   51.018291] file system registered
[   51.020281] unloading
[   51.027948] file system registered
[   51.030182] unloading
[   51.040262] file system registered
[   51.042124] unloading
[   51.051184] ffs_data_put(): freeing
[   51.053389] file system registered
[   51.055842] unloading
[   51.066320] file system registered
[   51.068193] unloading
[   51.078160] file system registered
[   51.079604] unloading
[   51.085097] ffs_data_put(): freeing
[   51.087199] file system registered
[   51.088966] unloading
[   51.099079] file system registered
[   51.100491] unloading
[   51.113044] ffs_data_put(): freeing
[   51.113267] ffs_data_put(): freeing
[   51.115351] file system registered
[   51.117435] unloading
[   51.126368] ffs_data_put(): freeing
[   51.130315] file system registered
[   51.132156] unloading
[   51.144510] file system registered
[   51.146479] unloading
[   51.158196] file system registered
[   51.159736] unloading
[   51.164209] ffs_data_put(): freeing
[   51.164315] ffs_data_put(): freeing
[   51.166296] file system registered
[   51.168118] unloading
[   51.175329] ffs_data_put(): freeing
[   51.180133] file system registered
[   51.182414] unloading
[   51.188498] ffs_data_put(): freeing
[   51.188672] ffs_data_put(): freeing
[   51.190176] file system registered
[   51.191906] unloading
[   51.199270] ffs_data_put(): freeing
[   51.200909] file system registered
[   51.202356] unloading
[   51.208825] ffs_data_put(): freeing
[   51.208984] ffs_data_put(): freeing
[   51.209081] ffs_data_put(): freeing
[   51.210346] file system registered
[   51.212187] unloading
[   51.224506] ffs_data_put(): freeing
[   51.224958] ffs_data_put(): freeing
[   51.225222] ffs_data_put(): freeing
[   51.226932] file system registered
[   51.230086] unloading
[   51.235823] ffs_data_put(): freeing
[   51.236078] ffs_data_put(): freeing
[   51.236190] ffs_data_put(): freeing
[   51.239140] file system registered
[   51.241886] unloading
[   51.251289] ffs_data_put(): freeing
[   51.254185] file system registered
[   51.257460] unloading
[   51.266338] ffs_data_put(): freeing
[   51.266970] ffs_data_put(): freeing
[   51.268374] file system registered
[   51.269972] unloading
[   51.275198] ffs_data_put(): freeing
[   51.275409] ffs_data_put(): freeing
[   51.277997] file system registered
[   51.279202] unloading
[   51.288362] ffs_data_put(): freeing
[   51.289010] ffs_data_put(): freeing
[   51.289283] ffs_data_put(): freeing
[   51.290834] file system registered
[   51.291986] unloading
[   51.308201] ffs_data_put(): freeing
[   51.311275] file system registered
[   51.314503] unloading
[   51.323395] ffs_data_put(): freeing
[   51.325050] file system registered
[   51.327946] unloading
[   51.341467] ffs_data_put(): freeing
[   51.341833] ffs_data_put(): freeing
[   51.343993] file system registered
[   51.346466] unloading
[   51.352885] ffs_data_put(): freeing
[   51.356004] file system registered
[   51.356209] ffs_data_put(): freeing
[   51.358021] unloading
[   51.365457] ffs_data_put(): freeing
[   51.366799] ffs_data_put(): freeing
[   51.366973] ffs_data_put(): freeing
[   51.368308] file system registered
[   51.371326] unloading
[   51.383815] ffs_data_put(): freeing
[   51.384201] ffs_data_put(): freeing
[   51.384917] ffs_data_put(): freeing
[   51.385042] ffs_data_put(): freeing
[   51.386395] file system registered
[   51.389540] unloading
[   51.402007] ffs_data_put(): freeing
[   51.402194] ffs_data_put(): freeing
[   51.404111] file system registered
[   51.407047] unloading
[   51.417048] ffs_data_put(): freeing
[   51.421023] file system registered
[   51.425490] unloading
[   51.434284] ffs_data_put(): freeing
[   51.438095] file system registered
[   51.439480] unloading
[   51.446406] ffs_data_put(): freeing
[   51.451165] file system registered
[   51.454926] unloading
[   51.470107] file system registered
[   51.472276] unloading
[   51.480188] ffs_data_put(): freeing
[   51.483148] file system registered
[   51.485223] unloading
[   51.495206] file system registered
[   51.498218] ffs_data_put(): freeing
[   51.499063] unloading
[   51.503122] ffs_data_put(): freeing
[   51.504866] file system registered
[   51.506431] unloading
[   51.515147] ffs_data_put(): freeing
[   51.517376] file system registered
[   51.519227] unloading
[   51.528319] file system registered
[   51.530261] unloading
[   51.535238] ffs_data_put(): freeing
[   51.536848] file system registered
[   51.538323] unloading
[   51.549495] ffs_data_put(): freeing
[   51.549600] ffs_data_put(): freeing
[   51.551590] file system registered
[   51.553429] unloading
[   51.568476] ffs_data_put(): freeing
[   51.569008] ffs_data_put(): freeing
[   51.569167] ffs_data_put(): freeing
[   51.571492] file system registered
[   51.575196] unloading
[   51.581809] ffs_data_put(): freeing
[   51.581890] ffs_data_put(): freeing
[   51.585356] file system registered
[   51.589233] unloading
[   51.601828] ffs_data_put(): freeing
[   51.605257] file system registered
[   51.608325] unloading
[   51.613871] ffs_data_put(): freeing
[   51.617293] file system registered
[   51.617883] ffs_data_put(): freeing
[   51.619370] unloading
[   51.625710] file system registered
[   51.627251] unloading
[   51.637348] file system registered
[   51.639325] unloading
[   51.649443] ffs_data_put(): freeing
[   51.649726] ffs_data_put(): freeing
[   51.651325] file system registered
[   51.653163] unloading
[   51.659379] ffs_data_put(): freeing
[   51.661866] file system registered
[   51.663300] unloading
[   51.673358] ffs_data_put(): freeing
[   51.675094] file system registered
[   51.676997] unloading
[   51.688360] ffs_data_put(): freeing
[   51.688478] ffs_data_put(): freeing
[   51.692369] file system registered
[   51.697061] unloading
[   51.704035] ffs_data_put(): freeing
[   51.707344] file system registered
[   51.711425] unloading
[   51.719197] ffs_data_put(): freeing
[   51.719818] ffs_data_put(): freeing
[   51.720494] ffs_data_put(): freeing
[   51.721992] file system registered
[   51.725047] unloading
[   51.734521] ffs_data_put(): freeing
[   51.737806] file system registered
[   51.739781] unloading
[   51.748379] ffs_data_put(): freeing
[   51.752112] file system registered
[   51.754116] unloading
[   51.764186] ffs_data_put(): freeing
[   51.765145] ffs_data_put(): freeing
[   51.766457] file system registered
[   51.768389] unloading
[   51.773145] ffs_data_put(): freeing
[   51.773464] ffs_data_put(): freeing
[   51.775241] file system registered
[   51.777480] unloading
[   51.783329] ffs_data_put(): freeing
[   51.783491] ffs_data_put(): freeing
[   51.785912] file system registered
[   51.788216] unloading
[   51.797516] ffs_data_put(): freeing
[   51.801040] file system registered
[   51.804274] unloading
[   51.812169] ffs_data_put(): freeing
[   51.812393] ffs_data_put(): freeing
[   51.813950] file system registered
[   51.815263] unloading
[   51.822454] ffs_data_put(): freeing
[   51.822669] ffs_data_put(): freeing
[   51.824183] file system registered
[   51.826217] unloading
[   51.835438] ffs_data_put(): freeing
[   51.837984] file system registered
[   51.840122] unloading
[   51.848204] ffs_data_put(): freeing
[   51.851008] file system registered
[   51.852510] unloading
[   51.861311] ffs_data_put(): freeing
[   51.863784] file system registered
[   51.865337] unloading
[   51.873047] file system registered
[   51.874537] unloading
[   51.881215] ffs_data_put(): freeing
[   51.883409] file system registered
[   51.887830] ffs_data_put(): freeing
[   51.889958] unloading
[   51.898364] ffs_data_put(): freeing
[   51.900412] file system registered
[   51.902033] unloading
[   51.916288] file system registered
[   51.918202] unloading
[   51.925199] ffs_data_put(): freeing
[   51.927780] file system registered
[   51.928982] unloading
[   51.939315] file system registered
[   51.941246] unloading
[   51.949915] ffs_data_put(): freeing
[   51.951307] file system registered
[   51.953319] unloading
[   51.960207] ffs_data_put(): freeing
[   51.962278] file system registered
[   51.964368] unloading
[   51.974069] file system registered
[   51.976749] unloading
[   51.986157] ffs_data_put(): freeing
[   51.989675] file system registered
[   51.990969] unloading
[   51.996076] ffs_data_put(): freeing
[   51.998247] file system registered
[   52.000083] unloading
[   52.009230] ffs_data_put(): freeing
[   52.009855] ffs_data_put(): freeing
[   52.012030] file system registered
[   52.013499] unloading
[   52.021463] ffs_data_put(): freeing
[   52.021726] ffs_data_put(): freeing
[   52.023255] file system registered
[   52.025292] unloading
[   52.031233] ffs_data_put(): freeing
[   52.034030] file system registered
[   52.036219] unloading
[   52.042265] ffs_data_put(): freeing
[   52.044920] file system registered
[   52.047217] unloading
[   52.056430] ffs_data_put(): freeing
[   52.056868] ffs_data_put(): freeing
[   52.057059] ffs_data_put(): freeing
[   52.059173] file system registered
[   52.061291] unloading
[   52.072041] file system registered
[   52.074158] unloading
[   52.081488] file system registered
[   52.083134] unloading
[   52.090177] file system registered
[   52.091974] unloading
[   52.102137] ffs_data_put(): freeing
[   52.104449] file system registered
[   52.106117] unloading
[   52.115440] file system registered
[   52.117175] unloading
[   52.125279] file system registered
[   52.127117] unloading
[   52.136069] ffs_data_put(): freeing
[   52.138289] file system registered
[   52.140391] unloading
[   52.149299] ffs_data_put(): freeing
[   52.152377] file system registered
[   52.155224] unloading
[   52.161177] ffs_data_put(): freeing
[   52.163407] file system registered
[   52.165120] unloading
[   52.174329] ffs_data_put(): freeing
[   52.174397] ffs_data_put(): freeing
[   52.175865] file system registered
[   52.176846] unloading
[   52.184071] ffs_data_put(): freeing
[   52.184292] ffs_data_put(): freeing
[   52.186321] file system registered
[   52.188092] unloading
[   52.197714] file system registered
[   52.199395] unloading
[   52.210951] file system registered
[   52.214085] unloading
[   52.220125] ffs_data_put(): freeing
[   52.222187] file system registered
[   52.225083] unloading
[   52.233251] ffs_data_put(): freeing
[   52.233454] ffs_data_put(): freeing
[   52.234272] ffs_data_put(): freeing
[   52.235790] file system registered
[   52.238043] unloading
[   52.251485] file system registered
[   52.253384] unloading
[   52.264980] file system registered
[   52.267100] unloading
[   52.277116] ffs_data_put(): freeing
[   52.277290] ffs_data_put(): freeing
[   52.279271] file system registered
[   52.282026] unloading
[   52.290242] file system registered
[   52.292291] unloading
[   52.302115] file system registered
[   52.304012] unloading
[   52.315292] ffs_data_put(): freeing
[   52.317165] file system registered
[   52.319977] unloading
[   52.329349] file system registered
[   52.331213] unloading
[   52.347186] ffs_data_put(): freeing
[   52.347383] ffs_data_put(): freeing
[   52.347481] ffs_data_put(): freeing
[   52.350498] file system registered
[   52.354372] unloading
[   52.360502] ffs_data_put(): freeing
[   52.363249] file system registered
[   52.365420] unloading
[   52.378299] file system registered
[   52.380407] unloading
[   52.386515] ffs_data_put(): freeing
[   52.388879] file system registered
[   52.390960] unloading
[   52.397176] ffs_data_put(): freeing
[   52.397262] ffs_data_put(): freeing
[   52.399869] file system registered
[   52.401933] unloading
[   52.410533] file system registered
[   52.412493] unloading
[   52.421362] ffs_data_put(): freeing
[   52.421475] ffs_data_put(): freeing
[   52.423797] file system registered
[   52.425197] unloading
[   52.434222] ffs_data_put(): freeing
[   52.434333] ffs_data_put(): freeing
[   52.435956] file system registered
[   52.437141] unloading
[   52.442438] ffs_data_put(): freeing
[   52.443816] ffs_data_put(): freeing
[   52.444460] file system registered
[   52.446190] unloading
[   52.456233] ffs_data_put(): freeing
[   52.458319] file system registered
[   52.460968] unloading
[   52.465461] ffs_data_put(): freeing
[   52.465829] ffs_data_put(): freeing
[   52.468507] file system registered
[   52.471413] ffs_data_put(): freeing
[   52.472318] unloading
[   52.479183] ffs_data_put(): freeing
[   52.479296] ffs_data_put(): freeing
[   52.480895] file system registered
[   52.483224] unloading
[   52.488208] ffs_data_put(): freeing
[   52.488305] ffs_data_put(): freeing
[   52.489499] file system registered
[   52.491145] unloading
[   52.497038] ffs_data_put(): freeing
[   52.497147] ffs_data_put(): freeing
[   52.498397] file system registered
[   52.500067] unloading
[   52.509307] ffs_data_put(): freeing
[   52.511435] file system registered
[   52.513446] unloading
[   52.521055] file system registered
[   52.522159] unloading
[   52.530223] ffs_data_put(): freeing
[   52.530287] ffs_data_put(): freeing
[   52.532462] file system registered
[   52.534215] unloading
[   52.540430] ffs_data_put(): freeing
[   52.541212] ffs_data_put(): freeing
[   52.544728] file system registered
[   52.547326] unloading
[   52.554129] ffs_data_put(): freeing
[   52.554451] ffs_data_put(): freeing
[   52.556097] file system registered
[   52.557780] unloading
[   52.564254] ffs_data_put(): freeing
[   52.564386] ffs_data_put(): freeing
[   52.566907] file system registered
[   52.568120] unloading
[   52.571175] ffs_data_put(): freeing
[   52.571273] ffs_data_put(): freeing
[   52.573376] file system registered
[   52.575286] unloading
[   52.583034] ffs_data_put(): freeing
[   52.583254] ffs_data_put(): freeing
[   52.583392] ffs_data_put(): freeing
[   52.583498] ffs_data_put(): freeing
[   52.584542] file system registered
[   52.586039] unloading
[   52.595279] ffs_data_put(): freeing
[   52.595460] ffs_data_put(): freeing
[   52.595927] ffs_data_put(): freeing
[   52.596234] ffs_data_put(): freeing
[   52.597601] file system registered
[   52.600104] unloading
[   52.613753] ffs_data_put(): freeing
[   52.614696] ffs_data_put(): freeing
[   52.616974] file system registered
[   52.621185] ffs_data_put(): freeing
[   52.623170] unloading
[   52.630056] ffs_data_put(): freeing
[   52.632507] file system registered
[   52.635321] unloading
[   52.642395] ffs_data_put(): freeing
[   52.644511] file system registered
[   52.646856] unloading
[   52.652452] ffs_data_put(): freeing
[   52.655534] file system registered
[   52.657515] unloading
[   52.663291] ffs_data_put(): freeing
[   52.663792] ffs_data_put(): freeing
[   52.665428] file system registered
[   52.667248] unloading
[   52.679275] ffs_data_put(): freeing
[   52.679439] ffs_data_put(): freeing
[   52.683028] file system registered
[   52.685911] unloading
[   52.692319] ffs_data_put(): freeing
[   52.693061] ffs_data_put(): freeing
[   52.696327] file system registered
[   52.699236] unloading
[   52.706101] file system registered
[   52.708187] unloading
[   52.719929] file system registered
[   52.723032] ffs_data_put(): freeing
[   52.723124] unloading
[   52.738156] ffs_data_put(): freeing
[   52.740465] file system registered
[   52.742146] unloading
[   52.753269] file system registered
[   52.755224] unloading
[   52.759383] ffs_data_put(): freeing
[   52.762427] file system registered
[   52.764165] unloading
[   52.772223] ffs_data_put(): freeing
[   52.773734] file system registered
[   52.774959] unloading
[   52.781048] file system registered
[   52.782251] unloading
[   52.789219] ffs_data_put(): freeing
[   52.789293] ffs_data_put(): freeing
[   52.790998] file system registered
[   52.792354] unloading
[   52.803477] ffs_data_put(): freeing
[   52.806161] file system registered
[   52.808176] unloading
[   52.815258] ffs_data_put(): freeing
[   52.818144] file system registered
[   52.820843] unloading
[   52.827222] ffs_data_put(): freeing
[   52.827364] ffs_data_put(): freeing
[   52.829475] file system registered
[   52.832042] unloading
[   52.840931] ffs_data_put(): freeing
[   52.840930] ffs_data_put(): freeing
[   52.841117] ffs_data_put(): freeing
[   52.843139] file system registered
[   52.846242] unloading
[   52.853890] ffs_data_put(): freeing
[   52.854088] ffs_data_put(): freeing
[   52.854200] ffs_data_put(): freeing
[   52.856104] file system registered
[   52.858428] unloading
[   52.868345] ffs_data_put(): freeing
[   52.868484] ffs_data_put(): freeing
[   52.868735] ffs_data_put(): freeing
[   52.871293] file system registered
[   52.874419] unloading
[   52.884286] file system registered
[   52.886918] unloading
[   52.894294] file system registered
[   52.896253] unloading
[   52.911917] file system registered
[   52.914418] unloading
[   52.921947] ffs_data_put(): freeing
[   52.923453] file system registered
[   52.925090] unloading
[   52.935364] ffs_data_put(): freeing
[   52.935454] ffs_data_put(): freeing
[   52.938518] file system registered
[   52.940389] unloading
[   52.948332] ffs_data_put(): freeing
[   52.948466] ffs_data_put(): freeing
[   52.950701] file system registered
[   52.952396] unloading
[   52.968022] ffs_data_put(): freeing
[   52.969375] ffs_data_put(): freeing
[   52.972248] file system registered
[   52.977514] unloading
[   52.986081] ffs_data_put(): freeing
[   52.986544] ffs_data_put(): freeing
[   52.988025] file system registered
[   52.990148] unloading
[   52.999487] ffs_data_put(): freeing
[   52.999790] ffs_data_put(): freeing
[   53.000760] ffs_data_put(): freeing
[   53.002980] file system registered
[   53.006005] unloading
[   53.017481] file system registered
[   53.020226] unloading
[   53.029302] file system registered
[   53.032343] unloading
[   53.040303] ffs_data_put(): freeing
[   53.040380] ffs_data_put(): freeing
[   53.042248] file system registered
[   53.043317] unloading
[   53.049277] ffs_data_put(): freeing
[   53.052300] file system registered
[   53.055298] unloading
[   53.064322] ffs_data_put(): freeing
[   53.066972] file system registered
[   53.068218] unloading
[   53.078097] file system registered
[   53.079778] unloading
[   53.085198] ffs_data_put(): freeing
[   53.088404] file system registered
[   53.090154] unloading
[   53.098826] file system registered
[   53.100178] unloading
[   53.107017] ffs_data_put(): freeing
[   53.109207] file system registered
[   53.111320] unloading
[   53.117120] ffs_data_put(): freeing
[   53.117225] ffs_data_put(): freeing
[   53.119198] file system registered
[   53.121261] unloading
[   53.131112] ffs_data_put(): freeing
[   53.131277] ffs_data_put(): freeing
[   53.131369] ffs_data_put(): freeing
[   53.132237] file system registered
[   53.134453] unloading
[   53.139237] ffs_data_put(): freeing
[   53.139424] ffs_data_put(): freeing
[   53.140087] ffs_data_put(): freeing
[   53.142171] file system registered
[   53.144256] unloading
[   53.151399] ffs_data_put(): freeing
[   53.151511] ffs_data_put(): freeing
[   53.153498] file system registered
[   53.155397] unloading
[   53.159979] ffs_data_put(): freeing
[   53.163137] file system registered
[   53.165406] unloading
[   53.176372] ffs_data_put(): freeing
[   53.176480] ffs_data_put(): freeing
[   53.178202] file system registered
[   53.180202] unloading
[   53.190297] file system registered
[   53.192450] unloading
[   53.197540] ffs_data_put(): freeing
[   53.199346] file system registered
[   53.201128] unloading
[   53.208979] file system registered
[   53.210053] unloading
[   53.215219] ffs_data_put(): freeing
[   53.216739] file system registered
[   53.217387] unloading
[   53.223150] ffs_data_put(): freeing
[   53.226191] file system registered
[   53.228117] unloading
[   53.237244] ffs_data_put(): freeing
[   53.238994] file system registered
[   53.240431] unloading
[   53.248240] ffs_data_put(): freeing
[   53.250696] file system registered
[   53.252143] unloading
[   53.260191] ffs_data_put(): freeing
[   53.262499] file system registered
[   53.264484] unloading
[   53.269842] ffs_data_put(): freeing
[   53.270888] ffs_data_put(): freeing
[   53.271348] file system registered
[   53.273864] unloading
[   53.291310] ffs_data_put(): freeing
[   53.291421] ffs_data_put(): freeing
[   53.293833] file system registered
[   53.296282] unloading
[   53.306449] ffs_data_put(): freeing
[   53.309081] file system registered
[   53.310481] unloading
[   53.320125] file system registered
[   53.323782] unloading
[   53.331350] ffs_data_put(): freeing
[   53.331487] ffs_data_put(): freeing
[   53.331825] ffs_data_put(): freeing
[   53.334049] file system registered
[   53.336372] unloading
[   53.347952] ffs_data_put(): freeing
[   53.348075] ffs_data_put(): freeing
[   53.349445] file system registered
[   53.351939] unloading
[   53.362000] ffs_data_put(): freeing
[   53.362990] ffs_data_put(): freeing
[   53.364431] file system registered
[   53.368237] unloading
[   53.378545] ffs_data_put(): freeing
[   53.381926] file system registered
[   53.384998] unloading
[   53.394375] ffs_data_put(): freeing
[   53.395043] ffs_data_put(): freeing
[   53.395140] ffs_data_put(): freeing
[   53.400814] file system registered
[   53.405400] unloading
[   53.417493] ffs_data_put(): freeing
[   53.420970] file system registered
[   53.424312] unloading
[   53.434501] ffs_data_put(): freeing
[   53.437081] file system registered
[   53.440062] unloading
[   53.449221] ffs_data_put(): freeing
[   53.452327] file system registered
[   53.454507] unloading
[   53.460376] ffs_data_put(): freeing
[   53.462798] file system registered
[   53.464393] unloading
[   53.472747] file system registered
[   53.475907] unloading
[   53.483100] ffs_data_put(): freeing
[   53.483253] ffs_data_put(): freeing
[   53.483425] ffs_data_put(): freeing
[   53.485412] file system registered
[   53.488031] unloading
[   53.497157] file system registered
[   53.499474] unloading
[   53.506450] ffs_data_put(): freeing
[   53.507188] file system registered
[   53.508920] unloading
[   53.514062] ffs_data_put(): freeing
[   53.516126] file system registered
[   53.517937] unloading
[   53.536216] ffs_data_put(): freeing
[   53.536379] ffs_data_put(): freeing
[   53.538422] file system registered
[   53.540334] unloading
[   53.546352] ffs_data_put(): freeing
[   53.546767] ffs_data_put(): freeing
[   53.550235] file system registered
[   53.552903] unloading
[   53.562008] file system registered
[   53.563396] unloading
[   53.572416] file system registered
[   53.574084] unloading
[   53.582995] file system registered
[   53.585397] unloading
[   53.595238] ffs_data_put(): freeing
[   53.595455] ffs_data_put(): freeing
[   53.597371] file system registered
[   53.599446] unloading
[   53.611346] ffs_data_put(): freeing
[   53.611839] ffs_data_put(): freeing
[   53.613471] file system registered
[   53.615228] unloading
[   53.628931] ffs_data_put(): freeing
[   53.629103] ffs_data_put(): freeing
[   53.631907] file system registered
[   53.634225] unloading
[   53.639382] ffs_data_put(): freeing
[   53.640151] ffs_data_put(): freeing
[   53.640767] ffs_data_put(): freeing
[   53.642230] file system registered
[   53.644076] unloading
[   53.652093] file system registered
[   53.653965] unloading
[   53.659360] ffs_data_put(): freeing
[   53.662345] file system registered
[   53.666132] ffs_data_put(): freeing
[   53.666818] ffs_data_put(): freeing
[   53.669488] unloading
[   53.676229] ffs_data_put(): freeing
[   53.676454] ffs_data_put(): freeing
[   53.676690] ffs_data_put(): freeing
[   53.679358] file system registered
[   53.681305] unloading
[   53.687359] ffs_data_put(): freeing
[   53.689539] file system registered
[   53.691206] unloading
[   53.695484] ffs_data_put(): freeing
[   53.698175] file system registered
[   53.699908] unloading
[   53.705966] file system registered
[   53.707840] unloading
[   53.713182] ffs_data_put(): freeing
[   53.715161] file system registered
[   53.716807] unloading
[   53.722333] ffs_data_put(): freeing
[   53.722431] ffs_data_put(): freeing
[   53.724091] file system registered
[   53.725427] unloading
[   53.731948] file system registered
[   53.733261] unloading
[   53.740974] file system registered
[   53.742398] unloading
[   53.748072] ffs_data_put(): freeing
[   53.750296] file system registered
[   53.751537] unloading
[   53.758180] ffs_data_put(): freeing
[   53.758302] ffs_data_put(): freeing
[   53.759949] file system registered
[   53.761435] unloading
[   53.767964] ffs_data_put(): freeing
[   53.767990] ffs_data_put(): freeing
[   53.769151] file system registered
[   53.770838] unloading
[   53.777406] ffs_data_put(): freeing
[   53.777898] ffs_data_put(): freeing
[   53.782972] file system registered
[   53.785159] unloading
[   53.792238] file system registered
[   53.794168] unloading
[   53.801304] ffs_data_put(): freeing
[   53.802413] file system registered
[   53.803887] unloading
[   53.810090] ffs_data_put(): freeing
[   53.812794] file system registered
[   53.814088] unloading
[   53.823134] ffs_data_put(): freeing
[   53.823265] ffs_data_put(): freeing
[   53.824292] file system registered
[   53.825803] unloading
[   53.830402] ffs_data_put(): freeing
[   53.831001] ffs_data_put(): freeing
[   53.831172] ffs_data_put(): freeing
[   53.832898] file system registered
[   53.834405] unloading
[   53.841391] ffs_data_put(): freeing
[   53.841891] ffs_data_put(): freeing
[   53.843153] file system registered
[   53.845330] unloading
[   53.856488] ffs_data_put(): freeing
[   53.856960] ffs_data_put(): freeing
[   53.857202] ffs_data_put(): freeing
[   53.863933] file system registered
[   53.871035] unloading
[   53.883098] file system registered
[   53.887401] unloading
[   53.894492] ffs_data_put(): freeing
[   53.896555] file system registered
[   53.898454] unloading
[   53.905241] ffs_data_put(): freeing
[   53.908224] file system registered
[   53.911251] unloading
[   53.919264] ffs_data_put(): freeing
[   53.921608] file system registered
[   53.923427] unloading
[   53.934210] file system registered
[   53.936308] unloading
[   53.946252] ffs_data_put(): freeing
[   53.946465] ffs_data_put(): freeing
[   53.946616] ffs_data_put(): freeing
[   53.948872] file system registered
[   53.952239] unloading
[   53.964388] ffs_data_put(): freeing
[   53.964785] ffs_data_put(): freeing
[   53.967135] file system registered
[   53.971094] unloading
[   53.979903] ffs_data_put(): freeing
[   53.982046] file system registered
[   53.985958] unloading
[   53.996843] file system registered
[   53.999117] unloading
[   54.005389] ffs_data_put(): freeing
[   54.008205] file system registered
[   54.010248] unloading
[   54.016236] ffs_data_put(): freeing
[   54.018432] file system registered
[   54.020098] unloading
[   54.026190] ffs_data_put(): freeing
[   54.026268] ffs_data_put(): freeing
[   54.028211] file system registered
[   54.030258] unloading
[   54.039807] ffs_data_put(): freeing
[   54.039980] ffs_data_put(): freeing
[   54.040137] ffs_data_put(): freeing
[   54.040264] ffs_data_put(): freeing
[   54.044350] file system registered
[   54.047465] unloading
[   54.058190] file system registered
[   54.060981] ffs_data_put(): freeing
[   54.061296] unloading
[   54.067231] ffs_data_put(): freeing
[   54.067357] ffs_data_put(): freeing
[   54.067640] ffs_data_put(): freeing
[   54.069137] file system registered
[   54.071269] unloading
[   54.078443] ffs_data_put(): freeing
[   54.079700] ffs_data_put(): freeing
[   54.080346] file system registered
[   54.082393] unloading
[   54.089496] ffs_data_put(): freeing
[   54.090069] ffs_data_put(): freeing
[   54.091785] file system registered
[   54.094182] unloading
[   54.101430] ffs_data_put(): freeing
[   54.103211] file system registered
[   54.105172] unloading
[   54.117404] ffs_data_put(): freeing
[   54.117502] ffs_data_put(): freeing
[   54.120918] file system registered
[   54.124278] unloading
[   54.134488] ffs_data_put(): freeing
[   54.134791] ffs_data_put(): freeing
[   54.138247] file system registered
[   54.141408] unloading
[   54.149259] file system registered
[   54.152086] unloading
[   54.159151] ffs_data_put(): freeing
[   54.161186] file system registered
[   54.163161] unloading
[   54.175510] file system registered
[   54.177339] unloading
[   54.186286] file system registered
[   54.188026] unloading
[   54.196316] ffs_data_put(): freeing
[   54.196418] ffs_data_put(): freeing
[   54.198288] file system registered
[   54.200025] unloading
[   54.206952] file system registered
[   54.208121] unloading
[   54.215122] file system registered
[   54.216943] unloading
[   54.222060] ffs_data_put(): freeing
[   54.222159] ffs_data_put(): freeing
[   54.223771] file system registered
[   54.224789] unloading
[   54.231184] ffs_data_put(): freeing
[   54.231287] ffs_data_put(): freeing
[   54.232424] file system registered
[   54.233998] unloading
[   54.241233] ffs_data_put(): freeing
[   54.244024] file system registered
[   54.246086] unloading
[   54.253482] ffs_data_put(): freeing
[   54.255352] file system registered
[   54.256499] unloading
[   54.263381] file system registered
[   54.265162] unloading
[   54.271859] file system registered
[   54.273227] unloading
[   54.280402] ffs_data_put(): freeing
[   54.282327] file system registered
[   54.284021] unloading
[   54.293370] ffs_data_put(): freeing
[   54.295687] file system registered
[   54.297413] unloading
[   54.306110] ffs_data_put(): freeing
[   54.306367] ffs_data_put(): freeing
[   54.306471] ffs_data_put(): freeing
[   54.308068] file system registered
[   54.310514] unloading
[   54.322941] ffs_data_put(): freeing
[   54.325111] ffs_data_put(): freeing
[   54.327108] file system registered
[   54.330359] ffs_data_put(): freeing
[   54.331120] unloading
[   54.340776] ffs_data_put(): freeing
[   54.341518] ffs_data_put(): freeing
[   54.341857] file system registered
[   54.343281] unloading
[   54.351374] ffs_data_put(): freeing
[   54.353018] file system registered
[   54.355276] unloading
[   54.363275] ffs_data_put(): freeing
[   54.363859] ffs_data_put(): freeing
[   54.365051] file system registered
[   54.366426] unloading
[   54.375201] ffs_data_put(): freeing
[   54.378160] file system registered
[   54.380072] unloading
[   54.390400] file system registered
[   54.393431] unloading
[   54.405304] file system registered
[   54.407066] unloading
[   54.413308] ffs_data_put(): freeing
[   54.413404] ffs_data_put(): freeing
[   54.415984] file system registered
[   54.417491] ffs_data_put(): freeing
[   54.417822] unloading
[   54.426514] ffs_data_put(): freeing
[   54.426960] file system registered
[   54.428928] unloading
[   54.435341] ffs_data_put(): freeing
[   54.439056] file system registered
[   54.441036] unloading
[   54.448370] ffs_data_put(): freeing
[   54.450836] file system registered
[   54.452194] unloading
[   54.458245] ffs_data_put(): freeing
[   54.458512] ffs_data_put(): freeing
[   54.461368] file system registered
[   54.464129] unloading
[   54.471342] ffs_data_put(): freeing
[   54.471884] ffs_data_put(): freeing
[   54.474158] file system registered
[   54.477149] unloading
[   54.487548] ffs_data_put(): freeing
[   54.490085] file system registered
[   54.493352] unloading
[   54.505793] ffs_data_put(): freeing
[   54.505854] ffs_data_put(): freeing
[   54.506076] ffs_data_put(): freeing
[   54.508166] file system registered
[   54.511990] ffs_data_put(): freeing
[   54.512179] unloading
[   54.523849] ffs_data_put(): freeing
[   54.524161] ffs_data_put(): freeing
[   54.525099] ffs_data_put(): freeing
[   54.527377] file system registered
[   54.530074] unloading
[   54.536079] ffs_data_put(): freeing
[   54.539878] file system registered
[   54.542320] unloading
[   54.555829] ffs_data_put(): freeing
[   54.556098] ffs_data_put(): freeing
[   54.559317] file system registered
[   54.563274] unloading
[   54.572388] ffs_data_put(): freeing
[   54.574838] file system registered
[   54.577304] unloading
[   54.582297] ffs_data_put(): freeing
[   54.584788] ffs_data_put(): freeing
[   54.584898] file system registered
[   54.586409] unloading
[   54.594464] ffs_data_put(): freeing
[   54.597867] file system registered
[   54.599252] unloading
[   54.611155] file system registered
[   54.613800] unloading
[   54.620325] ffs_data_put(): freeing
[   54.623415] file system registered
[   54.626453] unloading
[   54.633338] ffs_data_put(): freeing
[   54.633462] ffs_data_put(): freeing
[   54.633719] ffs_data_put(): freeing
[   54.636171] file system registered
[   54.637282] unloading
[   54.645113] file system registered
[   54.646952] unloading
[   54.657284] ffs_data_put(): freeing
[   54.659481] file system registered
[   54.661262] unloading
[   54.671026] file system registered
[   54.673040] unloading
[   54.681154] ffs_data_put(): freeing
[   54.683808] file system registered
[   54.685486] unloading
[   54.694122] ffs_data_put(): freeing
[   54.694216] ffs_data_put(): freeing
[   54.696945] file system registered
[   54.698457] unloading
[   54.709309] file system registered
[   54.710943] unloading
[   54.716218] ffs_data_put(): freeing
[   54.718729] file system registered
[   54.720379] unloading
[   54.730161] ffs_data_put(): freeing
[   54.733255] file system registered
[   54.734997] unloading
[   54.741665] file system registered
[   54.742966] unloading
[   54.755138] file system registered
[   54.756374] unloading
[   54.764341] ffs_data_put(): freeing
[   54.767167] file system registered
[   54.768977] unloading
[   54.783127] ffs_data_put(): freeing
[   54.783363] ffs_data_put(): freeing
[   54.783484] ffs_data_put(): freeing
[   54.786230] file system registered
[   54.788283] unloading
[   54.795510] ffs_data_put(): freeing
[   54.798945] file system registered
[   54.801346] unloading
[   54.811750] file system registered
[   54.813303] unloading
[   54.817263] ffs_data_put(): freeing
[   54.819998] file system registered
[   54.822141] unloading
[   54.829433] file system registered
[   54.831399] unloading
[   54.839235] ffs_data_put(): freeing
[   54.841037] file system registered
[   54.842381] unloading
[   54.853286] ffs_data_put(): freeing
[   54.853448] ffs_data_put(): freeing
[   54.856037] file system registered
[   54.858318] unloading
[   54.866059] ffs_data_put(): freeing
[   54.868761] file system registered
[   54.871769] unloading
[   54.877297] ffs_data_put(): freeing
[   54.877354] ffs_data_put(): freeing
[   54.879403] file system registered
[   54.881095] unloading
[   54.892882] file system registered
[   54.894411] unloading
[   54.900165] ffs_data_put(): freeing
[   54.901792] file system registered
[   54.903038] unloading
[   54.909374] ffs_data_put(): freeing
[   54.911212] file system registered
[   54.913023] unloading
[   54.921325] ffs_data_put(): freeing
[   54.921441] ffs_data_put(): freeing
[   54.922086] ffs_data_put(): freeing
[   54.923929] file system registered
[   54.926393] unloading
[   54.936268] ffs_data_put(): freeing
[   54.938888] file system registered
[   54.942025] unloading
[   54.950151] ffs_data_put(): freeing
[   54.953004] file system registered
[   54.954939] unloading
[   54.963096] ffs_data_put(): freeing
[   54.963364] ffs_data_put(): freeing
[   54.966164] file system registered
[   54.967987] unloading
[   54.977422] ffs_data_put(): freeing
[   54.979490] file system registered
[   54.981523] unloading
[   54.991094] ffs_data_put(): freeing
[   54.993264] file system registered
[   54.995378] unloading
[   55.006846] ffs_data_put(): freeing
[   55.007146] ffs_data_put(): freeing
[   55.009164] file system registered
[   55.010908] unloading
[   55.023277] ffs_data_put(): freeing
[   55.026839] file system registered
[   55.029807] unloading
[   55.038176] ffs_data_put(): freeing
[   55.038391] ffs_data_put(): freeing
[   55.038685] ffs_data_put(): freeing
[   55.039544] file system registered
[   55.041385] unloading
[   55.047531] ffs_data_put(): freeing
[   55.049815] file system registered
[   55.051404] unloading
[   55.060318] ffs_data_put(): freeing
[   55.060501] ffs_data_put(): freeing
[   55.063032] file system registered
[   55.065507] unloading
[   55.073402] ffs_data_put(): freeing
[   55.073721] ffs_data_put(): freeing
[   55.075392] file system registered
[   55.077319] unloading
[   55.088380] ffs_data_put(): freeing
[   55.090421] file system registered
[   55.092145] unloading
[   55.097217] ffs_data_put(): freeing
[   55.100371] file system registered
[   55.102955] unloading
[   55.112977] file system registered
[   55.114294] unloading
[   55.122401] file system registered
[   55.125071] unloading
[   55.129131] ffs_data_put(): freeing
[   55.129303] ffs_data_put(): freeing
[   55.129395] ffs_data_put(): freeing
[   55.131230] file system registered
[   55.132912] unloading
[   55.146286] ffs_data_put(): freeing
[   55.146418] ffs_data_put(): freeing
[   55.148377] file system registered
[   55.149909] unloading
[   55.157176] ffs_data_put(): freeing
[   55.160396] file system registered
[   55.162918] unloading
[   55.169168] ffs_data_put(): freeing
[   55.171448] file system registered
[   55.173802] unloading
[   55.181184] ffs_data_put(): freeing
[   55.181453] ffs_data_put(): freeing
[   55.184258] file system registered
[   55.187063] unloading
[   55.191387] ffs_data_put(): freeing
[   55.193435] file system registered
[   55.195735] unloading
[   55.202120] ffs_data_put(): freeing
[   55.204879] file system registered
[   55.207178] unloading
[   55.214085] ffs_data_put(): freeing
[   55.216348] file system registered
[   55.218349] unloading
[   55.225166] ffs_data_put(): freeing
[   55.227682] file system registered
[   55.229185] unloading
[   55.236145] ffs_data_put(): freeing
[   55.237961] file system registered
[   55.239233] unloading
[   55.246079] ffs_data_put(): freeing
[   55.248052] file system registered
[   55.249236] unloading
[   55.259209] ffs_data_put(): freeing
[   55.261419] file system registered
[   55.263077] unloading
[   55.269257] ffs_data_put(): freeing
[   55.269390] ffs_data_put(): freeing
[   55.269471] ffs_data_put(): freeing
[   55.273919] file system registered
[   55.275157] unloading
[   55.285430] ffs_data_put(): freeing
[   55.287560] file system registered
[   55.289409] unloading
[   55.297284] file system registered
[   55.300037] unloading
[   55.308194] ffs_data_put(): freeing
[   55.312215] file system registered
[   55.314355] unloading
[   55.322333] ffs_data_put(): freeing
[   55.324324] file system registered
[   55.325983] unloading
[   55.330190] ffs_data_put(): freeing
[   55.330286] ffs_data_put(): freeing
[   55.331425] file system registered
[   55.332952] unloading
[   55.337438] ffs_data_put(): freeing
[   55.338068] ffs_data_put(): freeing
[   55.338280] ffs_data_put(): freeing
[   55.339158] file system registered
[   55.340439] unloading
[   55.346086] ffs_data_put(): freeing
[   55.346260] ffs_data_put(): freeing
[   55.346401] ffs_data_put(): freeing
[   55.349218] file system registered
[   55.351256] unloading
[   55.361872] file system registered
[   55.363709] unloading
[   55.368453] ffs_data_put(): freeing
[   55.368824] ffs_data_put(): freeing
[   55.370147] file system registered
[   55.372085] unloading
[   55.377106] ffs_data_put(): freeing
[   55.377249] ffs_data_put(): freeing
[   55.378554] file system registered
[   55.380179] unloading
[   55.385301] ffs_data_put(): freeing
[   55.388194] file system registered
[   55.390955] unloading
[   55.397246] ffs_data_put(): freeing
[   55.397378] ffs_data_put(): freeing
[   55.397480] ffs_data_put(): freeing
[   55.399838] file system registered
[   55.401884] ffs_data_put(): freeing
[   55.402153] unloading
[   55.411460] ffs_data_put(): freeing
[   55.414215] file system registered
[   55.416302] unloading
[   55.425213] file system registered
[   55.427075] unloading
[   55.432797] ffs_data_put(): freeing
[   55.432904] ffs_data_put(): freeing
[   55.434308] file system registered
[   55.437909] unloading
[   55.442137] ffs_data_put(): freeing
[   55.442764] ffs_data_put(): freeing
[   55.446223] file system registered
[   55.448497] unloading
[   55.462387] ffs_data_put(): freeing
[   55.462568] ffs_data_put(): freeing
[   55.464497] file system registered
[   55.468345] unloading
[   55.473781] file system registered
[   55.474730] ffs_data_put(): freeing
[   55.474914] unloading
[   55.482089] file system registered
[   55.483753] unloading
[   55.489842] ffs_data_put(): freeing
[   55.489938] ffs_data_put(): freeing
[   55.491319] file system registered
[   55.492932] unloading
[   55.502110] ffs_data_put(): freeing
[   55.505196] file system registered
[   55.507283] unloading
[   55.514192] ffs_data_put(): freeing
[   55.516321] file system registered
[   55.518250] unloading
[   55.527357] ffs_data_put(): freeing
[   55.530451] file system registered
[   55.533181] unloading
[   55.540222] ffs_data_put(): freeing
[   55.542397] file system registered
[   55.544244] unloading
[   55.553077] ffs_data_put(): freeing
[   55.553268] ffs_data_put(): freeing
[   55.553372] ffs_data_put(): freeing
[   55.555072] file system registered
[   55.557410] unloading
[   55.565311] ffs_data_put(): freeing
[   55.565403] ffs_data_put(): freeing
[   55.568269] file system registered
[   55.570153] unloading
[   55.576364] ffs_data_put(): freeing
[   55.576467] ffs_data_put(): freeing
[   55.580123] file system registered
[   55.582951] unloading
[   55.588180] ffs_data_put(): freeing
[   55.591132] file system registered
[   55.593370] unloading
[   55.601195] ffs_data_put(): freeing
[   55.601299] ffs_data_put(): freeing
[   55.603904] file system registered
[   55.606473] unloading
[   55.611486] ffs_data_put(): freeing
[   55.614908] file system registered
[   55.617416] unloading
[   55.626945] file system registered
[   55.629267] unloading
[   55.635239] ffs_data_put(): freeing
[   55.636400] file system registered
[   55.638060] unloading
[   55.644452] ffs_data_put(): freeing
[   55.646458] file system registered
[   55.649004] unloading
[   55.657478] ffs_data_put(): freeing
[   55.660372] file system registered
[   55.662450] unloading
[   55.668375] ffs_data_put(): freeing
[   55.670083] file system registered
[   55.671837] unloading
[   55.676132] ffs_data_put(): freeing
[   55.676239] ffs_data_put(): freeing
[   55.677228] file system registered
[   55.679208] unloading
[   55.689378] ffs_data_put(): freeing
[   55.689750] ffs_data_put(): freeing
[   55.690086] ffs_data_put(): freeing
[   55.692322] file system registered
[   55.694488] unloading
[   55.703433] file system registered
[   55.704155] ffs_data_put(): freeing
[   55.705372] unloading
[   55.713153] ffs_data_put(): freeing
[   55.714828] file system registered
[   55.716241] unloading
[   55.721436] ffs_data_put(): freeing
[   55.722447] ffs_data_put(): freeing
[   55.725054] file system registered
[   55.727817] unloading
[   55.736373] ffs_data_put(): freeing
[   55.736481] ffs_data_put(): freeing
[   55.738508] file system registered
[   55.740985] unloading
[   55.745187] ffs_data_put(): freeing
[   55.747976] file system registered
[   55.749507] unloading
[   55.757305] ffs_data_put(): freeing
[   55.759533] file system registered
[   55.762173] ffs_data_put(): freeing
[   55.762498] unloading
[   55.770197] ffs_data_put(): freeing
[   55.772523] file system registered
[   55.774892] unloading
[   55.783924] file system registered
[   55.785107] unloading
[   55.795085] ffs_data_put(): freeing
[   55.797234] file system registered
[   55.799152] unloading
[   55.809416] ffs_data_put(): freeing
[   55.809713] ffs_data_put(): freeing
[   55.812801] file system registered
[   55.816274] unloading
[   55.821247] ffs_data_put(): freeing
[   55.823412] file system registered
[   55.825219] unloading
[   55.832822] file system registered
[   55.836784] unloading
[   55.842032] ffs_data_put(): freeing
[   55.844360] file system registered
[   55.846212] unloading
[   55.851234] ffs_data_put(): freeing
[   55.853140] file system registered
[   55.854838] unloading
[   55.859423] ffs_data_put(): freeing
[   55.859501] ffs_data_put(): freeing
[   55.861561] file system registered
[   55.863393] unloading
[   55.871109] file system registered
[   55.872998] unloading
[   55.877492] ffs_data_put(): freeing
[   55.878086] ffs_data_put(): freeing
[   55.879223] file system registered
[   55.880889] unloading
[   55.888279] file system registered
[   55.890034] unloading
[   55.901080] ffs_data_put(): freeing
[   55.903266] file system registered
[   55.905116] unloading
[   55.915213] ffs_data_put(): freeing
[   55.917490] file system registered
[   55.919110] unloading
[   55.925217] ffs_data_put(): freeing
[   55.927838] file system registered
[   55.931134] unloading
[   55.938188] ffs_data_put(): freeing
[   55.938284] ffs_data_put(): freeing
[   55.940155] file system registered
[   55.942121] unloading
[   55.951353] ffs_data_put(): freeing
[   55.954309] file system registered
[   55.956492] unloading
[   55.963020] ffs_data_put(): freeing
[   55.964116] file system registered
[   55.965220] unloading
[   55.971164] ffs_data_put(): freeing
[   55.972307] file system registered
[   55.973823] unloading
[   55.980205] ffs_data_put(): freeing
[   55.982194] file system registered
[   55.984029] unloading
[   55.994456] ffs_data_put(): freeing
[   55.994631] ffs_data_put(): freeing
[   55.996086] file system registered
[   55.998413] unloading
[   56.006290] ffs_data_put(): freeing
[   56.006485] ffs_data_put(): freeing
[   56.009798] file system registered
[   56.012934] unloading
[   56.023978] file system registered
[   56.026443] unloading
[   56.033378] ffs_data_put(): freeing
[   56.033451] ffs_data_put(): freeing
[   56.035401] file system registered
[   56.037465] unloading
[   56.045231] ffs_data_put(): freeing
[   56.046381] file system registered
[   56.048243] unloading
[   56.057498] ffs_data_put(): freeing
[   56.060035] file system registered
[   56.062399] unloading
[   56.067459] ffs_data_put(): freeing
[   56.069424] file system registered
[   56.071391] unloading
[   56.078511] ffs_data_put(): freeing
[   56.079156] ffs_data_put(): freeing
[   56.080693] file system registered
[   56.082132] unloading
[   56.091199] ffs_data_put(): freeing
[   56.091467] ffs_data_put(): freeing
[   56.091838] ffs_data_put(): freeing
[   56.092338] file system registered
[   56.094034] unloading
[   56.098230] ffs_data_put(): freeing
[   56.102496] file system registered
[   56.107925] unloading
[   56.114313] ffs_data_put(): freeing
[   56.114466] ffs_data_put(): freeing
[   56.114757] ffs_data_put(): freeing
[   56.116415] file system registered
[   56.119376] unloading
[   56.127903] ffs_data_put(): freeing
[   56.130779] file system registered
[   56.132539] unloading
[   56.140303] ffs_data_put(): freeing
[   56.143511] file system registered
[   56.147391] unloading
[   56.154316] ffs_data_put(): freeing
[   56.156496] file system registered
[   56.158151] unloading
[   56.166198] ffs_data_put(): freeing
[   56.168431] file system registered
[   56.169989] unloading
[   56.175211] ffs_data_put(): freeing
[   56.178417] file system registered
[   56.180314] unloading
[   56.186148] ffs_data_put(): freeing
[   56.189427] file system registered
[   56.191199] unloading
[   56.201263] file system registered
[   56.202478] unloading
[   56.207071] ffs_data_put(): freeing
[   56.208819] file system registered
[   56.210117] unloading
[   56.216125] ffs_data_put(): freeing
[   56.216253] ffs_data_put(): freeing
[   56.216356] ffs_data_put(): freeing
[   56.218310] file system registered
[   56.220104] ffs_data_put(): freeing
[   56.220212] unloading
[   56.230250] ffs_data_put(): freeing
[   56.231877] ffs_data_put(): freeing
[   56.233862] file system registered
[   56.237067] unloading
[   56.247184] ffs_data_put(): freeing
[   56.248858] file system registered
[   56.251662] unloading
[   56.259849] ffs_data_put(): freeing
[   56.259879] ffs_data_put(): freeing
[   56.261348] file system registered
[   56.263106] unloading
[   56.269413] ffs_data_put(): freeing
[   56.271901] ffs_data_put(): freeing
[   56.272246] file system registered
[   56.274180] unloading
[   56.283740] file system registered
[   56.285298] unloading
[   56.291312] ffs_data_put(): freeing
[   56.293868] file system registered
[   56.295188] unloading
[   56.303241] ffs_data_put(): freeing
[   56.305364] file system registered
[   56.307145] unloading
[   56.315321] ffs_data_put(): freeing
[   56.317881] file system registered
[   56.319377] unloading
[   56.327318] ffs_data_put(): freeing
[   56.327859] ffs_data_put(): freeing
[   56.330154] file system registered
[   56.332182] unloading
[   56.340450] ffs_data_put(): freeing
[   56.343155] file system registered
[   56.346894] unloading
[   56.354408] ffs_data_put(): freeing
[   56.354483] ffs_data_put(): freeing
[   56.355243] ffs_data_put(): freeing
[   56.356513] file system registered
[   56.358880] unloading
[   56.364256] ffs_data_put(): freeing
[   56.364446] ffs_data_put(): freeing
[   56.364482] ffs_data_put(): freeing
[   56.367140] file system registered
[   56.369132] unloading
[   56.373374] ffs_data_put(): freeing
[   56.376370] file system registered
[   56.378796] unloading
[   56.386428] ffs_data_put(): freeing
[   56.389071] file system registered
[   56.391121] unloading
[   56.396534] ffs_data_put(): freeing
[   56.400406] file system registered
[   56.402846] unloading
[   56.408129] ffs_data_put(): freeing
[   56.408212] ffs_data_put(): freeing
[   56.410826] file system registered
[   56.412272] unloading
[   56.422083] ffs_data_put(): freeing
[   56.424377] file system registered
[   56.426485] unloading
[   56.435288] file system registered
[   56.437299] unloading
[   56.444455] file system registered
[   56.446242] unloading
[   56.456181] ffs_data_put(): freeing
[   56.456288] ffs_data_put(): freeing
[   56.458391] file system registered
[   56.461970] unloading
[   56.467390] ffs_data_put(): freeing
[   56.470980] file system registered
[   56.473937] unloading
[   56.487221] ffs_data_put(): freeing
[   56.487340] ffs_data_put(): freeing
[   56.490465] file system registered
[   56.493206] unloading
[   56.501286] ffs_data_put(): freeing
[   56.502039] ffs_data_put(): freeing
[   56.502174] ffs_data_put(): freeing
[   56.504096] file system registered
[   56.507409] unloading
[   56.519475] ffs_data_put(): freeing
[   56.520837] ffs_data_put(): freeing
[   56.524191] file system registered
[   56.529700] unloading
[   56.535364] ffs_data_put(): freeing
[   56.538046] file system registered
[   56.540498] unloading
[   56.547494] ffs_data_put(): freeing
[   56.549868] file system registered
[   56.552004] unloading
[   56.559058] ffs_data_put(): freeing
[   56.560303] file system registered
[   56.562426] unloading
[   56.572293] ffs_data_put(): freeing
[   56.572413] ffs_data_put(): freeing
[   56.576255] file system registered
[   56.578237] unloading
[   56.584034] ffs_data_put(): freeing
[   56.585062] file system registered
[   56.586376] unloading
[   56.592421] ffs_data_put(): freeing
[   56.594367] file system registered
[   56.595858] unloading
[   56.601179] ffs_data_put(): freeing
[   56.603417] file system registered
[   56.605376] unloading
[   56.615476] ffs_data_put(): freeing
[   56.615799] ffs_data_put(): freeing
[   56.617432] file system registered
[   56.618942] unloading
[   56.625342] ffs_data_put(): freeing
[   56.625819] ffs_data_put(): freeing
[   56.625877] ffs_data_put(): freeing
[   56.628214] file system registered
[   56.630381] unloading
[   56.639870] ffs_data_put(): freeing
[   56.640072] ffs_data_put(): freeing
[   56.641473] file system registered
[   56.644397] unloading
[   56.649740] ffs_data_put(): freeing
[   56.649919] ffs_data_put(): freeing
[   56.652437] file system registered
[   56.656112] unloading
[   56.663328] ffs_data_put(): freeing
[   56.663320] ffs_data_put(): freeing
[   56.666127] file system registered
[   56.669237] unloading
[   56.681888] file system registered
[   56.683204] unloading
[   56.693050] ffs_data_put(): freeing
[   56.694347] file system registered
[   56.696640] unloading
[   56.706154] ffs_data_put(): freeing
[   56.708469] file system registered
[   56.710964] unloading
[   56.718473] file system registered
[   56.720411] unloading
[   56.726199] ffs_data_put(): freeing
[   56.728784] file system registered
[   56.730222] unloading
[   56.738347] file system registered
[   56.739483] unloading
[   56.745357] ffs_data_put(): freeing
[   56.747237] file system registered
[   56.748915] unloading
[   56.758225] ffs_data_put(): freeing
[   56.761336] file system registered
[   56.763466] unloading
[   56.770190] ffs_data_put(): freeing
[   56.772097] file system registered
[   56.773869] unloading
[   56.779208] ffs_data_put(): freeing
[   56.781194] file system registered
[   56.782128] unloading
[   56.787055] ffs_data_put(): freeing
[   56.790049] file system registered
[   56.792047] unloading
[   56.798131] ffs_data_put(): freeing
[   56.798254] ffs_data_put(): freeing
[   56.799406] file system registered
[   56.800970] unloading
[   56.805153] ffs_data_put(): freeing
[   56.805336] ffs_data_put(): freeing
[   56.805408] ffs_data_put(): freeing
[   56.806314] file system registered
[   56.807809] unloading
[   56.813099] ffs_data_put(): freeing
[   56.813265] ffs_data_put(): freeing
[   56.813352] ffs_data_put(): freeing
[   56.815119] file system registered
[   56.817063] unloading
[   56.826355] ffs_data_put(): freeing
[   56.828901] file system registered
[   56.830308] unloading
[   56.835188] ffs_data_put(): freeing
[   56.835323] ffs_data_put(): freeing
[   56.836960] ffs_data_put(): freeing
[   56.837972] file system registered
[   56.841082] unloading
[   56.847127] ffs_data_put(): freeing
[   56.850447] file system registered
[   56.852511] unloading
[   56.860202] ffs_data_put(): freeing
[   56.860358] ffs_data_put(): freeing
[   56.861373] file system registered
[   56.863903] unloading
[   56.869437] ffs_data_put(): freeing
[   56.869704] ffs_data_put(): freeing
[   56.869920] ffs_data_put(): freeing
[   56.870025] ffs_data_put(): freeing
[   56.872610] file system registered
[   56.875102] unloading
[   56.882130] file system registered
[   56.884337] unloading
[   56.894247] file system registered
[   56.896129] unloading
[   56.901520] ffs_data_put(): freeing
[   56.903410] file system registered
[   56.905174] unloading
[   56.912167] ffs_data_put(): freeing
[   56.913500] file system registered
[   56.915048] unloading
[   56.926169] ffs_data_put(): freeing
[   56.928518] file system registered
[   56.930045] unloading
[   56.940497] ffs_data_put(): freeing
[   56.944295] file system registered
[   56.946342] unloading
[   56.953434] ffs_data_put(): freeing
[   56.955934] file system registered
[   56.958525] unloading
[   56.966252] ffs_data_put(): freeing
[   56.966434] ffs_data_put(): freeing
[   56.967039] ffs_data_put(): freeing
[   56.968481] file system registered
[   56.970341] unloading
[   56.985344] file system registered
[   56.988495] unloading
[   56.997235] ffs_data_put(): freeing
[   56.999499] file system registered
[   57.001444] unloading
[   57.006123] ffs_data_put(): freeing
[   57.007475] file system registered
[   57.009486] unloading
[   57.014099] ffs_data_put(): freeing
[   57.014216] ffs_data_put(): freeing
[   57.016985] file system registered
[   57.019310] unloading
[   57.026141] ffs_data_put(): freeing
[   57.026286] ffs_data_put(): freeing
[   57.028223] file system registered
[   57.030313] unloading
[   57.038223] ffs_data_put(): freeing
[   57.038303] ffs_data_put(): freeing
[   57.040237] file system registered
[   57.042305] unloading
[   57.050272] ffs_data_put(): freeing
[   57.050403] ffs_data_put(): freeing
[   57.054966] file system registered
[   57.058342] unloading
[   57.070296] ffs_data_put(): freeing
[   57.070368] ffs_data_put(): freeing
[   57.073887] file system registered
[   57.075496] unloading
[   57.084083] ffs_data_put(): freeing
[   57.085736] file system registered
[   57.086997] unloading
[   57.091756] ffs_data_put(): freeing
[   57.093004] ffs_data_put(): freeing
[   57.094909] file system registered
[   57.097276] unloading
[   57.104864] file system registered
[   57.106938] unloading
[   57.114300] ffs_data_put(): freeing
[   57.117144] file system registered
[   57.118913] unloading
[   57.123179] ffs_data_put(): freeing
[   57.125209] file system registered
[   57.127339] unloading
[   57.138025] file system registered
[   57.139366] unloading
[   57.147108] file system registered
[   57.148838] ffs_data_put(): freeing
[   57.149294] unloading
[   57.154888] ffs_data_put(): freeing
[   57.155973] file system registered
[   57.157100] unloading
[   57.163022] ffs_data_put(): freeing
[   57.165417] file system registered
[   57.167168] unloading
[   57.173179] ffs_data_put(): freeing
[   57.175270] file system registered
[   57.176556] unloading
[   57.182150] ffs_data_put(): freeing
[   57.182229] ffs_data_put(): freeing
[   57.184875] file system registered
[   57.186879] ffs_data_put(): freeing
[   57.187068] unloading
[   57.194179] ffs_data_put(): freeing
[   57.196251] file system registered
[   57.198007] unloading
[   57.206085] ffs_data_put(): freeing
[   57.207864] file system registered
[   57.208906] unloading
[   57.213119] ffs_data_put(): freeing
[   57.215857] file system registered
[   57.217482] unloading
[   57.224269] ffs_data_put(): freeing
[   57.226437] file system registered
[   57.228308] unloading
[   57.241424] file system registered
[   57.243091] unloading
[   57.257254] ffs_data_put(): freeing
[   57.257426] ffs_data_put(): freeing
[   57.258218] ffs_data_put(): freeing
[   57.259793] file system registered
[   57.261428] unloading
[   57.270071] ffs_data_put(): freeing
[   57.276488] file system registered
[   57.281985] unloading
[   57.287452] ffs_data_put(): freeing
[   57.290117] file system registered
[   57.292412] unloading
[   57.298131] ffs_data_put(): freeing
[   57.298303] ffs_data_put(): freeing
[   57.298372] ffs_data_put(): freeing
[   57.300167] file system registered
[   57.301491] unloading
[   57.306332] ffs_data_put(): freeing
[   57.308116] file system registered
[   57.310408] unloading
[   57.317102] ffs_data_put(): freeing
[   57.318366] file system registered
[   57.320123] unloading
[   57.330108] file system registered
[   57.331814] unloading
[   57.343207] ffs_data_put(): freeing
[   57.343358] ffs_data_put(): freeing
[   57.345281] file system registered
[   57.347247] unloading
[   57.357420] ffs_data_put(): freeing
[   57.361262] file system registered
[   57.363144] unloading
[   57.373884] file system registered
[   57.378300] unloading
[   57.386165] ffs_data_put(): freeing
[   57.386286] ffs_data_put(): freeing
[   57.386362] ffs_data_put(): freeing
[   57.388843] file system registered
[   57.390726] unloading
[   57.405403] ffs_data_put(): freeing
[   57.407250] file system registered
[   57.409746] unloading
[   57.416479] ffs_data_put(): freeing
[   57.417914] ffs_data_put(): freeing
[   57.420068] file system registered
[   57.423890] unloading
[   57.430525] ffs_data_put(): freeing
[   57.431021] ffs_data_put(): freeing
[   57.432448] file system registered
[   57.434455] unloading
[   57.445446] ffs_data_put(): freeing
[   57.445873] ffs_data_put(): freeing
[   57.445963] ffs_data_put(): freeing
[   57.448175] file system registered
[   57.449714] unloading
[   57.457962] file system registered
[   57.461293] unloading
[   57.466308] ffs_data_put(): freeing
[   57.468780] file system registered
[   57.470370] unloading
[   57.478742] ffs_data_put(): freeing
[   57.478912] ffs_data_put(): freeing
[   57.479335] ffs_data_put(): freeing
[   57.479943] file system registered
[   57.481987] ffs_data_put(): freeing
[   57.482444] unloading
[   57.489429] ffs_data_put(): freeing
[   57.491708] file system registered
[   57.493205] unloading
[   57.502502] file system registered
[   57.503834] unloading
[   57.510165] ffs_data_put(): freeing
[   57.512186] file system registered
[   57.514341] unloading
[   57.522139] ffs_data_put(): freeing
[   57.525091] file system registered
[   57.527898] unloading
[   57.540306] file system registered
[   57.541998] unloading
[   57.552153] ffs_data_put(): freeing
[   57.552217] ffs_data_put(): freeing
[   57.554736] file system registered
[   57.556430] unloading
[   57.564338] ffs_data_put(): freeing
[   57.567229] file system registered
[   57.569885] ffs_data_put(): freeing
[   57.571048] unloading
[   57.578393] ffs_data_put(): freeing
[   57.578651] ffs_data_put(): freeing
[   57.578854] ffs_data_put(): freeing
[   57.580843] file system registered
[   57.582846] unloading
[   57.594997] file system registered
[   57.597135] unloading
[   57.607356] ffs_data_put(): freeing
[   57.607461] ffs_data_put(): freeing
[   57.609207] file system registered
[   57.611428] unloading
[   57.618166] ffs_data_put(): freeing
[   57.622743] file system registered
[   57.624449] unloading
[   57.631093] ffs_data_put(): freeing
[   57.631237] ffs_data_put(): freeing
[   57.632301] file system registered
[   57.634060] ffs_data_put(): freeing
[   57.634155] unloading
[   57.649464] ffs_data_put(): freeing
[   57.652239] file system registered
[   57.654782] unloading
[   57.662104] ffs_data_put(): freeing
[   57.665074] file system registered
[   57.667408] unloading
[   57.673366] ffs_data_put(): freeing
[   57.673968] ffs_data_put(): freeing
[   57.674068] ffs_data_put(): freeing
[   57.675467] file system registered
[   57.677458] unloading
[   57.681363] ffs_data_put(): freeing
[   57.683408] file system registered
[   57.685408] unloading
[   57.696179] ffs_data_put(): freeing
[   57.699281] file system registered
[   57.701777] unloading
[   57.708103] ffs_data_put(): freeing
[   57.710081] file system registered
[   57.711486] unloading
[   57.716805] file system registered
[   57.718127] unloading
[   57.724937] file system registered
[   57.726379] unloading
[   57.736092] ffs_data_put(): freeing
[   57.736263] ffs_data_put(): freeing
[   57.736391] ffs_data_put(): freeing
[   57.738231] file system registered
[   57.740182] unloading
[   57.749113] ffs_data_put(): freeing
[   57.751491] file system registered
[   57.753997] unloading
[   57.761326] ffs_data_put(): freeing
[   57.762963] file system registered
[   57.764377] unloading
[   57.770242] ffs_data_put(): freeing
[   57.770454] ffs_data_put(): freeing
[   57.774077] file system registered
[   57.777041] unloading
[   57.786084] ffs_data_put(): freeing
[   57.787447] file system registered
[   57.789350] unloading
[   57.801334] file system registered
[   57.803300] unloading
[   57.814394] ffs_data_put(): freeing
[   57.814481] ffs_data_put(): freeing
[   57.816927] file system registered
[   57.819060] unloading
[   57.831446] ffs_data_put(): freeing
[   57.833241] file system registered
[   57.835229] unloading
[   57.844407] ffs_data_put(): freeing
[   57.846732] file system registered
[   57.848245] unloading
[   57.858220] ffs_data_put(): freeing
[   57.863014] file system registered
[   57.865426] unloading
[   57.872191] ffs_data_put(): freeing
[   57.874030] file system registered
[   57.875372] unloading
[   57.881213] ffs_data_put(): freeing
[   57.883172] file system registered
[   57.885120] unloading
[   57.894370] ffs_data_put(): freeing
[   57.894436] ffs_data_put(): freeing
[   57.897280] file system registered
[   57.899276] unloading
[   57.903801] ffs_data_put(): freeing
[   57.905068] file system registered
[   57.906096] unloading
[   57.913853] file system registered
[   57.915198] unloading
[   57.922822] file system registered
[   57.924021] unloading
[   57.930766] file system registered
[   57.931900] unloading
[   57.937106] ffs_data_put(): freeing
[   57.938823] file system registered
[   57.940023] unloading
[   57.944995] ffs_data_put(): freeing
[   57.945091] ffs_data_put(): freeing
[   57.946230] file system registered
[   57.947793] unloading
[   57.957034] ffs_data_put(): freeing
[   57.958482] file system registered
[   57.960042] unloading
[   57.969881] file system registered
[   57.971105] unloading
[   57.981238] ffs_data_put(): freeing
[   57.983015] file system registered
[   57.984146] unloading
[   57.992884] file system registered
[   57.994199] unloading
[   58.005116] ffs_data_put(): freeing
[   58.005306] ffs_data_put(): freeing
[   58.005424] ffs_data_put(): freeing
[   58.007777] file system registered
[   58.009425] unloading
[   58.017289] ffs_data_put(): freeing
[   58.017851] ffs_data_put(): freeing
[   58.018018] ffs_data_put(): freeing
[   58.018131] ffs_data_put(): freeing
[   58.019073] file system registered
[   58.021367] unloading
[   58.030495] ffs_data_put(): freeing
[   58.031092] ffs_data_put(): freeing
[   58.031361] ffs_data_put(): freeing
[   58.031757] ffs_data_put(): freeing
[   58.034177] file system registered
[   58.037419] unloading
[   58.049401] ffs_data_put(): freeing
[   58.052469] file system registered
[   58.055425] unloading
[   58.061402] ffs_data_put(): freeing
[   58.065047] file system registered
[   58.067794] unloading
[   58.073135] ffs_data_put(): freeing
[   58.076166] file system registered
[   58.077387] unloading
[   58.088153] ffs_data_put(): freeing
[   58.091249] file system registered
[   58.094325] unloading
[   58.100999] ffs_data_put(): freeing
[   58.103045] file system registered
[   58.105144] unloading
[   58.118291] file system registered
[   58.120937] unloading
[   58.128166] ffs_data_put(): freeing
[   58.128243] ffs_data_put(): freeing
[   58.130240] file system registered
[   58.131827] unloading
[   58.138091] ffs_data_put(): freeing
[   58.138193] ffs_data_put(): freeing
[   58.140341] file system registered
[   58.141955] unloading
[   58.150249] file system registered
[   58.152111] unloading
[   58.158081] ffs_data_put(): freeing
[   58.160058] file system registered
[   58.161388] unloading
[   58.165964] ffs_data_put(): freeing
[   58.168384] file system registered
[   58.169881] unloading
[   58.179781] file system registered
[   58.181110] unloading
[   58.186057] ffs_data_put(): freeing
[   58.187762] file system registered
[   58.189290] unloading
[   58.196307] ffs_data_put(): freeing
[   58.197813] file system registered
[   58.199150] unloading
[   58.205055] ffs_data_put(): freeing
[   58.207291] file system registered
[   58.209195] unloading
[   58.217163] ffs_data_put(): freeing
[   58.217245] ffs_data_put(): freeing
[   58.219766] file system registered
[   58.223263] unloading
[   58.230159] ffs_data_put(): freeing
[   58.230234] ffs_data_put(): freeing
[   58.232313] file system registered
[   58.234505] unloading
[   58.240333] ffs_data_put(): freeing
[   58.240423] ffs_data_put(): freeing
[   58.243279] file system registered
[   58.244899] unloading
[   58.252238] ffs_data_put(): freeing
[   58.254862] file system registered
[   58.256414] unloading
[   58.261220] ffs_data_put(): freeing
[   58.262993] file system registered
[   58.264226] unloading
[   58.273886] file system registered
[   58.275032] unloading
[   58.282040] ffs_data_put(): freeing
[   58.283200] file system registered
[   58.284354] unloading
[   58.291144] ffs_data_put(): freeing
[   58.294766] file system registered
[   58.296948] unloading
[   58.304038] ffs_data_put(): freeing
[   58.306495] file system registered
[   58.309017] unloading
[   58.316148] ffs_data_put(): freeing
[   58.316254] ffs_data_put(): freeing
[   58.319135] file system registered
[   58.321850] unloading
[   58.329231] ffs_data_put(): freeing
[   58.330959] file system registered
[   58.332744] unloading
[   58.332756] ffs_data_put(): freeing
[   58.343900] ffs_data_put(): freeing
[   58.343939] ffs_data_put(): freeing
[   58.345608] file system registered
[   58.348993] unloading
[   58.356172] ffs_data_put(): freeing
[   58.359027] file system registered
[   58.361898] unloading
[   58.370776] ffs_data_put(): freeing
[   58.371119] ffs_data_put(): freeing
[   58.372463] file system registered
[   58.375036] unloading
[   58.380261] ffs_data_put(): freeing
[   58.380778] ffs_data_put(): freeing
[   58.382240] file system registered
[   58.384448] unloading
[   58.394210] ffs_data_put(): freeing
[   58.394428] ffs_data_put(): freeing
[   58.396440] file system registered
[   58.398147] unloading
[   58.409502] ffs_data_put(): freeing
[   58.409990] ffs_data_put(): freeing
[   58.411851] file system registered
[   58.413961] unloading
[   58.421382] ffs_data_put(): freeing
[   58.423414] file system registered
[   58.425974] unloading
[   58.434336] ffs_data_put(): freeing
[   58.434426] ffs_data_put(): freeing
[   58.436285] file system registered
[   58.437880] unloading
[   58.447115] file system registered
[   58.448987] unloading
[   58.456218] ffs_data_put(): freeing
[   58.459325] file system registered
[   58.461332] unloading
[   58.470315] ffs_data_put(): freeing
[   58.470536] ffs_data_put(): freeing
[   58.470808] ffs_data_put(): freeing
[   58.472740] file system registered
[   58.475044] unloading
[   58.483988] ffs_data_put(): freeing
[   58.484119] ffs_data_put(): freeing
[   58.485944] file system registered
[   58.487442] unloading
[   58.497255] ffs_data_put(): freeing
[   58.498400] file system registered
[   58.500900] unloading
[   58.508249] file system registered
[   58.510245] unloading
[   58.517769] file system registered
[   58.519353] unloading
[   58.529500] file system registered
[   58.531878] unloading
[   58.537755] ffs_data_put(): freeing
[   58.539217] file system registered
[   58.541250] unloading
[   58.547094] ffs_data_put(): freeing
[   58.550104] file system registered
[   58.552282] unloading
[   58.562088] ffs_data_put(): freeing
[   58.565020] file system registered
[   58.567286] unloading
[   58.573093] ffs_data_put(): freeing
[   58.573388] ffs_data_put(): freeing
[   58.574059] file system registered
[   58.575220] unloading
[   58.585137] ffs_data_put(): freeing
[   58.585248] ffs_data_put(): freeing
[   58.587278] file system registered
[   58.589346] unloading
[   58.600454] file system registered
[   58.602414] unloading
[   58.612113] file system registered
[   58.613370] unloading
[   58.619188] ffs_data_put(): freeing
[   58.621338] file system registered
[   58.623207] unloading
[   58.638214] ffs_data_put(): freeing
[   58.638442] ffs_data_put(): freeing
[   58.640855] file system registered
[   58.642788] unloading
[   58.651199] ffs_data_put(): freeing
[   58.653762] file system registered
[   58.656427] unloading
[   58.663221] ffs_data_put(): freeing
[   58.663360] ffs_data_put(): freeing
[   58.663462] ffs_data_put(): freeing
[   58.666502] file system registered
[   58.668540] unloading
[   58.674931] ffs_data_put(): freeing
[   58.677250] file system registered
[   58.679440] unloading
[   58.690148] file system registered
[   58.691511] unloading
[   58.700341] file system registered
[   58.702192] unloading
[   58.709469] ffs_data_put(): freeing
[   58.710385] ffs_data_put(): freeing
[   58.710515] ffs_data_put(): freeing
[   58.712295] file system registered
[   58.714929] unloading
[   58.721204] ffs_data_put(): freeing
[   58.721452] ffs_data_put(): freeing
[   58.721952] ffs_data_put(): freeing
[   58.722033] ffs_data_put(): freeing
[   58.723164] file system registered
[   58.725124] unloading
[   58.735280] ffs_data_put(): freeing
[   58.735500] ffs_data_put(): freeing
[   58.735860] ffs_data_put(): freeing
[   58.735954] ffs_data_put(): freeing
[   58.737419] file system registered
[   58.740081] unloading
[   58.757973] ffs_data_put(): freeing
[   58.758281] ffs_data_put(): freeing
[   58.758493] ffs_data_put(): freeing
[   58.762960] file system registered
[   58.768250] unloading
[   58.781828] file system registered
[   58.784331] unloading
[   58.791484] ffs_data_put(): freeing
[   58.794149] file system registered
[   58.797029] unloading
[   58.807333] ffs_data_put(): freeing
[   58.810000] file system registered
[   58.813242] unloading
[   58.826344] file system registered
[   58.827462] unloading
[   58.836938] file system registered
[   58.839234] unloading
[   58.859104] ffs_data_put(): freeing
[   58.859150] ffs_data_put(): freeing
[   58.861264] file system registered
[   58.864374] unloading
[   58.876877] ffs_data_put(): freeing
[   58.876982] ffs_data_put(): freeing
[   58.879373] file system registered
[   58.882418] unloading
[   58.889339] ffs_data_put(): freeing
[   58.889799] ffs_data_put(): freeing
[   58.889951] ffs_data_put(): freeing
[   58.890010] ffs_data_put(): freeing
[   58.892012] file system registered
[   58.894780] unloading
[   58.901934] ffs_data_put(): freeing
[   58.902025] ffs_data_put(): freeing
[   58.903419] file system registered
[   58.905289] unloading
[   58.911337] ffs_data_put(): freeing
[   58.914149] file system registered
[   58.916260] unloading
[   58.925366] ffs_data_put(): freeing
[   58.925500] ffs_data_put(): freeing
[   58.927157] file system registered
[   58.930019] unloading
[   58.937250] ffs_data_put(): freeing
[   58.937371] ffs_data_put(): freeing
[   58.940326] file system registered
[   58.942943] unloading
[   58.953936] file system registered
[   58.956499] unloading
[   58.964615] file system registered
[   58.966930] unloading
[   58.976223] file system registered
[   58.979082] unloading
[   58.988342] ffs_data_put(): freeing
[   58.988502] ffs_data_put(): freeing
[   58.990891] file system registered
[   58.992299] unloading
[   59.003120] file system registered
[   59.004462] unloading
[   59.013843] file system registered
[   59.016299] unloading
[   59.026052] ffs_data_put(): freeing
[   59.028449] file system registered
[   59.031862] unloading
[   59.037802] ffs_data_put(): freeing
[   59.038975] file system registered
[   59.040111] unloading
[   59.045092] ffs_data_put(): freeing
[   59.045206] ffs_data_put(): freeing
[   59.045305] ffs_data_put(): freeing
[   59.046296] file system registered
[   59.047954] unloading
[   59.053079] ffs_data_put(): freeing
[   59.053225] ffs_data_put(): freeing
[   59.053332] ffs_data_put(): freeing
[   59.054914] file system registered
[   59.056377] unloading
[   59.062316] ffs_data_put(): freeing
[   59.065138] file system registered
[   59.069120] unloading
[   59.079813] file system registered
[   59.080838] unloading
[   59.088300] file system registered
[   59.090373] unloading
[   59.099234] ffs_data_put(): freeing
[   59.099870] ffs_data_put(): freeing
[   59.100101] ffs_data_put(): freeing
[   59.101033] file system registered
[   59.103171] unloading
[   59.113255] ffs_data_put(): freeing
[   59.113511] ffs_data_put(): freeing
[   59.113962] ffs_data_put(): freeing
[   59.116415] file system registered
[   59.118987] unloading
[   59.127975] file system registered
[   59.130535] unloading
[   59.140222] file system registered
[   59.142331] unloading
[   59.148452] ffs_data_put(): freeing
[   59.148971] ffs_data_put(): freeing
[   59.149340] ffs_data_put(): freeing
[   59.150806] file system registered
[   59.152448] unloading
[   59.160381] ffs_data_put(): freeing
[   59.162888] file system registered
[   59.164923] unloading
[   59.171239] ffs_data_put(): freeing
[   59.171341] ffs_data_put(): freeing
[   59.173500] file system registered
[   59.175344] unloading
[   59.183348] file system registered
[   59.184899] unloading
[   59.196479] file system registered
[   59.198295] unloading
[   59.205110] ffs_data_put(): freeing
[   59.207375] file system registered
[   59.208936] unloading
[   59.219228] ffs_data_put(): freeing
[   59.221906] file system registered
[   59.225818] unloading
[   59.230441] ffs_data_put(): freeing
[   59.231441] ffs_data_put(): freeing
[   59.233268] file system registered
[   59.235270] unloading
[   59.241177] ffs_data_put(): freeing
[   59.241404] ffs_data_put(): freeing
[   59.244217] file system registered
[   59.246401] unloading
[   59.253708] ffs_data_put(): freeing
[   59.255382] file system registered
[   59.257074] unloading
[   59.265300] ffs_data_put(): freeing
[   59.265736] ffs_data_put(): freeing
[   59.265832] ffs_data_put(): freeing
[   59.267183] file system registered
[   59.268918] unloading
[   59.274214] ffs_data_put(): freeing
[   59.274731] ffs_data_put(): freeing
[   59.274771] ffs_data_put(): freeing
[   59.276257] file system registered
[   59.277160] unloading
[   59.283407] ffs_data_put(): freeing
[   59.286969] file system registered
[   59.289186] unloading
[   59.298483] ffs_data_put(): freeing
[   59.301301] file system registered
[   59.303358] unloading
[   59.313255] ffs_data_put(): freeing
[   59.315471] file system registered
[   59.317927] unloading
[   59.326505] file system registered
[   59.327472] unloading
[   59.335132] file system registered
[   59.336413] unloading
[   59.341462] ffs_data_put(): freeing
[   59.343098] file system registered
[   59.344186] unloading
[   59.349065] ffs_data_put(): freeing
[   59.349188] ffs_data_put(): freeing
[   59.352127] file system registered
[   59.354428] unloading
[   59.363233] ffs_data_put(): freeing
[   59.365024] file system registered
[   59.366479] unloading
[   59.374229] ffs_data_put(): freeing
[   59.376812] file system registered
[   59.378302] unloading
[   59.386182] ffs_data_put(): freeing
[   59.386287] ffs_data_put(): freeing
[   59.388478] file system registered
[   59.391210] unloading
[   59.400369] file system registered
[   59.402316] unloading
[   59.411089] ffs_data_put(): freeing
[   59.411184] ffs_data_put(): freeing
[   59.413191] file system registered
[   59.414707] unloading
[   59.419218] ffs_data_put(): freeing
[   59.421540] file system registered
[   59.423864] unloading
[   59.432326] ffs_data_put(): freeing
[   59.432435] ffs_data_put(): freeing
[   59.434258] file system registered
[   59.436515] unloading
[   59.444305] ffs_data_put(): freeing
[   59.445312] ffs_data_put(): freeing
[   59.446459] file system registered
[   59.448146] unloading
[   59.460356] ffs_data_put(): freeing
[   59.461959] file system registered
[   59.463464] unloading
[   59.469326] ffs_data_put(): freeing
[   59.471319] file system registered
[   59.472986] unloading
[   59.479348] ffs_data_put(): freeing
[   59.482882] file system registered
[   59.484753] unloading
[   59.490269] ffs_data_put(): freeing
[   59.493318] file system registered
[   59.495459] unloading
[   59.501338] ffs_data_put(): freeing
[   59.501509] ffs_data_put(): freeing
[   59.501832] ffs_data_put(): freeing
[   59.503829] file system registered
[   59.506389] unloading
[   59.515306] file system registered
[   59.518125] unloading
[   59.524010] ffs_data_put(): freeing
[   59.524152] ffs_data_put(): freeing
[   59.524263] ffs_data_put(): freeing
[   59.525486] file system registered
[   59.527179] unloading
[   59.532168] ffs_data_put(): freeing
[   59.532418] ffs_data_put(): freeing
[   59.532693] ffs_data_put(): freeing
[   59.536064] file system registered
[   59.540220] unloading
[   59.548203] ffs_data_put(): freeing
[   59.550290] file system registered
[   59.551746] unloading
[   59.557495] file system registered
[   59.559204] unloading
[   59.570411] file system registered
[   59.573227] unloading
[   59.587316] ffs_data_put(): freeing
[   59.587446] ffs_data_put(): freeing
[   59.587568] ffs_data_put(): freeing
[   59.590072] file system registered
[   59.592968] unloading
[   59.602155] file system registered
[   59.604036] unloading
[   59.612321] file system registered
[   59.614183] unloading
[   59.619431] file system registered
[   59.621219] unloading
[   59.631061] ffs_data_put(): freeing
[   59.632514] file system registered
[   59.634075] unloading
[   59.640162] ffs_data_put(): freeing
[   59.642370] file system registered
[   59.644185] unloading
[   59.652053] ffs_data_put(): freeing
[   59.652170] ffs_data_put(): freeing
[   59.654062] file system registered
[   59.656150] unloading
[   59.666451] file system registered
[   59.668516] unloading
[   59.676256] ffs_data_put(): freeing
[   59.679391] file system registered
[   59.682150] unloading
[   59.688160] ffs_data_put(): freeing
[   59.690461] file system registered
[   59.692296] unloading
[   59.700382] ffs_data_put(): freeing
[   59.700467] ffs_data_put(): freeing
[   59.701314] ffs_data_put(): freeing
[   59.702092] file system registered
[   59.703723] unloading
[   59.711793] file system registered
[   59.715326] unloading
[   59.722151] ffs_data_put(): freeing
[   59.724807] file system registered
[   59.726284] unloading
[   59.736307] ffs_data_put(): freeing
[   59.738444] file system registered
[   59.740349] unloading
[   59.745081] ffs_data_put(): freeing
[   59.745238] ffs_data_put(): freeing
[   59.746503] file system registered
[   59.747867] unloading
[   59.755451] ffs_data_put(): freeing
[   59.757458] file system registered
[   59.758718] unloading
[   59.766193] file system registered
[   59.768158] unloading
[   59.778943] file system registered
[   59.780301] unloading
[   59.787239] file system registered
[   59.789128] unloading
[   59.795763] file system registered
[   59.797065] unloading
[   59.804509] ffs_data_put(): freeing
[   59.804814] ffs_data_put(): freeing
[   59.804940] ffs_data_put(): freeing
[   59.806103] file system registered
[   59.808039] unloading
[   59.815406] ffs_data_put(): freeing
[   59.816009] ffs_data_put(): freeing
[   59.816096] ffs_data_put(): freeing
[   59.817381] file system registered
[   59.819412] unloading
[   59.825260] ffs_data_put(): freeing
[   59.825351] ffs_data_put(): freeing
[   59.827499] file system registered
[   59.830023] unloading
[   59.841283] ffs_data_put(): freeing
[   59.841374] ffs_data_put(): freeing
[   59.845252] file system registered
[   59.847884] unloading
[   59.855320] file system registered
[   59.858172] unloading
[   59.864074] ffs_data_put(): freeing
[   59.866067] file system registered
[   59.867820] unloading
[   59.874162] ffs_data_put(): freeing
[   59.876795] file system registered
[   59.878488] unloading
[   59.889323] ffs_data_put(): freeing
[   59.890015] ffs_data_put(): freeing
[   59.890839] file system registered
[   59.892254] unloading
[   59.899286] ffs_data_put(): freeing
[   59.901216] file system registered
[   59.902981] unloading
[   59.913257] ffs_data_put(): freeing
[   59.915375] file system registered
[   59.917023] unloading
[   59.929402] ffs_data_put(): freeing
[   59.929844] ffs_data_put(): freeing
[   59.930488] ffs_data_put(): freeing
[   59.931253] file system registered
[   59.933183] unloading
[   59.938253] ffs_data_put(): freeing
[   59.938335] ffs_data_put(): freeing
[   59.943469] file system registered
[   59.945481] unloading
[   59.955871] ffs_data_put(): freeing
[   59.955962] ffs_data_put(): freeing
[   59.959981] file system registered
[   59.964436] unloading
[   59.970227] ffs_data_put(): freeing
[   59.973088] file system registered
[   59.975030] unloading
[   59.981227] ffs_data_put(): freeing
[   59.981423] ffs_data_put(): freeing
[   59.981814] ffs_data_put(): freeing
[   59.983646] file system registered
[   59.985707] unloading
[   59.991401] ffs_data_put(): freeing
[   59.991801] ffs_data_put(): freeing
[   59.993071] ffs_data_put(): freeing
[   59.993150] ffs_data_put(): freeing
[   59.993829] file system registered
[   59.995304] unloading
[   60.002147] ffs_data_put(): freeing
[   60.002391] ffs_data_put(): freeing
[   60.005092] file system registered
[   60.007889] unloading
[   60.018881] ffs_data_put(): freeing
[   60.018921] ffs_data_put(): freeing
[   60.021967] file system registered
[   60.024911] unloading
[   60.037279] ffs_data_put(): freeing
[   60.037407] ffs_data_put(): freeing
[   60.040228] file system registered
[   60.044209] unloading
[   60.053868] ffs_data_put(): freeing
[   60.057310] file system registered
[   60.061008] unloading
[   60.066489] ffs_data_put(): freeing
[   60.066758] ffs_data_put(): freeing
[   60.068479] file system registered
[   60.072137] unloading
[   60.080506] ffs_data_put(): freeing
[   60.082442] file system registered
[   60.084244] unloading
[   60.090383] ffs_data_put(): freeing
[   60.093360] file system registered
[   60.095358] unloading
[   60.101158] ffs_data_put(): freeing
[   60.104327] file system registered
[   60.106240] ffs_data_put(): freeing
[   60.106492] unloading
[   60.113217] ffs_data_put(): freeing
[   60.115469] file system registered
[   60.117310] unloading
[   60.127166] ffs_data_put(): freeing
[   60.127278] ffs_data_put(): freeing
[   60.128974] file system registered
[   60.130473] unloading
[   60.136505] ffs_data_put(): freeing
[   60.136831] ffs_data_put(): freeing
[   60.139246] file system registered
[   60.141331] unloading
[   60.150155] file system registered
[   60.152474] unloading
[   60.159049] ffs_data_put(): freeing
[   60.159136] ffs_data_put(): freeing
[   60.161228] file system registered
[   60.162780] unloading
[   60.173428] file system registered
[   60.175027] unloading
[   60.181218] file system registered
[   60.183123] unloading
[   60.190080] file system registered
[   60.192047] unloading
[   60.201428] ffs_data_put(): freeing
[   60.201503] ffs_data_put(): freeing
[   60.203181] file system registered
[   60.205079] unloading
[   60.215349] ffs_data_put(): freeing
[   60.215470] ffs_data_put(): freeing
[   60.218987] file system registered
[   60.221884] unloading
[   60.232278] ffs_data_put(): freeing
[   60.234910] file system registered
[   60.236213] unloading
[   60.245322] ffs_data_put(): freeing
[   60.248331] file system registered
[   60.251248] unloading
[   60.260507] file system registered
[   60.262245] unloading
[   60.272260] ffs_data_put(): freeing
[   60.272354] ffs_data_put(): freeing
[   60.275769] file system registered
[   60.278028] unloading
[   60.289969] file system registered
[   60.291996] unloading
[   60.299301] ffs_data_put(): freeing
[   60.299450] ffs_data_put(): freeing
[   60.302423] file system registered
[   60.305169] unloading
[   60.316259] file system registered
[   60.318434] unloading
[   60.324362] ffs_data_put(): freeing
[   60.327092] file system registered
[   60.329017] ffs_data_put(): freeing
[   60.329229] unloading
[   60.337121] ffs_data_put(): freeing
[   60.337233] ffs_data_put(): freeing
[   60.339360] file system registered
[   60.341332] unloading
[   60.350290] file system registered
[   60.351999] unloading
[   60.358316] ffs_data_put(): freeing
[   60.359265] file system registered
[   60.360481] unloading
[   60.371165] file system registered
[   60.373348] unloading
[   60.382057] ffs_data_put(): freeing
[   60.384103] file system registered
[   60.386078] unloading
[   60.393349] ffs_data_put(): freeing
[   60.395237] file system registered
[   60.396444] unloading
[   60.401388] ffs_data_put(): freeing
[   60.401714] ffs_data_put(): freeing
[   60.402998] ffs_data_put(): freeing
[   60.404037] file system registered
[   60.406027] unloading
[   60.414239] file system registered
[   60.416378] unloading
[   60.428870] file system registered
[   60.431122] unloading
[   60.444284] ffs_data_put(): freeing
[   60.444382] ffs_data_put(): freeing
[   60.446437] file system registered
[   60.447686] unloading
[   60.456493] file system registered
[   60.458292] unloading
[   60.472237] ffs_data_put(): freeing
[   60.472406] ffs_data_put(): freeing
[   60.474404] file system registered
[   60.476346] unloading
[   60.487052] ffs_data_put(): freeing
[   60.489007] file system registered
[   60.491334] unloading
[   60.499476] file system registered
[   60.501219] unloading
[   60.509419] ffs_data_put(): freeing
[   60.511352] file system registered
[   60.513233] unloading
[   60.518221] ffs_data_put(): freeing
[   60.520310] file system registered
[   60.521889] ffs_data_put(): freeing
[   60.522020] unloading
[   60.531273] ffs_data_put(): freeing
[   60.531936] ffs_data_put(): freeing
[   60.533181] file system registered
[   60.535143] unloading
[   60.545249] ffs_data_put(): freeing
[   60.547768] file system registered
[   60.549340] unloading
[   60.555337] ffs_data_put(): freeing
[   60.559392] file system registered
[   60.561518] ffs_data_put(): freeing
[   60.562117] unloading
[   60.574488] ffs_data_put(): freeing
[   60.577307] file system registered
[   60.580188] unloading
[   60.588363] ffs_data_put(): freeing
[   60.591429] file system registered
[   60.593220] unloading
[   60.605236] file system registered
[   60.608303] unloading
[   60.616125] ffs_data_put(): freeing
[   60.616233] ffs_data_put(): freeing
[   60.616347] ffs_data_put(): freeing
[   60.618755] file system registered
[   60.621449] unloading
[   60.628208] file system registered
[   60.630373] unloading
[   60.638161] ffs_data_put(): freeing
[   60.640140] file system registered
[   60.641915] ffs_data_put(): freeing
[   60.642229] unloading
[   60.650163] ffs_data_put(): freeing
[   60.652097] file system registered
[   60.653463] unloading
[   60.659649] file system registered
[   60.660979] unloading
[   60.666491] ffs_data_put(): freeing
[   60.668280] file system registered
[   60.670789] unloading
[   60.679121] ffs_data_put(): freeing
[   60.679212] ffs_data_put(): freeing
[   60.681799] file system registered
[   60.683485] unloading
[   60.692872] file system registered
[   60.694323] unloading
[   60.700740] ffs_data_put(): freeing
[   60.702221] file system registered
[   60.703844] unloading
[   60.714373] ffs_data_put(): freeing
[   60.715373] ffs_data_put(): freeing
[   60.718168] file system registered
[   60.721045] unloading
[   60.728270] file system registered
[   60.730154] unloading
[   60.740143] ffs_data_put(): freeing
[   60.742372] file system registered
[   60.744314] unloading
[   60.751090] ffs_data_put(): freeing
[   60.753036] file system registered
[   60.754379] unloading
[   60.760167] ffs_data_put(): freeing
[   60.762283] file system registered
[   60.764177] unloading
[   60.771146] ffs_data_put(): freeing
[   60.771270] ffs_data_put(): freeing
[   60.771372] ffs_data_put(): freeing
[   60.773487] file system registered
[   60.775952] unloading
[   60.784146] file system registered
[   60.785453] unloading
[   60.790990] ffs_data_put(): freeing
[   60.792740] file system registered
[   60.794113] unloading
[   60.800024] ffs_data_put(): freeing
[   60.802014] file system registered
[   60.803316] unloading
[   60.811045] ffs_data_put(): freeing
[   60.812690] file system registered
[   60.814056] unloading
[   60.819809] file system registered
[   60.821053] unloading
[   60.827999] ffs_data_put(): freeing
[   60.829851] file system registered
[   60.831062] unloading
[   60.837118] ffs_data_put(): freeing
[   60.838917] file system registered
[   60.840225] unloading
[   60.848081] file system registered
[   60.849167] unloading
[   60.858786] file system registered
[   60.860149] unloading
[   60.865204] ffs_data_put(): freeing
[   60.868842] file system registered
[   60.870167] unloading
[   60.878209] ffs_data_put(): freeing
[   60.878346] ffs_data_put(): freeing
[   60.878453] ffs_data_put(): freeing
[   60.880081] file system registered
[   60.882159] unloading
[   60.891851] file system registered
[   60.893162] unloading
[   60.898100] ffs_data_put(): freeing
[   60.900095] file system registered
[   60.900971] unloading
[   60.910221] ffs_data_put(): freeing
[   60.910325] ffs_data_put(): freeing
[   60.912661] file system registered
[   60.915928] ffs_data_put(): freeing
[   60.916164] unloading
[   60.922792] ffs_data_put(): freeing
[   60.922863] ffs_data_put(): freeing
[   60.925365] file system registered
[   60.928679] unloading
[   60.937858] file system registered
[   60.939917] unloading
[   60.948122] ffs_data_put(): freeing
[   60.948234] ffs_data_put(): freeing
[   60.950843] file system registered
[   60.953337] unloading
[   60.961040] ffs_data_put(): freeing
[   60.962924] file system registered
[   60.964192] unloading
[   60.969972] ffs_data_put(): freeing
[   60.971844] file system registered
[   60.973903] unloading
[   60.983131] ffs_data_put(): freeing
[   60.985155] file system registered
[   60.986441] unloading
[   60.993094] ffs_data_put(): freeing
[   60.994685] file system registered
[   60.995991] unloading
[   61.001137] ffs_data_put(): freeing
[   61.001251] ffs_data_put(): freeing
[   61.003075] file system registered
[   61.005360] unloading
[   61.013072] ffs_data_put(): freeing
[   61.013214] ffs_data_put(): freeing
[   61.014816] file system registered
[   61.016240] unloading
[   61.022345] ffs_data_put(): freeing
[   61.023955] file system registered
[   61.025225] unloading
[   61.034390] file system registered
[   61.036554] unloading
[   61.045885] file system registered
[   61.047053] unloading
[   61.053158] ffs_data_put(): freeing
[   61.054665] file system registered
[   61.055845] unloading
[   61.062091] file system registered
[   61.063291] unloading
[   61.069098] ffs_data_put(): freeing
[   61.070806] file system registered
[   61.071871] unloading
[   61.080266] ffs_data_put(): freeing
[   61.080372] ffs_data_put(): freeing
[   61.082413] file system registered
[   61.084369] unloading
[   61.090200] ffs_data_put(): freeing
[   61.092403] file system registered
[   61.094148] unloading
[   61.104984] file system registered
[   61.106248] unloading
[   61.116202] ffs_data_put(): freeing
[   61.116434] ffs_data_put(): freeing
[   61.118485] file system registered
[   61.120079] unloading
[   61.129398] ffs_data_put(): freeing
[   61.131237] file system registered
[   61.132970] unloading
[   61.141169] ffs_data_put(): freeing
[   61.141446] ffs_data_put(): freeing
[   61.143399] file system registered
[   61.145303] unloading
[   61.153461] ffs_data_put(): freeing
[   61.155317] file system registered
[   61.156917] ffs_data_put(): freeing
[   61.157098] unloading
[   61.167316] ffs_data_put(): freeing
[   61.167406] ffs_data_put(): freeing
[   61.168147] file system registered
[   61.170347] unloading
[   61.176246] ffs_data_put(): freeing
[   61.176361] ffs_data_put(): freeing
[   61.178400] file system registered
[   61.180052] unloading
[   61.194843] ffs_data_put(): freeing
[   61.194937] ffs_data_put(): freeing
[   61.197871] file system registered
[   61.199347] unloading
[   61.210253] file system registered
[   61.213455] unloading
[   61.225316] ffs_data_put(): freeing
[   61.229178] file system registered
[   61.232361] unloading
[   61.243660] ffs_data_put(): freeing
[   61.244408] ffs_data_put(): freeing
[   61.247952] file system registered
[   61.249341] unloading
[   61.259951] file system registered
[   61.261180] unloading
[   61.270973] file system registered
[   61.273137] unloading
[   61.283731] file system registered
[   61.286237] unloading
[   61.296180] ffs_data_put(): freeing
[   61.296280] ffs_data_put(): freeing
[   61.298280] file system registered
[   61.299973] unloading
[   61.305235] ffs_data_put(): freeing
[   61.309463] file system registered
[   61.311214] unloading
[   61.318159] file system registered
[   61.319430] unloading
[   61.329289] file system registered
[   61.330858] unloading
[   61.339044] ffs_data_put(): freeing
[   61.339112] ffs_data_put(): freeing
[   61.340936] file system registered
[   61.342376] unloading
[   61.351203] ffs_data_put(): freeing
[   61.353507] file system registered
[   61.355234] unloading
[   61.362204] ffs_data_put(): freeing
[   61.364199] file system registered
[   61.366206] unloading
[   61.375099] ffs_data_put(): freeing
[   61.375413] ffs_data_put(): freeing
[   61.377084] file system registered
[   61.378856] unloading
[   61.393320] ffs_data_put(): freeing
[   61.395410] file system registered
[   61.397172] unloading
[   61.406191] ffs_data_put(): freeing
[   61.409100] file system registered
[   61.412803] unloading
[   61.418366] ffs_data_put(): freeing
[   61.418448] ffs_data_put(): freeing
[   61.420173] file system registered
[   61.421977] unloading
[   61.430164] ffs_data_put(): freeing
[   61.432408] file system registered
[   61.434239] unloading
[   61.445489] file system registered
[   61.447242] unloading
[   61.456077] ffs_data_put(): freeing
[   61.458752] file system registered
[   61.460034] unloading
[   61.466956] file system registered
[   61.469036] unloading
[   61.477297] ffs_data_put(): freeing
[   61.477412] ffs_data_put(): freeing
[   61.477512] ffs_data_put(): freeing
[   61.478805] file system registered
[   61.480032] unloading
[   61.493760] ffs_data_put(): freeing
[   61.494307] ffs_data_put(): freeing
[   61.494995] ffs_data_put(): freeing
[   61.495936] file system registered
[   61.497654] unloading
[   61.503492] ffs_data_put(): freeing
[   61.503931] ffs_data_put(): freeing
[   61.506098] file system registered
[   61.508404] unloading
[   61.516405] ffs_data_put(): freeing
[   61.518748] file system registered
[   61.521168] unloading
[   61.528467] ffs_data_put(): freeing
[   61.530284] file system registered
[   61.532404] unloading
[   61.540245] ffs_data_put(): freeing
[   61.540496] ffs_data_put(): freeing
[   61.542361] file system registered
[   61.544130] unloading
[   61.558288] ffs_data_put(): freeing
[   61.558890] ffs_data_put(): freeing
[   61.559227] ffs_data_put(): freeing
[   61.560368] file system registered
[   61.563324] unloading
[   61.573413] ffs_data_put(): freeing
[   61.573850] ffs_data_put(): freeing
[   61.574120] ffs_data_put(): freeing
[   61.576246] file system registered
[   61.579276] unloading
[   61.588432] ffs_data_put(): freeing
[   61.588686] ffs_data_put(): freeing
[   61.588879] ffs_data_put(): freeing
[   61.589144] ffs_data_put(): freeing
[   61.591423] file system registered
[   61.595061] unloading
[   61.608943] ffs_data_put(): freeing
[   61.609306] ffs_data_put(): freeing
[   61.609841] ffs_data_put(): freeing
[   61.612300] file system registered
[   61.615942] unloading
[   61.634901] ffs_data_put(): freeing
[   61.635297] ffs_data_put(): freeing
[   61.638449] file system registered
[   61.643745] unloading
[   61.648445] ffs_data_put(): freeing
[   61.648848] ffs_data_put(): freeing
[   61.657139] file system registered
[   61.660110] unloading
[   61.665448] ffs_data_put(): freeing
[   61.667130] file system registered
[   61.668829] unloading
[   61.675441] ffs_data_put(): freeing
[   61.676211] file system registered
[   61.678186] unloading
[   61.683736] ffs_data_put(): freeing
[   61.683883] ffs_data_put(): freeing
[   61.683996] ffs_data_put(): freeing
[   61.685066] file system registered
[   61.686219] unloading
[   61.691146] ffs_data_put(): freeing
[   61.692943] file system registered
[   61.694296] unloading
[   61.706113] ffs_data_put(): freeing
[   61.707952] file system registered
[   61.709945] unloading
[   61.714247] ffs_data_put(): freeing
[   61.716976] file system registered
[   61.718731] unloading
[   61.726012] ffs_data_put(): freeing
[   61.727417] file system registered
[   61.728741] unloading
[   61.735064] ffs_data_put(): freeing
[   61.736804] file system registered
[   61.738257] unloading
[   61.748036] ffs_data_put(): freeing
[   61.748288] ffs_data_put(): freeing
[   61.749400] file system registered
[   61.750976] unloading
[   61.757140] ffs_data_put(): freeing
[   61.759215] file system registered
[   61.761200] unloading
[   61.770090] ffs_data_put(): freeing
[   61.772046] file system registered
[   61.773939] unloading
[   61.782364] ffs_data_put(): freeing
[   61.784238] file system registered
[   61.786467] unloading
[   61.793952] file system registered
[   61.795291] unloading
[   61.801847] file system registered
[   61.802807] unloading
[   61.808293] file system registered
[   61.809871] unloading
[   61.820994] file system registered
[   61.823875] unloading
[   61.829030] ffs_data_put(): freeing
[   61.830392] file system registered
[   61.831664] unloading
[   61.838029] ffs_data_put(): freeing
[   61.838128] ffs_data_put(): freeing
[   61.840184] file system registered
[   61.841886] unloading
[   61.851938] ffs_data_put(): freeing
[   61.854240] file system registered
[   61.855779] unloading
[   61.865312] file system registered
[   61.866894] unloading
[   61.873278] file system registered
[   61.874409] unloading
[   61.880182] ffs_data_put(): freeing
[   61.880260] ffs_data_put(): freeing
[   61.881865] file system registered
[   61.883142] unloading
[   61.889069] ffs_data_put(): freeing
[   61.889168] ffs_data_put(): freeing
[   61.890410] file system registered
[   61.891912] unloading
[   61.897319] ffs_data_put(): freeing
[   61.899492] file system registered
[   61.901317] unloading
[   61.906147] ffs_data_put(): freeing
[   61.908020] file system registered
[   61.909429] unloading
[   61.918107] ffs_data_put(): freeing
[   61.921021] file system registered
[   61.922844] unloading
[   61.928212] ffs_data_put(): freeing
[   61.930119] file system registered
[   61.931465] unloading
[   61.941238] file system registered
[   61.943133] unloading
[   61.949009] ffs_data_put(): freeing
[   61.950730] file system registered
[   61.952113] unloading
[   61.959109] ffs_data_put(): freeing
[   61.961218] file system registered
[   61.962999] unloading
[   61.973820] file system registered
[   61.975152] unloading
[   61.989074] ffs_data_put(): freeing
[   61.989173] ffs_data_put(): freeing
[   61.991072] file system registered
[   61.992756] unloading
[   62.000332] ffs_data_put(): freeing
[   62.000431] ffs_data_put(): freeing
[   62.000738] ffs_data_put(): freeing
[   62.002187] file system registered
[   62.004106] unloading
[   62.012272] ffs_data_put(): freeing
[   62.015410] file system registered
[   62.017345] unloading
[   62.026461] file system registered
[   62.028724] unloading
[   62.037391] ffs_data_put(): freeing
[   62.039444] file system registered
[   62.042336] unloading
[   62.049039] ffs_data_put(): freeing
[   62.051021] file system registered
[   62.054191] unloading
[   62.062889] file system registered
[   62.064297] unloading
[   62.075145] ffs_data_put(): freeing
[   62.077731] file system registered
[   62.079246] unloading
[   62.090266] ffs_data_put(): freeing
[   62.091999] ffs_data_put(): freeing
[   62.092265] file system registered
[   62.094350] unloading
[   62.100336] ffs_data_put(): freeing
[   62.100444] ffs_data_put(): freeing
[   62.102111] file system registered
[   62.103490] unloading
[   62.117010] file system registered
[   62.120135] unloading
[   62.126391] ffs_data_put(): freeing
[   62.127228] ffs_data_put(): freeing
[   62.128703] file system registered
[   62.130458] unloading
[   62.138263] ffs_data_put(): freeing
[   62.138372] ffs_data_put(): freeing
[   62.140276] file system registered
[   62.142221] unloading
[   62.151223] ffs_data_put(): freeing
[   62.151334] ffs_data_put(): freeing
[   62.153193] file system registered
[   62.155758] unloading
[   62.162338] ffs_data_put(): freeing
[   62.165018] file system registered
[   62.167125] unloading
[   62.175293] ffs_data_put(): freeing
[   62.175422] ffs_data_put(): freeing
[   62.177229] file system registered
[   62.178904] unloading
[   62.186117] ffs_data_put(): freeing
[   62.186205] ffs_data_put(): freeing
[   62.187371] file system registered
[   62.190223] unloading
[   62.197253] ffs_data_put(): freeing
[   62.197405] ffs_data_put(): freeing
[   62.197961] ffs_data_put(): freeing
[   62.198052] ffs_data_put(): freeing
[   62.199827] file system registered
[   62.202068] unloading
[   62.211914] ffs_data_put(): freeing
[   62.214123] file system registered
[   62.218400] unloading
[   62.226049] ffs_data_put(): freeing
[   62.228190] file system registered
[   62.230382] unloading
[   62.237933] file system registered
[   62.239654] unloading
[   62.246709] file system registered
[   62.247881] unloading
[   62.254377] ffs_data_put(): freeing
[   62.258061] file system registered
[   62.259788] unloading
[   62.267847] file system registered
[   62.269025] unloading
[   62.274191] ffs_data_put(): freeing
[   62.274266] ffs_data_put(): freeing
[   62.275968] file system registered
[   62.277194] unloading
[   62.286186] ffs_data_put(): freeing
[   62.286335] ffs_data_put(): freeing
[   62.287794] file system registered
[   62.289268] unloading
[   62.295338] ffs_data_put(): freeing
[   62.298340] file system registered
[   62.300359] unloading
[   62.311064] ffs_data_put(): freeing
[   62.314451] file system registered
[   62.316099] unloading
[   62.322235] ffs_data_put(): freeing
[   62.323268] file system registered
[   62.325388] unloading
[   62.335267] ffs_data_put(): freeing
[   62.335419] ffs_data_put(): freeing
[   62.338108] file system registered
[   62.340070] unloading
[   62.346175] ffs_data_put(): freeing
[   62.346305] ffs_data_put(): freeing
[   62.348844] file system registered
[   62.351876] unloading
[   62.358364] ffs_data_put(): freeing
[   62.358853] ffs_data_put(): freeing
[   62.358979] ffs_data_put(): freeing
[   62.360113] file system registered
[   62.362315] unloading
[   62.371179] ffs_data_put(): freeing
[   62.373504] file system registered
[   62.375195] unloading
[   62.384266] ffs_data_put(): freeing
[   62.386253] file system registered
[   62.388016] unloading
[   62.394290] ffs_data_put(): freeing
[   62.396298] file system registered
[   62.398318] unloading
[   62.411499] ffs_data_put(): freeing
[   62.411730] ffs_data_put(): freeing
[   62.414018] file system registered
[   62.416239] unloading
[   62.425465] ffs_data_put(): freeing
[   62.429172] file system registered
[   62.431501] unloading
[   62.440305] ffs_data_put(): freeing
[   62.440450] ffs_data_put(): freeing
[   62.442494] file system registered
[   62.444971] unloading
[   62.455433] ffs_data_put(): freeing
[   62.458187] file system registered
[   62.460757] unloading
[   62.470392] ffs_data_put(): freeing
[   62.474179] file system registered
[   62.476344] unloading
[   62.486423] file system registered
[   62.488241] unloading
[   62.496202] ffs_data_put(): freeing
[   62.498460] file system registered
[   62.500077] unloading
[   62.507040] file system registered
[   62.508195] unloading
[   62.512962] ffs_data_put(): freeing
[   62.514463] file system registered
[   62.515878] unloading
[   62.524997] ffs_data_put(): freeing
[   62.527007] file system registered
[   62.528926] unloading
[   62.539245] ffs_data_put(): freeing
[   62.539395] ffs_data_put(): freeing
[   62.539491] ffs_data_put(): freeing
[   62.540463] file system registered
[   62.542243] ffs_data_put(): freeing
[   62.542371] unloading
[   62.550388] ffs_data_put(): freeing
[   62.550699] ffs_data_put(): freeing
[   62.552270] file system registered
[   62.553298] unloading
[   62.559838] ffs_data_put(): freeing
[   62.560397] ffs_data_put(): freeing
[   62.562147] file system registered
[   62.563894] unloading
[   62.568881] ffs_data_put(): freeing
[   62.569049] ffs_data_put(): freeing
[   62.571243] file system registered
[   62.573141] unloading
[   62.586753] ffs_data_put(): freeing
[   62.586925] ffs_data_put(): freeing
[   62.589787] file system registered
[   62.591939] unloading
[   62.599399] ffs_data_put(): freeing
[   62.599506] ffs_data_put(): freeing
[   62.601418] file system registered
[   62.603332] unloading
[   62.615309] ffs_data_put(): freeing
[   62.615762] ffs_data_put(): freeing
[   62.618077] file system registered
[   62.620000] unloading
[   62.626509] ffs_data_put(): freeing
[   62.626793] ffs_data_put(): freeing
[   62.629320] file system registered
[   62.631343] unloading
[   62.637747] ffs_data_put(): freeing
[   62.640911] file system registered
[   62.643312] unloading
[   62.656271] file system registered
[   62.658453] unloading
[   62.666064] ffs_data_put(): freeing
[   62.669181] file system registered
[   62.671260] unloading
[   62.681977] file system registered
[   62.683943] unloading
[   62.693361] file system registered
[   62.695065] unloading
[   62.700093] ffs_data_put(): freeing
[   62.702064] file system registered
[   62.703195] unloading
[   62.717100] ffs_data_put(): freeing
[   62.717214] ffs_data_put(): freeing
[   62.719984] file system registered
[   62.722872] unloading
[   62.734239] ffs_data_put(): freeing
[   62.735945] file system registered
[   62.737840] unloading
[   62.748599] ffs_data_put(): freeing
[   62.749487] ffs_data_put(): freeing
[   62.750300] file system registered
[   62.751951] unloading
[   62.758493] ffs_data_put(): freeing
[   62.758739] ffs_data_put(): freeing
[   62.760853] file system registered
[   62.763325] unloading
[   62.771283] file system registered
[   62.773215] unloading
[   62.779286] ffs_data_put(): freeing
[   62.780975] file system registered
[   62.783181] unloading
[   62.790040] ffs_data_put(): freeing
[   62.792195] file system registered
[   62.794086] unloading
[   62.803305] file system registered
[   62.806657] unloading
[   62.812101] ffs_data_put(): freeing
[   62.812211] ffs_data_put(): freeing
[   62.813976] file system registered
[   62.815480] unloading
[   62.824830] file system registered
[   62.826133] unloading
[   62.835025] ffs_data_put(): freeing
[   62.837144] file system registered
[   62.838984] unloading
[   62.849918] file system registered
[   62.851124] unloading
[   62.859060] ffs_data_put(): freeing
[   62.861000] file system registered
[   62.862291] unloading
[   62.868093] ffs_data_put(): freeing
[   62.870263] file system registered
[   62.871899] unloading
[   62.880721] file system registered
[   62.881974] unloading
[   62.890032] ffs_data_put(): freeing
[   62.891864] file system registered
[   62.893223] unloading
[   62.903139] ffs_data_put(): freeing
[   62.903224] ffs_data_put(): freeing
[   62.905113] file system registered
[   62.906725] unloading
[   62.914239] ffs_data_put(): freeing
[   62.917262] file system registered
[   62.921043] unloading
[   62.928173] ffs_data_put(): freeing
[   62.928791] ==================================================================
[   62.929680] BUG: KASAN: slab-use-after-free in ffs_data_clear+0x438/0x530
[   62.932094] Write of size 1 at addr ffff88810425c44a by task repro/117
[   62.932332] 
[   62.933978] CPU: 5 UID: 0 PID: 117 Comm: repro Not tainted 7.3.0-rc6-00010-g69f80fef3153 #3 PREEMPT(lazy) 
[   62.934179] Hardware name: QEMU Standard PC (i440FX + PIIX, 1996), BIOS 1.15.0-1 04/01/2014
[   62.934790] Call Trace:
[   62.935044]  <TASK>
[   62.935321]  dump_stack_lvl+0x55/0x70
[   62.936552]  print_report+0xcb/0x5e0
[   62.936824]  ? ffs_data_clear+0x438/0x530
[   62.937872]  kasan_report+0xb8/0xf0
[   62.938091]  ? ffs_data_clear+0x438/0x530
[   62.939106]  ffs_data_clear+0x438/0x530
[   62.940099]  ffs_fs_kill_sb+0x7b/0x510
[   62.940189]  deactivate_locked_super+0xa9/0x200
[   62.941078]  cleanup_mnt+0x255/0x380
[   62.941935]  task_work_run+0x12f/0x200
[   62.942336]  ? __pfx_task_work_run+0x10/0x10
[   62.942763]  exit_to_user_mode_loop+0x151/0x570
[   62.942925]  do_syscall_64+0x3d7/0x4e0
[   62.943843]  entry_SYSCALL_64_after_hwframe+0x77/0x7f
[   62.944152] RIP: 0033:0x44f10b
[   62.944889] Code: 09 00 48 83 c4 08 5b 5d c3 66 0f 1f 44 00 00 c3 66 2e 0f 1f 84 00 00 00 00 00 0f 1f 44 00 00 f3 0f 1e fa b8 a6 00 00 00 0f 05 <48> 3d 00 f0 ff ff 77 05 c3 0f 1f 40 00 48 c7 c2 b0 ff ff ff f7 d8
[   62.945145] RSP: 002b:00007fc94ce6f1b8 EFLAGS: 00000206 ORIG_RAX: 00000000000000a6
[   62.945337] RAX: 0000000000000000 RBX: 00000000004b2192 RCX: 000000000044f10b
[   62.945448] RDX: 0000000000000000 RSI: 0000000000000002 RDI: 00000000004b2192
[   62.945587] RBP: 00000000004b215a R08: 0000000000000000 R09: 00000000004e21e0
[   62.945699] R10: 0000000000000000 R11: 0000000000000206 R12: 00000000004b214f
[   62.945815] R13: 0000000000000011 R14: 0000000000416370 R15: 00007fc94c66f000
[   62.945972]  </TASK>
[   62.946147] 
[   62.946223] Allocated by task 114:
[   62.946530]  kasan_save_stack+0x24/0x50
[   62.947746]  kasan_save_track+0x14/0x30
[   62.947794]  __kasan_kmalloc+0x7f/0x90
[   62.948849]  __kmalloc_cache_noprof+0x17c/0x3a0
[   62.949400]  ffs_alloc_inst+0x109/0x360
[   62.949478]  try_get_usb_function_instance+0xf1/0x190
[   62.950348]  usb_get_function_instance+0xd/0x50
[   62.951307]  function_make+0x138/0x330
[   62.951901]  configfs_mkdir+0x48b/0x1090
[   62.952714]  vfs_mkdir+0x2a1/0x6e0
[   62.953240]  filename_mkdirat+0xf6/0x3e0
[   62.953389]  __x64_sys_mkdir+0x66/0xa0
[   62.953686]  do_syscall_64+0xec/0x4e0
[   62.954376]  entry_SYSCALL_64_after_hwframe+0x77/0x7f
[   62.954490] 
[   62.954596] Freed by task 113:
[   62.954646]  kasan_save_stack+0x24/0x50
[   62.955690]  kasan_save_track+0x14/0x30
[   62.955744]  kasan_save_free_info+0x3b/0x60
[   62.956260]  __kasan_slab_free+0x43/0x70
[   62.956376]  kfree+0x127/0x3b0
[   62.957094]  ffs_free_inst+0x10c/0x1a0
[   62.958042]  usb_put_function_instance+0x8a/0xc0
[   62.959061]  config_item_cleanup+0xe0/0x1d0
[   62.960241]  configfs_rmdir+0x773/0x9c0
[   62.961008]  vfs_rmdir+0x297/0x730
[   62.961750]  filename_rmdir+0x307/0x460
[   62.961971]  __x64_sys_rmdir+0x42/0x70
[   62.962211]  do_syscall_64+0xec/0x4e0
[   62.963090]  entry_SYSCALL_64_after_hwframe+0x77/0x7f
[   62.963175] 
[   62.963305] The buggy address belongs to the object at ffff88810425c400
[   62.963305]  which belongs to the cache kmalloc-128 of size 128
[   62.963469] The buggy address is located 74 bytes inside of
[   62.963469]  freed 128-byte region [ffff88810425c400, ffff88810425c480)
[   62.963565] 
[   62.963859] The buggy address belongs to the physical page:
[   62.964881] page: refcount:0 mapcount:0 mapping:0000000000000000 index:0x0 pfn:0x10425c
[   62.965581] head: order:1 mapcount:0 entire_mapcount:0 nr_pages_mapped:0 pincount:0
[   62.965655] flags: 0x200000000000040(head|node=0|zone=2)
[   62.966912] page_type: f5(slab)
[   62.967771] raw: 0200000000000040 ffff888100042a00 dead000000000100 dead000000000122
[   62.967850] raw: 0000000000000000 0000000000200020 00000000f5000000 0000000000000000
[   62.967996] head: 0200000000000040 ffff888100042a00 dead000000000100 dead000000000122
[   62.968036] head: 0000000000000000 0000000000200020 00000000f5000000 0000000000000000
[   62.968087] head: 0200000000000001 ffffffffffffff81 00000000ffffffff 00000000ffffffff
[   62.968127] head: 0000000000000000 0000000000000000 00000000ffffffff 0000000000000000
[   62.968247] page dumped because: kasan: bad access detected
[   62.968285] 
[   62.968320] Memory state around the buggy address:
[   62.968933]  ffff88810425c300: fa fb fb fb fb fb fb fb fb fb fb fb fb fb fb fb
[   62.969027]  ffff88810425c380: fc fc fc fc fc fc fc fc fc fc fc fc fc fc fc fc
[   62.969158] >ffff88810425c400: fa fb fb fb fb fb fb fb fb fb fb fb fb fb fb fb
[   62.969227]                                               ^
[   62.969412]  ffff88810425c480: fc fc fc fc fc fc fc fc fc fc fc fc fc fc fc fc
[   62.969456]  ffff88810425c500: fa fb fb fb fb fb fb fb fb fb fb fb fb fb fb fb
[   62.969574] ==================================================================
[   62.970500] Disabling lock debugging due to kernel taint
[   62.975262] Oops: general protection fault, probably for non-canonical address 0xe08b3c0fe0000025: 0000 [#1] SMP KASAN NOPTI
[   63.037713] KASAN: maybe wild-memory-access in range [0x045a007f00000128-0x045a007f0000012f]
[   63.038995] CPU: 5 UID: 0 PID: 117 Comm: repro Tainted: G    B               7.3.0-rc6-00010-g69f80fef3153 #3 PREEMPT(lazy) 
[   63.040277] Tainted: [B]=BAD_PAGE
[   63.040711] Hardware name: QEMU Standard PC (i440FX + PIIX, 1996), BIOS 1.15.0-1 04/01/2014
[   63.041785] RIP: 0010:ffs_data_clear+0x110/0x530
[   63.042444] Code: 85 c0 03 00 00 48 8b 6d 08 48 85 ed 0f 84 a3 00 00 00 48 8d bd bc 00 00 00 48 b8 00 00 00 00 00 fc ff df 48 89 fa 48 c1 ea 03 <0f> b6 04 02 48 89 fa 83 e2 07 38 d0 7f 08 84 c0 0f 85 17 03 00 00
[   63.044473] RSP: 0018:ffff888103a1fd58 EFLAGS: 00000203
[   63.045129] RAX: dffffc0000000000 RBX: ffff888104b95800 RCX: ffffffffab7d7980
[   63.045943] RDX: 008b400fe0000025 RSI: 0000000000000008 RDI: 045a007f0000012d
[   63.046693] RBP: 045a007f00000071 R08: 0000000000000001 R09: ffffed1020972b11
[   63.047369] R10: ffff888104b9588f R11: 74206c656e72656b R12: ffff888104b95888
[   63.048312] R13: ffff888104b95858 R14: ffffed10207c1512 R15: 0000000000000000
[   63.049334] FS:  00007fc94ce6f640(0000) GS:ffff88816c454000(0000) knlGS:0000000000000000
[   63.050358] CS:  0010 DS: 0000 ES: 0000 CR0: 0000000080050033
[   63.051142] CR2: 0000000000000000 CR3: 00000001031ae000 CR4: 00000000000006f0
[   63.052167] Call Trace:
[   63.052951]  <TASK>
[   63.053210]  ffs_fs_kill_sb+0x7b/0x510
[   63.053869]  deactivate_locked_super+0xa9/0x200
[   63.054503]  cleanup_mnt+0x255/0x380
[   63.055270]  task_work_run+0x12f/0x200
[   63.055987]  ? __pfx_task_work_run+0x10/0x10
[   63.056521]  exit_to_user_mode_loop+0x151/0x570
[   63.057251]  do_syscall_64+0x3d7/0x4e0
[   63.058060]  entry_SYSCALL_64_after_hwframe+0x77/0x7f
[   63.058658] RIP: 0033:0x44f10b
[   63.059234] Code: 09 00 48 83 c4 08 5b 5d c3 66 0f 1f 44 00 00 c3 66 2e 0f 1f 84 00 00 00 00 00 0f 1f 44 00 00 f3 0f 1e fa b8 a6 00 00 00 0f 05 <48> 3d 00 f0 ff ff 77 05 c3 0f 1f 40 00 48 c7 c2 b0 ff ff ff f7 d8
[   63.061496] RSP: 002b:00007fc94ce6f1b8 EFLAGS: 00000206 ORIG_RAX: 00000000000000a6
[   63.062392] RAX: 0000000000000000 RBX: 00000000004b2192 RCX: 000000000044f10b
[   63.063356] RDX: 0000000000000000 RSI: 0000000000000002 RDI: 00000000004b2192
[   63.064336] RBP: 00000000004b215a R08: 0000000000000000 R09: 00000000004e21e0
[   63.065329] R10: 0000000000000000 R11: 0000000000000206 R12: 00000000004b214f
[   63.066157] R13: 0000000000000011 R14: 0000000000416370 R15: 00007fc94c66f000
[   63.067271]  </TASK>
[   63.067796] Modules linked in:
[   63.070262] ---[ end trace 0000000000000000 ]---
[   63.071516] RIP: 0010:ffs_data_clear+0x110/0x530
[   63.072183] Code: 85 c0 03 00 00 48 8b 6d 08 48 85 ed 0f 84 a3 00 00 00 48 8d bd bc 00 00 00 48 b8 00 00 00 00 00 fc ff df 48 89 fa 48 c1 ea 03 <0f> b6 04 02 48 89 fa 83 e2 07 38 d0 7f 08 84 c0 0f 85 17 03 00 00
[   63.072235] RSP: 0018:ffff888103a1fd58 EFLAGS: 00000203
[   63.072285] RAX: dffffc0000000000 RBX: ffff888104b95800 RCX: ffffffffab7d7980
[   63.072317] RDX: 008b400fe0000025 RSI: 0000000000000008 RDI: 045a007f0000012d
[   63.072348] RBP: 045a007f00000071 R08: 0000000000000001 R09: ffffed1020972b11
[   63.072377] R10: ffff888104b9588f R11: 74206c656e72656b R12: ffff888104b95888
[   63.072407] R13: ffff888104b95858 R14: ffffed10207c1512 R15: 0000000000000000
[   63.072437] FS:  00007fc94ce6f640(0000) GS:ffff88816c454000(0000) knlGS:0000000000000000
[   63.072472] CS:  0010 DS: 0000 ES: 0000 CR0: 0000000080050033
[   63.072502] CR2: 0000000000000000 CR3: 00000001031ae000 CR4: 00000000000006f0
qemu-system-x86_64: terminating on signal 15 from pid 144604 (timeout)
